brand,model,year,variant,price_usd,battery_capacity_kwh,range_miles,charging_speed_kw,acceleration_0_60_mph,top_speed_mph,horsepower,torque_nm,drive_type,seating_capacity,body_type,cargo_volume_cubic_ft,weight_kg,safety_rating,autopilot_level,country_of_origin,market_segment,annual_sales_units,customer_rating,warranty_years
17,29,2023,4,104880.8,118.7,400.0,234.5,3.04,195.0,1000.0,895.0,0,7,4,54.2,2015.0,4,2,1,2,202182,4.0,4
16,64,2022,3,48217.41,58.8,219.0,148.1,5.77,159.0,381.0,360.0,1,5,2,69.0,1709.0,4,0,2,1,7146,3.56,3
5,7,2024,3,49651.12,58.2,225.0,104.9,6.84,148.0,588.0,516.0,0,5,5,77.0,1533.0,4,1,5,1,16590,3.7,3
8,59,2024,1,38131.56,102.5,349.0,66.5,4.66,176.0,310.0,327.0,0,7,2,65.8,1935.0,4,2,3,1,127201,3.81,3
15,40,2022,1,144079.87,93.9,314.0,298.5,5.64,165.0,1000.0,883.0,2,5,2,38.3,2229.0,4,2,5,2,196401,3.83,4
15,43,2023,4,119590.27,78.3,251.0,334.6,2.84,200.0,947.0,858.0,0,5,1,35.5,1751.0,5,3,5,2,411764,3.67,5
15,40,2024,3,128427.66,68.6,222.0,201.9,6.68,149.0,992.0,899.0,2,5,0,39.3,1500.0,5,2,5,2,213937,3.54,6
10,18,2025,4,131074.23,82.7,292.0,202.5,2.99,200.0,764.0,737.0,2,7,2,61.2,2219.0,4,2,1,2,48277,4.11,8
8,45,2021,3,80530.57,54.6,184.0,67.5,7.57,137.0,976.0,864.0,0,7,1,36.7,1511.0,3,1,3,3,90830,3.11,4
5,5,2025,0,56944.53,69.9,251.0,117.1,6.68,149.0,703.0,604.0,1,7,5,67.6,1520.0,5,2,5,1,8761,3.46,5
15,41,2026,1,134165.81,103.2,347.0,324.4,4.56,187.0,993.0,949.0,0,5,3,26.7,1720.0,4,2,5,2,211478,3.78,4
3,55,2025,2,88914.19,66.7,232.0,129.5,5.1,173.0,727.0,689.0,0,7,4,64.7,2536.0,3,2,5,3,2408,3.67,5
10,17,2025,4,210811.92,93.2,320.0,166.5,2.84,200.0,1000.0,919.0,2,7,1,17.6,1562.0,5,2,1,2,56039,3.59,7
2,57,2023,0,16394.33,41.8,158.0,73.9,6.41,155.0,150.0,200.0,1,5,0,26.9,1744.0,5,0,0,0,224997,3.58,5
15,40,2024,3,95912.83,49.8,167.0,241.7,7.45,138.0,716.0,627.0,1,7,3,15.7,1556.0,4,3,5,3,124780,3.56,5
15,41,2024,3,134964.13,67.4,250.0,343.3,7.46,135.0,992.0,875.0,2,5,5,76.0,1500.0,5,2,5,2,235048,3.81,5
2,4,2024,2,64427.02,70.5,265.0,51.0,6.91,138.0,711.0,662.0,2,7,4,72.2,2756.0,5,1,0,1,204232,3.52,4
7,36,2024,3,63139.95,81.0,275.0,96.7,7.45,141.0,743.0,649.0,2,5,0,21.9,1750.0,4,1,3,1,132242,3.43,5
17,31,2024,1,77030.0,88.0,332.0,118.8,4.75,183.0,826.0,707.0,0,7,3,38.7,1634.0,4,0,1,3,238587,3.37,4
2,4,2024,3,72336.67,77.9,295.0,60.5,5.5,178.0,800.0,732.0,0,5,5,60.6,1500.0,3,1,0,3,168778,3.53,3
8,47,2025,3,106848.2,54.1,193.0,132.7,7.95,135.0,1000.0,855.0,0,5,0,26.9,1500.0,4,1,3,2,85618,3.33,5
15,9,2023,0,70531.96,70.5,256.0,281.7,5.5,165.0,507.0,445.0,0,7,4,72.0,2290.0,5,2,5,3,209622,3.6,4
2,63,2024,4,114839.62,76.6,293.0,185.3,3.42,200.0,1000.0,902.0,2,5,2,68.0,1978.0,5,0,0,2,229532,3.41,4
17,32,2024,1,51142.17,101.7,359.0,99.2,5.15,161.0,493.0,434.0,2,5,0,26.9,1500.0,4,0,1,1,203079,3.64,5
17,28,2026,2,59824.88,70.9,263.0,63.4,5.9,167.0,618.0,540.0,0,5,3,34.8,1781.0,3,0,1,1,293709,3.28,5
4,44,2025,4,96527.54,75.2,286.0,178.0,3.87,188.0,1000.0,924.0,1,7,0,38.9,1500.0,3,1,5,3,67670,3.6,4
15,42,2023,2,67772.81,53.3,175.0,320.5,7.79,128.0,501.0,445.0,1,5,3,28.7,1539.0,5,2,5,3,207968,3.36,6
7,35,2025,4,86045.75,96.3,314.0,180.3,3.08,200.0,1000.0,905.0,2,7,1,27.4,1500.0,5,0,3,3,124864,3.57,4
8,22,2024,2,66876.75,66.7,236.0,96.7,6.02,164.0,754.0,647.0,2,5,2,66.8,1980.0,4,2,3,3,117514,3.53,3
15,43,2025,4,135780.6,105.2,383.0,344.9,4.02,196.0,997.0,903.0,0,5,4,69.0,2015.0,5,2,5,2,411097,4.12,5
8,45,2024,4,105946.66,79.3,245.0,222.0,3.24,200.0,1000.0,919.0,2,7,0,15.9,1701.0,4,1,3,2,147459,3.43,3
15,42,2025,0,110771.86,52.9,177.0,216.7,6.55,151.0,826.0,728.0,0,5,2,35.7,1959.0,4,2,5,2,179640,3.42,5
15,9,2024,4,42827.24,89.9,311.0,240.1,2.94,200.0,263.0,241.0,0,5,4,55.5,2122.0,4,3,5,1,133489,3.82,5
16,64,2020,1,70748.34,94.2,335.0,104.7,5.66,169.0,818.0,760.0,0,5,2,66.5,2056.0,5,0,2,3,2261,3.72,4
3,55,2026,0,50395.94,63.9,243.0,106.1,7.33,147.0,334.0,275.0,1,7,3,34.5,1500.0,5,1,5,1,11950,3.48,4
4,11,2025,4,69597.51,106.2,361.0,219.0,3.88,192.0,783.0,728.0,0,5,3,38.9,1500.0,5,1,5,3,24574,3.79,3
2,37,2025,2,31434.26,60.6,229.0,98.1,7.69,136.0,285.0,269.0,2,5,1,31.5,1643.0,4,0,0,0,242953,3.29,4
15,42,2023,0,109503.65,47.9,155.0,304.7,6.19,164.0,825.0,733.0,2,5,5,72.8,1500.0,5,3,5,2,174834,3.59,4
1,74,2025,4,156773.89,81.4,266.0,182.2,4.2,190.0,1000.0,908.0,0,5,4,76.8,2499.0,5,1,1,2,58126,3.6,5
17,30,2021,1,52966.98,96.8,311.0,134.7,5.8,171.0,460.0,436.0,2,5,0,20.6,1853.0,5,0,1,1,232633,3.55,5
15,9,2024,2,121805.3,58.9,204.0,274.6,5.61,173.0,850.0,776.0,1,7,4,56.2,2502.0,4,3,5,2,225373,3.75,5
7,35,2025,2,69769.46,63.2,212.0,79.0,7.79,133.0,890.0,734.0,1,5,1,28.1,1500.0,4,0,3,3,50147,3.21,4
15,42,2024,1,117517.98,101.0,350.0,245.4,4.65,186.0,881.0,810.0,0,5,4,80.0,2225.0,5,2,5,2,122440,3.96,5
0,68,2025,2,53762.11,52.1,156.0,112.8,6.45,154.0,207.0,200.0,1,5,0,17.6,1899.0,4,2,1,1,69650,3.68,7
2,39,2024,0,24029.61,45.6,153.0,53.1,5.16,177.0,211.0,200.0,1,5,3,32.5,1669.0,5,0,0,0,157077,3.46,3
1,70,2024,1,120387.4,79.4,285.0,134.3,4.2,193.0,1000.0,988.0,2,5,4,62.9,2464.0,4,2,1,2,62864,3.27,8
2,4,2025,0,26682.38,53.9,199.0,117.3,7.39,137.0,274.0,206.0,1,7,4,68.8,2367.0,4,0,0,0,158602,3.26,3
7,33,2025,0,45100.09,79.5,257.0,85.6,5.25,174.0,478.0,396.0,0,5,1,39.6,1705.0,4,1,3,1,128526,3.61,4
8,59,2023,2,77484.79,81.2,284.0,147.7,5.31,169.0,923.0,832.0,1,5,2,55.4,2017.0,3,1,3,3,101678,3.34,4
15,43,2023,2,98108.77,46.5,150.0,338.8,5.21,174.0,760.0,665.0,1,5,2,44.4,2146.0,5,2,5,3,431290,3.33,4
3,55,2020,4,143106.79,75.3,272.0,170.3,3.68,197.0,1000.0,935.0,0,5,1,38.4,1705.0,4,1,5,2,18708,3.53,4
4,25,2026,0,52266.72,73.4,268.0,58.4,7.42,137.0,514.0,472.0,1,2,4,50.3,2850.0,5,0,5,1,62843,3.72,3
11,20,2025,4,60624.73,82.4,278.0,174.8,2.63,200.0,476.0,420.0,2,7,2,48.0,2138.0,4,0,0,1,8857,3.49,4
0,68,2025,0,63332.23,84.4,310.0,92.7,5.62,162.0,284.0,288.0,2,7,0,31.7,1565.0,5,1,1,1,62327,3.85,6
8,59,2024,1,95244.75,77.2,262.0,94.4,4.04,194.0,1000.0,842.0,0,5,2,67.4,2045.0,4,1,3,3,76023,3.44,3
14,54,2024,0,66816.36,69.9,247.0,118.5,5.33,171.0,150.0,200.0,0,5,3,23.9,1757.0,5,0,5,3,27456,3.39,6
15,42,2025,0,73015.63,82.4,304.0,275.5,5.58,156.0,528.0,501.0,2,7,4,62.4,2036.0,5,2,5,3,173406,3.75,5
15,9,2025,4,117415.98,78.1,263.0,215.8,2.94,200.0,927.0,847.0,0,5,4,61.7,2353.0,5,2,5,2,183531,3.7,5
15,40,2025,2,71316.86,73.9,249.0,282.0,6.73,144.0,502.0,509.0,2,5,2,52.9,2053.0,5,3,5,3,242716,3.7,5
2,37,2025,0,59005.52,58.4,200.0,121.5,7.64,137.0,667.0,633.0,2,5,5,76.9,1500.0,5,0,0,1,127516,3.31,5
17,28,2024,1,42431.05,88.6,306.0,104.2,5.94,166.0,337.0,286.0,0,5,0,39.7,1590.0,3,1,1,1,260840,3.53,4
2,10,2024,4,30671.06,87.5,303.0,233.1,4.18,190.0,345.0,269.0,0,5,3,29.5,1815.0,5,0,0,0,201621,3.28,4
10,15,2025,4,188302.14,78.5,277.0,225.0,4.32,185.0,1000.0,943.0,2,7,0,28.5,1500.0,4,2,1,2,43172,4.0,7
17,31,2023,1,94330.19,105.4,383.0,105.8,5.17,177.0,1000.0,868.0,1,7,3,21.8,1500.0,5,1,1,3,232451,3.95,3
2,10,2024,3,83518.44,77.1,267.0,148.3,7.36,146.0,954.0,884.0,0,5,0,21.5,1652.0,3,1,0,3,148454,3.28,5
8,45,2024,3,68436.66,70.0,249.0,131.3,7.12,141.0,790.0,742.0,0,5,0,23.0,1556.0,3,0,3,3,81219,3.63,3
15,43,2025,4,43196.41,111.9,408.0,293.7,4.23,197.0,338.0,357.0,2,7,4,70.3,2547.0,5,3,5,1,437912,4.03,5
4,24,2024,1,66402.61,90.5,334.0,96.1,5.88,162.0,752.0,677.0,2,5,5,67.5,1894.0,5,1,5,3,36517,3.69,3
15,42,2024,4,42932.18,99.0,356.0,209.1,3.87,192.0,227.0,200.0,2,7,1,27.2,1500.0,5,2,5,1,238196,4.0,5
13,38,2022,1,101897.93,76.1,254.0,291.0,5.76,163.0,335.0,326.0,0,7,4,72.1,2679.0,5,0,1,2,26972,3.68,7
4,11,2025,3,45539.59,55.1,198.0,143.8,5.26,173.0,379.0,335.0,0,5,1,16.4,1785.0,5,0,5,1,26865,3.0,3
15,41,2024,3,66707.72,45.8,150.0,301.1,5.19,166.0,486.0,420.0,0,5,5,69.7,1686.0,5,2,5,3,187104,3.23,5
15,41,2020,4,102900.51,74.1,231.0,323.4,2.61,200.0,708.0,567.0,2,5,4,79.8,2284.0,3,2,5,2,184383,3.8,5
4,24,2024,1,69723.4,91.5,331.0,118.7,5.32,180.0,792.0,705.0,0,7,4,72.9,2451.0,5,0,5,3,54063,3.64,4
5,6,2025,4,102049.38,116.6,395.0,163.2,4.21,192.0,1000.0,893.0,0,5,5,72.1,1834.0,4,1,5,2,7957,4.16,5
5,23,2024,1,78668.52,102.9,368.0,72.1,4.44,179.0,1000.0,916.0,0,5,2,65.5,2096.0,5,0,5,3,14020,3.97,4
4,44,2024,2,79438.2,82.5,299.0,128.6,6.77,149.0,967.0,916.0,2,5,5,80.0,1521.0,5,0,5,3,21827,3.81,3
15,40,2024,4,139025.28,93.4,320.0,293.9,3.06,200.0,995.0,917.0,0,5,0,17.8,1500.0,4,2,5,2,220216,4.07,5
17,30,2025,0,38889.44,65.0,231.0,142.7,6.1,160.0,313.0,257.0,1,5,3,20.9,1571.0,5,1,1,1,293320,3.41,3
15,40,2025,4,169366.43,117.4,416.0,241.6,3.06,200.0,1000.0,931.0,2,7,2,44.7,1923.0,5,2,5,2,248754,4.09,5
10,26,2023,2,144581.79,42.8,150.0,146.8,6.34,156.0,852.0,767.0,1,7,2,57.7,1857.0,4,1,1,2,76491,3.42,7
1,75,2023,3,86081.93,72.3,247.0,125.7,5.89,166.0,612.0,541.0,0,7,4,60.3,2745.0,4,2,1,3,51887,3.42,6
2,39,2026,4,101561.3,101.6,329.0,185.5,2.59,200.0,1000.0,906.0,2,5,4,62.3,2633.0,3,0,0,2,216998,3.69,3
15,9,2024,1,158925.9,82.5,291.0,310.8,4.06,186.0,1000.0,962.0,0,5,4,67.0,2567.0,5,3,5,2,138950,3.85,6
2,63,2023,2,21523.03,42.4,150.0,72.7,6.84,157.0,207.0,200.0,1,7,3,16.9,1621.0,4,0,0,0,183596,3.23,3
2,37,2024,3,100360.19,50.0,193.0,132.4,6.15,155.0,1000.0,888.0,2,5,5,61.5,1876.0,5,0,0,2,137465,3.1,4
5,6,2026,0,63696.78,78.0,262.0,101.2,7.32,136.0,835.0,746.0,1,5,4,62.1,2581.0,5,0,5,1,8032,3.56,3
1,70,2024,2,84405.92,52.5,173.0,105.6,5.09,169.0,612.0,505.0,2,5,4,57.9,2679.0,3,1,1,3,42777,3.19,6
0,49,2024,2,73910.79,41.9,150.0,94.4,7.68,142.0,431.0,377.0,1,5,2,53.0,2121.0,4,1,1,3,36319,3.0,5
7,34,2025,4,57904.84,80.5,286.0,194.1,2.76,200.0,704.0,589.0,0,7,3,30.1,1792.0,4,2,3,1,68118,3.73,4
15,9,2024,0,38394.15,47.7,189.0,334.7,5.25,169.0,227.0,200.0,0,7,4,68.1,2403.0,3,3,5,1,246203,3.51,4
5,6,2026,2,71136.28,49.6,171.0,135.8,7.19,142.0,938.0,820.0,1,5,1,39.3,1500.0,5,0,5,3,27175,3.31,4
5,5,2024,1,76560.48,82.9,300.0,143.0,4.19,184.0,1000.0,882.0,2,5,5,75.0,1598.0,4,0,5,3,12139,3.5,4
8,45,2023,3,92594.29,74.2,257.0,76.8,6.08,158.0,1000.0,874.0,0,5,0,23.4,1506.0,5,0,3,3,83731,3.6,4
4,44,2023,1,76072.0,105.6,363.0,104.6,4.21,189.0,891.0,791.0,1,5,1,21.8,1734.0,5,0,5,3,48060,4.04,4
7,33,2024,2,44654.99,65.4,223.0,143.4,7.07,146.0,440.0,435.0,2,5,2,43.9,1844.0,4,1,3,1,128091,3.0,4
7,35,2025,4,45837.99,84.4,306.0,182.4,3.82,192.0,416.0,397.0,2,5,3,36.2,1557.0,5,0,3,1,96533,3.3,3
17,31,2023,4,80921.96,108.9,399.0,199.3,3.77,198.0,878.0,828.0,2,5,1,29.1,1500.0,3,1,1,3,234095,3.86,5
15,42,2023,4,184745.86,106.3,348.0,325.6,3.73,198.0,1000.0,915.0,2,5,0,31.5,1782.0,3,3,5,2,148529,4.29,5
15,9,2024,4,177944.09,93.0,295.0,334.1,3.79,193.0,1000.0,868.0,2,5,4,59.7,2270.0,3,3,5,2,234160,3.91,6
15,9,2024,0,59967.87,70.0,238.0,220.7,5.24,159.0,393.0,348.0,0,7,4,63.9,2448.0,4,2,5,1,228933,3.44,5
1,75,2024,4,84125.95,98.9,363.0,225.3,4.25,192.0,658.0,592.0,2,5,1,34.2,1588.0,5,1,1,3,33561,3.47,7
2,50,2022,2,37515.42,52.5,194.0,133.2,7.93,137.0,360.0,323.0,0,5,4,51.2,2894.0,4,0,0,1,192045,3.31,5
7,36,2022,1,84513.62,109.9,400.0,83.7,5.88,165.0,1000.0,907.0,2,7,0,32.6,1784.0,4,1,3,3,95418,3.69,4
0,67,2025,3,80343.06,66.3,231.0,56.2,6.02,161.0,459.0,414.0,2,7,5,67.1,1500.0,5,1,1,3,43236,3.38,7
2,37,2025,0,75747.87,69.2,279.0,108.2,6.2,154.0,815.0,722.0,1,5,3,30.5,1500.0,3,0,0,3,114789,3.65,3
17,30,2024,4,50097.49,98.3,341.0,179.6,2.79,200.0,436.0,358.0,1,5,5,75.1,1780.0,3,0,1,1,263009,3.76,5
5,6,2024,3,43668.28,79.4,284.0,108.1,7.81,120.0,453.0,469.0,2,7,4,60.3,2572.0,4,1,5,1,1211,3.34,3
2,50,2025,1,61700.64,101.3,351.0,69.9,4.53,175.0,649.0,584.0,0,7,2,62.5,1726.0,5,1,0,1,190763,4.0,3
15,40,2025,3,152706.13,77.1,260.0,325.6,6.63,155.0,1000.0,857.0,0,5,2,42.1,1903.0,4,2,5,2,172494,3.77,5
2,39,2023,4,26461.18,71.3,265.0,249.5,2.9,200.0,236.0,202.0,2,7,2,41.5,2379.0,3,2,0,0,226324,3.6,3
15,40,2026,0,36489.36,45.5,150.0,253.7,7.97,131.0,247.0,226.0,0,5,5,65.7,1500.0,3,2,5,1,214895,3.58,5
14,54,2021,0,60978.95,84.5,304.0,61.5,6.47,153.0,150.0,200.0,1,5,1,16.8,1500.0,5,2,5,1,7599,3.41,6
4,25,2025,0,57536.04,73.3,254.0,69.5,7.43,139.0,619.0,529.0,1,4,4,74.1,2341.0,4,1,5,1,44164,3.54,4
1,70,2025,4,162822.68,70.6,255.0,193.4,2.76,200.0,1000.0,867.0,0,7,4,62.6,2729.0,5,1,1,2,48304,3.22,7
10,17,2023,1,163924.89,83.9,285.0,119.9,4.66,180.0,1000.0,946.0,0,5,0,27.2,1540.0,4,1,1,2,50822,3.77,6
4,25,2024,1,54997.37,100.7,353.0,144.1,4.35,183.0,523.0,469.0,1,2,4,60.8,2427.0,5,0,5,1,49671,3.66,3
15,43,2026,2,96644.91,76.4,244.0,238.4,5.98,164.0,684.0,604.0,2,5,3,28.9,1500.0,5,2,5,3,408778,4.03,4
0,67,2025,2,72972.25,58.0,223.0,129.9,7.8,139.0,409.0,398.0,1,7,2,63.6,1928.0,5,1,1,3,23427,3.35,5
8,45,2023,3,38796.18,49.4,150.0,141.2,5.12,168.0,376.0,343.0,2,7,0,38.4,1751.0,5,1,3,1,146563,3.09,4
4,44,2023,0,59885.41,65.9,231.0,81.2,6.28,148.0,667.0,623.0,0,5,4,65.7,2597.0,4,1,5,1,28589,3.5,4
0,49,2024,1,130606.12,106.6,385.0,58.2,5.2,169.0,1000.0,873.0,2,7,2,61.8,2080.0,5,2,1,2,39897,3.7,7
2,4,2024,1,47823.41,77.2,258.0,118.3,4.47,182.0,535.0,460.0,2,7,0,33.5,1500.0,5,0,0,1,108045,3.61,4
15,41,2023,4,65004.86,111.0,405.0,260.3,3.66,200.0,448.0,345.0,2,7,4,71.3,2744.0,4,3,5,3,208805,4.34,4
2,50,2024,2,21712.4,83.3,307.0,77.1,5.75,171.0,190.0,200.0,2,5,5,78.2,1628.0,4,0,0,0,169389,3.37,3
17,28,2024,1,54335.65,77.6,286.0,91.5,4.84,186.0,485.0,454.0,2,7,3,18.4,1630.0,5,0,1,1,284565,3.65,3
4,24,2024,0,53737.95,61.5,226.0,78.1,7.47,152.0,555.0,526.0,2,7,3,32.6,1500.0,3,1,5,1,62660,3.28,3
10,26,2026,2,68994.81,48.5,168.0,130.2,6.02,157.0,287.0,240.0,1,7,5,60.2,1568.0,5,1,1,3,79213,3.77,7
15,43,2024,0,105607.38,44.4,150.0,201.0,6.21,163.0,784.0,689.0,1,7,5,79.8,1500.0,4,2,5,2,422392,3.52,5
7,71,2025,4,97964.98,106.9,392.0,183.9,3.92,192.0,1000.0,914.0,2,7,4,59.8,2842.0,4,0,3,3,98285,3.82,3
17,29,2025,2,60229.21,40.6,150.0,137.8,7.86,145.0,580.0,569.0,1,7,2,45.9,2260.0,5,1,1,1,215577,3.2,4
2,37,2025,3,41881.7,82.8,280.0,147.0,7.2,138.0,459.0,427.0,0,7,2,61.7,2237.0,4,1,0,1,128802,3.46,3
15,40,2024,1,138760.96,99.4,376.0,338.9,5.24,175.0,1000.0,928.0,1,5,3,19.9,1500.0,5,2,5,2,204411,3.95,5
2,4,2025,1,90653.56,81.3,304.0,52.5,5.38,164.0,1000.0,895.0,1,5,5,64.0,1500.0,5,0,0,3,227338,3.64,4
11,14,2022,0,53544.18,45.0,186.0,121.5,5.72,172.0,279.0,237.0,0,7,2,40.8,1956.0,4,1,0,1,10495,3.38,5
2,10,2025,1,27390.16,86.0,278.0,137.3,4.17,187.0,321.0,285.0,0,7,0,19.8,1616.0,4,0,0,0,146828,3.67,4
7,34,2025,1,94028.85,102.7,334.0,104.5,4.08,194.0,1000.0,949.0,0,5,2,55.4,2407.0,4,1,3,3,71912,3.59,3
5,7,2025,3,59620.99,44.8,150.0,111.3,7.42,142.0,825.0,763.0,2,7,0,20.1,1744.0,5,0,5,1,21979,3.27,4
17,29,2025,4,78713.93,85.5,300.0,199.7,2.86,200.0,812.0,761.0,0,5,4,60.2,2608.0,4,0,1,3,216549,3.66,4
3,46,2022,1,59484.88,82.4,287.0,106.0,5.72,163.0,389.0,407.0,2,7,1,19.8,1611.0,5,0,5,1,23860,3.43,5
16,65,2025,4,62345.64,105.4,377.0,208.3,2.75,200.0,708.0,618.0,0,5,4,68.7,2450.0,5,0,2,1,15819,4.18,3
2,10,2023,4,33904.31,91.8,310.0,177.7,3.62,200.0,356.0,315.0,2,5,3,33.1,1623.0,4,2,0,0,106140,3.65,3
7,36,2025,1,40497.64,109.0,417.0,73.7,4.97,177.0,340.0,302.0,0,7,2,41.8,2284.0,3,1,3,1,61921,3.92,3
2,10,2024,3,89340.39,64.6,223.0,111.7,7.58,132.0,1000.0,861.0,0,7,5,67.3,1633.0,5,2,0,3,229760,3.35,4
2,57,2023,1,77902.26,85.2,288.0,67.0,4.19,183.0,837.0,747.0,0,5,2,54.1,1861.0,5,1,0,3,177211,3.38,3
15,41,2025,2,67489.81,67.1,239.0,339.9,6.73,146.0,480.0,402.0,2,5,0,28.4,1692.0,4,2,5,3,226745,3.61,5
8,59,2025,4,99993.15,93.7,336.0,154.0,3.15,196.0,1000.0,897.0,2,5,2,39.6,2114.0,4,1,3,3,52100,3.59,3
7,33,2024,0,29445.04,64.2,222.0,133.0,5.4,173.0,180.0,200.0,1,7,1,30.7,1684.0,5,2,3,0,53245,3.2,3
15,9,2024,1,57586.87,108.4,364.0,235.9,5.26,163.0,428.0,397.0,2,5,4,69.6,2629.0,4,2,5,1,136381,3.84,4
2,10,2023,2,50127.13,47.6,150.0,55.7,6.75,140.0,584.0,556.0,1,7,3,29.6,1618.0,4,1,0,1,176192,3.19,4
0,49,2024,2,112837.91,61.0,222.0,121.7,6.33,144.0,864.0,787.0,1,7,3,17.1,1591.0,3,1,1,2,45029,3.56,8
2,39,2023,3,29372.26,77.0,257.0,100.3,7.52,129.0,322.0,336.0,0,5,1,34.5,1500.0,4,0,0,0,240988,3.46,4
15,43,2024,0,40219.61,80.1,308.0,347.6,5.15,171.0,274.0,232.0,0,5,0,17.0,1547.0,5,2,5,1,429025,3.73,5
7,71,2025,0,51159.74,75.6,278.0,128.5,6.46,153.0,573.0,520.0,0,5,5,79.0,1683.0,5,1,3,1,89226,3.67,4
13,60,2024,3,142936.98,54.2,186.0,345.0,7.83,130.0,677.0,554.0,2,5,2,67.8,2128.0,5,2,1,2,23751,3.87,5
2,50,2024,4,99381.36,80.7,289.0,159.7,2.61,200.0,1000.0,891.0,0,5,4,68.3,2757.0,4,0,0,3,152043,3.48,4
1,70,2024,3,109123.19,75.8,284.0,68.8,7.25,136.0,922.0,817.0,0,5,5,68.9,1611.0,5,1,1,2,54152,3.63,8
4,25,2026,2,51712.72,44.2,150.0,136.7,5.73,160.0,475.0,390.0,2,4,4,59.7,2391.0,4,0,5,1,26384,3.09,5
2,57,2024,0,19470.99,82.7,291.0,127.9,6.57,159.0,204.0,201.0,1,5,4,68.2,2552.0,3,1,0,0,210937,3.48,3
5,5,2025,2,46970.49,53.9,191.0,61.9,5.21,174.0,476.0,426.0,0,7,2,45.1,1866.0,4,1,5,1,6914,3.21,4
17,29,2025,1,93619.57,83.5,289.0,76.7,5.01,172.0,1000.0,912.0,2,5,3,19.6,1697.0,5,1,1,3,222583,3.38,3
1,75,2025,1,124852.49,85.3,324.0,119.3,5.97,158.0,1000.0,865.0,1,7,3,24.9,1872.0,3,1,1,2,51096,3.39,7
1,73,2025,2,97046.62,60.0,209.0,79.6,7.79,131.0,788.0,683.0,0,5,1,18.3,1510.0,5,2,1,3,66065,3.41,5
7,33,2021,3,81529.22,52.0,173.0,132.4,5.26,175.0,1000.0,933.0,0,5,4,70.7,2400.0,4,0,3,3,137712,3.33,4
15,40,2023,3,123494.48,79.1,283.0,211.3,5.34,175.0,888.0,781.0,0,7,2,68.9,2083.0,5,3,5,2,228731,3.4,4
10,26,2024,3,194076.68,41.1,160.0,133.6,7.92,136.0,1000.0,932.0,2,5,1,39.6,1581.0,3,1,1,2,69583,3.65,7
2,50,2021,2,47541.74,75.3,274.0,83.8,7.74,133.0,520.0,490.0,1,5,2,46.0,2063.0,3,1,0,1,230454,3.4,5
15,41,2022,1,133033.76,83.6,310.0,331.6,4.49,181.0,932.0,846.0,0,7,0,34.0,1500.0,5,2,5,2,213496,3.81,5
15,42,2023,3,41055.46,66.5,234.0,322.9,5.98,157.0,305.0,223.0,0,5,4,57.8,2601.0,5,3,5,1,203412,3.84,4
8,21,2022,0,59652.7,67.9,238.0,84.3,5.99,156.0,588.0,557.0,2,5,2,64.2,1917.0,5,0,3,1,145797,3.55,3
1,72,2023,1,76874.69,96.7,338.0,51.5,5.84,159.0,528.0,453.0,0,7,3,23.8,1596.0,5,2,1,3,29925,3.89,5
15,43,2024,2,31623.12,77.5,246.0,331.8,5.59,165.0,161.0,200.0,1,7,1,28.0,1500.0,5,2,5,0,457458,3.75,5
7,36,2025,1,43168.2,97.5,334.0,115.6,5.07,179.0,444.0,434.0,1,5,5,63.4,1663.0,4,0,3,1,84174,3.27,3
2,37,2024,0,77144.36,70.9,259.0,60.7,7.34,137.0,850.0,788.0,1,5,1,22.8,1656.0,4,0,0,3,140199,3.58,5
1,73,2023,0,58951.66,72.4,252.0,112.7,5.44,167.0,253.0,248.0,1,5,5,63.5,1615.0,5,1,1,1,20422,3.39,8
15,9,2023,0,113861.27,81.2,306.0,220.4,7.93,131.0,809.0,719.0,0,7,4,61.3,2449.0,5,2,5,2,162424,3.82,4
5,5,2022,0,24572.41,46.5,182.0,128.7,5.73,168.0,150.0,200.0,0,7,4,60.8,2500.0,4,1,5,0,9346,3.53,3
17,31,2025,3,67323.21,57.6,187.0,141.0,5.46,172.0,684.0,618.0,2,5,5,64.2,1500.0,5,0,1,3,295974,3.47,5
11,20,2025,1,108463.22,80.0,263.0,101.8,4.01,200.0,1000.0,882.0,1,7,2,41.2,1856.0,3,1,0,2,18130,3.2,4
15,42,2025,0,71274.6,49.2,150.0,349.3,6.44,160.0,586.0,509.0,2,7,5,60.0,1837.0,5,2,5,3,132658,3.6,4
2,37,2024,2,55111.29,68.4,223.0,87.6,5.3,171.0,566.0,572.0,2,5,1,25.2,1630.0,4,1,0,1,112631,3.46,5
15,40,2025,2,132101.43,47.9,150.0,307.6,7.33,144.0,997.0,944.0,2,5,2,35.9,1751.0,5,3,5,2,220080,3.43,6
14,54,2023,4,104608.91,116.3,395.0,220.2,3.1,200.0,1000.0,932.0,2,7,3,15.8,1647.0,5,1,5,2,4453,3.72,4
0,68,2026,4,126813.57,114.9,393.0,230.5,4.2,190.0,1000.0,899.0,0,5,3,21.8,1634.0,5,1,1,2,35466,3.84,7
2,4,2026,3,102365.27,40.6,150.0,99.9,5.22,182.0,1000.0,960.0,2,5,3,35.5,1770.0,4,1,0,2,112568,3.22,4
1,73,2025,3,71335.77,45.4,168.0,70.7,7.21,143.0,436.0,426.0,2,7,1,25.4,1688.0,4,2,1,3,26069,3.19,7
4,11,2026,4,52666.03,83.7,310.0,230.2,3.27,197.0,496.0,444.0,0,5,2,59.5,1927.0,5,1,5,1,76169,3.67,4
8,22,2024,3,65472.17,78.2,224.0,99.0,7.54,133.0,716.0,680.0,0,5,2,55.0,2132.0,4,0,3,3,60682,3.3,3
7,71,2022,2,35583.1,60.1,220.0,137.7,5.87,157.0,272.0,230.0,1,5,3,19.6,1500.0,5,0,3,1,116403,3.38,3
2,10,2025,0,62107.84,82.5,291.0,96.3,7.45,142.0,648.0,600.0,2,5,4,77.2,2468.0,4,0,0,1,129397,3.55,5
15,41,2024,4,119857.21,83.5,307.0,348.4,3.03,200.0,861.0,780.0,0,5,4,74.1,2510.0,4,2,5,2,142701,4.14,5
0,68,2025,1,70111.18,75.6,262.0,143.3,5.27,166.0,375.0,380.0,1,5,0,18.0,1548.0,3,1,1,3,79614,3.53,5
0,49,2025,3,138510.75,62.7,204.0,124.6,7.99,133.0,1000.0,963.0,2,5,0,37.2,1588.0,4,1,1,2,58972,3.24,6
1,75,2023,0,90267.93,63.0,260.0,67.1,5.59,172.0,713.0,591.0,0,5,1,24.7,1500.0,4,1,1,3,26056,3.46,5
2,39,2020,0,67729.77,44.2,157.0,50.1,7.68,137.0,692.0,628.0,2,7,4,60.1,2386.0,4,0,0,3,160145,3.2,4
2,63,2022,2,27939.32,56.5,182.0,129.8,7.12,141.0,254.0,200.0,0,7,2,68.5,1964.0,5,0,0,0,100593,3.2,4
5,6,2026,1,70455.09,97.8,367.0,125.7,5.21,173.0,972.0,860.0,2,5,4,76.8,2305.0,4,0,5,3,1598,3.6,5
0,68,2025,0,104530.78,61.3,194.0,96.2,7.71,135.0,795.0,707.0,2,7,2,50.8,2104.0,5,2,1,2,52472,3.51,8
0,49,2025,1,97248.51,90.6,304.0,80.3,5.49,168.0,720.0,612.0,2,5,5,75.7,1500.0,5,1,1,3,46587,3.19,6
4,24,2024,4,105603.42,114.4,427.0,181.6,3.18,200.0,1000.0,860.0,0,5,5,72.4,2052.0,4,0,5,2,31600,4.03,5
1,75,2025,2,55554.9,41.7,151.0,100.9,5.73,173.0,203.0,200.0,0,5,5,73.3,1646.0,5,2,1,1,69514,3.1,8
15,9,2026,0,50614.31,85.0,304.0,267.0,6.34,152.0,315.0,263.0,2,7,4,66.2,2227.0,5,2,5,1,175527,4.02,4
15,43,2025,0,42292.45,67.3,240.0,307.7,6.74,159.0,313.0,323.0,2,7,4,79.8,2648.0,4,2,5,1,472726,3.66,5
0,48,2026,1,94110.46,90.4,323.0,138.2,4.41,188.0,644.0,602.0,1,5,3,33.7,1508.0,4,1,1,3,38660,3.57,8
8,22,2025,2,77483.58,46.2,176.0,60.3,7.19,133.0,950.0,840.0,1,5,2,60.7,1989.0,3,1,3,3,116585,3.02,4
15,43,2022,1,112382.86,81.9,270.0,243.2,5.21,182.0,816.0,719.0,1,5,0,25.1,1583.0,4,2,5,2,494879,3.77,4
15,42,2025,3,112066.22,43.2,167.0,297.1,7.91,134.0,825.0,749.0,1,5,5,75.0,1720.0,4,2,5,2,245565,3.75,4
1,74,2024,1,93724.2,100.0,326.0,91.1,4.44,188.0,725.0,651.0,0,7,5,72.2,1614.0,4,1,1,3,36760,3.63,6
15,9,2021,0,98646.08,76.0,242.0,326.8,7.18,143.0,690.0,602.0,2,5,4,52.0,2415.0,5,2,5,3,235244,3.9,6
15,9,2023,0,46210.19,70.1,244.0,291.0,5.57,171.0,310.0,227.0,0,5,4,65.1,2463.0,4,2,5,1,187848,3.58,4
8,21,2021,1,66633.95,75.1,272.0,109.4,5.22,170.0,795.0,688.0,0,7,0,29.0,1500.0,5,0,3,3,57850,3.25,5
5,58,2026,4,65284.93,116.3,439.0,241.3,4.25,186.0,776.0,701.0,0,7,0,19.8,1566.0,4,0,5,3,25704,4.19,4
1,70,2023,3,137951.81,60.1,220.0,71.2,6.56,152.0,1000.0,895.0,2,7,1,22.7,1654.0,4,1,1,2,26110,3.46,7
2,57,2024,2,32276.7,53.8,220.0,127.9,7.3,142.0,314.0,266.0,2,5,1,18.5,1646.0,5,0,0,0,236029,3.7,4
5,7,2024,2,61070.92,75.7,280.0,76.8,6.23,156.0,808.0,740.0,0,7,1,25.2,1883.0,5,0,5,1,2434,3.31,4
2,57,2025,0,67469.58,57.5,191.0,57.3,7.8,138.0,780.0,688.0,0,7,1,21.2,1654.0,4,1,0,3,179136,3.46,4
2,57,2025,1,48990.53,99.3,357.0,57.3,5.58,156.0,540.0,454.0,2,5,2,58.2,2202.0,4,1,0,1,211809,3.67,4
5,7,2024,0,56305.37,52.0,170.0,83.9,6.49,149.0,652.0,577.0,0,5,5,61.8,1500.0,4,1,5,1,2728,3.2,5
1,73,2021,2,94181.96,40.8,160.0,97.4,5.01,176.0,738.0,659.0,0,7,0,38.6,1626.0,5,1,1,3,79673,3.08,7
10,26,2025,1,122338.76,85.1,270.0,58.6,4.0,193.0,741.0,661.0,1,7,1,16.6,1843.0,3,2,1,2,52641,4.06,7
1,70,2023,2,67705.12,63.0,239.0,65.7,5.05,176.0,410.0,318.0,0,5,0,27.6,1770.0,5,2,1,3,68305,3.3,8
8,21,2024,2,44920.54,57.9,198.0,78.6,7.88,122.0,391.0,344.0,1,5,4,68.8,2615.0,5,1,3,1,145791,3.0,5
15,9,2024,3,47891.48,42.5,164.0,276.3,5.16,175.0,346.0,313.0,1,7,4,74.0,2335.0,3,2,5,1,118665,3.65,6
17,32,2022,3,62108.39,82.1,268.0,60.6,7.01,137.0,637.0,524.0,1,7,2,38.0,1760.0,5,0,1,1,222675,3.19,5
2,57,2025,1,24414.35,86.4,281.0,141.0,5.27,175.0,170.0,200.0,1,5,3,38.9,1500.0,5,0,0,0,228388,3.55,4
2,50,2023,2,36044.93,74.5,251.0,96.5,7.83,127.0,336.0,291.0,1,5,4,64.3,2600.0,4,0,0,1,117310,3.57,5
3,55,2024,3,67456.63,41.7,150.0,55.2,5.69,169.0,509.0,469.0,0,5,0,16.5,1631.0,4,1,5,3,20333,3.29,4
17,29,2025,1,52579.97,94.8,325.0,90.3,5.3,171.0,508.0,499.0,1,5,1,19.0,1588.0,3,1,1,1,238272,3.57,4
0,48,2025,0,81941.39,40.2,150.0,138.2,5.44,166.0,495.0,468.0,2,5,0,35.5,1693.0,5,2,1,3,77358,3.0,7
1,72,2026,4,133852.24,84.9,318.0,197.1,2.9,200.0,1000.0,904.0,0,5,4,55.0,2197.0,4,2,1,2,50521,3.46,7
4,44,2025,2,56042.09,79.5,293.0,130.2,6.05,157.0,541.0,501.0,2,5,2,66.9,2215.0,3,0,5,1,69874,3.35,4
7,34,2024,1,83570.15,78.5,258.0,51.5,4.33,189.0,1000.0,924.0,0,5,0,17.0,1794.0,5,1,3,3,145959,3.37,4
8,47,2022,4,111175.38,89.2,319.0,178.4,3.67,190.0,1000.0,964.0,2,5,1,18.8,1538.0,5,1,3,2,51798,3.75,5
7,34,2025,0,61128.92,46.1,180.0,80.3,6.4,153.0,706.0,583.0,2,5,5,78.0,1903.0,5,0,3,1,110095,3.32,3
15,43,2023,2,44516.36,56.4,227.0,211.2,6.51,147.0,308.0,239.0,1,5,3,15.2,1513.0,4,2,5,1,403294,3.48,5
5,23,2025,2,32070.17,44.1,158.0,62.7,6.07,161.0,279.0,261.0,0,5,2,66.1,2020.0,4,0,5,0,1331,3.29,3
2,63,2024,3,107358.88,58.4,205.0,140.8,7.41,132.0,1000.0,888.0,1,7,0,27.3,1661.0,3,1,0,2,110469,3.56,4
15,43,2026,2,78088.26,70.2,245.0,310.8,7.6,130.0,599.0,573.0,0,7,3,26.8,1514.0,5,2,5,3,489120,3.77,5
1,73,2025,4,132666.58,82.0,299.0,208.4,3.52,194.0,1000.0,873.0,0,7,5,68.2,1817.0,5,1,1,2,71584,3.74,6
15,42,2023,3,100324.34,79.9,300.0,214.5,6.43,150.0,724.0,607.0,0,5,0,22.9,1500.0,4,2,5,2,121739,3.62,4
11,13,2022,2,69452.42,47.9,170.0,63.1,7.3,147.0,514.0,452.0,1,5,3,22.3,1500.0,5,0,0,3,28334,3.19,5
16,65,2023,0,53579.07,65.5,233.0,141.2,7.84,133.0,505.0,443.0,1,7,0,36.5,1576.0,4,0,2,1,16544,3.42,4
14,54,2023,2,81874.34,83.6,317.0,132.5,5.17,177.0,866.0,733.0,0,5,3,37.9,1668.0,4,1,5,3,1989,3.61,4
17,28,2024,1,59514.0,103.6,337.0,124.5,4.16,183.0,577.0,501.0,1,7,2,68.7,1974.0,4,2,1,1,230145,3.7,3
15,40,2026,0,80808.44,42.4,154.0,231.2,6.51,147.0,522.0,481.0,2,7,0,39.0,1500.0,5,2,5,3,234368,3.52,5
14,53,2024,2,84156.92,68.4,226.0,117.0,5.22,165.0,931.0,808.0,1,5,0,39.2,1500.0,4,0,5,3,29685,3.44,4
17,32,2024,0,39960.53,63.9,252.0,56.8,5.58,165.0,316.0,259.0,0,5,3,19.7,1793.0,4,0,1,1,212818,3.48,3
3,55,2024,1,115878.52,94.5,334.0,67.6,5.43,166.0,983.0,908.0,0,7,4,75.5,2039.0,4,1,5,2,6077,3.64,5
16,64,2024,1,64461.76,85.4,288.0,86.3,4.5,180.0,774.0,731.0,1,7,2,64.4,2334.0,4,2,2,1,1214,3.76,4
10,17,2023,4,181026.58,110.6,370.0,212.6,2.8,200.0,1000.0,801.0,1,5,4,79.1,2572.0,4,1,1,2,35248,3.91,8
2,63,2025,1,48600.01,81.4,288.0,69.6,5.38,167.0,474.0,373.0,1,5,3,33.4,1500.0,4,0,0,1,222634,3.67,5
17,30,2023,3,40146.71,41.6,150.0,95.1,7.26,142.0,312.0,299.0,0,7,0,37.3,1894.0,4,0,1,1,229072,3.13,5
10,26,2023,1,182443.72,104.6,359.0,140.1,5.11,174.0,1000.0,903.0,2,7,3,35.4,1500.0,4,2,1,2,20765,4.1,8
2,4,2022,4,38276.48,92.0,283.0,217.9,3.34,199.0,395.0,370.0,2,5,5,73.9,1520.0,4,1,0,1,175542,3.44,5
15,9,2025,4,116077.71,118.6,428.0,233.8,3.86,189.0,859.0,763.0,1,5,4,56.7,2613.0,5,2,5,2,150657,4.24,5
8,22,2025,1,56772.77,100.2,356.0,143.1,5.58,167.0,564.0,536.0,2,5,2,44.5,2199.0,4,0,3,1,99235,3.69,3
11,14,2025,3,87478.76,48.6,172.0,148.9,5.5,164.0,804.0,708.0,2,7,2,52.5,2018.0,4,1,0,3,16505,3.43,3
5,6,2025,1,68470.14,87.2,293.0,84.2,5.66,157.0,950.0,828.0,0,7,5,74.1,1500.0,4,2,5,3,14899,3.33,4
8,22,2025,3,89987.27,70.4,245.0,88.3,5.67,174.0,1000.0,935.0,0,7,2,36.7,2020.0,4,0,3,3,123485,3.47,4
15,41,2023,3,76607.64,81.1,288.0,315.7,7.64,137.0,556.0,538.0,0,7,5,69.5,1617.0,3,3,5,3,244244,3.81,4
8,47,2022,1,76439.21,93.0,337.0,94.0,5.8,164.0,893.0,853.0,1,5,4,75.1,2689.0,5,0,3,3,85577,3.72,3
18,62,2025,4,106316.66,104.3,367.0,231.2,4.12,193.0,1000.0,898.0,2,5,5,60.8,1794.0,5,0,4,2,8684,3.86,4
15,43,2025,3,83799.48,74.6,276.0,279.2,6.55,153.0,644.0,594.0,2,5,4,55.2,2793.0,5,2,5,3,427228,4.15,4
7,33,2024,0,50276.57,73.2,241.0,96.2,7.53,138.0,521.0,483.0,2,5,5,72.9,1533.0,3,1,3,1,126203,3.42,4
0,68,2022,3,98374.44,50.7,166.0,145.4,5.67,164.0,699.0,652.0,2,5,4,55.3,2533.0,5,1,1,3,45293,3.1,7
5,23,2025,4,101369.89,89.3,325.0,206.4,3.53,195.0,1000.0,948.0,0,7,2,39.7,1831.0,3,0,5,2,27681,3.35,3
5,5,2025,0,61000.06,63.4,250.0,146.1,6.81,151.0,774.0,697.0,0,5,4,71.4,2734.0,4,0,5,1,3536,3.69,4
5,58,2025,3,56307.41,55.0,193.0,101.8,6.37,155.0,631.0,564.0,2,5,3,24.8,1699.0,4,0,5,1,25746,3.34,4
17,31,2021,3,107417.79,54.2,201.0,75.7,5.06,176.0,1000.0,872.0,0,5,1,30.6,1514.0,5,2,1,2,254098,3.37,4
2,37,2024,4,118468.84,86.8,291.0,170.0,3.33,200.0,1000.0,892.0,0,5,0,37.6,1584.0,4,0,0,2,209498,3.76,3
4,24,2025,1,92751.53,76.2,247.0,133.7,5.02,178.0,1000.0,868.0,1,7,4,55.9,2390.0,4,0,5,3,70352,3.3,3
4,44,2024,0,52120.46,64.5,208.0,114.7,5.13,181.0,502.0,432.0,1,7,0,35.6,1529.0,4,0,5,1,29029,3.16,4
10,15,2024,1,169395.24,99.7,323.0,138.5,5.15,172.0,1000.0,874.0,2,5,4,59.3,2679.0,3,2,1,2,60151,3.87,7
0,68,2021,0,80311.97,74.6,241.0,114.4,5.32,157.0,510.0,457.0,0,5,3,21.5,1509.0,5,2,1,3,55803,3.52,6
7,34,2022,3,72159.44,56.2,163.0,114.1,7.7,132.0,890.0,768.0,0,7,5,75.8,1500.0,4,0,3,3,119329,3.43,4
7,35,2025,1,37714.46,105.8,359.0,96.8,5.2,170.0,313.0,268.0,2,7,4,57.8,2452.0,4,0,3,1,77052,3.86,5
4,44,2023,1,63827.68,85.8,270.0,133.9,4.6,180.0,665.0,610.0,1,7,4,59.4,2431.0,4,0,5,1,74506,3.43,3
1,74,2025,3,150512.16,44.6,150.0,132.1,5.28,170.0,1000.0,905.0,2,7,1,20.5,1765.0,4,2,1,2,47379,3.31,8
5,6,2023,4,74889.56,92.7,312.0,151.1,4.05,193.0,994.0,937.0,2,7,0,17.5,1704.0,4,2,5,3,29402,3.57,3
4,25,2025,1,66474.9,78.5,273.0,146.0,5.39,168.0,721.0,687.0,1,4,4,69.3,2671.0,4,0,5,3,43803,3.47,5
0,49,2020,1,76665.86,103.7,353.0,63.0,5.43,165.0,449.0,388.0,0,5,1,29.6,1563.0,4,1,1,3,32828,3.4,5
2,10,2025,0,42876.18,78.3,263.0,87.3,5.69,161.0,415.0,379.0,1,7,2,41.7,2370.0,5,2,0,1,158327,3.29,3
17,29,2026,2,43538.73,62.3,231.0,100.0,5.92,165.0,299.0,249.0,2,5,5,70.6,1732.0,4,1,1,1,228329,3.2,3
15,9,2023,0,104581.09,50.5,185.0,345.6,6.12,165.0,743.0,674.0,1,7,4,66.2,2370.0,5,2,5,2,156090,3.54,6
8,21,2022,1,90771.15,86.2,305.0,132.4,4.21,179.0,1000.0,874.0,1,5,4,78.9,2457.0,4,0,3,3,86318,3.46,3
15,41,2022,3,59089.35,76.7,268.0,244.8,6.91,153.0,380.0,319.0,2,5,3,36.7,1500.0,5,2,5,1,130707,3.64,5
7,33,2024,4,50087.55,104.8,362.0,185.1,4.02,188.0,578.0,543.0,1,7,4,62.2,2466.0,5,0,3,1,62703,3.86,3
8,21,2025,4,117331.76,116.3,411.0,186.7,2.71,200.0,1000.0,905.0,2,5,0,37.4,1704.0,4,0,3,2,108933,3.59,4
2,39,2024,0,36467.37,45.0,150.0,140.9,5.31,169.0,406.0,327.0,2,5,0,24.0,1558.0,4,1,0,1,220450,3.22,4
8,21,2025,0,74609.83,44.7,153.0,82.8,5.63,165.0,763.0,677.0,2,5,4,50.4,2255.0,5,1,3,3,84247,3.42,3
15,9,2025,0,87113.04,47.4,150.0,233.9,5.08,176.0,649.0,602.0,2,5,4,77.1,2639.0,4,2,5,3,217680,3.55,4
15,9,2025,4,166572.78,117.8,398.0,203.0,3.46,200.0,1000.0,903.0,0,5,4,72.9,2600.0,5,2,5,2,229037,4.35,6
10,26,2024,0,116775.93,78.6,259.0,119.6,5.62,166.0,633.0,567.0,2,5,1,29.0,1558.0,4,1,1,2,43904,3.6,6
17,30,2024,3,98791.59,77.0,250.0,96.8,7.9,133.0,1000.0,918.0,0,5,1,25.9,1840.0,5,0,1,3,289215,3.46,4
15,41,2023,0,56750.25,40.5,163.0,297.6,7.9,136.0,387.0,382.0,0,5,5,72.2,1500.0,4,2,5,1,175034,3.89,4
7,36,2024,3,75053.58,43.0,154.0,117.1,7.11,150.0,943.0,794.0,2,7,4,72.4,2127.0,4,1,3,3,86699,3.36,4
4,11,2025,2,49970.16,77.5,267.0,56.6,5.0,181.0,406.0,375.0,2,7,4,54.0,2803.0,4,1,5,1,35218,3.57,3
2,39,2024,2,39727.71,45.3,154.0,108.8,5.19,170.0,400.0,312.0,0,7,5,74.9,1609.0,4,1,0,1,139199,3.11,5
1,72,2025,0,85729.44,59.9,191.0,145.7,5.99,168.0,651.0,567.0,2,5,4,68.3,2688.0,5,2,1,3,29338,3.48,6
15,9,2023,0,62213.09,54.2,191.0,341.2,7.6,136.0,404.0,327.0,1,5,4,50.7,2531.0,5,3,5,1,199768,3.77,5
15,9,2022,4,170128.32,84.4,303.0,306.9,3.88,186.0,1000.0,875.0,2,7,4,63.7,2467.0,4,2,5,2,163960,4.09,5
7,34,2024,3,80948.92,68.6,262.0,104.1,5.97,162.0,1000.0,898.0,1,7,5,77.2,1500.0,5,1,3,3,134570,3.64,3
8,47,2022,0,43745.72,58.3,197.0,109.4,7.32,141.0,381.0,354.0,2,7,1,27.1,1724.0,5,0,3,1,77441,3.34,4
1,70,2023,1,134039.99,84.4,313.0,79.4,4.43,177.0,1000.0,874.0,0,5,3,26.8,1652.0,5,2,1,2,70841,3.71,5
5,5,2025,3,80896.01,64.4,194.0,102.1,6.97,148.0,1000.0,881.0,2,5,1,27.2,1500.0,4,0,5,3,11404,3.35,4
9,3,2026,2,199365.9,57.8,235.0,215.3,7.53,138.0,953.0,859.0,1,7,0,23.6,1531.0,4,0,5,2,26890,3.19,5
7,71,2023,1,65970.0,108.1,394.0,85.8,4.76,179.0,835.0,684.0,1,5,0,38.2,1500.0,5,1,3,3,146072,4.09,4
2,50,2024,3,67622.89,80.4,289.0,98.5,7.92,131.0,740.0,667.0,0,5,1,28.6,1988.0,4,0,0,3,235660,3.57,5
4,11,2023,0,42208.33,66.3,224.0,72.3,5.56,165.0,401.0,336.0,0,5,2,35.2,1892.0,5,0,5,1,47569,3.37,4
2,37,2024,0,56388.91,73.7,242.0,113.8,6.52,156.0,632.0,585.0,2,7,3,15.8,1666.0,5,1,0,1,205113,3.4,4
17,29,2025,1,66045.15,82.5,269.0,67.6,5.49,163.0,665.0,550.0,1,7,1,26.2,1571.0,4,0,1,3,228215,3.37,3
15,9,2024,0,37365.06,44.7,150.0,237.7,5.52,169.0,223.0,200.0,0,5,4,50.6,2555.0,5,2,5,1,220616,3.81,5
15,9,2023,0,38622.29,51.5,186.0,261.7,7.84,124.0,276.0,226.0,1,5,4,75.7,2714.0,5,2,5,1,174372,3.4,5
16,65,2022,2,69982.49,42.6,156.0,93.7,6.21,153.0,850.0,731.0,0,5,4,64.8,2317.0,5,1,2,3,8818,3.15,3
10,16,2021,4,165233.4,100.3,329.0,158.6,4.02,194.0,1000.0,842.0,0,7,5,62.5,1751.0,4,1,1,2,35726,3.78,6
5,5,2025,2,70614.1,41.9,187.0,142.0,5.15,173.0,995.0,902.0,0,7,1,33.3,1629.0,4,0,5,3,27643,3.38,4
17,31,2025,4,80549.5,119.7,447.0,160.5,3.41,192.0,904.0,799.0,2,7,4,70.9,2812.0,5,0,1,3,291709,3.7,3
15,43,2020,1,96390.76,80.4,287.0,340.0,5.88,160.0,697.0,653.0,1,5,5,74.0,1505.0,4,3,5,3,498047,3.82,5
15,42,2023,0,27433.3,82.4,258.0,223.7,6.02,161.0,168.0,200.0,1,7,0,30.7,1644.0,5,3,5,0,230869,3.79,4
2,37,2024,0,76472.57,67.2,227.0,136.2,7.52,139.0,849.0,830.0,2,5,5,63.3,1500.0,4,1,0,3,191416,3.33,4
8,47,2025,0,41416.02,60.8,228.0,142.9,5.91,160.0,367.0,344.0,2,5,1,22.0,1500.0,5,1,3,1,137512,3.35,3
5,58,2023,2,64132.24,51.9,150.0,51.2,6.67,155.0,870.0,835.0,2,5,4,66.5,2693.0,4,0,5,1,5462,3.44,4
1,70,2025,4,97630.54,108.0,374.0,211.2,3.25,200.0,810.0,745.0,2,5,4,57.6,2381.0,4,1,1,3,50895,3.63,5
2,57,2024,4,117281.9,115.7,431.0,193.6,3.76,195.0,1000.0,869.0,1,5,3,22.2,1500.0,3,0,0,2,111137,3.92,3
16,65,2025,1,77617.51,84.5,295.0,80.6,5.04,180.0,1000.0,840.0,0,7,0,16.0,1500.0,5,0,2,3,15856,3.46,4
5,7,2025,4,53614.17,77.3,266.0,153.0,3.29,192.0,663.0,599.0,1,7,4,51.2,2645.0,5,2,5,1,7236,3.24,3
8,45,2026,3,98299.99,73.4,245.0,132.5,5.83,165.0,1000.0,918.0,2,5,0,25.6,1500.0,5,1,3,3,126328,3.5,4
8,22,2025,3,62151.7,74.0,246.0,89.9,7.94,129.0,692.0,582.0,0,5,2,52.1,2022.0,5,0,3,1,58624,3.74,5
17,29,2025,4,57462.19,76.2,259.0,243.1,4.1,183.0,541.0,402.0,0,7,1,28.5,1500.0,4,1,1,1,298599,3.42,5
2,10,2023,3,65383.31,69.6,240.0,146.2,6.25,161.0,763.0,709.0,2,5,0,32.2,1500.0,5,1,0,3,171261,3.56,4
17,30,2025,4,88158.61,99.8,333.0,200.8,2.63,200.0,1000.0,916.0,0,7,1,27.4,1591.0,5,1,1,3,265949,3.68,4
5,7,2022,1,49443.87,82.7,262.0,103.5,4.7,179.0,556.0,481.0,1,5,5,61.5,1500.0,4,1,5,1,17112,3.4,3
15,40,2023,0,33304.79,70.4,262.0,309.3,5.0,180.0,235.0,266.0,2,5,5,77.5,1500.0,4,3,5,0,239021,3.85,5
15,9,2025,0,29689.54,58.1,216.0,327.0,5.38,170.0,191.0,200.0,1,5,4,77.0,2468.0,5,2,5,0,210522,3.78,5
15,41,2025,1,129183.24,87.9,337.0,250.2,5.39,169.0,976.0,910.0,1,7,1,19.7,1638.0,5,2,5,2,207546,3.74,6
15,9,2025,1,132226.95,87.5,319.0,265.2,4.66,176.0,983.0,865.0,2,5,4,78.7,2287.0,5,3,5,2,133735,3.85,4
10,16,2026,0,59152.02,43.6,162.0,122.2,5.26,170.0,157.0,200.0,1,7,2,56.9,2444.0,4,2,1,1,57795,3.37,5
5,23,2026,4,42539.36,109.6,371.0,156.4,2.86,200.0,438.0,442.0,2,5,2,44.4,2235.0,5,2,5,1,18263,3.65,4
7,34,2026,3,86930.64,49.4,177.0,92.9,5.55,171.0,1000.0,867.0,2,7,3,26.0,1500.0,4,1,3,3,147601,3.5,4
15,41,2025,3,162032.44,61.2,193.0,290.6,7.64,132.0,1000.0,851.0,0,5,3,22.4,1618.0,5,2,5,2,210253,3.9,4
7,36,2025,3,51036.86,52.8,234.0,130.6,7.37,142.0,584.0,538.0,0,5,0,34.4,2027.0,5,2,3,1,55671,3.38,3
7,36,2024,0,52223.31,42.1,150.0,116.5,6.02,161.0,566.0,488.0,2,5,5,65.7,1635.0,4,1,3,1,89573,3.43,3
15,41,2025,0,54018.19,40.6,150.0,208.1,6.79,145.0,379.0,325.0,0,5,0,37.4,1787.0,4,3,5,1,101221,3.6,4
17,32,2025,0,78662.15,41.4,150.0,77.3,7.77,134.0,898.0,772.0,2,5,5,74.5,1500.0,4,0,1,3,237990,3.28,4
17,29,2026,2,39803.56,46.8,168.0,78.3,6.31,156.0,274.0,241.0,1,7,4,69.9,2758.0,3,1,1,1,248701,3.08,5
8,22,2025,3,103512.45,63.0,213.0,119.0,7.65,124.0,1000.0,919.0,0,5,2,45.2,2221.0,5,1,3,2,50563,3.44,3
1,73,2024,4,76696.39,87.4,313.0,196.4,3.49,192.0,523.0,468.0,0,5,2,68.3,2006.0,5,1,1,3,21525,3.69,5
15,41,2023,1,98608.05,77.7,286.0,228.4,4.94,183.0,718.0,700.0,1,5,1,39.2,1521.0,4,2,5,3,246839,3.98,4
17,31,2026,2,86543.35,56.3,193.0,94.1,6.9,152.0,935.0,853.0,1,5,1,19.0,1583.0,4,0,1,3,282690,3.24,3
1,72,2026,2,72989.13,82.0,298.0,77.5,6.52,146.0,467.0,428.0,2,5,1,28.4,1500.0,5,2,1,3,49770,3.42,8
7,35,2025,2,39399.56,70.9,268.0,65.8,5.76,159.0,293.0,234.0,0,5,2,63.1,1935.0,4,1,3,1,101021,3.33,3
10,18,2024,3,99625.48,81.2,306.0,72.8,6.47,153.0,534.0,467.0,0,5,2,65.1,1569.0,4,2,1,3,71016,3.79,7
1,74,2025,4,113646.11,73.6,279.0,188.6,3.16,199.0,1000.0,908.0,0,5,4,75.3,2275.0,5,1,1,2,68048,3.7,8
15,43,2024,2,110939.31,48.7,160.0,276.2,5.49,169.0,840.0,747.0,2,5,0,22.2,1526.0,4,2,5,2,456268,3.43,6
15,42,2026,1,142726.14,94.6,318.0,205.9,4.61,176.0,1000.0,871.0,2,5,0,32.1,1500.0,4,2,5,2,176985,4.23,5
1,70,2024,3,69442.01,54.1,193.0,95.1,5.86,169.0,383.0,299.0,2,7,5,73.2,1764.0,4,2,1,3,51378,3.2,5
15,40,2025,0,42979.12,62.8,229.0,275.3,7.9,133.0,252.0,227.0,0,7,2,51.8,1730.0,4,2,5,1,207769,3.71,5
8,47,2024,3,56096.47,47.3,176.0,107.5,5.39,159.0,531.0,469.0,2,5,0,33.7,1841.0,3,0,3,1,113782,3.4,3
11,14,2024,0,82536.87,69.7,264.0,114.2,7.79,127.0,730.0,687.0,1,7,4,56.6,2319.0,5,0,0,3,17477,3.38,5
8,22,2026,0,62907.99,56.0,184.0,97.7,7.47,142.0,663.0,579.0,1,5,2,53.0,1838.0,5,0,3,1,93165,3.26,3
17,32,2025,4,97402.81,71.7,258.0,153.8,3.48,200.0,1000.0,912.0,2,5,4,77.9,2374.0,4,1,1,3,255988,3.58,4
1,74,2025,2,85706.08,45.1,150.0,127.7,7.87,135.0,650.0,634.0,1,5,1,31.2,1703.0,4,2,1,3,78799,3.26,8
7,35,2024,0,54234.95,58.4,217.0,131.1,7.58,132.0,577.0,530.0,1,7,4,50.2,2843.0,5,2,3,1,136935,3.41,4
8,47,2023,3,95598.48,63.5,202.0,141.1,5.52,166.0,1000.0,845.0,0,5,2,44.2,1516.0,5,1,3,3,107457,3.32,5
11,12,2023,1,98011.85,106.2,364.0,79.6,5.43,171.0,953.0,885.0,0,7,3,20.5,1662.0,4,0,0,3,12631,3.86,5
17,30,2025,4,58313.43,71.5,260.0,159.7,3.71,193.0,583.0,522.0,0,5,4,77.2,2583.0,3,1,1,1,263694,3.21,3
16,64,2024,0,62799.62,80.2,271.0,97.3,7.03,143.0,717.0,661.0,2,5,2,35.4,1773.0,4,0,2,1,8458,3.67,4
0,67,2025,2,91038.75,55.9,192.0,81.8,7.17,149.0,636.0,591.0,2,7,4,64.5,2402.0,5,2,1,3,26577,3.76,7
15,9,2024,2,130803.06,83.1,289.0,227.9,6.46,150.0,914.0,861.0,1,5,4,77.3,2533.0,4,2,5,2,105012,4.03,6
15,40,2025,0,69626.26,76.8,249.0,256.0,6.0,158.0,502.0,416.0,1,7,3,38.5,1522.0,5,3,5,3,189686,3.74,5
15,43,2024,1,85409.4,94.6,338.0,290.6,5.5,167.0,614.0,573.0,0,5,3,22.0,1500.0,4,2,5,3,497556,4.06,5
15,40,2026,1,153057.04,85.2,285.0,338.3,4.28,186.0,1000.0,855.0,2,7,0,15.0,1574.0,5,2,5,2,178740,4.06,5
15,9,2023,2,121896.5,64.2,216.0,291.3,7.11,145.0,841.0,748.0,2,7,4,77.0,2332.0,5,2,5,2,186743,3.62,4
1,74,2025,0,66273.55,72.4,246.0,51.7,6.85,154.0,327.0,326.0,1,5,4,74.8,2768.0,5,1,1,3,30088,3.19,8
15,43,2024,0,43315.76,61.7,224.0,301.3,6.9,136.0,360.0,277.0,0,5,3,17.4,1500.0,5,2,5,1,424937,3.73,6
2,4,2022,3,36072.31,77.7,251.0,60.8,6.32,154.0,365.0,296.0,2,7,5,71.3,1527.0,4,2,0,1,159638,3.48,4
10,26,2025,0,127213.62,61.6,214.0,99.5,6.47,146.0,697.0,636.0,1,5,3,35.8,1918.0,4,1,1,2,74928,3.82,5
15,42,2024,2,79315.78,60.6,195.0,277.0,5.73,164.0,551.0,541.0,1,7,4,62.3,2173.0,5,2,5,3,122128,3.66,4
4,24,2023,0,35481.88,41.0,173.0,58.6,6.38,155.0,202.0,205.0,2,5,1,36.3,1677.0,5,1,5,1,63701,3.25,4
2,10,2026,2,82657.26,83.9,294.0,66.6,7.12,153.0,891.0,772.0,0,7,5,72.6,1904.0,5,0,0,3,156944,3.54,4
15,41,2025,1,137829.03,95.3,323.0,324.7,4.55,187.0,966.0,876.0,1,5,5,70.2,1656.0,3,3,5,2,239713,3.88,5
5,58,2025,2,70239.01,40.5,150.0,137.3,5.25,184.0,989.0,925.0,1,7,5,61.8,1577.0,5,1,5,3,23483,3.13,4
1,72,2026,2,90499.68,42.2,167.0,108.5,7.99,132.0,739.0,656.0,1,7,0,19.1,1618.0,3,2,1,3,72987,3.29,7
0,67,2024,1,130131.59,94.0,322.0,123.8,5.61,163.0,1000.0,858.0,0,7,3,37.7,1642.0,4,2,1,2,36875,3.63,8
5,7,2024,1,56344.05,94.4,351.0,75.4,4.84,176.0,710.0,584.0,0,7,0,17.2,1500.0,5,0,5,1,12802,3.81,4
4,25,2024,2,59797.58,46.4,171.0,93.5,6.46,154.0,628.0,589.0,1,4,4,56.0,2692.0,4,0,5,1,57357,3.14,4
2,37,2023,1,100157.25,105.4,362.0,110.2,5.21,177.0,1000.0,892.0,1,5,4,67.7,2399.0,4,1,0,2,107443,3.79,5
15,43,2023,0,55299.28,40.9,150.0,246.4,6.71,151.0,380.0,293.0,2,5,1,16.3,1605.0,5,2,5,1,449181,3.75,4
5,5,2025,1,44798.27,109.1,375.0,109.1,5.22,168.0,493.0,430.0,2,5,1,22.4,1636.0,4,0,5,1,19461,3.6,4
4,11,2024,4,98104.32,80.3,266.0,224.7,4.19,181.0,1000.0,873.0,2,7,5,69.4,1563.0,4,1,5,3,47356,3.62,4
18,62,2025,2,55877.09,51.9,192.0,144.5,5.14,166.0,327.0,284.0,1,5,5,65.0,1577.0,5,1,4,1,15994,3.31,5
17,30,2024,0,32753.54,42.3,178.0,134.1,7.05,139.0,184.0,200.0,2,5,4,64.6,2243.0,5,1,1,0,224478,3.16,3
17,30,2022,2,73902.85,64.0,231.0,121.1,5.91,168.0,839.0,757.0,1,7,5,60.7,1754.0,4,0,1,3,251288,3.32,4
4,24,2023,0,52080.38,54.7,222.0,99.4,6.86,143.0,553.0,507.0,2,5,5,79.8,1632.0,4,1,5,1,72053,3.42,3
2,10,2025,2,22600.22,66.9,206.0,59.0,6.69,146.0,176.0,200.0,1,7,1,22.8,1771.0,5,0,0,0,131689,3.16,4
14,51,2024,1,99040.38,77.6,294.0,52.0,5.14,169.0,1000.0,900.0,1,5,0,38.2,1864.0,5,0,5,3,10950,3.77,6
10,15,2026,4,108052.79,111.2,390.0,197.2,3.61,196.0,517.0,476.0,0,7,1,36.9,2011.0,5,2,1,2,49733,4.02,5
17,29,2023,4,50097.36,93.7,319.0,216.1,4.32,182.0,403.0,349.0,2,7,5,77.4,1844.0,4,0,1,1,238954,3.69,4
5,5,2025,2,35979.3,56.1,209.0,140.3,7.89,124.0,347.0,326.0,1,5,2,55.3,1752.0,4,1,5,1,25503,3.61,4
5,23,2025,4,57051.32,98.6,344.0,244.5,2.93,200.0,722.0,656.0,2,7,2,54.9,2113.0,4,1,5,1,13660,3.69,4
15,43,2025,0,109970.08,60.0,194.0,200.5,5.74,165.0,780.0,711.0,2,5,0,16.8,1709.0,4,3,5,2,456748,3.5,6
0,67,2024,1,92779.16,80.0,260.0,134.7,4.62,178.0,629.0,553.0,2,7,1,15.8,1511.0,4,1,1,3,22988,3.55,6
7,71,2025,2,65007.57,44.2,150.0,125.0,5.41,174.0,772.0,707.0,1,7,1,15.3,1717.0,4,1,3,3,138781,3.03,4
10,18,2023,1,123138.78,81.2,263.0,135.2,5.51,174.0,664.0,636.0,0,7,4,54.4,2004.0,5,1,1,2,65127,3.77,5
2,4,2020,4,102787.75,92.6,323.0,210.6,3.62,194.0,1000.0,913.0,2,5,5,70.0,1500.0,4,1,0,2,117639,3.79,5
0,67,2025,0,79195.78,74.7,275.0,130.6,5.49,162.0,474.0,339.0,1,5,3,32.7,1535.0,4,1,1,3,62967,3.57,6
17,31,2024,3,93014.64,70.2,255.0,75.2,5.06,169.0,1000.0,941.0,0,5,4,78.3,2324.0,5,1,1,3,264436,3.26,4
15,41,2023,3,131294.36,66.0,236.0,230.3,6.29,159.0,939.0,845.0,2,5,2,52.7,2015.0,4,2,5,2,154508,3.91,4
0,67,2025,0,84380.71,80.0,275.0,135.5,6.41,165.0,531.0,499.0,0,7,2,58.6,2209.0,4,1,1,3,37226,3.53,5
15,42,2025,2,76635.5,45.2,150.0,322.5,5.59,175.0,561.0,470.0,2,5,2,56.8,1709.0,5,2,5,3,167458,3.59,5
2,37,2026,3,60331.49,43.6,175.0,101.4,7.08,136.0,653.0,581.0,2,5,0,19.4,1729.0,4,1,0,1,145412,3.34,4
16,64,2022,0,59240.75,70.1,267.0,99.5,5.9,162.0,648.0,553.0,2,5,2,41.3,2240.0,4,0,2,1,18789,3.47,4
16,64,2024,2,62299.25,60.9,213.0,91.4,5.32,169.0,673.0,581.0,0,5,2,55.5,2079.0,3,1,2,1,25820,3.36,4
8,47,2025,0,41302.85,54.4,210.0,55.8,7.79,128.0,370.0,314.0,0,5,4,78.4,2736.0,5,0,3,1,124417,3.31,5
1,75,2026,2,111475.63,44.2,150.0,88.9,6.23,159.0,959.0,885.0,2,5,5,71.8,1551.0,4,1,1,2,22266,3.33,5
17,31,2023,3,44868.54,71.0,254.0,133.6,7.27,135.0,370.0,382.0,2,5,3,18.4,1500.0,3,2,1,1,264149,3.6,5
2,4,2026,1,67426.93,98.7,353.0,89.8,5.91,162.0,739.0,692.0,1,5,3,26.6,1641.0,4,0,0,3,102350,3.66,4
2,10,2025,4,53327.95,101.5,344.0,246.8,4.27,186.0,555.0,489.0,2,5,3,16.0,1500.0,4,0,0,1,120007,3.46,4
1,74,2022,2,69932.43,67.0,249.0,58.9,7.58,140.0,419.0,314.0,1,5,1,39.1,1591.0,5,1,1,3,52868,3.54,7
5,58,2025,4,50051.2,92.1,286.0,194.0,3.44,199.0,568.0,519.0,2,7,3,33.4,1500.0,5,2,5,1,17861,3.54,3
4,11,2026,4,48841.01,87.7,333.0,152.4,4.3,180.0,369.0,380.0,2,7,1,29.2,1844.0,4,1,5,1,32288,3.72,4
4,24,2021,1,77562.36,104.2,348.0,135.1,5.55,156.0,881.0,758.0,1,5,1,26.2,1721.0,4,1,5,3,27293,3.54,3
15,9,2025,0,69446.79,55.6,196.0,255.2,6.25,155.0,473.0,453.0,2,5,4,69.9,2266.0,4,3,5,3,214270,3.74,5
7,34,2023,2,68110.08,72.3,255.0,144.0,6.66,152.0,842.0,760.0,1,5,4,56.0,2701.0,4,0,3,3,73761,3.77,4
15,43,2023,0,92950.35,77.5,263.0,293.4,5.57,166.0,716.0,658.0,2,5,2,43.0,2272.0,5,3,5,3,491547,3.57,5
8,22,2022,4,67330.57,77.1,284.0,154.4,4.17,194.0,742.0,621.0,2,5,2,50.4,1973.0,5,2,3,3,91349,3.46,4
17,28,2025,3,89383.1,57.7,217.0,133.5,6.68,143.0,1000.0,885.0,0,5,4,50.6,3000.0,4,1,1,3,222817,3.39,4
0,48,2024,0,108294.87,84.2,297.0,86.6,7.49,142.0,803.0,720.0,2,5,4,63.1,2606.0,5,1,1,2,75960,3.64,6
2,39,2025,4,92829.9,82.3,285.0,154.4,2.99,200.0,1000.0,876.0,2,7,2,36.9,1909.0,5,0,0,3,235698,3.58,4
15,9,2025,3,35991.9,60.6,218.0,232.1,6.3,151.0,240.0,200.0,0,5,4,51.5,2427.0,4,2,5,1,169730,3.71,6
15,40,2025,0,88596.07,45.9,179.0,329.1,5.04,178.0,662.0,638.0,0,7,5,60.6,1570.0,5,3,5,3,124700,3.61,5
4,24,2023,2,73469.82,58.2,186.0,88.3,7.61,134.0,859.0,769.0,2,5,0,29.9,1500.0,5,0,5,3,59218,3.38,3
8,45,2026,2,72349.57,59.3,198.0,74.4,7.19,149.0,842.0,756.0,1,7,2,55.2,1981.0,4,0,3,3,69075,3.22,5
15,42,2023,4,93392.21,85.7,297.0,308.7,3.2,200.0,697.0,578.0,0,7,2,35.4,2085.0,5,3,5,3,138082,3.74,5
15,41,2023,3,109016.04,46.6,178.0,263.2,7.52,137.0,752.0,688.0,1,5,1,22.4,1577.0,5,2,5,2,113179,3.59,5
5,7,2024,2,40534.34,52.0,170.0,94.6,7.08,148.0,407.0,344.0,1,7,0,26.9,1673.0,5,0,5,1,24616,3.08,4
15,43,2024,3,47765.25,45.3,171.0,305.8,6.25,167.0,306.0,318.0,2,5,3,25.0,1500.0,5,3,5,1,423769,3.45,4
4,44,2024,4,92734.95,71.6,257.0,171.2,4.22,183.0,1000.0,917.0,2,7,5,71.5,1569.0,4,0,5,3,52532,3.34,5
5,6,2024,2,53007.41,82.4,303.0,146.8,7.4,145.0,623.0,533.0,2,5,2,44.5,2061.0,4,1,5,1,25295,3.72,5
15,40,2024,1,74766.45,76.5,284.0,257.2,5.48,169.0,487.0,482.0,0,7,3,25.1,1610.0,5,3,5,3,155185,4.14,5
15,41,2025,0,43016.55,44.3,159.0,252.5,5.67,163.0,327.0,254.0,1,7,2,50.8,1663.0,5,2,5,1,118264,3.47,6
13,60,2023,0,145262.78,70.6,265.0,329.1,7.46,148.0,626.0,548.0,2,5,1,17.8,1755.0,4,2,1,2,24347,3.55,7
17,31,2022,4,102466.68,77.6,281.0,218.0,4.12,189.0,1000.0,886.0,2,7,4,65.3,2347.0,5,1,1,2,252835,3.37,5
17,31,2025,4,66259.17,77.6,256.0,242.3,2.76,200.0,666.0,595.0,2,7,3,23.8,1721.0,4,0,1,3,296982,3.45,3
4,24,2026,2,69136.54,53.2,193.0,107.3,6.38,161.0,768.0,638.0,1,5,2,37.7,2080.0,3,2,5,3,61663,3.2,4
16,64,2024,1,87515.62,75.8,273.0,117.8,4.57,170.0,1000.0,858.0,1,7,2,61.7,1886.0,4,0,2,3,24507,3.51,4
13,60,2026,1,220736.96,82.6,288.0,304.4,5.9,161.0,1000.0,915.0,2,5,2,42.7,2169.0,5,0,1,2,5345,3.64,6
5,7,2025,3,93152.0,60.9,214.0,82.9,6.96,145.0,1000.0,850.0,2,7,3,16.1,1500.0,5,1,5,3,20002,3.74,4
17,28,2026,2,36003.86,51.5,216.0,88.4,5.81,170.0,211.0,201.0,1,7,1,18.0,1597.0,5,1,1,1,241049,3.54,3
15,41,2022,1,119080.01,82.3,284.0,267.4,5.42,159.0,912.0,859.0,2,5,4,73.1,2165.0,5,2,5,2,124340,3.98,6
4,11,2023,0,51056.88,78.6,262.0,89.9,6.52,156.0,500.0,462.0,2,5,0,16.9,1639.0,5,0,5,1,59730,3.53,4
8,45,2020,0,46532.99,75.9,260.0,71.9,5.92,156.0,419.0,386.0,2,7,5,72.8,1762.0,4,0,3,1,63258,3.48,4
17,31,2024,3,114364.87,45.2,151.0,74.1,6.55,150.0,1000.0,911.0,2,5,1,31.4,1812.0,5,0,1,2,233971,3.16,5
0,68,2025,2,109816.18,60.8,222.0,113.4,7.53,139.0,820.0,730.0,1,5,3,39.6,1514.0,5,1,1,2,73358,3.54,8
15,43,2026,2,40006.71,63.9,241.0,313.7,7.73,131.0,266.0,234.0,1,7,4,64.2,2397.0,4,2,5,1,488644,3.74,4
7,35,2025,2,63640.0,40.3,150.0,135.0,7.88,131.0,755.0,696.0,1,5,4,53.7,2077.0,4,0,3,1,139571,3.2,4
15,43,2025,1,161112.44,98.8,371.0,313.4,5.56,163.0,1000.0,875.0,0,7,0,33.0,1641.0,4,2,5,2,404800,4.22,5
7,35,2025,3,44861.53,84.1,305.0,50.4,5.06,172.0,389.0,344.0,2,5,0,24.7,1680.0,4,0,3,1,98434,3.53,3
15,41,2023,3,137659.6,56.7,186.0,223.5,7.05,142.0,1000.0,907.0,0,5,0,27.8,1530.0,4,2,5,2,167952,3.72,6
15,40,2024,0,32105.76,54.4,214.0,223.7,7.58,129.0,229.0,203.0,1,5,0,18.8,1625.0,4,2,5,0,245170,3.53,5
15,40,2025,4,42441.37,104.2,372.0,260.9,2.56,200.0,260.0,237.0,1,7,4,57.3,2532.0,5,2,5,1,230471,4.32,5
1,75,2022,0,61657.41,79.9,273.0,112.4,5.22,174.0,295.0,276.0,0,5,2,58.7,1890.0,5,2,1,1,21575,3.67,6
5,23,2023,0,37448.46,74.1,275.0,104.4,5.71,165.0,350.0,350.0,0,7,2,47.5,1971.0,5,0,5,1,12182,3.71,5
8,22,2023,2,55591.96,80.5,283.0,90.4,6.21,166.0,533.0,490.0,0,5,2,41.6,2004.0,4,1,3,1,113695,3.55,5
16,65,2024,1,55686.21,91.7,324.0,116.2,4.88,179.0,560.0,505.0,1,5,5,64.2,1570.0,5,1,2,1,18558,3.6,4
17,31,2025,1,47485.93,104.7,349.0,67.7,5.75,166.0,429.0,423.0,1,5,3,17.8,1870.0,4,1,1,1,243761,3.63,5
2,10,2025,4,53346.09,111.0,410.0,228.9,4.02,189.0,553.0,436.0,1,7,2,67.3,1923.0,5,0,0,1,141126,4.19,3
10,15,2025,1,162751.1,96.3,344.0,117.0,4.35,185.0,1000.0,889.0,0,5,3,33.4,1500.0,5,1,1,2,68195,4.28,6
2,10,2020,2,70472.75,66.3,241.0,74.7,7.41,138.0,730.0,699.0,0,5,5,67.2,1731.0,3,2,0,3,199656,3.4,4
16,65,2024,0,36014.2,52.5,186.0,91.3,5.22,177.0,200.0,212.0,1,5,0,29.8,1500.0,4,1,2,1,5267,3.41,3
15,43,2026,0,41355.45,69.6,247.0,307.7,5.79,165.0,287.0,328.0,2,5,5,69.8,1501.0,4,2,5,1,407336,3.8,4
3,55,2024,0,65556.39,55.1,194.0,77.1,6.84,143.0,472.0,380.0,2,7,5,70.6,1500.0,5,1,5,3,2927,3.38,4
15,41,2026,0,88832.48,49.6,157.0,285.7,7.87,138.0,597.0,558.0,1,7,0,24.3,1583.0,5,2,5,3,238605,3.46,4
0,48,2026,1,71435.35,106.0,377.0,144.5,5.29,176.0,416.0,348.0,1,7,1,34.1,1500.0,3,1,1,3,45647,3.96,6
7,71,2025,2,41853.99,80.1,318.0,59.6,6.15,157.0,390.0,369.0,1,7,1,21.8,1688.0,4,1,3,1,111448,3.65,4
18,62,2025,3,96813.71,40.6,150.0,140.7,7.68,123.0,899.0,801.0,1,7,5,63.9,1615.0,5,2,4,3,10606,3.2,3
15,43,2025,3,129623.74,54.6,210.0,270.0,7.44,132.0,960.0,849.0,0,5,4,75.6,2337.0,5,2,5,2,481115,3.49,5
8,22,2024,2,70066.61,55.2,186.0,110.9,5.46,169.0,783.0,737.0,0,7,2,36.8,1704.0,4,2,3,3,125092,3.1,3
3,46,2025,3,141027.0,54.1,190.0,99.0,6.37,168.0,1000.0,877.0,0,7,3,32.1,1626.0,5,1,5,2,11123,3.38,4
7,34,2020,2,50630.65,64.0,203.0,104.1,5.57,171.0,545.0,452.0,1,5,1,31.4,1560.0,5,0,3,1,60112,3.39,3
1,72,2025,3,113836.67,71.5,253.0,76.5,6.71,152.0,1000.0,842.0,1,7,2,37.2,1950.0,4,1,1,2,42535,3.47,8
5,58,2025,2,51177.18,46.9,150.0,107.7,7.48,140.0,597.0,521.0,1,7,5,60.3,1514.0,4,0,5,1,14323,3.34,4
17,30,2026,1,92636.43,109.7,373.0,74.5,4.44,188.0,1000.0,867.0,1,7,4,56.1,2583.0,5,0,1,3,243081,3.92,3
1,74,2024,2,64827.83,42.9,150.0,89.3,5.19,176.0,368.0,312.0,2,5,2,38.3,2130.0,4,2,1,1,69279,3.23,7
8,45,2025,4,56005.31,102.7,361.0,216.5,4.41,184.0,592.0,524.0,0,7,3,22.4,1649.0,5,0,3,1,96451,3.9,5
0,49,2020,2,102595.23,84.1,278.0,83.1,7.86,128.0,773.0,639.0,1,5,0,31.5,1500.0,3,1,1,2,45569,3.67,8
15,43,2022,3,74321.01,61.2,226.0,217.2,7.98,118.0,555.0,457.0,1,7,4,67.6,2356.0,5,3,5,3,438573,3.82,5
2,50,2023,0,51321.91,45.9,150.0,53.5,6.62,156.0,523.0,464.0,2,7,1,36.0,1815.0,5,1,0,1,135053,3.36,4
16,65,2024,2,61582.84,62.3,215.0,127.5,7.4,130.0,668.0,665.0,1,5,1,35.5,1929.0,5,2,2,1,26767,3.22,3
0,49,2022,0,87894.85,84.4,315.0,107.6,7.62,136.0,609.0,589.0,1,7,1,22.7,1500.0,5,1,1,3,64291,3.45,6
17,30,2025,4,88484.86,105.9,381.0,231.1,3.32,196.0,983.0,930.0,2,7,0,16.3,1717.0,3,0,1,3,285530,3.65,4
1,70,2023,3,102426.61,53.1,197.0,50.8,6.62,146.0,829.0,771.0,2,7,4,63.4,2700.0,5,1,1,2,26181,3.26,5
2,39,2025,3,104281.84,69.7,233.0,138.3,5.5,170.0,1000.0,890.0,0,7,5,70.4,1633.0,4,1,0,2,164080,3.52,4
15,42,2026,4,167028.1,106.1,356.0,325.4,4.37,186.0,1000.0,866.0,0,7,2,42.1,2121.0,4,2,5,2,191484,4.17,5
7,35,2024,3,45546.32,45.1,160.0,121.2,5.18,171.0,424.0,385.0,2,7,3,27.7,1514.0,4,0,3,1,71807,3.28,4
2,39,2025,2,86288.72,81.9,311.0,145.1,5.25,174.0,1000.0,911.0,1,5,5,61.8,1500.0,4,0,0,3,120560,3.71,3
8,47,2025,0,58803.16,70.1,248.0,86.3,7.19,153.0,636.0,517.0,1,5,4,68.8,2466.0,4,1,3,1,111130,3.52,3
15,41,2023,2,44024.89,81.6,284.0,302.0,7.69,143.0,283.0,237.0,1,7,4,70.9,2856.0,5,3,5,1,124369,3.76,5
3,46,2024,1,113331.61,84.6,274.0,74.4,4.86,170.0,1000.0,895.0,2,5,4,57.1,2457.0,5,0,5,2,17978,3.23,3
13,60,2024,1,111922.96,102.7,358.0,276.9,4.29,188.0,371.0,339.0,1,7,1,23.0,1657.0,5,0,1,2,28429,3.99,5
5,58,2024,4,74262.98,80.7,285.0,195.8,3.55,197.0,1000.0,892.0,2,7,3,38.9,1589.0,5,0,5,3,24171,3.38,4
7,34,2024,1,41621.62,97.9,365.0,103.1,5.66,162.0,362.0,322.0,1,5,1,39.0,1900.0,5,1,3,1,70525,3.62,4
2,50,2025,4,122517.87,73.6,252.0,225.1,2.78,200.0,1000.0,873.0,0,7,1,25.6,1755.0,4,0,0,2,150780,3.44,3
4,25,2021,0,63458.62,66.8,253.0,128.6,7.67,136.0,700.0,632.0,2,4,4,72.9,2629.0,4,1,5,1,76517,3.4,4
1,73,2023,3,140938.73,59.3,195.0,101.9,6.9,137.0,1000.0,942.0,2,5,2,37.6,1843.0,5,1,1,2,51811,3.11,8
15,40,2025,0,90298.51,49.3,183.0,228.4,6.81,157.0,631.0,512.0,0,5,3,37.3,1528.0,3,2,5,3,163915,3.66,5
0,48,2025,0,79689.05,81.7,278.0,148.2,7.13,148.0,505.0,432.0,0,5,5,68.9,1714.0,4,1,1,3,66705,3.5,7
10,15,2026,0,137679.27,71.2,244.0,54.3,7.92,136.0,848.0,725.0,1,7,0,15.9,1767.0,5,1,1,2,34790,3.64,7
16,65,2025,1,72608.92,97.1,334.0,75.5,5.77,156.0,912.0,799.0,0,5,3,23.1,1731.0,4,1,2,3,13954,3.57,4
5,23,2025,3,91034.7,47.9,164.0,115.9,5.45,169.0,1000.0,923.0,0,5,2,48.0,1847.0,4,1,5,3,12825,3.46,3
8,47,2023,0,42171.81,67.1,252.0,141.5,7.02,155.0,399.0,351.0,0,5,1,21.8,1500.0,4,0,3,1,135630,3.6,5
17,28,2020,1,40762.98,101.5,332.0,75.3,5.95,164.0,315.0,293.0,0,7,0,16.4,1532.0,4,0,1,1,220087,3.39,4
14,54,2025,0,70880.73,80.9,285.0,59.1,6.31,148.0,218.0,273.0,1,5,4,78.0,2589.0,5,1,5,3,11173,3.44,4
10,18,2024,4,114049.24,103.4,368.0,191.2,3.81,187.0,607.0,502.0,0,5,5,70.2,1541.0,5,2,1,2,68987,3.92,6
15,40,2024,2,36657.02,61.2,188.0,296.4,7.11,144.0,270.0,219.0,0,5,0,28.4,1813.0,5,3,5,1,208877,3.91,5
15,9,2025,3,124865.93,64.9,241.0,330.2,7.79,124.0,895.0,800.0,0,5,4,79.6,2145.0,4,2,5,2,223231,3.65,4
17,29,2026,0,46634.88,48.4,169.0,105.6,7.47,137.0,418.0,376.0,1,7,5,77.1,1500.0,4,2,1,1,203221,3.33,4
4,24,2023,2,68553.62,71.3,243.0,137.1,5.02,173.0,722.0,627.0,1,5,2,44.5,1984.0,5,0,5,3,60519,3.36,5
13,60,2023,4,254017.08,118.1,408.0,222.2,3.9,190.0,1000.0,936.0,0,5,3,21.8,1500.0,5,0,1,2,26159,4.2,8
15,42,2021,2,27945.8,48.4,157.0,300.2,7.15,149.0,188.0,200.0,0,7,1,39.7,1891.0,5,2,5,0,162791,3.38,6
8,45,2024,4,51697.58,115.1,396.0,187.6,3.39,194.0,533.0,497.0,2,5,4,72.4,2631.0,5,1,3,1,56242,3.84,4
17,31,2024,2,36019.25,63.3,224.0,133.5,6.85,140.0,257.0,296.0,2,7,1,18.5,1771.0,4,0,1,1,209890,3.52,4
3,46,2024,3,121374.95,70.8,262.0,142.8,6.04,153.0,1000.0,845.0,0,7,5,69.2,1768.0,3,0,5,2,26859,3.7,5
10,17,2026,3,115211.58,57.3,174.0,69.8,6.09,161.0,622.0,619.0,2,7,3,15.5,1500.0,4,1,1,2,42340,3.43,6
10,17,2025,2,139106.45,61.4,208.0,51.8,6.86,150.0,922.0,787.0,2,7,0,38.5,1656.0,5,1,1,2,49644,3.35,6
7,71,2025,2,60050.99,47.8,165.0,73.1,7.67,133.0,663.0,681.0,0,5,1,24.1,1500.0,4,1,3,1,138281,3.21,3
17,31,2026,2,44501.34,41.7,150.0,146.0,7.64,135.0,378.0,326.0,1,7,0,34.3,1547.0,5,1,1,1,220387,3.14,5
2,63,2024,0,40390.03,62.1,232.0,89.4,7.19,138.0,402.0,324.0,0,7,0,35.4,1810.0,5,0,0,1,138054,3.39,4
15,9,2024,1,45682.18,109.7,377.0,312.9,5.32,165.0,335.0,376.0,2,5,4,63.3,2562.0,4,2,5,1,170687,3.94,4
10,16,2025,2,103044.63,78.9,264.0,128.1,7.97,132.0,592.0,542.0,0,5,5,63.3,1542.0,5,1,1,2,75663,3.56,5
4,44,2026,1,53193.55,98.0,364.0,83.3,5.19,173.0,541.0,487.0,2,7,5,70.2,1783.0,4,2,5,1,23578,3.93,4
6,69,2026,4,51309.25,118.5,410.0,188.1,3.03,200.0,742.0,677.0,2,5,3,36.5,1557.0,5,1,2,1,6885,3.78,5
19,56,2024,4,102584.09,74.5,250.0,185.6,3.7,195.0,1000.0,937.0,0,5,1,38.5,1831.0,5,0,0,2,19780,3.36,4
8,59,2024,1,99048.18,89.0,324.0,92.3,5.55,168.0,1000.0,907.0,1,7,2,40.6,2057.0,5,0,3,3,55742,3.56,4
4,44,2023,0,67976.38,49.0,179.0,107.9,5.74,166.0,778.0,690.0,0,7,2,39.7,2302.0,4,0,5,3,21067,3.27,3
16,65,2023,2,69285.92,67.1,201.0,99.7,5.12,168.0,831.0,745.0,0,7,1,36.2,1552.0,5,1,2,3,15625,3.58,4
10,15,2024,4,167898.8,106.0,375.0,218.2,3.4,200.0,1000.0,941.0,2,5,0,24.5,1729.0,4,1,1,2,20936,4.04,6
2,50,2025,2,36623.25,43.3,164.0,149.8,7.7,139.0,344.0,318.0,1,5,4,59.5,2509.0,5,0,0,1,185983,3.42,5
17,32,2025,0,30097.01,74.3,267.0,58.6,7.84,127.0,150.0,200.0,0,7,0,36.6,1883.0,5,0,1,0,289031,3.27,5
15,41,2023,4,82511.11,85.6,289.0,232.0,4.31,180.0,553.0,487.0,1,5,0,35.2,1518.0,4,2,5,3,243479,3.78,5
16,64,2022,4,56751.98,90.8,324.0,228.5,3.6,191.0,598.0,543.0,2,5,2,50.7,2143.0,5,1,2,1,9887,3.39,3
8,21,2024,0,30277.36,62.3,226.0,143.8,5.42,172.0,150.0,200.0,2,5,5,75.2,1644.0,5,1,3,0,130299,3.2,5
2,50,2024,4,103480.37,104.9,347.0,176.2,2.95,200.0,1000.0,907.0,2,7,2,64.3,2052.0,4,0,0,2,211837,3.58,5
1,74,2026,0,48107.44,41.6,150.0,139.0,5.91,169.0,156.0,200.0,0,7,2,45.9,2060.0,4,1,1,1,49300,3.02,7
8,59,2023,3,102070.65,49.5,174.0,64.3,5.56,163.0,1000.0,940.0,1,7,2,50.1,1859.0,3,2,3,2,148039,3.37,4
17,30,2025,3,94110.75,60.5,194.0,64.0,6.75,149.0,1000.0,888.0,0,7,5,70.2,1687.0,5,1,1,3,225387,3.43,4
15,9,2025,2,125305.65,42.0,158.0,277.7,6.96,136.0,868.0,786.0,0,7,4,57.9,2372.0,4,2,5,2,199754,3.28,5
1,74,2026,4,116974.41,71.9,251.0,175.3,3.87,190.0,1000.0,909.0,2,5,4,53.7,2650.0,5,2,1,2,50944,3.38,6
7,35,2024,1,84751.75,83.1,305.0,97.4,5.49,169.0,1000.0,924.0,2,5,5,61.0,1511.0,5,0,3,3,53893,3.55,3
4,24,2025,2,65329.39,49.5,157.0,137.3,6.01,165.0,671.0,629.0,2,7,0,22.0,1592.0,4,2,5,3,24686,3.21,4
7,33,2026,1,78614.71,78.0,278.0,57.5,5.83,159.0,987.0,924.0,1,5,4,67.3,2653.0,5,2,3,3,126223,3.68,4
10,26,2026,2,135101.31,74.2,242.0,110.8,5.12,181.0,807.0,733.0,1,5,2,59.2,2160.0,4,2,1,2,54508,3.82,5
8,45,2023,3,96493.02,59.1,207.0,89.9,7.25,146.0,1000.0,965.0,2,7,5,79.0,1729.0,5,2,3,3,123691,3.45,4
8,22,2023,0,52108.05,65.9,230.0,119.1,6.72,152.0,531.0,442.0,1,5,2,53.0,1976.0,5,0,3,1,98868,3.23,3
0,67,2023,0,93510.78,53.0,195.0,63.5,5.08,161.0,659.0,562.0,0,5,1,16.9,1834.0,5,1,1,3,70832,3.16,6
17,31,2024,2,78233.39,46.6,161.0,105.0,7.69,139.0,824.0,725.0,1,5,0,19.5,1684.0,4,1,1,3,259295,3.2,3
15,41,2025,0,101976.23,83.7,284.0,268.2,7.24,139.0,754.0,680.0,1,5,1,27.1,1882.0,5,2,5,2,160905,3.89,5
15,43,2024,2,110000.94,53.4,163.0,322.5,5.33,172.0,809.0,763.0,0,5,3,16.1,1577.0,4,2,5,2,414109,3.55,4
5,23,2025,4,83117.35,106.5,362.0,215.7,3.06,200.0,1000.0,888.0,0,5,2,59.7,1801.0,3,1,5,3,17250,3.59,4
1,74,2025,3,107462.71,63.0,242.0,78.9,5.42,175.0,929.0,805.0,2,5,3,34.2,1736.0,5,2,1,2,59946,3.37,7
5,5,2022,2,55685.25,80.4,288.0,51.4,6.05,158.0,670.0,592.0,1,7,3,39.9,1642.0,4,0,5,1,22694,3.58,4
2,39,2026,4,90766.48,91.0,318.0,231.3,2.7,200.0,1000.0,928.0,1,5,3,29.3,1500.0,4,0,0,3,205278,3.53,3
15,43,2026,0,111102.01,57.5,194.0,273.3,7.1,140.0,805.0,733.0,1,5,3,30.0,1767.0,5,2,5,2,457566,3.79,5
15,9,2026,0,121350.3,82.3,289.0,226.3,7.42,130.0,930.0,825.0,0,5,4,72.6,2759.0,5,3,5,2,144677,3.86,6
2,50,2025,0,43868.55,77.3,290.0,123.0,5.63,165.0,450.0,423.0,1,5,0,35.5,1761.0,5,1,0,1,211394,3.74,3
8,22,2026,1,37918.56,79.9,304.0,103.8,4.71,182.0,284.0,216.0,0,5,2,42.9,2341.0,5,0,3,1,92798,3.66,3
17,32,2023,3,87378.56,46.6,155.0,73.9,5.68,162.0,1000.0,866.0,0,7,4,70.7,2532.0,3,0,1,3,280958,3.26,5
17,28,2025,1,98049.57,79.3,271.0,109.3,5.08,178.0,1000.0,925.0,1,7,4,78.8,2544.0,4,0,1,3,232457,3.53,3
0,49,2025,0,91070.12,66.4,224.0,134.5,7.09,152.0,640.0,596.0,0,5,3,21.5,1500.0,3,1,1,3,69627,3.71,7
2,10,2026,0,33590.41,74.1,252.0,145.1,7.81,140.0,320.0,319.0,0,7,4,59.1,2166.0,4,1,0,0,225478,3.58,5
7,34,2023,1,51553.1,75.3,265.0,102.7,5.85,174.0,530.0,474.0,2,5,0,25.8,1500.0,5,0,3,1,110986,3.76,4
4,44,2025,0,31921.1,77.2,284.0,63.3,5.86,172.0,250.0,221.0,0,5,0,16.0,1500.0,5,2,5,0,21264,3.57,5
17,31,2024,1,67460.11,97.9,324.0,92.4,4.29,180.0,681.0,643.0,1,7,4,78.7,2596.0,4,0,1,3,219503,3.66,3
1,74,2025,2,56108.72,78.4,280.0,142.2,5.11,178.0,253.0,262.0,0,5,1,24.8,1729.0,5,1,1,1,32771,3.55,5
10,18,2024,4,175695.73,119.3,421.0,160.5,2.98,200.0,1000.0,867.0,0,5,4,71.5,2775.0,4,1,1,2,47072,4.14,7
16,64,2020,0,47569.79,41.5,160.0,86.2,7.8,133.0,419.0,383.0,2,5,2,43.1,1792.0,4,0,2,1,28709,3.17,4
15,9,2024,4,68394.93,94.8,315.0,254.1,4.15,179.0,520.0,388.0,2,5,4,64.6,2391.0,5,2,5,3,230110,4.0,5
14,52,2025,2,78693.27,63.6,243.0,115.4,5.92,171.0,624.0,547.0,2,4,4,67.1,2866.0,4,0,5,3,14022,3.14,6
7,35,2025,2,46340.48,70.6,240.0,88.7,7.3,133.0,473.0,446.0,1,5,3,18.5,1585.0,3,0,3,1,91894,3.21,4
2,57,2021,2,73231.02,46.1,166.0,143.1,7.63,141.0,844.0,798.0,0,5,3,24.9,1547.0,4,1,0,3,227938,3.21,4
7,35,2025,2,70402.19,49.9,170.0,108.8,7.04,148.0,866.0,746.0,1,5,3,21.9,1500.0,5,1,3,3,69074,3.3,4
12,1,2024,3,98223.61,58.4,219.0,103.2,7.31,147.0,701.0,672.0,2,5,0,27.3,1500.0,4,2,4,3,3904,3.65,4
7,33,2024,3,39646.49,41.0,150.0,94.3,5.91,174.0,271.0,236.0,0,5,1,31.2,1595.0,5,0,3,1,129173,3.0,3
2,63,2023,2,70732.36,45.3,151.0,118.3,5.92,161.0,801.0,724.0,1,5,1,38.9,1764.0,4,1,0,3,198624,3.14,3
1,73,2023,2,106048.4,47.8,195.0,87.0,6.06,167.0,866.0,827.0,0,5,1,16.4,1511.0,5,1,1,2,52016,3.3,5
2,57,2026,2,75687.78,57.9,223.0,77.4,7.1,136.0,911.0,866.0,0,7,3,31.9,1545.0,3,2,0,3,230330,3.4,4
15,40,2024,3,164903.76,51.1,184.0,261.5,6.48,159.0,1000.0,922.0,0,5,0,30.2,1747.0,3,2,5,2,238934,3.62,5
15,9,2025,3,104330.24,50.1,185.0,261.5,7.04,145.0,792.0,738.0,2,7,4,79.1,2220.0,4,2,5,2,241443,3.82,6
15,40,2022,3,74667.63,60.5,201.0,228.2,6.62,159.0,552.0,490.0,0,5,4,78.2,2148.0,5,2,5,3,245609,3.71,4
15,41,2024,2,132957.6,57.4,197.0,313.0,5.66,168.0,1000.0,900.0,2,7,3,24.8,1603.0,5,2,5,2,220563,3.46,5
15,43,2025,4,146521.88,91.7,343.0,226.2,3.18,200.0,1000.0,863.0,0,5,2,58.9,1942.0,4,2,5,2,406719,4.12,5
1,74,2024,1,126323.43,92.6,337.0,134.2,4.57,190.0,1000.0,906.0,1,7,1,38.1,1500.0,5,1,1,2,51591,3.87,6
15,42,2025,0,42945.26,77.0,266.0,309.9,6.79,148.0,248.0,200.0,0,7,2,66.1,1861.0,5,3,5,1,202664,3.79,5
2,10,2024,1,38014.51,86.6,325.0,141.9,4.79,169.0,383.0,328.0,0,7,2,45.2,1687.0,5,0,0,1,241420,3.72,3
0,67,2025,2,109441.61,51.1,161.0,100.9,7.02,151.0,876.0,844.0,0,5,1,21.6,1589.0,4,1,1,2,27623,3.34,7
7,35,2026,1,93179.93,102.1,351.0,126.1,4.97,181.0,1000.0,892.0,1,5,3,16.2,1500.0,4,1,3,3,64997,3.42,4
1,73,2025,3,79696.27,76.5,251.0,103.6,6.21,161.0,550.0,514.0,0,5,4,60.0,2846.0,5,1,1,3,32509,3.24,5
15,43,2025,2,85878.17,49.2,188.0,238.9,6.03,164.0,605.0,592.0,2,7,3,29.6,2009.0,4,2,5,3,499717,3.42,5
15,43,2021,2,49771.04,62.5,225.0,212.5,5.56,175.0,317.0,261.0,1,5,0,34.2,1578.0,3,3,5,1,483023,3.69,5
15,40,2025,3,60544.17,81.6,287.0,247.1,5.81,158.0,384.0,366.0,2,5,4,51.2,2538.0,5,2,5,1,170776,3.98,6
15,41,2026,1,125990.82,75.3,272.0,209.9,4.94,171.0,955.0,881.0,1,7,1,17.1,1589.0,5,2,5,2,200607,3.97,4
2,57,2020,1,48719.93,95.3,342.0,125.3,5.39,166.0,449.0,397.0,1,5,0,30.4,1511.0,4,0,0,1,158941,3.72,4
15,42,2022,4,66277.97,97.7,340.0,285.5,3.71,189.0,445.0,394.0,2,5,4,59.1,2882.0,3,2,5,3,108652,4.11,4
15,43,2025,2,122990.85,43.1,177.0,222.1,7.3,132.0,909.0,826.0,0,5,1,25.4,1500.0,4,2,5,2,444103,3.49,5
15,40,2025,2,77509.32,78.6,256.0,347.7,7.73,130.0,522.0,442.0,2,7,1,18.0,1500.0,3,2,5,3,156028,3.89,4
7,34,2025,0,42592.08,73.4,215.0,90.7,6.29,154.0,432.0,362.0,1,5,4,54.8,2777.0,4,0,3,1,124929,3.43,4
2,39,2026,2,42445.79,53.0,173.0,61.8,5.53,167.0,444.0,446.0,0,7,0,34.2,1642.0,4,1,0,1,217748,3.05,5
17,28,2023,4,44275.35,90.4,308.0,211.5,4.49,180.0,363.0,288.0,0,7,1,36.4,1606.0,5,2,1,1,209760,3.52,3
7,35,2025,4,107109.36,119.6,434.0,239.3,2.87,200.0,1000.0,906.0,0,5,2,68.7,2249.0,5,1,3,2,92278,3.9,3
5,7,2023,0,38369.91,46.8,177.0,81.7,6.83,139.0,363.0,331.0,1,7,2,57.5,2174.0,5,0,5,1,19280,3.34,3
15,41,2023,1,82872.71,88.9,322.0,293.4,4.31,182.0,559.0,488.0,0,7,0,38.0,1852.0,5,2,5,3,233601,3.61,5
4,44,2024,3,96727.35,71.4,233.0,128.6,7.7,140.0,1000.0,862.0,0,7,1,20.7,1832.0,3,1,5,3,75873,3.24,5
1,74,2024,0,84385.88,47.3,177.0,108.6,7.35,136.0,601.0,552.0,1,7,3,23.5,1500.0,5,1,1,3,74771,3.09,6
15,43,2025,1,33796.25,90.1,295.0,250.6,4.06,183.0,215.0,200.0,2,5,2,43.0,2400.0,5,2,5,0,476519,3.86,5
0,68,2025,0,67634.79,79.9,278.0,90.2,5.56,167.0,396.0,388.0,1,5,3,24.9,1712.0,4,2,1,3,62437,3.52,8
14,53,2025,1,105675.37,104.0,386.0,102.2,4.64,173.0,1000.0,866.0,0,5,2,63.1,2353.0,5,0,5,2,25421,3.88,4
15,42,2023,2,43959.45,63.9,211.0,207.5,6.67,148.0,283.0,251.0,1,5,2,62.7,1838.0,3,2,5,1,124556,3.97,4
2,10,2025,0,19398.19,79.6,255.0,104.3,7.87,125.0,165.0,200.0,1,5,5,71.9,1500.0,4,0,0,0,165718,3.4,4
4,24,2026,0,55828.42,47.5,163.0,69.0,5.68,167.0,570.0,527.0,2,5,1,22.3,1668.0,5,1,5,1,64449,3.39,5
5,5,2025,2,55791.9,43.1,150.0,123.6,6.64,150.0,646.0,596.0,1,7,2,35.3,1903.0,5,2,5,1,16439,3.05,4
15,40,2025,3,151283.19,58.3,189.0,340.8,6.99,152.0,1000.0,918.0,0,5,3,36.7,1557.0,5,2,5,2,203592,3.49,5
2,50,2024,4,54577.89,119.6,427.0,156.1,4.31,190.0,567.0,531.0,0,5,1,27.9,1638.0,5,0,0,1,139526,3.84,5
17,29,2025,2,55247.47,53.5,199.0,114.4,5.73,170.0,459.0,410.0,0,5,3,34.4,1500.0,5,1,1,1,220284,3.29,4
7,35,2025,0,37922.42,50.5,150.0,65.4,6.36,155.0,325.0,323.0,2,5,2,68.6,1992.0,3,0,3,1,75225,3.06,5
8,22,2023,0,65534.18,84.3,248.0,57.6,5.04,176.0,708.0,642.0,1,5,2,56.5,1815.0,4,1,3,3,115671,3.43,4
17,30,2026,2,36867.62,42.0,175.0,63.1,6.92,148.0,259.0,233.0,2,7,5,67.1,1542.0,5,1,1,1,299992,3.38,4
7,35,2023,2,66319.66,72.9,225.0,110.9,7.63,134.0,766.0,617.0,2,7,5,77.2,1709.0,4,0,3,3,139935,3.2,3
5,5,2026,2,47749.35,64.3,253.0,114.0,5.82,170.0,522.0,467.0,2,7,4,71.9,2378.0,5,0,5,1,11602,3.26,4
15,41,2025,2,75212.51,79.3,260.0,293.3,6.39,154.0,528.0,494.0,1,7,3,37.8,1513.0,5,3,5,3,148099,3.93,6
2,4,2025,1,87159.36,101.7,351.0,140.4,4.35,183.0,986.0,946.0,0,5,4,68.2,2527.0,3,1,0,3,204628,3.58,3
5,6,2021,2,44183.28,58.8,207.0,105.0,5.23,169.0,449.0,443.0,2,5,5,64.7,1615.0,5,0,5,1,22786,3.51,4
0,67,2023,2,63313.85,56.2,189.0,110.0,6.71,138.0,298.0,281.0,0,5,5,72.2,1632.0,4,1,1,1,25175,3.27,6
7,36,2024,1,90974.8,80.4,296.0,119.4,4.7,179.0,1000.0,923.0,1,7,5,72.6,1741.0,4,0,3,3,59668,3.91,3
7,34,2022,4,81725.25,71.7,234.0,189.2,3.79,197.0,1000.0,888.0,0,5,3,37.0,1500.0,5,1,3,3,72070,3.48,4
15,43,2025,1,64135.13,97.7,359.0,226.7,5.4,171.0,471.0,372.0,2,5,1,37.5,1742.0,4,3,5,1,427732,4.21,4
17,31,2025,4,91483.89,74.2,246.0,206.1,3.02,199.0,1000.0,891.0,0,5,0,37.3,1500.0,4,1,1,3,206750,3.64,3
7,71,2024,3,40685.58,66.5,247.0,65.0,6.33,159.0,381.0,313.0,0,7,1,18.5,1548.0,5,0,3,1,143645,3.36,4
2,10,2025,0,52144.09,43.5,150.0,82.6,5.11,178.0,572.0,578.0,1,7,1,15.2,1600.0,4,0,0,1,212512,3.12,3
2,63,2024,0,73962.43,41.7,163.0,108.8,5.83,163.0,867.0,753.0,2,5,3,18.4,1597.0,5,0,0,3,121424,3.25,3
17,32,2023,4,62312.34,116.7,420.0,160.5,4.17,191.0,574.0,499.0,1,7,3,30.5,1792.0,4,0,1,1,298301,3.59,3
15,40,2024,1,73678.26,106.1,370.0,204.7,4.74,177.0,505.0,433.0,2,5,0,29.7,1536.0,5,2,5,3,201869,3.99,5
2,37,2021,3,32842.63,55.1,180.0,131.0,7.28,139.0,415.0,337.0,0,5,2,55.1,2155.0,4,1,0,0,173134,3.1,4
2,4,2023,4,62874.95,71.7,262.0,179.3,3.15,200.0,691.0,603.0,2,5,3,38.9,1665.0,4,0,0,1,207361,3.74,4
2,4,2022,3,107436.09,65.7,255.0,124.5,7.71,137.0,1000.0,899.0,2,5,2,37.8,1887.0,5,1,0,2,201045,3.64,3
15,40,2025,3,154568.94,68.0,235.0,285.7,5.02,170.0,1000.0,937.0,2,5,0,21.2,1756.0,5,3,5,2,245844,3.7,5
0,67,2024,2,62074.39,65.3,236.0,53.7,5.78,160.0,256.0,256.0,2,7,2,53.4,2242.0,5,2,1,1,41240,3.53,8
8,21,2024,4,68316.17,76.4,262.0,155.3,3.88,189.0,785.0,658.0,2,7,1,23.8,1907.0,4,2,3,3,86275,3.61,3
1,75,2023,0,98461.71,53.0,185.0,121.0,6.84,142.0,800.0,752.0,1,7,3,27.3,1509.0,5,2,1,3,22686,3.0,7
4,44,2023,3,61500.69,61.2,209.0,73.0,6.01,154.0,616.0,524.0,0,7,3,15.4,1576.0,5,1,5,1,52208,3.39,4
7,35,2024,2,60164.53,53.1,185.0,61.2,7.06,146.0,673.0,592.0,1,7,2,41.7,1827.0,5,1,3,1,85467,3.29,5
15,40,2023,2,123171.93,71.8,246.0,208.4,6.3,150.0,907.0,860.0,1,5,1,24.7,1779.0,4,3,5,2,165942,3.71,5
7,71,2024,0,35093.17,77.1,295.0,136.0,7.96,134.0,249.0,207.0,1,5,5,65.6,1663.0,4,2,3,1,117101,3.46,4
8,45,2021,3,101333.39,70.5,249.0,104.0,5.45,170.0,1000.0,846.0,2,5,5,71.2,1660.0,4,0,3,2,89918,3.29,4
5,5,2022,1,54305.64,86.4,289.0,121.7,5.96,162.0,669.0,612.0,1,5,5,66.9,1708.0,5,2,5,1,18445,3.56,4
17,29,2025,4,58007.82,105.3,382.0,246.2,4.21,188.0,563.0,492.0,2,7,5,67.8,1781.0,3,0,1,1,241176,3.98,3
15,9,2024,4,188964.7,106.8,367.0,318.0,4.35,193.0,1000.0,912.0,2,7,4,67.4,2274.0,4,3,5,2,239165,4.27,5
2,37,2025,2,33650.32,63.9,231.0,79.2,7.37,134.0,332.0,340.0,0,7,3,39.5,1698.0,4,1,0,0,210399,3.56,4
17,29,2023,0,31850.78,51.4,199.0,81.3,7.1,149.0,166.0,200.0,1,5,3,30.7,1500.0,5,0,1,0,272903,3.24,3
1,75,2026,2,111337.67,83.1,295.0,73.5,5.59,167.0,1000.0,922.0,2,7,5,66.0,1641.0,4,1,1,2,20689,3.65,7
8,59,2024,2,56593.19,56.2,197.0,62.4,5.24,170.0,590.0,549.0,2,5,2,55.4,2177.0,4,0,3,1,135755,3.26,4
17,30,2024,0,71569.98,57.7,186.0,144.5,5.62,158.0,746.0,669.0,2,7,2,68.2,2030.0,5,1,1,3,287315,3.19,3
13,38,2023,1,139594.69,75.6,252.0,292.5,4.35,179.0,611.0,473.0,1,7,1,25.3,1829.0,3,0,1,2,9428,3.64,8
8,45,2023,2,42128.98,66.6,226.0,79.4,6.82,145.0,371.0,263.0,1,7,1,33.2,1795.0,4,0,3,1,121472,3.23,4
2,57,2023,0,52361.13,60.0,186.0,121.5,7.42,142.0,534.0,449.0,1,7,1,32.1,1500.0,4,0,0,1,203886,3.06,3
15,9,2022,4,161513.5,115.3,420.0,223.7,2.54,200.0,1000.0,924.0,2,5,4,75.1,2605.0,4,2,5,2,172224,4.09,4
15,41,2025,4,99545.7,74.1,250.0,202.5,4.19,190.0,746.0,677.0,0,7,1,34.7,1588.0,4,2,5,3,244941,3.69,5
2,10,2023,3,78664.3,82.8,301.0,145.4,6.95,137.0,845.0,776.0,0,5,4,74.0,2356.0,5,1,0,3,238674,3.59,4
15,43,2022,0,75540.09,49.6,150.0,293.4,5.78,154.0,490.0,455.0,1,5,0,23.0,1503.0,5,2,5,3,455317,3.27,6
15,41,2025,4,135540.84,85.8,296.0,299.2,3.77,188.0,1000.0,854.0,2,5,2,61.5,2369.0,5,3,5,2,108193,3.98,5
2,57,2024,0,24520.21,71.2,253.0,57.5,6.21,159.0,228.0,201.0,0,7,1,33.7,1739.0,5,1,0,0,191198,3.48,5
15,43,2026,0,113350.86,73.5,268.0,207.2,6.51,155.0,835.0,807.0,1,7,3,17.4,1500.0,5,2,5,2,463970,3.62,6
0,49,2025,0,80914.99,67.4,220.0,55.8,5.13,178.0,484.0,414.0,1,5,3,30.0,1500.0,5,1,1,3,22856,3.44,7
15,42,2023,4,84447.94,72.5,255.0,322.2,3.35,200.0,602.0,569.0,1,5,3,36.6,1535.0,4,2,5,3,103295,3.51,6
7,33,2024,0,31858.49,76.6,274.0,140.3,5.5,171.0,286.0,243.0,1,7,1,24.0,1538.0,3,0,3,0,89552,3.4,5
17,32,2025,2,70801.47,60.4,204.0,126.5,7.51,137.0,785.0,727.0,1,7,2,66.5,1837.0,5,0,1,3,299914,3.54,4
12,2,2025,2,80679.27,41.3,155.0,112.6,5.25,170.0,456.0,427.0,0,5,1,33.2,1818.0,5,0,4,3,7428,3.03,4
15,41,2025,0,29088.57,79.3,262.0,230.9,6.43,148.0,150.0,200.0,1,7,5,79.5,1535.0,5,2,5,0,173989,4.17,6
17,30,2026,1,57231.82,83.1,283.0,81.4,4.75,170.0,586.0,546.0,2,7,5,69.5,1604.0,4,1,1,1,290062,3.77,4
3,55,2025,3,67039.1,75.0,271.0,92.9,7.99,127.0,473.0,448.0,0,7,0,30.8,1735.0,5,1,5,3,2336,3.5,5
10,17,2024,0,72880.75,63.7,235.0,106.4,7.57,133.0,273.0,269.0,2,5,4,69.4,2466.0,4,1,1,3,46123,3.85,5
4,11,2024,3,81884.76,79.5,280.0,54.3,7.91,134.0,950.0,893.0,0,5,1,22.8,1998.0,3,1,5,3,49332,3.58,4
2,10,2024,0,27229.19,64.8,227.0,133.2,7.27,144.0,326.0,301.0,1,5,1,28.0,1522.0,5,0,0,0,118103,3.49,4
15,9,2022,4,39719.77,75.3,297.0,204.3,3.65,200.0,277.0,273.0,0,5,4,70.2,2610.0,5,2,5,1,220959,4.0,5
1,72,2024,1,83737.7,90.9,331.0,92.1,5.78,166.0,611.0,530.0,1,5,3,22.8,1527.0,4,2,1,3,68789,3.44,6
14,53,2025,4,104305.19,112.7,429.0,159.1,3.37,200.0,1000.0,875.0,1,7,1,29.3,1500.0,4,1,5,2,26219,4.08,6
8,21,2025,4,107335.21,101.2,372.0,208.4,3.71,187.0,1000.0,911.0,0,5,4,63.5,2775.0,5,0,3,2,56222,3.63,5
8,47,2026,1,38689.25,93.0,330.0,69.7,5.24,173.0,322.0,295.0,1,7,2,67.4,1906.0,3,1,3,1,112175,3.57,4
2,10,2025,2,45068.52,56.6,195.0,112.5,5.42,162.0,472.0,438.0,2,5,3,18.0,1566.0,5,0,0,1,196546,3.22,5
4,11,2023,2,38404.42,49.1,193.0,124.0,6.99,148.0,300.0,298.0,1,5,4,79.1,3000.0,3,1,5,1,49683,3.43,4
15,41,2025,2,47711.51,47.2,173.0,321.6,5.99,154.0,308.0,261.0,1,5,3,26.8,1500.0,4,2,5,1,180408,3.58,5
2,10,2023,1,77360.56,106.1,386.0,136.6,4.88,176.0,878.0,785.0,2,7,4,52.9,2502.0,5,1,0,3,154361,3.89,4
17,29,2024,0,65767.18,48.6,159.0,110.2,7.4,137.0,635.0,584.0,1,7,5,66.8,1591.0,5,0,1,3,214102,3.4,5
7,35,2025,3,72308.96,49.7,167.0,107.3,6.71,150.0,906.0,841.0,0,5,5,64.1,1602.0,3,0,3,3,143294,3.17,4
2,37,2021,4,86937.42,114.7,426.0,245.8,4.0,200.0,961.0,894.0,1,7,3,35.9,1500.0,5,1,0,3,145646,4.13,4
15,40,2026,2,127646.69,65.6,239.0,238.5,6.59,154.0,936.0,844.0,1,7,2,57.6,2416.0,4,2,5,2,120535,3.74,4
8,59,2025,1,37973.05,76.2,263.0,50.6,4.99,172.0,328.0,234.0,2,5,2,40.5,2061.0,4,2,3,1,66783,3.42,4
2,4,2023,1,48954.46,94.7,326.0,56.1,4.75,184.0,512.0,464.0,0,5,5,74.0,1616.0,5,1,0,1,200483,3.75,4
8,22,2021,1,60641.55,109.9,404.0,83.4,5.66,168.0,698.0,655.0,0,5,2,57.2,2142.0,5,2,3,1,116742,3.9,5
15,41,2025,1,89182.57,108.7,358.0,299.9,5.62,158.0,683.0,643.0,1,5,4,69.3,2123.0,4,2,5,3,161378,4.0,6
7,34,2024,3,41142.11,53.2,176.0,90.5,5.85,160.0,367.0,339.0,0,5,1,17.5,1865.0,4,1,3,1,133250,3.71,4
7,34,2025,1,49595.48,75.1,260.0,73.9,4.53,187.0,496.0,428.0,2,5,0,18.4,1805.0,5,0,3,1,108288,3.54,4
15,41,2025,0,99045.61,69.9,238.0,316.4,7.86,125.0,716.0,620.0,1,5,2,60.9,2154.0,4,3,5,3,134937,3.58,5
2,37,2024,2,68838.03,48.9,180.0,88.2,6.45,147.0,757.0,719.0,1,7,0,19.4,1666.0,4,0,0,3,173863,3.01,5
15,40,2024,1,54793.42,108.6,395.0,265.4,4.22,191.0,350.0,288.0,1,5,1,20.8,1657.0,4,3,5,1,136524,4.42,6
15,9,2025,3,160711.64,76.8,290.0,265.0,6.64,153.0,1000.0,885.0,0,5,4,67.5,2776.0,5,2,5,2,208796,3.95,5
18,8,2026,1,68234.87,75.5,251.0,127.0,5.73,165.0,493.0,456.0,1,5,2,41.7,2235.0,4,0,4,3,22605,3.33,3
2,4,2023,0,53518.98,71.2,260.0,109.6,6.1,153.0,632.0,516.0,1,7,1,28.5,1500.0,4,2,0,1,222794,3.15,4
4,11,2025,2,43156.03,81.3,293.0,146.7,7.18,139.0,341.0,288.0,1,5,5,65.4,1526.0,4,2,5,1,34530,3.75,4
2,37,2021,0,44708.41,55.8,204.0,97.6,7.34,146.0,492.0,419.0,2,7,1,18.7,1500.0,4,0,0,1,132992,3.34,4
1,74,2022,1,115394.15,98.5,343.0,61.0,4.94,167.0,1000.0,863.0,0,5,3,18.5,1500.0,5,1,1,2,58674,3.4,5
5,6,2025,0,38010.06,62.7,226.0,57.0,7.27,137.0,303.0,283.0,2,7,1,27.0,1852.0,4,2,5,1,16274,3.18,4
8,21,2024,2,70386.61,70.9,215.0,57.3,5.02,168.0,727.0,681.0,2,5,3,38.7,1504.0,4,0,3,3,72998,3.35,4
7,33,2022,1,67747.05,89.8,333.0,82.6,4.95,173.0,779.0,667.0,0,5,0,29.8,1778.0,5,2,3,3,100096,3.57,4
17,31,2024,4,78109.65,110.5,383.0,158.6,2.78,200.0,886.0,783.0,1,7,4,78.0,2339.0,5,0,1,3,260956,3.68,4
2,39,2025,0,23230.02,80.6,262.0,77.9,6.83,151.0,173.0,200.0,0,5,5,71.2,1500.0,5,0,0,0,183226,3.75,4
14,51,2026,2,87078.44,72.1,262.0,114.3,6.22,150.0,1000.0,898.0,2,5,0,28.0,1649.0,5,0,5,3,21561,3.72,5
10,17,2023,1,133058.62,89.4,309.0,123.4,5.84,158.0,777.0,661.0,0,7,4,65.8,2651.0,5,1,1,2,29039,3.99,8
3,55,2026,0,89077.35,81.7,286.0,60.9,6.38,155.0,727.0,707.0,1,5,0,33.3,1746.0,4,2,5,3,28442,3.61,5
15,40,2025,3,106221.52,66.8,251.0,322.1,7.55,134.0,785.0,681.0,0,7,3,24.8,1593.0,4,2,5,2,106799,3.65,5
5,7,2024,2,59253.96,56.6,223.0,145.1,5.33,160.0,753.0,666.0,2,7,4,64.0,2655.0,5,2,5,1,22516,3.7,4
11,20,2025,2,70152.19,44.1,160.0,64.9,5.79,156.0,523.0,459.0,0,7,4,60.4,2579.0,5,0,0,3,21427,3.0,3
15,42,2022,2,45367.75,80.8,287.0,280.7,7.63,134.0,319.0,269.0,1,5,3,32.8,1627.0,5,2,5,1,112809,3.72,5
15,9,2026,0,101101.42,71.8,255.0,345.4,5.47,163.0,743.0,693.0,2,5,4,58.6,2449.0,3,2,5,2,118722,3.89,5
5,58,2024,4,71690.64,77.9,282.0,184.2,2.81,200.0,1000.0,943.0,0,5,3,36.0,1500.0,4,1,5,3,26479,3.38,3
8,21,2026,0,65902.95,59.6,203.0,101.4,7.56,132.0,701.0,645.0,0,5,3,19.5,1918.0,4,1,3,3,95119,3.3,4
10,26,2024,4,178911.77,79.7,265.0,204.2,4.48,187.0,1000.0,924.0,0,5,4,71.7,2315.0,4,2,1,2,68804,3.85,6
15,43,2025,1,97027.38,108.3,372.0,265.9,5.23,170.0,708.0,592.0,2,5,4,60.6,2443.0,5,2,5,3,401761,4.12,4
4,25,2025,1,53281.67,84.7,295.0,89.2,5.45,173.0,587.0,498.0,1,4,4,66.6,2590.0,4,0,5,1,59310,3.42,4
15,43,2023,2,53432.36,79.6,289.0,218.5,6.41,146.0,397.0,369.0,0,7,0,31.6,1500.0,5,2,5,1,490497,3.93,6
15,42,2025,1,92231.53,76.0,264.0,230.5,5.11,177.0,643.0,559.0,1,5,5,79.3,1571.0,4,2,5,3,226342,3.56,5
15,42,2024,2,125065.93,50.7,159.0,274.5,5.27,172.0,917.0,842.0,2,7,1,34.8,1620.0,4,2,5,2,243623,3.24,6
4,25,2020,1,67768.09,83.3,291.0,91.9,4.58,173.0,752.0,718.0,1,2,4,54.9,2624.0,5,0,5,3,25258,3.54,4
1,70,2026,2,62674.5,70.6,211.0,55.7,6.14,160.0,342.0,306.0,1,5,0,18.0,1500.0,3,1,1,1,61611,3.24,6
7,36,2023,1,40702.92,77.5,277.0,76.4,4.65,183.0,398.0,317.0,0,5,2,61.4,2484.0,4,1,3,1,128695,3.64,4
17,29,2026,3,50055.73,71.2,256.0,121.7,7.42,140.0,445.0,413.0,2,7,1,37.1,1500.0,5,0,1,1,296123,3.65,3
0,68,2023,0,67690.27,64.3,232.0,90.1,6.29,158.0,335.0,307.0,2,5,3,19.6,1806.0,4,1,1,3,63429,3.38,5
17,30,2024,1,37557.87,86.2,299.0,109.8,4.74,175.0,291.0,288.0,1,7,0,33.1,1738.0,5,0,1,1,247190,3.68,4
4,11,2024,2,48328.54,81.9,268.0,116.4,7.97,132.0,460.0,436.0,0,7,2,69.5,2108.0,4,0,5,1,34857,3.47,3
17,28,2025,1,102771.71,104.2,392.0,112.5,5.33,174.0,1000.0,854.0,1,5,5,77.2,2045.0,4,1,1,2,235887,3.78,5
17,28,2025,1,97037.17,79.8,284.0,132.3,5.42,167.0,1000.0,875.0,2,5,0,32.1,1540.0,4,0,1,3,292071,3.47,4
7,71,2025,1,81032.96,109.2,372.0,121.6,5.8,171.0,1000.0,882.0,2,7,0,31.9,1543.0,5,2,3,3,132543,3.49,4
2,4,2024,1,53347.12,78.9,277.0,62.8,4.71,182.0,623.0,633.0,0,7,3,22.9,1500.0,5,1,0,1,234710,3.53,5
5,58,2022,0,39747.92,47.2,152.0,54.7,6.56,152.0,376.0,332.0,1,7,5,76.5,1622.0,5,0,5,1,29407,3.09,4
7,33,2025,2,59265.27,76.5,288.0,123.1,5.71,166.0,648.0,577.0,0,5,5,77.9,1500.0,5,0,3,1,55296,3.41,4
2,10,2025,1,24263.38,90.6,313.0,69.6,5.85,165.0,236.0,233.0,1,7,0,35.3,1702.0,4,2,0,0,185360,3.79,3
0,49,2023,0,103373.32,48.0,165.0,87.7,6.98,147.0,784.0,695.0,0,5,3,39.7,1652.0,4,1,1,2,46342,3.62,5
17,29,2025,0,65624.38,83.8,327.0,93.1,5.42,166.0,665.0,569.0,1,5,3,23.0,1849.0,5,1,1,3,228265,3.75,3
8,21,2025,0,34297.3,40.9,150.0,108.0,6.15,156.0,241.0,200.0,0,7,0,34.3,1500.0,4,1,3,0,124108,3.31,4
0,49,2023,3,94046.97,47.5,160.0,109.3,6.08,155.0,683.0,576.0,0,5,4,56.0,2616.0,5,2,1,3,36637,3.22,7
1,73,2024,0,85524.8,65.2,228.0,67.6,6.42,154.0,634.0,525.0,0,7,2,57.5,1949.0,5,2,1,3,61102,3.24,7
15,40,2025,1,37324.82,100.2,350.0,328.5,5.1,169.0,239.0,219.0,2,5,0,37.6,1636.0,3,2,5,1,182729,3.94,6
11,14,2023,2,65637.97,69.5,270.0,97.9,5.86,162.0,521.0,458.0,1,5,1,34.1,1846.0,5,0,0,3,24026,3.35,4
1,70,2023,3,86679.02,53.8,171.0,60.4,7.04,146.0,639.0,621.0,0,5,4,80.0,2454.0,5,2,1,3,68670,3.23,6
2,57,2024,0,18386.22,53.5,197.0,93.6,5.77,169.0,150.0,200.0,1,7,1,18.6,1500.0,4,0,0,0,194535,3.33,4
15,40,2025,0,39961.09,82.4,271.0,326.0,6.94,140.0,291.0,304.0,2,5,1,35.8,1862.0,5,2,5,1,132702,3.97,6
4,25,2025,2,71166.51,63.6,211.0,145.7,5.67,168.0,779.0,697.0,1,2,4,59.3,2632.0,4,1,5,3,29813,3.63,3
1,75,2021,4,122478.25,85.4,288.0,235.7,3.68,194.0,1000.0,890.0,0,5,1,32.7,1612.0,3,1,1,2,61194,3.64,6
7,36,2025,2,33895.78,72.7,271.0,66.4,6.62,148.0,222.0,200.0,1,5,3,26.3,1542.0,4,2,3,0,74203,3.74,4
0,68,2026,3,101046.9,80.3,301.0,125.2,5.24,174.0,736.0,669.0,2,5,2,39.5,2084.0,4,1,1,2,68624,3.78,7
4,24,2023,2,42429.66,63.3,218.0,93.3,7.72,140.0,399.0,416.0,0,7,3,26.7,1767.0,3,1,5,1,37998,3.47,3
15,42,2025,2,81903.39,69.1,257.0,348.4,5.35,170.0,552.0,541.0,2,5,3,20.4,1640.0,4,2,5,3,135577,3.78,5
2,39,2026,1,92693.85,89.9,310.0,124.3,5.7,159.0,1000.0,871.0,2,7,4,56.9,2517.0,5,0,0,3,133159,3.42,4
2,4,2026,4,110109.78,119.3,403.0,240.3,2.97,200.0,1000.0,912.0,0,7,5,68.8,1500.0,4,2,0,2,116675,4.19,4
5,23,2026,3,81491.33,73.3,257.0,131.5,7.51,145.0,1000.0,849.0,2,5,2,65.3,2230.0,3,0,5,3,15310,3.75,4
15,9,2022,0,83011.59,78.2,288.0,207.7,6.44,147.0,570.0,470.0,1,5,4,64.0,2568.0,4,2,5,3,132378,4.12,5
8,59,2023,3,59926.46,66.3,219.0,99.8,6.36,162.0,687.0,676.0,2,7,2,44.7,1956.0,5,0,3,1,144832,3.14,4
4,25,2025,3,44324.9,61.8,198.0,133.7,7.39,139.0,367.0,300.0,0,2,4,59.1,2675.0,4,1,5,1,57644,3.48,4
0,67,2025,2,114471.43,76.2,231.0,133.1,6.47,152.0,888.0,750.0,0,7,5,74.2,1500.0,4,2,1,2,21563,3.5,6
2,4,2026,1,104593.9,89.1,296.0,104.0,5.22,172.0,1000.0,908.0,2,5,5,64.3,1680.0,5,1,0,2,219672,3.59,3
4,25,2026,3,95704.24,84.6,300.0,52.9,5.0,176.0,1000.0,887.0,2,2,4,75.9,2262.0,5,0,5,3,70819,3.48,4
15,9,2024,1,81331.26,87.0,324.0,305.0,5.93,160.0,588.0,584.0,0,5,4,77.7,2504.0,5,3,5,3,192430,3.74,6
10,26,2025,1,83712.42,97.4,338.0,125.5,5.85,170.0,335.0,334.0,1,7,5,67.3,1677.0,3,1,1,3,37695,3.9,5
15,40,2023,2,106795.24,45.7,163.0,310.7,5.09,178.0,739.0,638.0,2,5,5,66.8,1724.0,5,3,5,2,212365,3.61,5
17,28,2025,1,92182.9,103.2,359.0,69.2,4.2,194.0,1000.0,910.0,1,5,3,20.9,1549.0,5,0,1,3,254291,3.6,3
4,24,2025,0,31805.75,48.6,157.0,114.5,5.16,168.0,188.0,200.0,2,5,4,74.5,2587.0,4,0,5,0,49546,3.24,3
15,41,2023,3,64307.39,44.8,171.0,301.6,6.85,147.0,475.0,444.0,2,7,1,22.8,1754.0,4,2,5,1,138801,3.7,5
2,39,2023,1,99850.08,105.9,400.0,137.0,5.55,171.0,1000.0,900.0,1,7,4,70.3,2608.0,5,0,0,3,207644,3.65,3
5,5,2024,3,70082.06,42.6,156.0,68.7,5.71,161.0,940.0,844.0,0,7,1,27.2,1500.0,5,1,5,3,20253,3.14,3
5,58,2024,2,61767.69,48.0,161.0,76.8,6.23,155.0,875.0,799.0,1,7,2,55.2,1989.0,4,0,5,1,27695,3.08,4
1,72,2022,0,87727.18,75.1,238.0,96.5,6.69,150.0,650.0,644.0,1,7,5,79.9,1500.0,5,1,1,3,35030,3.42,6
5,6,2025,2,29502.2,67.8,248.0,100.0,7.13,142.0,218.0,200.0,2,7,1,37.7,1722.0,4,1,5,0,19509,3.46,3
8,21,2026,3,81787.56,61.8,200.0,101.7,5.15,173.0,967.0,895.0,2,7,0,19.8,1500.0,3,0,3,3,103637,3.28,4
2,4,2025,4,94900.11,105.2,381.0,214.4,3.93,190.0,1000.0,907.0,0,5,1,25.2,1500.0,5,0,0,3,172031,3.92,3
2,39,2026,2,76922.71,71.2,254.0,114.7,7.54,139.0,885.0,732.0,2,5,4,72.8,2840.0,5,0,0,3,121433,3.41,4
15,40,2024,3,173467.44,42.9,150.0,236.8,5.49,180.0,1000.0,906.0,0,5,1,15.4,2086.0,4,2,5,2,241741,3.75,5
0,49,2024,3,105361.9,71.8,263.0,52.5,7.12,144.0,753.0,661.0,1,5,0,39.5,1500.0,5,2,1,2,22361,3.64,7
8,47,2022,2,39229.86,42.7,154.0,100.5,5.09,170.0,325.0,298.0,1,5,1,18.0,1570.0,4,0,3,1,92917,3.02,4
17,32,2022,3,90567.3,69.5,208.0,142.0,6.59,147.0,1000.0,914.0,0,5,4,74.0,2426.0,5,0,1,3,266134,3.28,4
7,33,2025,4,95402.2,91.6,321.0,184.8,4.44,187.0,1000.0,888.0,0,7,0,25.2,1627.0,4,1,3,3,124589,3.85,4
16,64,2025,1,84185.72,103.8,377.0,121.9,5.79,165.0,1000.0,868.0,1,5,2,60.4,1969.0,5,1,2,3,15914,3.93,4
15,43,2026,2,131838.33,68.9,241.0,340.8,6.65,152.0,1000.0,923.0,1,7,3,31.8,1541.0,5,2,5,2,410211,3.81,5
8,22,2024,0,36206.52,53.7,182.0,132.1,6.92,143.0,296.0,296.0,0,7,2,60.1,2343.0,4,0,3,1,96649,3.22,5
7,34,2026,2,60217.03,73.9,251.0,102.4,6.68,159.0,721.0,665.0,1,5,2,41.2,2085.0,4,0,3,1,83698,3.17,5
8,59,2025,3,76146.1,42.4,175.0,62.2,7.08,146.0,931.0,831.0,1,5,2,46.6,1980.0,4,0,3,3,86432,3.41,5
15,40,2024,3,92300.78,48.8,173.0,313.2,7.14,146.0,654.0,617.0,2,7,1,32.1,1604.0,5,3,5,3,249410,3.51,6
10,26,2025,3,158316.83,76.0,241.0,96.3,5.44,164.0,1000.0,889.0,0,5,5,73.7,1882.0,5,2,1,2,22636,3.82,6
14,54,2025,4,109164.41,79.6,288.0,191.9,3.34,197.0,1000.0,857.0,0,5,1,39.1,1853.0,5,1,5,2,19234,3.75,4
8,45,2025,3,108567.95,56.3,197.0,122.5,5.25,165.0,1000.0,911.0,0,7,5,74.4,1655.0,4,0,3,2,139588,3.58,4
5,58,2024,0,33469.38,55.2,198.0,50.6,7.96,130.0,287.0,257.0,1,5,2,57.3,2124.0,4,0,5,0,2373,3.27,3
14,54,2025,0,79068.68,62.9,236.0,98.4,7.54,146.0,668.0,618.0,2,5,2,53.7,1833.0,5,2,5,3,25139,3.32,4
5,7,2023,0,59074.75,54.5,198.0,119.9,6.02,163.0,760.0,681.0,0,7,0,20.5,1586.0,4,0,5,1,15584,3.31,4
15,40,2025,0,38136.97,76.0,284.0,200.7,7.25,142.0,219.0,232.0,1,7,3,37.3,1674.0,5,2,5,1,113015,3.93,5
8,59,2024,3,72898.84,65.7,244.0,77.2,5.44,172.0,843.0,702.0,0,5,2,36.9,1586.0,5,0,3,3,78422,3.48,5
8,59,2026,0,72429.61,64.2,178.0,50.8,6.33,153.0,877.0,756.0,2,5,2,46.5,1686.0,5,0,3,3,52716,3.0,4
17,28,2024,4,90339.09,78.1,263.0,193.1,4.36,181.0,986.0,890.0,0,5,2,50.4,2218.0,4,0,1,3,202441,3.2,3
5,6,2024,2,57794.12,67.8,255.0,120.9,7.67,135.0,696.0,587.0,1,7,4,51.0,2854.0,5,1,5,1,28957,3.15,4
11,13,2024,1,99775.41,109.9,380.0,65.6,5.18,171.0,958.0,836.0,2,5,2,63.5,1845.0,4,2,0,3,27479,3.57,4
14,53,2026,1,98562.96,97.1,316.0,50.1,5.61,160.0,1000.0,952.0,0,7,2,58.8,2158.0,3,0,5,3,20133,3.71,6
17,29,2025,3,45327.13,67.8,261.0,127.3,7.88,132.0,357.0,330.0,0,5,0,20.5,1619.0,4,0,1,1,299882,3.61,3
15,43,2023,2,100758.31,46.0,171.0,297.7,5.13,175.0,786.0,685.0,2,7,2,47.3,1900.0,5,2,5,2,472436,3.4,4
13,38,2025,2,185796.61,78.1,296.0,229.0,6.69,148.0,990.0,873.0,0,7,0,17.2,1665.0,4,0,1,2,21608,3.85,6
10,17,2025,1,94596.53,77.5,267.0,149.8,4.86,167.0,486.0,470.0,0,5,0,31.6,1500.0,5,2,1,3,48573,3.82,5
15,41,2021,3,108109.05,82.6,273.0,272.2,7.76,128.0,740.0,654.0,0,5,5,65.7,1524.0,4,2,5,2,201131,3.9,5
14,53,2025,0,79447.62,60.5,184.0,86.2,5.83,158.0,619.0,525.0,0,7,4,67.2,2460.0,5,0,5,3,21177,3.42,5
10,15,2026,3,151394.73,70.8,264.0,136.9,6.41,153.0,1000.0,939.0,0,5,5,60.1,1500.0,5,1,1,2,37405,3.71,6
7,71,2025,2,30172.57,82.9,283.0,111.6,7.77,137.0,187.0,200.0,1,5,4,79.5,2516.0,3,1,3,0,76614,3.55,3
8,45,2024,4,81763.2,89.6,319.0,232.9,3.7,188.0,985.0,960.0,0,5,0,25.0,1629.0,4,0,3,3,93663,3.44,3
17,29,2026,1,42399.68,101.9,356.0,96.8,4.99,186.0,269.0,207.0,1,5,1,29.9,1500.0,4,0,1,1,252676,3.68,5
15,42,2022,2,98265.87,83.7,298.0,223.7,5.16,173.0,717.0,646.0,1,5,1,24.2,1500.0,4,2,5,3,144367,3.63,5
2,39,2024,2,70846.85,56.4,200.0,89.0,6.56,161.0,813.0,686.0,0,7,5,60.4,1921.0,4,0,0,3,234001,3.55,4
4,24,2023,4,78508.55,73.0,274.0,224.9,2.91,200.0,915.0,850.0,2,5,5,70.1,1650.0,4,1,5,3,51688,3.3,3
15,9,2022,3,154962.64,53.2,157.0,316.3,7.79,135.0,1000.0,884.0,0,5,4,78.2,1876.0,5,2,5,2,148718,3.67,6
2,63,2023,1,44084.51,94.0,330.0,88.8,4.32,179.0,505.0,466.0,2,7,0,29.7,1693.0,4,1,0,1,187463,3.67,3
17,30,2024,1,47038.76,86.5,330.0,108.8,4.24,194.0,352.0,368.0,2,7,4,71.8,2639.0,5,1,1,1,270498,3.37,3
7,34,2025,1,50915.71,81.0,278.0,99.3,4.13,183.0,517.0,482.0,1,5,3,22.8,1672.0,3,1,3,1,54316,3.5,5
14,51,2022,0,64347.55,45.6,150.0,110.6,6.54,152.0,150.0,200.0,2,7,2,46.2,2128.0,5,1,5,1,3522,3.26,5
2,4,2022,0,21384.75,62.9,201.0,67.5,6.88,146.0,173.0,200.0,2,5,1,37.1,1781.0,5,0,0,0,233873,3.28,3
2,4,2025,1,99107.52,98.9,347.0,107.3,4.56,177.0,1000.0,894.0,1,7,1,27.1,1842.0,5,1,0,3,190865,3.32,3
5,7,2025,0,60512.96,58.6,258.0,69.4,7.07,146.0,780.0,691.0,0,7,1,24.1,1720.0,5,0,5,1,12934,3.42,5
17,32,2023,4,64071.2,77.7,297.0,179.6,4.02,191.0,682.0,641.0,2,5,0,38.7,1826.0,3,0,1,1,290103,3.66,5
2,4,2026,4,31933.47,119.9,430.0,171.3,2.71,200.0,363.0,329.0,2,7,0,20.7,1500.0,3,0,0,0,219100,4.19,5
17,30,2026,2,33483.92,82.6,293.0,136.4,6.02,160.0,201.0,200.0,0,5,4,53.2,2437.0,5,0,1,0,207337,3.62,5
15,41,2025,4,68593.72,107.6,361.0,209.3,4.22,192.0,452.0,389.0,1,7,0,33.5,1685.0,5,3,5,3,245974,4.23,5
15,9,2025,2,61013.48,45.2,156.0,307.0,6.71,151.0,429.0,358.0,1,7,4,52.1,2708.0,3,2,5,1,132800,3.35,5
7,34,2025,0,68602.24,75.7,260.0,70.1,5.05,164.0,815.0,690.0,1,7,2,60.5,2317.0,5,0,3,3,109721,3.31,5
17,28,2021,1,76214.9,92.3,348.0,138.4,5.53,172.0,859.0,782.0,2,5,4,71.9,2363.0,5,2,1,3,249899,3.71,4
14,51,2026,3,110739.07,48.4,163.0,78.5,7.01,146.0,1000.0,896.0,2,5,3,37.6,1664.0,5,1,5,2,26386,3.24,6
17,31,2024,4,111511.26,74.1,241.0,161.6,4.29,189.0,1000.0,921.0,0,7,4,57.8,2464.0,5,0,1,2,230069,3.24,4
8,45,2025,3,64726.92,52.3,203.0,95.6,7.54,136.0,686.0,608.0,2,5,4,66.3,2102.0,5,0,3,1,135916,3.12,4
1,74,2023,0,89651.14,73.1,249.0,98.1,5.68,165.0,711.0,632.0,2,5,4,78.6,2470.0,4,1,1,3,72062,3.37,6
15,40,2023,4,125634.38,79.6,268.0,325.0,3.23,195.0,906.0,862.0,2,7,1,15.1,1567.0,5,2,5,2,223587,3.94,4
1,70,2025,0,93156.19,74.6,254.0,78.5,7.38,143.0,683.0,632.0,1,5,5,60.1,1564.0,4,2,1,3,71204,3.55,7
15,9,2022,1,93999.45,88.3,333.0,289.1,5.84,167.0,703.0,641.0,1,5,4,66.0,2476.0,5,2,5,3,124977,3.96,5
16,64,2023,3,52160.99,69.4,234.0,77.8,6.21,169.0,511.0,481.0,2,7,2,40.0,2088.0,5,0,2,1,7110,3.56,4
15,41,2024,4,77897.86,71.2,254.0,322.3,4.29,186.0,542.0,558.0,2,5,3,35.8,1500.0,4,3,5,3,153891,3.65,4
17,31,2025,0,78698.7,67.4,200.0,139.9,5.73,164.0,839.0,744.0,2,5,0,26.0,1649.0,5,0,1,3,200182,3.41,4
15,41,2021,0,109935.85,84.2,288.0,209.4,7.62,127.0,738.0,699.0,0,7,4,78.2,2219.0,4,3,5,2,117148,3.95,5
19,56,2024,4,115672.77,85.2,304.0,243.6,3.52,194.0,1000.0,872.0,2,5,2,50.9,2328.0,3,0,0,2,8357,3.71,5
7,36,2024,4,43667.25,83.3,299.0,234.7,3.13,198.0,465.0,435.0,0,5,5,77.7,1707.0,4,1,3,1,71109,3.49,5
8,21,2025,0,60524.16,58.8,217.0,110.8,6.5,148.0,613.0,568.0,2,7,0,25.8,1638.0,4,1,3,1,105178,3.37,4
15,40,2021,2,24979.98,81.1,271.0,326.8,6.83,135.0,150.0,200.0,2,5,1,27.6,1500.0,5,3,5,0,132068,3.73,4
5,5,2024,0,58716.57,83.6,313.0,112.5,6.87,153.0,744.0,635.0,1,5,3,22.4,1754.0,5,1,5,1,22110,3.62,3
2,50,2024,0,17777.32,78.0,280.0,108.1,7.53,142.0,175.0,200.0,1,7,1,36.4,1788.0,4,0,0,0,212740,3.54,4
0,48,2026,4,163470.92,73.4,267.0,163.1,3.82,196.0,1000.0,897.0,2,7,3,16.6,1500.0,5,2,1,2,31112,3.43,6
2,57,2021,0,53782.86,84.7,314.0,91.0,5.94,169.0,521.0,468.0,2,5,5,62.5,1599.0,4,1,0,1,162990,3.75,3
15,43,2022,1,38805.29,86.7,295.0,344.7,4.05,190.0,297.0,281.0,2,5,4,71.8,2329.0,5,3,5,1,424786,4.14,4
15,42,2024,4,90519.74,119.4,405.0,222.4,3.68,200.0,666.0,591.0,0,5,0,24.0,1771.0,4,2,5,3,189429,4.03,6
7,34,2025,0,46385.14,84.1,301.0,90.2,6.54,148.0,445.0,414.0,2,5,4,65.5,2726.0,4,1,3,1,58564,3.62,3
8,45,2026,4,110515.91,78.1,283.0,217.4,2.89,200.0,1000.0,881.0,0,5,0,24.1,1738.0,5,0,3,2,62032,3.56,3
15,9,2023,2,35071.56,52.4,192.0,340.0,5.24,168.0,249.0,217.0,1,7,4,53.0,2535.0,5,2,5,1,139628,3.17,5
4,24,2025,4,106247.4,72.9,277.0,158.2,2.58,200.0,1000.0,873.0,1,5,0,24.4,1701.0,5,0,5,2,49209,3.4,3
17,30,2026,0,56734.76,49.7,207.0,87.7,5.23,168.0,586.0,478.0,0,7,1,16.6,1500.0,4,0,1,1,257294,3.13,4
7,33,2025,1,74693.36,95.4,340.0,66.6,4.63,186.0,972.0,902.0,2,7,1,24.5,1739.0,5,1,3,3,138161,3.52,4
17,32,2022,3,70140.57,83.5,319.0,79.8,6.63,142.0,731.0,665.0,0,5,1,26.7,1533.0,5,0,1,3,203826,3.8,5
17,32,2025,2,60218.55,82.8,240.0,94.9,6.0,163.0,518.0,517.0,0,5,5,60.3,1739.0,5,2,1,1,290126,3.59,4
8,47,2020,0,44609.33,80.3,255.0,124.3,6.52,155.0,414.0,337.0,2,7,3,22.4,1545.0,4,0,3,1,62067,3.61,5
15,40,2025,4,58452.94,77.2,274.0,217.3,4.19,183.0,458.0,401.0,2,7,5,64.2,1813.0,3,2,5,1,216013,3.86,4
15,9,2023,3,118800.8,54.2,203.0,340.1,6.1,162.0,891.0,851.0,1,7,4,50.1,2562.0,4,3,5,2,197139,3.38,5
10,15,2024,4,87690.32,88.6,321.0,224.6,2.67,200.0,422.0,414.0,0,5,1,36.6,1957.0,4,2,1,3,36911,3.99,7
16,65,2022,2,55775.75,84.6,281.0,90.6,6.0,163.0,602.0,520.0,1,5,0,22.4,1626.0,4,0,2,1,18523,3.32,3
17,28,2023,2,51298.81,63.2,237.0,118.9,5.83,162.0,397.0,310.0,2,5,0,26.9,1555.0,5,1,1,1,222298,3.5,3
2,10,2025,2,82759.69,73.3,235.0,119.0,6.27,151.0,912.0,776.0,2,5,2,68.7,1789.0,3,0,0,3,125776,3.36,3
1,72,2023,4,130983.67,110.9,390.0,244.7,2.51,200.0,1000.0,878.0,2,7,5,73.1,1500.0,5,2,1,2,64205,3.82,5
17,31,2025,0,65061.9,65.1,212.0,82.2,7.77,137.0,653.0,616.0,0,5,0,37.8,1613.0,5,1,1,3,282957,3.68,3
15,41,2022,3,163492.8,65.4,193.0,288.9,6.55,154.0,1000.0,907.0,2,7,1,34.9,1653.0,5,2,5,2,241709,3.96,5
15,42,2023,3,53973.57,82.6,301.0,250.5,7.15,143.0,440.0,387.0,1,7,3,15.8,1500.0,5,2,5,1,206669,3.87,5
5,7,2025,4,60210.65,70.4,258.0,173.9,3.71,200.0,778.0,765.0,1,5,0,18.8,1519.0,4,0,5,1,23288,3.63,4
1,70,2023,3,81481.72,64.8,209.0,132.6,5.22,180.0,551.0,468.0,2,7,3,32.9,1755.0,4,1,1,3,60859,3.29,8
15,41,2025,4,140244.92,75.7,265.0,295.8,4.25,187.0,986.0,851.0,0,7,3,15.6,1500.0,5,2,5,2,186365,3.84,5
2,10,2024,4,108909.03,86.0,283.0,177.9,3.26,188.0,1000.0,954.0,2,5,4,68.3,2422.0,3,0,0,2,136507,3.47,3
2,57,2025,0,31665.46,68.3,217.0,133.7,5.49,171.0,291.0,266.0,1,5,5,69.4,1935.0,5,0,0,0,162790,3.33,4
1,74,2026,3,125746.52,63.5,224.0,141.3,5.05,168.0,1000.0,906.0,0,5,1,22.1,1500.0,3,2,1,2,62950,3.45,6
15,41,2024,1,75201.32,102.8,370.0,342.3,4.03,185.0,592.0,509.0,2,5,4,62.1,2460.0,5,2,5,3,105880,4.11,4
15,40,2025,1,91388.05,100.1,350.0,249.9,5.26,168.0,695.0,616.0,1,5,3,39.9,1624.0,4,2,5,3,148700,3.99,5
4,25,2024,2,60849.51,82.5,274.0,67.1,7.97,131.0,622.0,610.0,1,2,4,71.3,2747.0,4,2,5,1,58206,3.54,4
15,9,2024,1,131729.26,84.6,307.0,224.3,4.28,187.0,943.0,852.0,1,5,4,53.6,2319.0,4,2,5,2,162108,3.56,5
1,75,2021,2,82329.27,71.8,258.0,61.1,7.05,150.0,569.0,534.0,2,7,1,15.7,1723.0,4,1,1,3,59553,3.74,6
2,4,2021,4,91712.12,80.1,268.0,233.5,3.28,193.0,1000.0,900.0,2,5,1,19.5,1550.0,5,1,0,3,177248,3.63,3
15,40,2024,2,106609.89,75.6,299.0,296.3,6.51,151.0,784.0,688.0,1,5,1,27.5,1673.0,5,2,5,2,103912,3.73,5
2,50,2020,1,36752.05,84.7,308.0,134.6,4.59,189.0,380.0,353.0,1,5,3,22.8,1500.0,4,1,0,1,178041,3.55,4
5,23,2024,1,55502.07,92.6,331.0,129.8,4.2,189.0,672.0,611.0,0,7,2,63.7,2188.0,5,1,5,1,18580,3.71,4
10,18,2025,0,136918.85,55.5,195.0,96.2,6.97,148.0,822.0,776.0,0,7,0,25.1,1500.0,5,1,1,2,59537,3.51,7
10,16,2023,1,142535.28,94.3,305.0,114.0,5.66,169.0,843.0,766.0,1,7,3,30.1,1500.0,4,1,1,2,32410,3.94,8
17,28,2025,4,68256.27,92.8,334.0,227.4,3.85,182.0,714.0,587.0,2,5,3,22.1,1589.0,5,0,1,3,215601,3.82,5
1,70,2025,3,127970.02,52.7,181.0,97.5,5.26,171.0,1000.0,895.0,2,5,0,18.8,1671.0,5,2,1,2,25659,3.39,7
2,63,2026,0,71806.41,73.0,253.0,140.1,5.98,163.0,820.0,765.0,0,5,3,18.5,1702.0,4,0,0,3,163682,3.35,3
2,50,2023,4,54457.48,80.6,251.0,242.0,4.26,193.0,518.0,459.0,0,5,4,74.1,2307.0,4,0,0,1,205191,3.38,4
0,48,2026,1,145965.36,78.2,269.0,138.1,5.46,173.0,1000.0,872.0,1,7,0,31.5,1663.0,4,2,1,2,21092,3.74,6
15,42,2025,4,40997.3,73.3,261.0,282.8,3.51,198.0,238.0,200.0,0,5,3,19.9,1637.0,5,3,5,1,192699,3.73,4
15,40,2026,4,147080.28,107.7,395.0,234.9,3.36,195.0,1000.0,883.0,0,7,3,15.1,1521.0,5,2,5,2,199927,4.26,5
2,39,2023,1,35900.23,88.0,302.0,69.9,4.28,198.0,358.0,318.0,1,5,2,42.3,2227.0,5,2,0,1,176515,3.84,4
15,42,2025,0,76806.22,41.8,166.0,308.9,6.47,152.0,571.0,531.0,1,7,3,24.3,1675.0,5,3,5,3,136111,3.64,6
15,9,2025,0,96810.26,47.9,153.0,220.8,6.85,146.0,658.0,607.0,1,7,4,55.2,2373.0,4,2,5,3,113593,3.86,6
8,22,2026,4,78041.17,113.5,407.0,168.5,4.13,185.0,895.0,813.0,2,5,2,58.0,2121.0,5,0,3,3,103428,3.83,4
17,30,2025,0,47861.91,65.3,231.0,89.0,6.01,161.0,443.0,400.0,0,7,3,34.8,1500.0,3,0,1,1,247700,3.21,3
0,48,2025,0,84123.81,68.5,247.0,136.8,6.57,149.0,568.0,538.0,0,5,1,39.2,1666.0,4,1,1,3,60155,3.29,8
4,44,2024,3,62057.63,57.6,207.0,109.6,6.33,150.0,732.0,646.0,1,5,5,69.8,1502.0,4,0,5,1,65997,3.42,3
2,57,2026,4,95761.12,80.6,277.0,210.5,3.84,181.0,1000.0,922.0,2,5,0,21.7,1789.0,4,1,0,3,171938,3.56,3
2,50,2024,0,75732.88,69.3,249.0,124.1,5.85,161.0,803.0,708.0,2,5,4,72.7,2335.0,5,0,0,3,228964,3.42,4
17,29,2024,3,74047.12,72.6,248.0,77.4,6.4,154.0,808.0,703.0,2,5,0,19.4,1522.0,5,1,1,3,290963,3.67,4
8,45,2026,4,91033.29,72.5,267.0,207.0,3.44,194.0,1000.0,949.0,0,5,5,71.0,1525.0,4,0,3,3,54833,3.25,4
2,4,2024,2,30843.09,49.0,171.0,81.1,6.63,151.0,309.0,285.0,0,7,1,39.5,1578.0,4,2,0,0,206164,3.0,4
1,73,2021,3,139020.51,63.5,232.0,149.7,7.84,131.0,1000.0,950.0,1,5,4,58.7,2464.0,5,1,1,2,48199,3.44,5
17,28,2021,2,60392.45,68.0,225.0,133.0,7.28,137.0,628.0,523.0,2,7,4,54.4,2360.0,3,1,1,1,256880,3.23,3
8,59,2020,2,26731.95,75.8,257.0,79.6,5.97,160.0,193.0,200.0,2,5,2,46.3,1818.0,5,1,3,0,147499,3.27,4
17,29,2024,1,70634.98,89.6,312.0,79.6,5.55,173.0,734.0,693.0,1,5,1,16.1,1613.0,4,1,1,3,289608,3.58,3
2,10,2023,3,25794.27,50.1,188.0,63.3,7.75,135.0,216.0,200.0,0,5,4,67.9,2438.0,3,0,0,0,112218,3.59,4
16,65,2024,4,94209.78,108.8,381.0,202.8,2.58,200.0,1000.0,897.0,0,5,0,38.8,1660.0,5,0,2,3,1723,3.95,3
4,44,2025,4,60546.72,113.0,423.0,215.3,3.14,200.0,616.0,518.0,2,5,0,21.1,1500.0,3,1,5,1,27560,3.76,5
15,9,2025,3,170547.81,44.5,153.0,226.9,7.93,132.0,1000.0,886.0,0,7,4,64.3,2453.0,4,2,5,2,192321,3.6,5
10,17,2023,0,82191.2,71.1,281.0,116.5,6.68,154.0,357.0,352.0,2,5,3,32.2,1500.0,4,1,1,3,59566,3.91,8
7,35,2025,3,100947.83,60.5,195.0,110.8,7.91,135.0,1000.0,907.0,0,7,1,36.1,1597.0,5,0,3,2,101360,3.44,4
0,68,2024,0,106732.12,80.0,268.0,74.2,7.52,142.0,810.0,693.0,1,5,4,72.9,2498.0,5,2,1,2,48443,3.48,7
4,24,2026,3,97985.03,84.1,304.0,53.7,6.12,167.0,1000.0,909.0,0,7,3,39.0,1744.0,5,1,5,3,45069,3.49,3
17,30,2024,0,38794.79,77.8,290.0,97.4,6.67,150.0,297.0,256.0,1,5,0,30.9,1516.0,5,0,1,1,216258,3.83,3
15,43,2024,2,111996.5,50.5,190.0,287.9,5.63,165.0,825.0,736.0,1,5,5,69.3,1500.0,4,3,5,2,445661,3.56,5
2,10,2026,1,49411.4,105.1,362.0,91.4,4.89,181.0,512.0,489.0,2,7,2,38.7,1819.0,4,1,0,1,124104,3.7,4
8,21,2023,0,37474.58,58.6,209.0,135.7,7.4,141.0,306.0,230.0,1,5,4,52.5,2381.0,5,1,3,1,67143,3.33,4
1,70,2026,4,148406.75,116.4,409.0,231.2,4.17,187.0,1000.0,922.0,0,5,1,25.9,1500.0,4,2,1,2,27898,3.83,6
2,50,2024,2,46656.51,45.6,150.0,62.6,6.11,167.0,542.0,509.0,0,5,2,50.9,2255.0,5,0,0,1,249607,3.33,4
15,42,2021,3,97027.76,71.4,235.0,273.3,6.57,150.0,685.0,574.0,0,5,5,69.8,1693.0,4,2,5,3,229836,3.91,4
10,17,2026,0,129546.31,72.0,248.0,143.1,5.2,174.0,759.0,725.0,0,5,4,57.9,2639.0,4,1,1,2,57503,3.59,6
12,0,2025,4,93833.94,111.8,383.0,189.1,3.06,200.0,651.0,663.0,0,5,0,23.1,1500.0,5,0,4,3,6307,3.42,4
7,71,2023,0,37474.79,56.5,218.0,51.4,7.69,134.0,268.0,228.0,1,7,5,74.3,1504.0,4,0,3,1,129662,3.46,3
15,9,2025,2,127335.12,71.9,270.0,329.2,5.09,175.0,976.0,906.0,0,5,4,73.5,2328.0,5,3,5,2,188107,3.78,4
2,4,2024,0,50360.89,69.3,238.0,62.5,7.82,139.0,602.0,568.0,2,7,3,22.9,1615.0,5,1,0,1,209468,3.18,4
15,40,2024,3,152844.99,77.1,281.0,258.1,5.34,172.0,1000.0,937.0,0,5,4,59.8,2696.0,4,3,5,2,153103,4.05,5
14,53,2025,4,117871.06,81.9,280.0,195.9,3.79,199.0,1000.0,922.0,2,7,4,57.1,2401.0,5,0,5,2,14378,3.8,6
15,42,2025,4,126875.08,98.3,345.0,202.5,4.3,198.0,914.0,835.0,0,7,5,65.4,1500.0,5,2,5,2,158417,3.71,5
8,47,2024,1,57850.5,101.6,350.0,134.1,5.74,162.0,632.0,525.0,0,5,0,39.7,1735.0,5,2,3,1,125554,3.47,4
2,39,2024,0,70890.54,64.5,242.0,135.7,7.45,138.0,713.0,594.0,0,7,4,77.4,2252.0,5,1,0,3,119629,3.38,4
8,47,2024,4,105759.07,79.7,278.0,170.3,3.07,200.0,1000.0,892.0,0,7,1,16.9,1819.0,3,2,3,2,107830,3.56,5
1,73,2025,4,83830.66,91.7,316.0,249.1,3.65,188.0,634.0,606.0,2,7,4,64.3,2285.0,4,1,1,3,61677,3.43,7
10,16,2026,4,148924.89,98.3,357.0,181.1,4.1,196.0,945.0,822.0,0,7,2,61.2,1889.0,4,2,1,2,66282,3.8,7
2,4,2022,0,49226.29,46.7,177.0,51.6,5.54,160.0,529.0,492.0,1,5,0,20.6,1609.0,5,1,0,1,172454,3.29,4
15,41,2025,0,29411.54,61.2,220.0,302.1,7.98,127.0,220.0,213.0,0,5,1,31.9,1705.0,5,2,5,0,206579,3.63,6
15,9,2024,2,107897.62,47.5,178.0,311.3,5.76,160.0,752.0,668.0,1,5,4,68.7,2227.0,5,2,5,2,188033,3.43,4
0,68,2022,3,137631.97,43.1,150.0,69.1,5.31,168.0,1000.0,941.0,2,5,4,68.3,2791.0,4,2,1,2,74974,3.3,5
0,68,2024,0,65798.71,76.8,250.0,129.7,6.28,160.0,369.0,263.0,2,7,4,50.6,2305.0,4,2,1,3,52856,3.77,8
8,45,2022,3,93773.43,61.9,194.0,129.3,6.81,152.0,1000.0,944.0,0,5,4,60.1,2450.0,5,1,3,3,126881,3.6,3
8,47,2024,0,57643.94,54.7,170.0,147.9,6.49,150.0,606.0,551.0,0,5,3,37.6,1686.0,5,1,3,1,149672,3.38,3
1,73,2022,4,102440.51,94.7,337.0,226.8,3.87,184.0,790.0,750.0,2,5,1,32.3,1545.0,3,2,1,2,23392,3.69,7
15,9,2024,0,49296.66,41.7,153.0,274.8,7.39,134.0,302.0,303.0,1,5,4,60.8,2643.0,5,3,5,1,241001,3.74,6
14,51,2024,4,118076.47,74.0,249.0,161.6,3.41,194.0,1000.0,911.0,2,7,1,35.5,1514.0,5,1,5,2,656,3.53,5
17,31,2023,3,69215.27,62.0,197.0,117.5,7.34,136.0,704.0,655.0,0,7,4,74.3,2586.0,5,1,1,3,211559,3.61,4
17,28,2026,2,86339.6,57.8,217.0,149.7,7.31,145.0,1000.0,837.0,1,5,3,35.0,1882.0,5,0,1,3,279621,3.38,3
7,35,2023,0,41678.26,66.4,252.0,83.9,7.12,155.0,368.0,362.0,0,5,5,69.3,1580.0,4,1,3,1,52756,3.29,4
15,9,2025,3,131326.82,44.5,172.0,271.0,6.26,164.0,951.0,870.0,0,5,4,73.1,2711.0,5,2,5,2,195107,3.68,5
15,42,2025,0,106034.49,82.6,286.0,201.7,6.63,151.0,719.0,582.0,1,7,5,75.5,1771.0,5,2,5,2,136623,3.7,6
5,5,2023,4,60380.4,91.2,308.0,182.4,3.99,199.0,753.0,660.0,2,7,5,76.9,1584.0,3,1,5,1,8909,3.76,3
15,43,2024,4,141348.91,115.7,409.0,243.6,3.11,200.0,1000.0,942.0,0,5,0,26.6,1540.0,4,2,5,2,490678,4.51,4
8,47,2025,0,33502.19,82.4,304.0,74.7,7.22,144.0,220.0,238.0,1,7,5,76.5,1588.0,4,0,3,0,70571,3.47,4
2,57,2025,3,98579.06,64.3,224.0,56.8,6.74,143.0,1000.0,891.0,0,5,0,19.3,1606.0,5,0,0,3,142672,3.25,3
17,28,2024,0,29413.61,69.3,264.0,107.2,7.54,131.0,186.0,208.0,0,5,2,38.3,2196.0,5,1,1,0,268683,3.64,4
2,4,2025,1,32535.18,92.0,307.0,138.7,5.28,175.0,341.0,309.0,2,5,3,39.2,1704.0,4,2,0,0,218123,3.53,3
17,32,2024,4,106703.67,90.5,330.0,247.6,4.38,192.0,1000.0,884.0,2,7,5,61.7,1614.0,5,0,1,2,282713,3.53,3
5,6,2025,3,61871.83,57.9,176.0,120.9,5.75,168.0,782.0,728.0,2,5,1,24.9,1500.0,5,0,5,1,10487,3.16,3
2,63,2024,0,31743.27,82.5,285.0,136.5,5.75,166.0,292.0,292.0,0,5,2,63.5,1787.0,4,1,0,0,226541,3.63,3
8,59,2025,4,72347.59,112.0,369.0,204.8,4.18,185.0,800.0,714.0,0,7,2,37.5,2315.0,3,0,3,3,144057,3.62,3
7,35,2025,4,47415.02,112.3,399.0,174.2,3.55,200.0,463.0,391.0,1,7,1,22.4,1581.0,5,2,3,1,102665,3.98,3
1,72,2023,2,101992.19,49.3,168.0,109.7,5.58,165.0,804.0,703.0,1,7,3,32.1,1856.0,5,2,1,2,24913,3.34,6
11,12,2025,3,83405.89,75.4,277.0,62.0,5.21,164.0,723.0,689.0,2,7,5,74.9,1673.0,5,0,0,3,11073,3.32,5
5,5,2023,4,77802.21,81.5,300.0,152.9,3.57,195.0,1000.0,925.0,0,5,4,65.0,2508.0,5,1,5,3,18415,3.87,4
2,4,2024,4,53801.14,101.6,365.0,242.3,2.51,200.0,595.0,572.0,0,7,5,64.5,1590.0,5,0,0,1,168996,3.7,4
15,40,2025,1,84190.57,98.0,350.0,308.3,4.72,182.0,592.0,522.0,2,7,0,32.0,1694.0,4,2,5,3,181874,3.94,4
2,50,2023,0,40160.18,61.8,214.0,142.4,5.79,164.0,401.0,356.0,1,7,1,39.3,1500.0,5,0,0,1,234883,3.4,3
8,21,2022,4,48028.48,102.7,351.0,182.0,3.29,200.0,489.0,421.0,0,5,1,27.7,1500.0,4,2,3,1,81607,3.7,5
15,41,2026,4,120990.97,76.9,272.0,208.1,2.81,200.0,841.0,743.0,0,7,4,77.7,2847.0,4,2,5,2,177875,3.74,5
7,71,2022,0,52457.02,61.6,184.0,60.7,7.28,139.0,503.0,465.0,0,5,3,26.9,1576.0,5,1,3,1,72150,3.34,5
8,47,2023,2,66396.28,40.4,150.0,72.8,5.36,172.0,763.0,668.0,0,7,3,23.5,1580.0,4,2,3,3,93251,3.17,3
2,10,2025,0,53719.72,48.4,150.0,130.4,5.96,160.0,629.0,556.0,1,7,1,38.7,1728.0,3,0,0,1,246801,3.15,5
4,44,2026,3,56792.12,67.2,207.0,138.4,7.7,135.0,555.0,485.0,0,5,2,51.2,2102.0,4,0,5,1,31784,3.24,4
15,41,2024,2,122807.61,51.0,203.0,348.4,5.61,177.0,905.0,784.0,0,7,5,78.0,1500.0,4,3,5,2,162784,3.67,6
15,42,2025,1,153915.44,92.0,309.0,214.0,4.56,177.0,1000.0,955.0,2,5,5,73.2,1572.0,5,2,5,2,210826,3.64,5
5,23,2025,2,28857.9,80.0,326.0,78.0,6.63,147.0,200.0,200.0,2,7,2,38.7,2241.0,4,0,5,0,24599,3.71,4
7,36,2024,2,53616.49,57.8,161.0,106.9,7.18,147.0,606.0,581.0,0,5,0,22.9,1500.0,5,0,3,1,78661,3.39,3
1,73,2020,0,93337.36,72.7,232.0,51.4,5.06,176.0,720.0,650.0,2,5,4,54.7,2335.0,5,1,1,3,25170,3.43,8
17,28,2026,2,69769.06,45.0,150.0,144.8,7.91,140.0,724.0,672.0,2,7,1,25.0,1560.0,4,0,1,3,251078,3.0,4
2,63,2026,2,35604.12,69.8,235.0,114.5,5.44,174.0,380.0,335.0,2,5,4,60.0,2708.0,5,0,0,1,210674,3.59,3
4,25,2025,1,91074.2,83.3,309.0,123.8,5.32,165.0,1000.0,875.0,1,4,4,59.8,2537.0,5,1,5,3,78477,3.54,5
4,11,2022,3,72686.4,58.3,197.0,55.6,7.84,135.0,806.0,761.0,2,7,0,34.3,1507.0,3,0,5,3,32038,3.44,3
5,7,2024,4,43772.41,113.5,369.0,244.5,3.14,192.0,465.0,370.0,1,7,2,55.5,2127.0,4,0,5,1,13494,3.81,4
2,39,2025,3,100296.35,81.5,290.0,71.6,7.14,143.0,1000.0,904.0,0,7,1,33.3,1686.0,4,0,0,2,155370,3.84,4
8,47,2026,1,70115.71,95.5,342.0,140.0,4.95,168.0,873.0,766.0,1,5,3,38.2,1535.0,5,0,3,3,82992,3.83,4
17,29,2026,0,70180.35,48.8,170.0,145.0,6.15,159.0,702.0,698.0,1,5,4,63.5,2406.0,4,0,1,3,220918,3.38,4
15,40,2023,0,50661.72,45.0,150.0,321.1,7.4,132.0,355.0,361.0,1,5,4,58.9,2602.0,5,2,5,1,240645,3.26,6
14,51,2023,0,71764.23,63.3,216.0,111.8,5.26,179.0,267.0,240.0,2,5,0,25.4,1532.0,4,1,5,3,16601,3.25,4
15,43,2024,2,118291.58,82.5,290.0,268.0,6.17,157.0,828.0,772.0,0,5,4,51.0,2443.0,5,2,5,2,419454,3.57,4
16,64,2025,0,65608.6,60.1,208.0,67.8,6.65,154.0,816.0,769.0,1,5,2,56.9,1949.0,4,1,2,3,24977,3.36,5
17,29,2023,3,99863.63,66.5,227.0,113.9,7.86,134.0,1000.0,879.0,0,7,4,63.8,2583.0,5,0,1,3,237739,3.79,4
15,40,2022,1,84609.91,107.2,365.0,286.9,5.82,165.0,593.0,574.0,2,5,2,59.3,2001.0,4,2,5,3,171529,4.12,6
8,59,2025,3,81244.23,54.9,181.0,55.0,6.43,149.0,972.0,869.0,0,5,2,54.1,2277.0,5,2,3,3,70466,3.28,5
10,15,2024,3,167460.91,69.9,243.0,76.8,5.18,175.0,1000.0,943.0,2,7,1,39.8,1500.0,4,1,1,2,50533,3.71,5
5,23,2023,1,33127.16,87.4,303.0,69.7,5.64,160.0,228.0,275.0,1,5,2,39.5,2025.0,4,0,5,0,19880,3.66,5
4,24,2023,4,66131.67,96.5,322.0,171.9,2.66,200.0,729.0,712.0,1,5,4,51.8,2343.0,5,0,5,3,34351,3.53,4
1,74,2024,0,58695.0,50.0,177.0,105.7,6.25,155.0,314.0,298.0,0,5,0,21.0,1677.0,4,2,1,1,59887,3.39,6
5,58,2025,3,46867.37,59.3,232.0,69.2,7.47,135.0,501.0,394.0,2,7,3,37.1,1579.0,5,0,5,1,24354,3.3,3
10,18,2024,4,183949.91,87.0,328.0,226.2,3.1,200.0,1000.0,941.0,0,5,0,15.9,1676.0,5,2,1,2,78765,4.06,6
2,39,2025,1,26705.48,85.3,273.0,118.5,5.64,169.0,280.0,247.0,0,7,4,51.9,2625.0,4,1,0,0,188547,3.41,3
7,34,2024,2,37623.67,63.5,214.0,107.8,5.74,165.0,344.0,327.0,2,5,5,75.8,1500.0,4,0,3,1,76324,3.31,4
2,10,2025,4,98821.6,98.4,363.0,218.3,3.74,189.0,1000.0,930.0,0,7,1,21.5,1500.0,4,1,0,3,172137,3.93,4
13,38,2025,2,186969.89,80.5,291.0,313.1,7.79,132.0,1000.0,936.0,0,5,1,18.4,1894.0,5,1,1,2,29154,4.28,8
11,14,2024,3,68322.21,64.5,203.0,121.2,7.2,143.0,526.0,465.0,2,5,0,32.5,1745.0,5,0,0,3,2458,3.46,4
15,43,2024,3,91805.32,52.7,197.0,346.1,6.04,156.0,668.0,649.0,2,7,1,23.6,1500.0,4,2,5,3,462587,3.48,5
5,7,2024,0,34244.16,59.5,214.0,98.8,5.67,163.0,288.0,251.0,0,7,2,45.1,1772.0,5,0,5,0,29653,3.5,4
14,54,2026,4,113739.43,106.9,358.0,185.6,3.03,200.0,1000.0,935.0,0,5,0,36.5,1500.0,4,1,5,2,22439,3.75,6
15,9,2025,2,98006.33,50.5,177.0,336.0,7.58,138.0,719.0,587.0,1,7,4,67.6,2276.0,4,3,5,3,113383,3.75,4
8,22,2024,2,67166.43,71.5,240.0,70.8,7.01,135.0,723.0,642.0,0,5,2,61.2,1821.0,4,2,3,3,69022,3.56,5
14,51,2024,0,73774.27,67.4,263.0,131.8,6.54,148.0,325.0,272.0,0,7,4,70.8,2508.0,5,1,5,3,22100,3.49,4
15,43,2024,1,98420.53,75.3,267.0,260.0,5.57,165.0,739.0,720.0,2,5,1,30.6,1628.0,5,3,5,3,459091,3.73,6
5,58,2024,2,42545.39,40.0,150.0,115.3,5.39,171.0,460.0,408.0,1,7,3,21.0,1830.0,3,1,5,1,11545,3.42,4
2,37,2023,4,25921.47,101.8,344.0,196.5,4.43,188.0,215.0,200.0,0,5,4,74.6,2544.0,5,0,0,0,110847,3.94,4
14,51,2024,2,86119.94,52.4,172.0,92.5,5.38,170.0,1000.0,929.0,0,7,5,69.0,1514.0,4,1,5,3,1755,3.19,4
3,55,2024,4,77587.25,78.3,296.0,183.2,3.66,198.0,605.0,533.0,0,7,3,34.4,1691.0,4,1,5,3,24352,3.46,5
16,65,2026,1,89238.61,105.2,336.0,114.0,4.89,178.0,1000.0,879.0,2,5,1,36.0,1734.0,5,0,2,3,3195,3.98,5
7,35,2023,2,53342.39,42.5,150.0,111.1,5.32,179.0,558.0,506.0,1,5,3,15.5,1500.0,4,0,3,1,142003,3.16,4
10,18,2026,3,108752.82,76.2,250.0,137.0,6.68,144.0,577.0,547.0,0,5,2,49.0,1922.0,4,2,1,2,65854,3.7,6
10,26,2022,0,94570.88,72.7,257.0,91.1,5.86,162.0,421.0,339.0,0,7,4,78.9,2664.0,5,2,1,3,59270,3.75,5
2,10,2025,0,52113.75,54.9,221.0,140.9,6.37,148.0,558.0,507.0,0,5,0,19.8,1539.0,4,2,0,1,186712,3.38,5
10,15,2025,3,91108.2,66.3,223.0,90.2,6.24,157.0,447.0,344.0,0,5,5,71.3,1793.0,5,1,1,3,58124,3.6,6
15,9,2024,3,49738.35,47.0,150.0,329.8,5.85,165.0,378.0,292.0,2,7,4,57.9,2606.0,5,3,5,1,179970,3.63,5
8,22,2023,2,33510.99,40.1,152.0,144.8,7.1,135.0,241.0,214.0,0,7,2,37.1,2106.0,4,2,3,0,137108,3.43,4
2,57,2023,2,84139.98,72.3,261.0,103.4,7.53,130.0,963.0,882.0,0,7,4,67.7,2278.0,5,0,0,3,236926,3.41,3
15,40,2025,3,137916.62,66.0,216.0,328.7,6.4,158.0,1000.0,906.0,2,7,2,40.2,2111.0,5,2,5,2,132643,3.73,5
15,40,2024,1,148635.93,103.2,360.0,322.9,5.61,165.0,1000.0,910.0,0,7,5,74.3,1690.0,3,2,5,2,108335,3.96,4
5,6,2025,4,62330.93,108.0,376.0,168.5,2.88,200.0,803.0,695.0,0,7,4,75.2,2393.0,4,1,5,1,27154,3.92,5
2,50,2025,2,29108.23,44.5,170.0,86.4,5.48,165.0,319.0,224.0,0,7,1,15.2,1780.0,5,0,0,0,179440,3.4,4
5,6,2025,4,81159.74,104.4,379.0,234.3,2.85,200.0,1000.0,927.0,2,7,4,66.2,2789.0,4,2,5,3,28393,3.84,3
15,40,2025,0,80586.23,77.9,274.0,227.2,6.92,149.0,580.0,502.0,2,5,5,73.9,1645.0,5,3,5,3,243472,3.8,4
2,50,2025,2,79451.82,66.3,253.0,80.6,5.72,158.0,839.0,753.0,1,7,1,30.7,1610.0,5,0,0,3,216726,3.44,3
8,45,2021,4,51783.96,99.9,345.0,221.0,3.85,197.0,525.0,467.0,1,5,2,51.6,2137.0,5,1,3,1,94100,3.93,4
4,11,2025,0,47442.7,70.8,237.0,126.8,6.31,153.0,445.0,381.0,2,7,5,69.6,1750.0,4,1,5,1,71700,3.47,3
2,39,2024,3,113232.12,50.0,173.0,89.8,6.32,154.0,1000.0,907.0,0,7,0,24.6,1576.0,4,0,0,2,184045,3.17,5
1,70,2021,1,102095.14,106.5,364.0,123.3,5.0,178.0,843.0,810.0,0,5,0,23.3,1503.0,4,1,1,2,29444,3.44,5
0,67,2026,4,104966.05,96.6,360.0,208.5,2.86,200.0,776.0,692.0,0,5,3,23.6,1596.0,4,2,1,2,20618,3.66,6
8,45,2024,1,40789.37,85.6,279.0,96.7,5.67,165.0,332.0,276.0,1,5,0,33.5,1580.0,5,1,3,1,63756,3.57,4
2,37,2025,2,32451.41,72.9,268.0,118.3,6.57,148.0,348.0,323.0,1,7,0,25.9,1889.0,4,2,0,0,104392,3.51,4
15,40,2022,2,112086.56,61.2,215.0,347.4,6.6,152.0,806.0,684.0,2,5,3,22.9,1775.0,5,3,5,2,140793,3.65,5
10,17,2022,0,64416.89,70.0,262.0,64.0,7.35,142.0,213.0,227.0,1,7,2,54.0,2149.0,5,1,1,1,31870,3.9,6
15,40,2025,0,108727.13,41.1,150.0,345.3,7.92,131.0,743.0,715.0,1,7,4,78.8,2525.0,3,2,5,2,118818,3.3,6
0,67,2021,4,119078.45,118.6,396.0,174.1,2.76,200.0,963.0,899.0,2,5,0,22.5,1617.0,5,1,1,2,62009,3.84,8
7,34,2025,0,34994.42,79.1,269.0,104.4,6.86,142.0,258.0,270.0,1,7,1,32.2,1500.0,3,1,3,0,123225,3.52,4
11,19,2023,3,114240.51,65.6,218.0,54.0,5.99,162.0,1000.0,939.0,0,7,4,56.4,2456.0,5,0,0,2,26747,3.64,5
4,44,2025,1,70076.78,107.7,396.0,104.3,4.52,185.0,815.0,725.0,0,5,4,76.6,2211.0,3,1,5,3,52702,3.92,4
19,56,2024,1,95394.53,76.4,243.0,119.6,4.7,168.0,1000.0,931.0,1,5,2,39.9,2215.0,5,2,0,3,8671,3.55,3
2,57,2024,0,16613.01,55.9,237.0,83.2,5.73,169.0,202.0,200.0,0,5,3,18.4,1578.0,3,2,0,0,205452,3.37,5
4,25,2022,3,39147.79,52.5,215.0,72.9,5.42,170.0,280.0,217.0,0,4,4,60.1,2430.0,4,0,5,1,78104,3.41,4
17,30,2025,4,52326.27,115.4,383.0,192.0,3.21,200.0,500.0,497.0,0,5,2,39.5,2045.0,5,0,1,1,248780,3.88,3
7,35,2026,3,43930.22,71.2,285.0,137.9,7.22,141.0,431.0,387.0,0,5,2,65.3,1932.0,4,1,3,1,60140,3.56,4
1,73,2025,0,68260.21,52.1,191.0,137.1,5.51,171.0,397.0,320.0,2,5,2,36.3,1984.0,4,2,1,3,78488,3.02,7
0,68,2024,0,86243.23,60.4,208.0,117.9,5.68,169.0,543.0,447.0,1,5,3,36.5,1500.0,4,1,1,3,24433,3.51,6
12,0,2025,0,91715.74,62.6,234.0,122.8,6.18,155.0,558.0,508.0,2,5,1,33.2,1632.0,5,0,4,3,2292,3.52,4
4,24,2025,0,55304.32,58.4,191.0,57.8,6.03,164.0,586.0,492.0,1,5,2,66.1,2189.0,5,0,5,1,32117,3.32,4
17,31,2024,1,67671.59,106.9,369.0,103.8,5.4,166.0,714.0,648.0,2,5,2,39.1,1988.0,4,1,1,3,268234,3.88,4
17,32,2022,4,46348.56,90.0,333.0,203.6,3.69,188.0,334.0,294.0,2,5,2,62.6,1513.0,4,1,1,1,219975,3.79,4
5,58,2023,3,41711.2,58.9,204.0,84.3,7.56,135.0,378.0,346.0,0,5,1,38.8,1502.0,4,2,5,1,776,3.17,4
2,4,2024,1,71451.87,76.8,260.0,148.9,5.84,166.0,788.0,761.0,2,5,5,77.1,1540.0,5,2,0,3,111875,3.51,4
15,9,2022,1,109130.05,91.6,339.0,207.9,5.51,160.0,720.0,650.0,1,7,4,78.0,2513.0,5,3,5,2,161385,4.17,4
2,10,2025,4,30282.11,100.0,331.0,243.7,2.59,200.0,289.0,286.0,2,7,5,77.2,1897.0,5,2,0,0,180781,4.04,5
2,10,2025,2,83813.38,70.0,271.0,90.1,5.34,166.0,960.0,881.0,2,5,2,35.9,1784.0,3,0,0,3,193467,3.4,5
2,4,2022,1,59084.31,100.3,349.0,128.5,4.97,182.0,657.0,521.0,1,7,1,27.6,1597.0,4,0,0,1,242445,3.57,3
2,10,2021,4,43985.87,97.2,348.0,222.4,3.07,200.0,466.0,418.0,2,5,0,24.5,1505.0,4,1,0,1,213365,3.76,4
15,43,2024,1,114549.61,101.0,338.0,259.5,4.38,178.0,800.0,756.0,1,5,0,34.3,1663.0,5,2,5,2,473485,4.07,4
15,43,2025,4,63323.17,90.5,314.0,256.5,3.58,195.0,420.0,356.0,2,7,0,32.2,1634.0,5,3,5,1,404935,3.92,5
13,60,2024,3,143428.05,66.1,213.0,221.1,6.87,148.0,640.0,521.0,0,7,0,37.2,1500.0,4,2,1,2,6555,3.83,7
17,28,2023,3,60337.62,44.2,158.0,70.6,5.68,175.0,580.0,557.0,2,7,1,32.0,1500.0,5,1,1,1,201954,3.3,3
17,30,2023,3,53064.54,68.1,226.0,140.6,7.09,141.0,464.0,379.0,2,7,4,57.8,2506.0,3,0,1,1,243991,3.26,4
1,73,2022,4,74178.54,74.0,257.0,154.2,3.99,187.0,386.0,326.0,2,7,0,31.7,1714.0,5,2,1,3,60959,3.29,5
2,4,2025,1,51946.07,98.3,331.0,87.9,4.35,185.0,593.0,555.0,0,7,3,31.7,1785.0,5,1,0,1,247778,3.61,3
16,64,2024,1,85221.63,86.5,314.0,126.8,4.78,181.0,1000.0,915.0,1,7,2,36.6,2167.0,4,0,2,3,12454,3.6,4
4,11,2025,2,44718.1,71.7,258.0,59.7,6.72,157.0,382.0,355.0,1,7,1,27.8,1523.0,5,1,5,1,41551,3.51,3
15,42,2024,3,57311.05,46.2,178.0,230.2,6.59,148.0,371.0,358.0,2,7,1,37.6,1576.0,5,2,5,1,103833,3.5,5
17,28,2025,3,112803.13,81.2,297.0,50.1,6.05,158.0,1000.0,906.0,0,7,4,79.8,2658.0,4,1,1,2,225327,3.76,3
0,68,2025,1,126392.96,109.8,384.0,98.7,5.26,176.0,1000.0,873.0,1,7,3,22.8,1500.0,4,2,1,2,38380,4.02,8
16,64,2025,3,79560.18,48.9,199.0,81.9,5.34,167.0,1000.0,917.0,2,7,2,39.3,1681.0,5,0,2,3,12847,3.03,3
7,33,2025,4,56648.45,77.2,256.0,156.0,3.07,200.0,651.0,571.0,0,7,4,51.4,2444.0,4,1,3,1,120189,3.68,3
8,22,2026,1,68589.74,83.3,269.0,85.1,4.04,185.0,777.0,693.0,1,5,2,66.0,1880.0,5,1,3,3,136116,3.29,3
15,43,2025,3,126346.84,62.5,253.0,303.5,6.96,147.0,888.0,808.0,0,5,2,40.0,1955.0,4,2,5,2,433007,3.92,5
18,61,2025,1,79465.0,100.9,373.0,57.4,4.64,183.0,617.0,519.0,1,5,5,70.1,1500.0,5,0,4,3,9072,4.0,5
2,50,2022,0,51140.49,58.3,209.0,72.9,5.05,182.0,572.0,450.0,0,5,5,75.6,1639.0,5,0,0,1,122452,3.62,5
11,14,2021,1,55221.99,108.2,383.0,59.8,4.19,187.0,328.0,316.0,0,7,0,30.0,1742.0,4,1,0,1,7302,3.7,3
1,70,2024,3,79371.52,75.6,287.0,120.4,5.58,165.0,455.0,425.0,0,5,1,26.8,1500.0,5,1,1,3,73538,3.37,6
8,47,2024,4,42779.06,92.5,294.0,225.0,3.85,195.0,378.0,354.0,1,5,2,69.8,1837.0,4,0,3,1,60355,3.59,5
7,35,2026,3,56433.0,62.7,241.0,133.3,5.85,161.0,621.0,572.0,2,5,4,51.5,2171.0,4,0,3,1,82791,3.39,4
2,4,2026,1,27583.09,88.1,308.0,146.5,5.01,181.0,239.0,200.0,1,5,4,78.9,2795.0,5,0,0,0,122434,3.77,5
15,41,2026,0,58826.88,44.1,150.0,256.0,7.68,133.0,396.0,316.0,1,7,3,36.5,1518.0,4,2,5,1,198300,3.51,5
2,4,2024,3,65610.45,55.7,208.0,128.3,7.45,130.0,719.0,646.0,2,5,3,17.4,1707.0,4,1,0,3,108967,3.37,5
15,9,2024,1,71380.4,86.4,314.0,201.5,4.79,179.0,495.0,479.0,2,7,4,56.2,2926.0,5,3,5,3,213989,3.69,4
4,25,2024,3,79235.67,56.8,213.0,107.9,7.58,142.0,929.0,817.0,0,2,4,74.7,2579.0,4,0,5,3,59746,3.32,4
2,39,2024,3,88218.65,54.7,210.0,74.0,5.67,158.0,1000.0,882.0,0,7,0,37.1,1709.0,4,0,0,3,227690,3.41,4
15,41,2020,4,164703.81,113.2,397.0,200.6,4.08,187.0,1000.0,877.0,2,7,3,21.9,1900.0,5,2,5,2,159470,4.11,4
3,55,2026,2,93652.94,54.5,193.0,144.4,5.24,177.0,823.0,743.0,1,5,3,21.3,1675.0,3,0,5,3,24709,3.26,5
0,68,2024,4,121871.7,86.2,305.0,248.0,2.63,200.0,1000.0,889.0,0,5,5,71.6,1664.0,5,2,1,2,31338,3.61,7
14,51,2022,3,102878.64,67.4,249.0,56.8,6.37,161.0,1000.0,930.0,0,5,3,39.7,1640.0,5,0,5,2,27062,3.19,5
18,62,2022,4,74428.14,86.1,316.0,151.1,3.78,191.0,584.0,519.0,2,5,4,74.1,2794.0,5,2,4,3,3031,3.51,3
15,40,2026,4,112274.6,73.6,242.0,325.8,4.02,190.0,781.0,662.0,0,7,1,18.3,1825.0,4,2,5,2,193133,3.85,5
17,29,2025,1,97039.06,100.7,357.0,140.3,4.11,191.0,1000.0,891.0,1,5,0,21.4,1712.0,4,1,1,3,224398,3.79,3
5,58,2021,3,53395.89,42.6,150.0,144.9,6.26,163.0,624.0,587.0,0,5,3,32.0,1519.0,4,1,5,1,1550,3.22,4
5,5,2025,3,80502.6,78.6,262.0,121.3,5.67,176.0,1000.0,888.0,2,5,3,32.5,1721.0,3,0,5,3,14992,3.62,4
15,40,2025,1,31639.64,77.2,287.0,221.7,5.11,172.0,168.0,200.0,1,7,0,37.3,1602.0,5,2,5,0,146342,4.0,4
4,25,2023,4,69526.3,114.5,415.0,202.7,2.68,200.0,822.0,735.0,0,2,4,57.7,2445.0,5,2,5,3,23821,3.84,3
2,4,2025,4,81358.02,82.4,282.0,193.2,3.65,195.0,889.0,778.0,0,5,3,22.8,1500.0,4,1,0,3,108251,3.65,4
2,50,2026,0,45158.26,84.0,315.0,53.0,7.08,140.0,469.0,441.0,0,5,2,49.5,1873.0,5,1,0,1,119766,3.6,4
7,33,2023,2,73470.2,61.6,217.0,144.3,6.2,167.0,902.0,779.0,2,5,4,66.3,2647.0,5,1,3,3,142666,3.15,4
8,59,2024,2,31797.34,45.6,150.0,78.7,6.94,145.0,233.0,200.0,1,5,2,37.6,2224.0,4,0,3,0,131619,3.27,3
8,22,2022,1,73675.86,96.0,333.0,92.8,4.48,183.0,868.0,792.0,0,5,2,43.9,1945.0,5,2,3,3,89937,3.58,3
15,41,2023,4,105706.18,114.7,391.0,331.8,2.63,200.0,742.0,663.0,2,5,0,37.9,1802.0,3,2,5,2,247669,4.2,5
0,67,2024,1,123736.19,81.7,310.0,113.3,5.2,174.0,965.0,897.0,1,5,0,33.7,1758.0,5,1,1,2,45413,3.78,6
2,10,2025,0,73207.32,69.3,232.0,84.9,6.7,152.0,814.0,744.0,0,5,1,34.9,1500.0,4,0,0,3,205374,3.21,4
15,41,2023,2,95125.11,45.3,150.0,285.9,7.3,135.0,730.0,670.0,0,7,1,36.4,1713.0,3,3,5,3,116755,3.27,5
0,68,2023,1,64643.29,83.8,293.0,113.0,5.39,173.0,269.0,202.0,1,5,2,53.0,2231.0,5,2,1,1,67458,3.6,5
16,65,2022,0,35115.72,61.4,238.0,145.3,7.26,138.0,150.0,200.0,1,5,1,34.2,1689.0,4,0,2,1,3528,3.67,3
10,16,2025,3,112650.99,53.9,165.0,122.5,6.48,148.0,587.0,561.0,2,7,2,69.6,2158.0,4,2,1,2,79068,3.36,6
4,24,2024,3,80541.59,73.3,280.0,80.3,7.12,141.0,984.0,864.0,2,7,0,30.1,1500.0,5,0,5,3,37698,3.44,3
1,72,2022,2,99869.64,50.6,193.0,90.9,7.8,135.0,812.0,735.0,0,5,0,37.7,1807.0,4,2,1,3,76842,3.62,5
8,47,2021,4,106510.25,75.1,275.0,220.3,3.27,200.0,1000.0,847.0,0,7,5,72.8,1618.0,5,0,3,2,120403,3.37,3
15,41,2025,2,58831.27,45.0,150.0,213.0,7.32,147.0,431.0,362.0,1,5,3,17.7,1837.0,5,2,5,1,150860,3.42,5
17,30,2025,1,70858.1,90.5,274.0,104.1,5.78,163.0,786.0,732.0,1,7,4,78.9,2795.0,5,2,1,3,251846,3.59,4
17,29,2024,2,46173.34,51.5,190.0,131.5,6.36,148.0,394.0,352.0,0,5,3,18.7,1533.0,5,0,1,1,274696,3.4,3
2,63,2025,0,73712.39,44.1,173.0,145.8,7.94,126.0,781.0,718.0,0,7,3,29.9,1812.0,4,0,0,3,243890,3.08,4
5,58,2023,3,73891.2,45.0,150.0,95.2,7.9,134.0,1000.0,883.0,0,5,2,65.5,1762.0,5,1,5,3,7223,3.41,4
7,33,2025,2,65291.37,83.7,283.0,74.5,6.79,150.0,754.0,610.0,2,5,5,68.8,1742.0,5,2,3,3,99183,3.55,3
15,43,2024,3,137035.03,58.5,224.0,212.5,6.59,151.0,984.0,852.0,2,5,1,30.3,1769.0,4,3,5,2,429314,3.65,4
2,63,2023,0,36015.66,52.4,178.0,74.6,6.02,160.0,377.0,393.0,2,5,2,36.2,2000.0,5,2,0,1,143487,3.37,4
1,72,2024,2,96459.23,81.0,288.0,96.7,7.78,121.0,788.0,724.0,0,7,4,50.7,2534.0,4,2,1,3,64056,3.51,5
15,9,2025,0,64862.04,68.1,237.0,321.3,7.35,145.0,455.0,329.0,2,5,4,76.7,2349.0,5,2,5,1,237113,3.85,5
10,18,2025,2,131964.76,47.0,157.0,136.5,5.89,160.0,817.0,752.0,2,5,0,26.2,1776.0,4,1,1,2,62952,3.64,6
7,36,2024,3,97251.62,60.7,196.0,79.8,6.87,148.0,1000.0,936.0,0,5,2,69.3,2108.0,5,1,3,3,59030,3.11,4
7,71,2024,1,63320.42,102.7,353.0,56.0,5.85,160.0,723.0,634.0,1,7,3,33.0,1930.0,5,1,3,1,132537,3.75,3
8,22,2023,2,63386.57,61.3,218.0,117.8,5.51,167.0,725.0,679.0,2,5,2,69.6,2057.0,5,0,3,1,97503,3.22,5
10,16,2021,2,115665.62,57.4,162.0,116.6,5.16,169.0,608.0,588.0,2,7,1,39.8,1500.0,4,1,1,2,25083,3.26,7
2,10,2022,2,30805.35,40.0,150.0,107.8,7.18,141.0,377.0,392.0,2,7,4,68.1,2193.0,5,1,0,0,133529,3.4,3
1,72,2026,3,103491.15,48.4,152.0,97.0,7.03,147.0,887.0,802.0,0,5,3,35.2,1837.0,5,2,1,2,42817,3.39,7
8,45,2026,1,67363.85,101.0,376.0,95.1,5.97,160.0,740.0,658.0,1,5,2,53.4,2072.0,3,1,3,3,128059,3.95,4
2,57,2025,2,37099.25,64.7,205.0,132.7,5.49,171.0,393.0,350.0,0,5,1,19.0,1783.0,5,0,0,1,163441,3.69,4
0,48,2025,2,55204.45,65.4,223.0,116.2,5.47,164.0,243.0,200.0,1,5,1,31.1,1500.0,4,1,1,1,48087,3.24,7
4,11,2025,2,63604.01,40.0,150.0,81.2,6.78,148.0,705.0,676.0,1,5,1,15.9,1508.0,4,1,5,1,36824,3.23,4
1,75,2023,4,101590.86,116.4,426.0,201.3,4.35,174.0,818.0,765.0,2,7,5,78.0,1688.0,5,2,1,2,73116,3.97,5
10,26,2024,0,62600.82,55.9,179.0,122.0,7.46,145.0,160.0,205.0,0,5,5,75.3,1500.0,3,2,1,1,69358,3.66,7
10,18,2025,2,99348.31,48.9,189.0,54.9,6.79,150.0,535.0,532.0,1,7,0,25.6,1578.0,4,1,1,3,79812,3.77,7
5,6,2021,0,40119.64,79.0,282.0,117.9,6.97,141.0,451.0,389.0,0,5,2,46.1,1980.0,5,1,5,1,25340,3.36,4
10,15,2025,0,124226.17,74.2,253.0,77.2,5.89,164.0,687.0,619.0,1,5,2,63.1,1728.0,4,2,1,2,40173,3.67,8
5,5,2025,0,34616.61,73.9,287.0,116.2,5.33,167.0,306.0,303.0,2,5,0,15.0,1685.0,4,0,5,0,24423,3.83,4
1,74,2021,1,75380.59,109.0,366.0,90.6,4.66,181.0,482.0,442.0,1,7,2,36.9,2165.0,4,1,1,3,62356,3.91,7
8,22,2021,2,32210.63,78.1,270.0,121.5,7.59,137.0,210.0,200.0,2,7,2,48.2,1957.0,5,0,3,0,60096,3.21,5
5,58,2026,3,68395.01,46.0,165.0,142.4,7.05,146.0,903.0,784.0,0,7,0,34.1,1500.0,4,1,5,3,27929,3.0,5
15,41,2024,1,156702.49,102.8,353.0,339.7,5.34,157.0,1000.0,867.0,0,7,3,26.1,1500.0,5,2,5,2,132013,3.89,5
0,67,2026,0,97863.03,41.7,166.0,140.5,6.81,145.0,693.0,607.0,0,7,0,35.1,1509.0,5,1,1,3,24216,3.41,7
10,18,2025,1,183986.43,100.6,365.0,124.5,4.04,193.0,1000.0,849.0,1,5,1,25.9,1663.0,5,1,1,2,50432,4.09,5
15,9,2025,4,56352.74,82.9,297.0,312.4,2.74,200.0,305.0,299.0,0,7,4,63.9,2480.0,4,3,5,1,197115,3.86,5
10,17,2022,2,126403.53,64.9,225.0,136.0,7.73,137.0,706.0,626.0,1,7,2,42.5,2048.0,4,1,1,2,37272,3.78,7
15,40,2023,3,67810.93,55.5,175.0,235.1,5.86,166.0,470.0,501.0,2,7,3,30.9,1618.0,5,2,5,3,194039,3.62,4
2,57,2022,1,53237.26,103.0,376.0,147.2,4.3,186.0,620.0,527.0,1,5,4,73.8,2247.0,5,0,0,1,163016,3.81,3
5,5,2025,0,63436.73,52.8,186.0,77.8,7.75,130.0,856.0,767.0,0,5,4,56.0,2127.0,5,0,5,1,13397,3.49,4
15,9,2024,2,101208.82,52.4,172.0,331.1,6.55,147.0,744.0,653.0,0,5,4,67.0,2359.0,5,2,5,2,248389,3.58,5
4,24,2023,2,37298.34,72.7,262.0,80.1,6.53,154.0,244.0,225.0,2,5,2,65.9,2136.0,4,0,5,1,60230,3.57,4
10,15,2022,3,155446.31,72.7,265.0,130.3,5.37,175.0,987.0,922.0,1,5,3,23.7,1500.0,5,2,1,2,41853,3.77,5
7,34,2022,3,55487.47,41.2,154.0,148.9,5.04,169.0,606.0,541.0,0,5,3,26.6,1768.0,3,0,3,1,52238,3.21,4
15,40,2020,1,65735.1,91.3,319.0,237.2,4.55,178.0,401.0,349.0,2,5,0,39.0,1684.0,3,2,5,3,120134,4.09,4
2,57,2023,2,62912.21,54.0,188.0,64.2,7.65,142.0,724.0,621.0,0,5,1,25.4,1783.0,5,1,0,1,196923,3.56,3
8,47,2026,3,97174.66,65.2,227.0,142.1,6.85,140.0,1000.0,937.0,0,5,4,57.7,2301.0,4,2,3,3,93712,3.12,4
12,0,2020,0,82455.28,57.3,204.0,144.2,6.86,156.0,459.0,443.0,1,5,5,75.3,1643.0,4,0,4,3,12945,3.41,3
1,73,2025,0,84667.26,78.3,258.0,52.5,7.87,141.0,617.0,535.0,0,5,4,78.2,2318.0,3,2,1,3,39763,3.26,6
2,10,2024,2,57387.97,47.9,180.0,105.9,5.77,164.0,619.0,552.0,1,5,3,34.6,1500.0,5,0,0,1,181198,3.34,4
1,75,2025,2,92031.99,74.6,257.0,115.0,5.41,166.0,698.0,633.0,1,7,3,35.1,1684.0,5,1,1,3,29936,3.7,7
8,21,2024,0,72870.48,81.7,288.0,119.2,5.28,174.0,819.0,756.0,2,7,4,59.5,2444.0,5,1,3,3,68801,3.48,3
4,24,2025,3,66422.79,77.9,263.0,69.3,7.26,149.0,730.0,659.0,0,5,5,75.9,1938.0,5,1,5,3,56669,3.69,4
15,9,2025,3,52220.2,69.1,211.0,249.5,5.55,172.0,345.0,283.0,0,5,4,68.0,2532.0,5,2,5,1,119997,3.75,5
5,23,2025,1,84366.72,76.7,244.0,139.4,4.19,185.0,1000.0,852.0,2,5,2,57.6,2312.0,4,0,5,3,6773,3.64,4
8,22,2025,1,93514.06,80.2,278.0,88.0,4.93,179.0,1000.0,929.0,1,5,2,36.1,1814.0,5,1,3,3,120989,3.34,4
16,64,2020,0,30416.52,72.2,257.0,102.7,6.31,153.0,150.0,200.0,2,5,2,44.1,2421.0,4,2,2,0,15941,3.54,3
2,57,2021,4,106411.54,95.1,346.0,156.7,2.82,200.0,1000.0,828.0,2,7,5,78.4,1515.0,5,1,0,2,180190,3.58,3
1,75,2026,1,81773.51,75.7,277.0,141.2,4.19,182.0,629.0,581.0,0,5,4,70.8,2691.0,5,2,1,3,38573,3.54,6
14,52,2021,2,75009.92,69.1,263.0,61.6,7.15,141.0,448.0,384.0,1,4,4,53.8,2477.0,5,1,5,3,1899,3.57,4
15,41,2025,2,67256.69,74.1,249.0,238.6,6.16,156.0,471.0,404.0,2,5,4,57.7,2729.0,5,3,5,3,149284,3.76,5
11,13,2025,2,65308.05,45.9,171.0,55.2,5.82,156.0,469.0,405.0,1,7,3,32.1,1784.0,5,0,0,3,19253,3.04,4
1,72,2023,0,63735.58,75.4,276.0,140.1,6.05,154.0,308.0,308.0,1,5,3,20.9,1500.0,5,2,1,1,28907,3.44,7
15,43,2025,3,154034.2,80.6,277.0,349.9,7.02,146.0,1000.0,900.0,2,7,1,36.3,1611.0,5,2,5,2,428866,3.69,6
2,57,2025,2,26964.92,56.1,166.0,80.9,5.84,165.0,274.0,233.0,2,7,5,68.9,1750.0,5,0,0,0,131090,3.27,3
5,6,2024,1,61730.85,78.6,279.0,142.9,4.4,183.0,863.0,773.0,1,5,0,30.1,1597.0,5,2,5,1,10777,3.75,4
15,40,2024,0,88042.89,46.2,164.0,328.9,7.69,138.0,687.0,636.0,1,5,3,19.7,1735.0,3,2,5,3,108761,3.42,5
8,22,2025,1,74000.57,102.9,371.0,128.3,4.27,187.0,864.0,705.0,2,5,2,62.3,1873.0,5,0,3,3,137133,3.72,3
2,4,2025,3,81058.7,78.3,260.0,65.7,5.81,160.0,934.0,836.0,0,7,5,66.0,1569.0,4,2,0,3,230802,3.44,4
1,75,2022,0,51043.69,76.0,263.0,120.6,5.44,172.0,178.0,200.0,2,7,0,30.1,1582.0,4,1,1,1,44259,3.39,8
15,43,2023,3,144885.91,67.7,230.0,249.1,6.26,156.0,1000.0,899.0,0,5,1,39.8,1572.0,5,2,5,2,416711,3.88,5
10,17,2026,1,124673.1,100.9,347.0,66.9,4.72,173.0,758.0,698.0,1,5,2,48.3,1890.0,5,2,1,2,24079,4.0,5
3,55,2024,4,159067.16,109.7,402.0,212.3,4.15,178.0,1000.0,948.0,2,7,5,62.3,1803.0,5,1,5,2,23252,3.93,3
3,46,2024,1,93018.72,83.7,313.0,72.3,5.21,182.0,786.0,724.0,0,5,3,21.4,1655.0,5,0,5,3,1655,3.46,5
5,7,2026,3,67711.2,41.3,150.0,101.7,5.62,155.0,886.0,827.0,1,5,5,78.6,1868.0,5,2,5,3,15428,3.23,5
15,40,2025,4,112635.62,91.1,305.0,292.5,3.93,195.0,808.0,749.0,2,7,4,78.6,2220.0,5,2,5,2,126461,4.14,5
5,5,2023,2,62461.41,54.0,168.0,88.5,7.57,138.0,828.0,728.0,0,5,1,20.5,1571.0,4,0,5,1,6024,3.32,4
15,43,2026,1,83728.44,82.6,280.0,333.8,4.82,180.0,562.0,518.0,0,7,1,23.4,1738.0,4,2,5,3,490450,3.83,6
15,42,2025,4,92160.09,115.6,400.0,304.6,3.28,200.0,701.0,679.0,0,7,3,37.1,1630.0,4,2,5,3,139912,4.17,6
2,10,2023,2,23505.59,75.5,261.0,72.6,5.58,166.0,211.0,239.0,0,5,1,28.6,1694.0,3,0,0,0,178149,3.42,4
7,36,2026,4,77799.73,108.0,367.0,182.6,2.67,200.0,956.0,887.0,2,5,1,17.8,1720.0,4,0,3,3,58908,3.8,3
4,44,2022,2,56513.76,52.3,189.0,87.3,5.42,162.0,505.0,476.0,2,5,4,63.1,2216.0,3,1,5,1,39584,3.23,4
1,70,2025,2,69070.75,82.0,304.0,92.6,7.54,143.0,374.0,366.0,1,5,5,73.6,1576.0,4,2,1,3,73019,3.53,5
17,31,2024,3,112817.29,66.1,213.0,87.9,6.84,142.0,1000.0,896.0,0,5,3,37.9,1541.0,5,0,1,2,244997,3.38,3
2,63,2025,2,28078.09,44.7,150.0,63.8,6.5,156.0,251.0,252.0,0,7,3,15.7,1500.0,3,0,0,0,207345,3.08,5
19,56,2024,0,67624.72,50.5,190.0,140.3,5.38,168.0,690.0,581.0,2,7,4,53.3,2209.0,5,1,0,3,26829,3.48,4
17,31,2024,2,45198.24,56.5,198.0,105.6,7.64,139.0,373.0,366.0,0,5,4,54.6,2492.0,5,0,1,1,251931,3.32,3
17,29,2025,2,34913.45,57.9,187.0,110.5,6.77,145.0,190.0,200.0,0,5,1,36.0,1579.0,5,0,1,0,204604,3.5,4
15,42,2022,0,53235.86,84.7,305.0,223.2,5.5,178.0,364.0,336.0,0,5,0,37.5,1686.0,4,2,5,1,178460,3.67,5
4,11,2023,4,78714.85,111.5,393.0,229.0,4.13,184.0,917.0,787.0,2,5,0,27.8,1647.0,4,0,5,3,41203,3.73,4
5,6,2024,2,57065.27,44.6,150.0,109.7,5.83,167.0,737.0,692.0,1,5,2,57.0,2167.0,5,1,5,1,24368,3.41,4
2,63,2025,4,113906.34,84.5,315.0,213.7,3.12,200.0,1000.0,947.0,2,7,4,72.1,2485.0,3,2,0,2,193570,3.68,5
15,40,2024,4,171221.67,95.1,329.0,288.2,3.51,196.0,1000.0,933.0,0,5,5,65.3,1588.0,5,3,5,2,247330,3.88,4
1,73,2024,4,143876.35,81.7,261.0,227.3,2.98,197.0,1000.0,915.0,0,5,4,69.1,1841.0,3,1,1,2,37253,3.67,6
1,75,2024,0,62907.37,84.0,296.0,148.1,7.97,134.0,299.0,208.0,2,7,2,60.3,1899.0,5,1,1,1,49240,3.56,7
2,4,2022,1,101092.71,80.1,278.0,106.3,4.59,177.0,1000.0,848.0,1,7,3,20.9,1565.0,5,0,0,2,230522,3.61,4
16,64,2024,2,53125.0,63.6,233.0,133.8,6.48,151.0,545.0,473.0,0,5,2,36.6,1998.0,4,1,2,1,19789,3.34,4
15,41,2025,1,67690.46,92.6,317.0,349.6,4.45,179.0,444.0,423.0,2,5,1,38.0,1865.0,4,2,5,3,187975,3.94,4
17,29,2025,2,71667.28,81.5,282.0,96.9,6.31,156.0,753.0,614.0,1,5,5,64.3,1500.0,3,0,1,3,285418,3.48,4
11,12,2025,3,103197.25,46.4,161.0,53.2,5.82,163.0,956.0,826.0,2,5,5,68.1,1500.0,4,2,0,2,20886,3.24,5
17,28,2022,4,94244.35,75.7,264.0,162.0,2.91,200.0,1000.0,943.0,0,7,2,40.8,1834.0,4,0,1,3,251606,3.39,4
1,74,2025,4,150935.25,119.6,423.0,166.7,2.81,200.0,1000.0,883.0,2,5,1,16.4,2027.0,5,1,1,2,49006,3.99,6
17,29,2022,4,46160.26,117.4,399.0,235.9,4.37,198.0,404.0,347.0,2,5,0,30.1,1500.0,5,1,1,1,298179,3.96,5
2,57,2025,1,32710.87,88.5,321.0,98.4,4.35,192.0,307.0,301.0,2,7,4,51.2,2579.0,5,1,0,0,169948,3.62,4
12,1,2024,2,76930.78,77.7,257.0,133.1,6.46,159.0,442.0,411.0,2,7,4,72.8,2494.0,4,0,4,3,17188,3.48,4
17,28,2021,4,102347.9,83.8,290.0,157.6,2.82,200.0,1000.0,935.0,2,5,2,66.5,1990.0,5,1,1,2,251849,3.65,4
0,48,2022,0,84689.7,69.6,254.0,113.3,7.48,135.0,508.0,487.0,0,5,5,68.5,1617.0,5,1,1,3,55401,3.66,7
2,39,2025,4,118077.25,109.3,391.0,162.2,3.74,191.0,1000.0,913.0,1,5,3,35.4,1687.0,5,0,0,2,103364,3.72,4
2,4,2026,3,87619.97,76.3,270.0,56.2,5.53,163.0,1000.0,870.0,2,5,1,34.8,1500.0,4,0,0,3,118872,3.49,4
15,43,2025,2,92379.52,84.7,300.0,226.8,7.5,130.0,685.0,640.0,2,5,3,32.1,1616.0,4,2,5,3,461008,3.78,6
1,74,2020,3,84308.51,76.3,242.0,121.7,6.09,144.0,645.0,559.0,2,5,4,79.3,2413.0,5,1,1,3,53466,3.48,6
17,28,2024,4,115397.77,79.6,282.0,189.4,2.83,200.0,1000.0,870.0,0,7,3,34.1,1511.0,4,0,1,2,296594,3.51,4
10,16,2023,2,142019.75,58.7,200.0,106.5,5.81,166.0,942.0,820.0,1,7,1,20.7,1640.0,5,2,1,2,57178,3.68,7
7,33,2023,1,48459.84,100.0,358.0,93.1,4.64,175.0,494.0,456.0,1,7,5,79.6,1594.0,4,0,3,1,128198,3.66,4
3,55,2025,3,106306.01,80.2,270.0,52.3,7.48,140.0,925.0,853.0,0,7,5,66.9,1500.0,5,2,5,2,8757,3.62,4
15,43,2026,3,55363.64,49.7,197.0,219.0,7.61,138.0,396.0,378.0,0,5,2,36.2,2157.0,4,3,5,1,467657,3.42,5
10,26,2025,3,111590.33,69.8,216.0,84.4,6.19,161.0,639.0,545.0,2,5,2,58.0,2182.0,4,2,1,2,58457,3.3,8
4,25,2025,3,79279.61,59.6,194.0,95.0,7.69,139.0,919.0,842.0,2,4,4,65.7,2810.0,5,1,5,3,67161,3.21,3
4,11,2022,1,44715.21,85.0,299.0,82.1,5.1,179.0,432.0,411.0,2,7,2,54.2,1709.0,5,1,5,1,77918,3.48,5
10,15,2026,1,122737.35,76.1,281.0,88.4,4.92,174.0,680.0,583.0,0,7,2,44.2,1927.0,5,1,1,2,45500,3.92,6
5,58,2026,1,75057.34,81.4,277.0,117.5,5.01,178.0,1000.0,939.0,1,5,4,67.1,2136.0,3,2,5,3,18197,3.62,4
1,74,2023,4,121734.94,72.7,249.0,163.8,2.68,200.0,1000.0,931.0,2,7,0,30.3,1630.0,5,2,1,2,71997,3.55,6
15,41,2025,0,41533.41,81.1,287.0,248.5,6.67,145.0,266.0,200.0,2,5,1,25.3,1673.0,4,2,5,1,205263,3.88,5
15,9,2022,0,33281.6,82.5,281.0,345.8,5.04,175.0,229.0,216.0,0,5,4,66.8,2657.0,5,2,5,0,223257,3.91,6
14,53,2024,2,78385.68,79.7,248.0,89.4,6.35,154.0,615.0,599.0,2,5,1,31.3,1941.0,5,0,5,3,12601,3.59,5
8,47,2026,2,54591.6,68.6,257.0,77.0,5.52,158.0,528.0,451.0,1,7,5,63.0,1500.0,4,0,3,1,84955,3.44,5
4,11,2024,1,84501.24,98.1,342.0,111.3,4.71,179.0,1000.0,870.0,2,7,0,28.0,1500.0,5,0,5,3,72596,3.61,5
7,36,2026,2,45692.14,83.7,288.0,81.4,6.59,154.0,475.0,411.0,2,7,0,28.7,1750.0,5,0,3,1,89861,3.5,3
15,41,2025,3,131664.51,56.1,197.0,248.7,5.97,167.0,995.0,876.0,2,5,2,64.0,2096.0,5,2,5,2,124407,3.58,4
15,40,2026,1,146733.12,98.1,336.0,258.2,5.28,173.0,1000.0,925.0,2,5,4,79.4,2940.0,5,2,5,2,162803,4.05,5
1,70,2024,2,108424.86,43.9,164.0,140.1,7.1,143.0,881.0,812.0,1,5,2,59.0,1704.0,5,2,1,2,72604,3.14,6
17,32,2024,3,43023.64,77.9,261.0,130.9,5.36,163.0,308.0,274.0,0,5,4,70.1,2308.0,5,0,1,1,246474,3.55,5
15,42,2024,3,157561.98,49.5,189.0,302.5,7.4,134.0,1000.0,867.0,0,5,2,42.4,1670.0,4,3,5,2,163095,3.57,4
7,34,2024,4,61789.95,103.8,357.0,155.6,3.45,194.0,672.0,573.0,1,7,3,16.2,1500.0,5,0,3,1,110783,3.54,4
15,40,2024,4,109834.54,79.9,262.0,311.6,3.69,195.0,750.0,704.0,0,7,1,25.5,1590.0,3,2,5,2,219324,3.91,5
8,22,2025,0,31082.43,50.7,177.0,128.8,6.48,143.0,191.0,200.0,1,5,2,61.8,2151.0,5,1,3,0,76695,3.1,3
2,57,2025,3,111062.23,40.6,162.0,68.8,7.45,136.0,1000.0,922.0,0,5,4,55.5,2095.0,4,1,0,2,149002,3.28,5
4,24,2025,3,56654.61,62.9,233.0,86.6,6.93,156.0,574.0,508.0,1,5,5,73.1,1533.0,5,1,5,1,41791,3.47,3
2,50,2023,1,82830.36,90.4,294.0,100.7,4.88,175.0,902.0,753.0,1,7,5,66.7,1756.0,5,1,0,3,213531,3.84,3
17,29,2025,2,85586.86,50.5,179.0,124.0,5.85,160.0,939.0,848.0,2,5,4,75.3,2623.0,3,0,1,3,259718,3.0,5
15,41,2023,4,170972.65,105.1,373.0,286.0,3.44,200.0,1000.0,935.0,2,7,5,62.0,1500.0,3,2,5,2,177006,3.89,4
15,43,2024,1,158710.22,93.6,300.0,349.6,4.55,182.0,1000.0,900.0,1,5,5,74.2,1503.0,5,2,5,2,416641,3.68,5
17,28,2026,4,102827.77,98.2,350.0,164.2,3.3,196.0,1000.0,867.0,2,5,4,78.1,2341.0,5,0,1,2,238315,3.78,4
7,35,2024,3,58686.32,81.6,285.0,109.1,5.83,161.0,698.0,594.0,2,5,4,71.1,2388.0,5,0,3,1,66241,3.36,4
8,22,2024,4,50056.29,111.5,391.0,219.1,3.13,195.0,472.0,488.0,1,5,2,63.8,1774.0,3,0,3,1,140441,3.97,5
2,63,2021,0,24412.01,82.7,290.0,66.6,6.0,152.0,221.0,200.0,1,5,4,64.5,2592.0,5,0,0,0,206262,3.68,4
5,23,2024,1,58896.05,104.7,389.0,101.3,4.57,184.0,752.0,710.0,1,7,2,65.0,1846.0,4,2,5,1,16859,3.94,5
10,17,2024,1,113572.04,85.7,286.0,129.9,5.52,177.0,660.0,563.0,1,5,5,76.4,1776.0,4,2,1,2,73690,3.79,7
4,11,2025,2,32151.97,58.3,176.0,88.3,5.4,169.0,156.0,200.0,1,5,1,34.6,1556.0,4,0,5,0,25887,3.14,4
15,43,2024,3,168092.71,81.2,269.0,254.7,7.94,124.0,1000.0,891.0,2,5,0,22.6,1659.0,3,3,5,2,434155,3.8,6
7,33,2020,4,74306.48,85.9,286.0,175.1,3.09,200.0,962.0,889.0,0,7,4,68.4,2759.0,5,1,3,3,113130,3.67,4
15,42,2025,4,99111.24,103.7,345.0,330.8,4.34,182.0,750.0,689.0,2,7,4,60.8,2442.0,5,3,5,3,160176,4.04,5
2,63,2026,1,32377.24,104.0,378.0,82.5,4.11,184.0,309.0,238.0,2,5,0,21.4,1701.0,4,1,0,0,164156,3.81,3
13,38,2021,2,163150.52,73.9,281.0,216.8,7.11,137.0,828.0,758.0,0,5,5,61.1,1678.0,5,1,1,2,2340,4.03,6
15,9,2023,3,172193.15,58.2,181.0,222.8,6.94,147.0,1000.0,859.0,2,5,4,69.4,2679.0,5,2,5,2,199763,3.42,5
7,36,2025,0,46056.18,74.8,259.0,101.6,6.39,153.0,458.0,417.0,1,7,3,18.7,1504.0,5,1,3,1,143815,3.55,5
8,47,2025,4,88002.42,95.9,334.0,206.4,2.6,200.0,1000.0,908.0,2,5,2,54.2,1841.0,5,1,3,3,60132,3.63,4
5,23,2025,0,57562.96,48.0,172.0,143.0,6.33,154.0,716.0,637.0,0,5,2,46.1,2246.0,5,1,5,1,18527,3.44,5
8,21,2021,3,91322.04,65.9,229.0,67.7,6.42,156.0,1000.0,818.0,2,7,2,52.4,2083.0,4,1,3,3,103135,3.43,3
15,40,2025,2,39764.73,62.8,218.0,293.1,7.52,135.0,254.0,280.0,2,5,4,58.1,2486.0,5,3,5,1,177083,3.7,6
2,10,2025,1,23723.54,84.2,308.0,134.1,4.21,185.0,177.0,200.0,2,7,4,57.3,2484.0,4,1,0,0,224275,3.65,4
7,34,2023,3,42532.36,70.1,253.0,92.1,5.87,167.0,351.0,261.0,2,7,1,21.0,1500.0,5,1,3,1,118099,3.33,4
15,41,2023,0,29555.66,54.9,182.0,213.2,5.79,163.0,150.0,200.0,0,5,4,71.3,2661.0,4,2,5,0,119019,3.56,5
2,63,2023,3,62695.67,55.1,191.0,126.0,7.14,143.0,677.0,604.0,2,5,4,66.6,2371.0,3,1,0,1,249959,3.49,4
15,43,2025,1,71009.25,81.0,305.0,251.1,5.81,162.0,446.0,472.0,2,5,5,74.4,1500.0,4,2,5,3,465765,3.91,4
15,41,2023,1,41849.58,96.1,319.0,282.3,5.76,174.0,272.0,317.0,1,7,5,65.5,1500.0,5,3,5,1,211387,4.0,4
17,32,2025,0,36800.16,48.1,169.0,115.5,6.37,152.0,222.0,200.0,2,5,2,49.0,2050.0,5,1,1,1,290748,3.43,3
15,43,2024,3,166324.36,61.4,212.0,252.7,7.43,136.0,1000.0,933.0,0,7,4,55.5,2510.0,5,3,5,2,466326,4.26,5
8,47,2024,0,71842.96,77.0,291.0,90.9,5.22,170.0,802.0,770.0,2,5,5,64.9,1500.0,4,2,3,3,123890,3.66,3
1,73,2024,1,117382.51,96.5,334.0,145.0,5.1,180.0,1000.0,892.0,1,5,0,25.0,1713.0,4,2,1,2,33138,3.49,7
4,44,2024,0,46219.97,70.9,239.0,139.6,7.85,123.0,385.0,389.0,2,5,5,73.2,1620.0,4,0,5,1,60684,3.43,4
15,41,2024,0,29639.14,52.4,164.0,300.9,5.41,171.0,157.0,200.0,0,7,2,51.3,2004.0,4,2,5,0,195341,3.41,4
15,9,2025,3,81977.77,68.4,192.0,348.5,6.51,155.0,587.0,518.0,2,7,4,69.0,2412.0,5,2,5,3,146854,3.53,5
15,41,2025,4,94641.12,111.8,362.0,284.2,3.02,200.0,630.0,538.0,2,7,2,65.9,2014.0,4,3,5,3,235320,4.03,6
1,70,2023,1,113237.82,108.8,398.0,144.2,5.14,174.0,986.0,880.0,0,5,1,33.9,1537.0,4,1,1,2,31347,3.49,7
5,7,2024,1,41353.28,81.8,274.0,67.3,4.7,178.0,452.0,383.0,0,7,4,59.3,2412.0,4,0,5,1,28209,3.6,4
15,43,2021,2,116565.3,80.7,282.0,329.9,7.85,136.0,823.0,688.0,2,5,3,34.7,1669.0,5,2,5,2,458264,3.95,6
11,12,2025,2,73079.97,50.5,174.0,50.9,6.59,143.0,606.0,548.0,2,7,0,25.4,1732.0,4,1,0,3,11643,3.03,4
15,41,2025,0,106992.78,50.9,162.0,212.5,6.34,152.0,809.0,752.0,1,5,0,19.8,1727.0,5,3,5,2,178229,3.58,5
8,45,2024,2,42318.56,40.5,150.0,56.0,6.46,164.0,383.0,312.0,1,5,5,64.7,1500.0,5,0,3,1,90341,3.35,4
5,6,2025,1,51965.01,75.8,297.0,72.8,5.09,177.0,565.0,508.0,0,5,0,21.8,1582.0,5,2,5,1,28326,3.65,5
10,15,2025,1,136371.95,98.8,323.0,56.3,4.77,180.0,834.0,747.0,0,7,0,26.2,1500.0,4,1,1,2,34019,4.25,6
5,23,2023,1,53068.74,78.7,273.0,148.0,4.7,184.0,620.0,579.0,0,5,2,56.2,1900.0,5,0,5,1,9605,3.25,5
4,24,2025,0,45556.75,57.9,221.0,91.5,6.36,153.0,387.0,360.0,0,5,0,40.0,1500.0,5,1,5,1,46977,3.32,5
2,50,2022,0,24219.14,71.4,265.0,147.2,5.13,170.0,267.0,228.0,1,7,0,31.1,1500.0,4,0,0,0,166519,3.3,4
4,11,2020,2,62155.3,60.7,186.0,139.0,6.68,161.0,665.0,623.0,0,5,5,70.6,1500.0,5,1,5,1,60595,3.4,4
15,43,2024,4,162214.08,80.6,269.0,202.5,2.82,200.0,1000.0,892.0,0,7,1,32.2,1852.0,5,2,5,2,443580,3.84,6
0,48,2023,0,76292.22,51.4,180.0,50.9,5.28,174.0,435.0,384.0,2,7,4,77.7,2642.0,5,2,1,3,57167,3.32,8
8,22,2020,1,70023.96,107.3,379.0,50.8,4.21,190.0,776.0,677.0,1,5,2,45.1,2118.0,5,0,3,3,63318,3.7,4
4,24,2026,0,61243.81,76.7,281.0,98.6,5.96,163.0,647.0,644.0,2,7,3,39.8,1714.0,4,0,5,1,57282,3.51,4
17,29,2024,4,60928.37,119.9,406.0,157.6,3.7,200.0,633.0,585.0,0,7,4,58.9,2556.0,5,1,1,1,257710,3.56,3
1,70,2021,3,119496.22,73.8,254.0,88.4,7.75,133.0,1000.0,915.0,0,5,5,73.9,1533.0,5,1,1,2,47944,3.44,6
7,71,2025,2,66375.02,59.8,232.0,84.1,7.25,143.0,741.0,638.0,1,7,0,21.5,1500.0,4,0,3,3,125248,3.22,3
5,6,2025,4,68553.58,80.6,282.0,184.7,3.59,193.0,978.0,870.0,1,5,2,36.5,2177.0,5,0,5,3,27343,3.55,4
15,9,2026,2,80796.91,64.6,239.0,287.6,6.99,148.0,622.0,531.0,2,7,4,60.2,2600.0,4,2,5,3,212130,3.66,4
15,43,2021,0,59816.02,58.9,204.0,321.1,5.9,157.0,431.0,386.0,0,5,5,63.0,1500.0,4,3,5,1,446207,3.67,6
2,57,2020,4,61584.07,117.0,409.0,225.5,3.84,196.0,687.0,636.0,0,5,3,28.7,1600.0,5,0,0,1,190643,3.93,5
15,42,2024,0,99143.24,56.5,200.0,325.2,6.99,142.0,685.0,610.0,2,5,0,26.4,1638.0,3,2,5,3,177987,3.6,6
10,18,2023,0,129584.74,64.2,260.0,81.2,7.72,126.0,788.0,737.0,1,7,1,30.6,1739.0,5,1,1,2,24901,3.81,6
2,57,2021,4,99786.36,108.9,369.0,206.4,3.23,200.0,1000.0,861.0,0,5,3,32.5,1675.0,5,0,0,3,126447,3.92,3
9,3,2026,0,137880.08,41.3,150.0,291.0,7.96,127.0,488.0,458.0,1,7,4,53.2,2482.0,5,1,5,2,21377,3.21,5
2,57,2025,1,57737.75,106.1,383.0,148.9,4.23,189.0,660.0,579.0,0,5,0,34.2,1878.0,4,2,0,1,108943,4.12,4
15,43,2023,0,112472.41,74.3,238.0,263.8,7.32,142.0,800.0,741.0,1,5,5,63.4,1500.0,5,3,5,2,485203,3.66,4
4,11,2025,1,54602.2,96.0,344.0,102.3,4.45,181.0,560.0,508.0,0,5,5,61.8,1886.0,3,1,5,1,50891,3.53,4
1,75,2021,1,86702.14,97.3,331.0,69.1,5.02,176.0,662.0,609.0,2,5,2,63.9,2095.0,3,2,1,3,40089,3.69,7
7,34,2023,4,107017.27,75.2,259.0,223.3,4.08,184.0,1000.0,920.0,2,5,2,60.4,2285.0,5,0,3,2,67872,3.44,4
8,59,2025,1,76787.3,75.4,275.0,121.5,5.81,171.0,887.0,779.0,2,5,2,60.2,2168.0,4,0,3,3,116634,3.71,3
5,6,2024,1,54182.3,85.5,299.0,106.1,5.9,165.0,666.0,603.0,0,7,4,59.3,2617.0,4,0,5,1,4380,3.46,4
2,10,2022,1,43671.62,95.1,328.0,90.4,4.97,173.0,517.0,391.0,0,7,0,21.4,1500.0,3,0,0,1,203792,3.47,3
19,56,2025,3,55513.6,48.7,150.0,126.5,5.94,162.0,434.0,369.0,0,5,3,21.0,1521.0,4,0,0,1,22327,3.32,4
9,3,2024,3,269775.2,76.3,276.0,262.4,5.11,163.0,1000.0,928.0,0,7,1,16.6,1560.0,4,1,5,2,4056,3.28,4
1,74,2026,3,125637.29,67.5,240.0,56.0,7.12,151.0,1000.0,870.0,2,5,1,28.2,1713.0,5,2,1,2,47587,3.56,7
15,40,2024,3,111275.22,82.9,291.0,207.4,5.18,171.0,794.0,685.0,0,5,2,62.4,1551.0,5,2,5,2,172863,3.88,5
1,72,2025,0,84529.75,77.3,276.0,118.7,5.17,176.0,611.0,549.0,0,5,1,32.4,1644.0,4,2,1,3,25679,3.71,7
15,41,2025,0,97308.1,56.4,188.0,210.0,7.16,153.0,714.0,652.0,1,7,2,41.8,2139.0,4,2,5,3,239872,3.7,5
15,42,2025,3,35653.98,52.0,162.0,274.8,6.58,146.0,182.0,200.0,1,5,4,60.0,2311.0,4,2,5,1,228295,3.58,4
2,37,2026,1,101979.86,105.4,376.0,140.2,4.62,183.0,1000.0,924.0,1,5,5,74.5,1500.0,4,0,0,2,128300,3.96,5
7,35,2025,1,80040.4,81.1,284.0,105.4,4.38,181.0,1000.0,895.0,0,5,4,59.1,2281.0,5,0,3,3,146157,3.67,4
10,26,2026,4,104553.67,111.7,412.0,187.5,3.3,192.0,554.0,463.0,1,5,1,25.3,1664.0,4,1,1,2,68955,4.39,7
5,23,2023,1,65559.4,97.3,331.0,105.0,5.02,177.0,844.0,702.0,1,5,2,45.3,1966.0,4,1,5,3,6658,3.7,4
5,23,2025,0,64750.83,60.4,230.0,72.2,7.58,137.0,899.0,829.0,0,7,2,45.9,2008.0,4,2,5,1,23069,3.62,5
17,30,2023,2,32332.16,53.1,184.0,146.1,5.64,170.0,169.0,200.0,2,5,1,22.5,1596.0,5,1,1,0,283336,3.52,3
2,50,2026,4,112008.03,112.5,389.0,190.5,3.29,200.0,1000.0,897.0,2,7,2,38.6,2173.0,3,0,0,2,201649,3.59,5
17,29,2023,4,114648.63,104.8,352.0,221.6,3.92,197.0,1000.0,934.0,2,7,2,35.7,2254.0,4,1,1,2,297615,3.66,4
13,60,2025,3,111303.96,67.1,242.0,317.9,7.4,145.0,387.0,369.0,2,7,5,79.0,1500.0,5,1,1,2,5234,3.75,6
15,43,2021,3,60365.37,70.3,225.0,248.0,5.77,155.0,390.0,337.0,0,7,3,17.4,1624.0,5,2,5,1,438670,3.68,4
10,16,2025,3,198768.13,55.6,194.0,83.6,5.28,170.0,1000.0,936.0,2,5,2,66.5,2382.0,5,1,1,2,77200,3.68,6
8,47,2024,2,32564.1,46.2,180.0,117.7,6.66,156.0,221.0,217.0,1,5,1,20.8,1510.0,4,0,3,0,123543,3.02,3
17,29,2025,3,116578.08,55.4,182.0,112.5,7.11,147.0,1000.0,920.0,2,5,5,61.6,1580.0,3,2,1,2,202014,3.21,3
5,7,2022,0,44453.56,69.7,242.0,54.4,7.29,145.0,498.0,426.0,1,5,5,78.0,1500.0,5,1,5,1,19383,3.42,4
7,33,2021,2,33847.36,58.9,209.0,107.8,6.1,158.0,254.0,208.0,0,7,3,37.0,1766.0,3,0,3,0,145242,3.32,3
0,49,2024,0,51267.23,71.4,241.0,63.6,6.0,155.0,194.0,200.0,2,7,3,32.4,1704.0,4,1,1,1,64472,3.5,6
0,67,2025,2,77807.96,46.7,186.0,100.6,7.48,131.0,428.0,409.0,1,5,5,70.1,1701.0,5,2,1,3,67104,3.14,5
17,31,2025,0,78903.54,67.1,237.0,95.0,5.41,169.0,869.0,785.0,1,7,5,61.9,1553.0,5,0,1,3,283626,3.43,4
2,37,2024,1,75118.04,88.3,325.0,84.8,4.14,189.0,840.0,797.0,1,5,3,32.2,1759.0,4,0,0,3,220772,3.68,3
8,22,2023,4,76777.22,72.5,254.0,171.5,2.52,200.0,894.0,748.0,0,5,2,55.3,2179.0,4,0,3,3,99948,3.66,5
0,48,2025,2,119850.54,74.4,257.0,54.1,6.24,160.0,936.0,892.0,2,5,3,28.1,1635.0,5,2,1,2,48973,3.68,6
2,4,2025,3,45553.77,71.9,240.0,73.9,7.84,134.0,460.0,455.0,0,5,2,43.8,2109.0,5,0,0,1,119429,3.24,5
1,70,2023,4,111495.73,82.7,283.0,247.0,4.09,188.0,953.0,813.0,2,5,0,24.4,1636.0,4,1,1,2,41408,3.72,6
1,75,2024,4,134617.67,90.5,308.0,215.3,4.15,190.0,1000.0,928.0,0,5,0,32.5,1939.0,5,2,1,2,68965,3.76,7
5,7,2024,1,55216.4,81.9,299.0,82.8,5.75,153.0,668.0,609.0,2,5,0,28.5,1500.0,5,1,5,1,805,3.76,3
15,41,2023,3,163320.61,72.8,240.0,346.7,6.75,147.0,1000.0,870.0,0,7,1,38.9,1689.0,4,2,5,2,220716,3.73,5
5,6,2026,3,52994.74,63.4,206.0,127.9,7.67,130.0,679.0,612.0,0,5,4,64.7,2568.0,5,1,5,1,5490,3.27,3
0,67,2024,2,111572.71,71.6,265.0,61.0,7.14,144.0,835.0,749.0,1,5,1,26.3,1707.0,5,1,1,2,58813,3.28,8
15,42,2024,4,79743.44,90.1,322.0,230.5,4.29,182.0,533.0,444.0,2,5,2,40.6,2108.0,5,3,5,3,136484,3.83,6
2,4,2025,3,26326.68,42.7,150.0,61.8,6.28,152.0,265.0,221.0,2,5,5,75.9,1505.0,4,0,0,0,129109,3.09,4
3,46,2026,2,67825.01,82.9,297.0,69.2,5.74,160.0,483.0,473.0,0,5,3,16.0,1500.0,5,0,5,3,26063,3.56,4
15,42,2022,3,78153.08,79.8,277.0,278.1,7.96,130.0,554.0,483.0,0,5,1,37.4,1500.0,4,2,5,3,114033,3.63,4
10,26,2022,3,93751.44,73.4,267.0,92.8,5.52,166.0,505.0,508.0,0,7,5,62.1,1800.0,5,1,1,3,32471,3.81,8
7,36,2026,2,68247.96,73.1,240.0,121.2,6.35,151.0,876.0,791.0,1,5,1,25.8,1607.0,5,1,3,3,75804,3.31,3
2,50,2023,4,89614.35,100.7,334.0,174.7,4.07,192.0,1000.0,911.0,0,5,1,19.7,1555.0,5,0,0,3,198687,4.0,3
10,15,2026,4,185592.86,107.8,359.0,201.1,4.37,192.0,1000.0,953.0,1,7,0,26.6,1500.0,4,1,1,2,51560,3.97,7
17,28,2024,0,52450.92,70.3,257.0,112.6,7.73,135.0,452.0,424.0,0,5,2,47.3,2163.0,5,1,1,1,231690,3.59,4
7,71,2024,0,53836.77,69.5,265.0,98.2,7.64,135.0,563.0,541.0,1,7,3,22.6,1500.0,5,0,3,1,55119,3.5,5
17,28,2022,0,29912.83,40.5,150.0,50.1,6.74,140.0,150.0,200.0,0,5,5,69.6,1799.0,5,0,1,0,200434,3.19,5
8,47,2024,0,34300.06,68.3,242.0,105.5,5.23,165.0,188.0,200.0,1,5,5,69.6,1642.0,4,2,3,0,143619,3.26,4
15,40,2025,3,130541.56,71.2,238.0,296.0,6.85,152.0,1000.0,867.0,0,7,1,20.3,1630.0,4,2,5,2,190536,3.76,5
17,31,2026,0,49575.71,47.3,158.0,104.7,7.32,141.0,438.0,401.0,0,5,3,37.1,1759.0,4,1,1,1,295672,3.23,5
3,55,2025,0,60986.5,42.7,150.0,112.0,7.34,137.0,471.0,426.0,0,7,5,69.2,1757.0,5,0,5,1,2488,3.18,4
2,37,2025,3,96175.42,50.5,159.0,144.6,5.51,164.0,1000.0,925.0,0,7,1,37.0,1619.0,3,1,0,3,232340,3.27,5
1,74,2025,4,162797.03,103.1,369.0,248.9,4.14,193.0,1000.0,910.0,2,5,5,66.9,1847.0,5,2,1,2,27119,3.48,6
2,39,2023,4,102394.49,115.2,421.0,220.6,4.41,174.0,1000.0,925.0,0,7,4,67.1,2715.0,5,0,0,2,226612,3.99,4
4,24,2025,3,59495.32,76.8,282.0,58.9,5.94,161.0,592.0,477.0,2,5,4,54.1,2327.0,5,0,5,1,62617,3.81,5
15,40,2024,4,99778.09,102.4,352.0,231.4,2.58,200.0,751.0,684.0,0,5,4,53.4,2409.0,4,2,5,3,186712,4.18,5
3,46,2025,1,66660.45,93.7,290.0,139.7,4.14,186.0,523.0,477.0,2,7,0,25.3,1773.0,5,1,5,3,12789,3.33,4
17,31,2023,3,78484.96,48.2,168.0,65.9,6.73,144.0,867.0,845.0,0,5,3,22.4,1560.0,4,1,1,3,208905,3.41,4
2,39,2023,1,30609.19,78.6,268.0,75.5,4.4,184.0,292.0,262.0,1,7,1,36.5,1560.0,5,0,0,0,111239,3.49,4
15,42,2022,4,117706.38,71.4,249.0,304.3,4.12,189.0,885.0,771.0,2,5,4,67.6,2497.0,5,2,5,2,160982,3.75,4
15,9,2024,4,106068.73,114.9,357.0,318.1,3.04,200.0,766.0,686.0,2,7,4,52.7,2604.0,3,2,5,2,156874,4.08,5
7,71,2025,1,70681.91,86.7,309.0,50.0,4.66,176.0,861.0,735.0,1,7,2,54.6,2251.0,4,2,3,3,50014,3.59,4
2,4,2024,1,41904.83,88.3,325.0,60.2,5.33,168.0,435.0,398.0,2,5,4,63.7,2686.0,3,1,0,1,239018,3.7,3
10,18,2025,4,94342.22,95.8,324.0,184.3,3.79,192.0,446.0,356.0,0,5,2,38.2,1893.0,4,1,1,3,56423,3.88,7
17,28,2024,3,40586.73,45.0,173.0,82.3,6.42,159.0,335.0,274.0,2,7,0,32.4,1615.0,4,1,1,1,268842,3.31,4
2,4,2022,4,98782.03,77.8,278.0,211.2,3.71,192.0,1000.0,876.0,2,7,0,33.3,1500.0,4,0,0,3,130723,3.47,4
8,21,2022,3,40060.04,63.0,235.0,90.5,6.78,153.0,281.0,246.0,2,7,3,28.9,1500.0,4,0,3,1,51025,3.4,5
5,6,2023,4,73854.22,104.5,365.0,221.3,3.22,200.0,999.0,887.0,0,5,0,20.4,2090.0,4,1,5,3,27191,3.61,3
15,42,2022,0,43328.14,65.3,226.0,244.2,7.71,134.0,305.0,255.0,2,5,5,63.8,1526.0,3,2,5,1,148395,3.64,6
15,42,2025,1,100199.56,90.8,321.0,252.4,5.42,171.0,669.0,631.0,2,7,1,36.6,1849.0,4,3,5,2,197625,3.78,5
15,43,2025,4,135068.35,116.4,393.0,277.5,3.52,193.0,1000.0,870.0,0,7,3,19.2,1500.0,5,3,5,2,419874,4.32,6
5,58,2026,2,64854.51,76.0,264.0,124.2,5.66,158.0,863.0,753.0,2,7,5,66.6,1781.0,4,2,5,1,16372,3.34,5
1,72,2022,4,102335.06,106.5,365.0,241.1,2.73,200.0,873.0,817.0,0,7,1,31.3,1526.0,5,1,1,2,57345,3.89,5
7,36,2026,3,78808.06,83.8,310.0,141.6,5.71,163.0,989.0,868.0,0,7,4,78.4,2368.0,4,2,3,3,79142,3.33,3
10,15,2026,3,89766.7,44.8,150.0,131.6,7.04,131.0,402.0,345.0,0,5,3,33.2,1697.0,4,1,1,3,44745,3.43,7
4,24,2024,0,54161.53,80.1,289.0,75.9,7.58,137.0,517.0,412.0,0,7,1,22.0,1624.0,4,0,5,1,26655,3.51,4
8,59,2022,2,38543.18,45.8,159.0,126.3,5.27,175.0,312.0,260.0,1,5,2,41.4,1872.0,5,0,3,1,117943,3.08,3
10,16,2023,4,91688.58,90.5,311.0,240.9,4.23,192.0,427.0,373.0,2,5,5,78.1,1713.0,5,2,1,3,45385,4.06,5
2,4,2023,3,72252.78,40.8,150.0,132.5,6.07,162.0,772.0,689.0,2,5,1,38.8,1553.0,4,0,0,3,245833,3.12,3
15,43,2025,2,28188.64,40.3,150.0,268.7,6.76,141.0,157.0,200.0,0,7,2,48.1,1677.0,3,2,5,0,412935,3.53,4
2,63,2025,2,32633.03,80.0,279.0,131.7,6.72,144.0,320.0,282.0,2,5,4,53.4,2335.0,5,1,0,0,106393,3.6,5
15,41,2025,4,61791.69,82.0,283.0,322.8,3.07,200.0,416.0,357.0,0,5,3,16.6,1663.0,5,2,5,1,214239,3.64,6
7,34,2025,4,97448.38,102.0,335.0,186.2,4.32,187.0,1000.0,874.0,2,5,0,15.7,1500.0,3,1,3,3,81695,3.65,3
11,20,2025,0,75082.66,69.0,236.0,113.7,5.3,173.0,685.0,654.0,0,5,3,15.2,1800.0,5,0,0,3,6090,3.63,4
15,43,2025,3,56042.12,66.9,222.0,343.9,6.66,139.0,381.0,308.0,0,5,0,24.0,1801.0,4,3,5,1,439817,3.53,4
15,43,2025,0,102064.68,49.3,183.0,218.6,5.76,163.0,752.0,628.0,1,5,2,46.7,1950.0,5,2,5,2,469259,3.73,4
17,28,2024,4,92355.03,70.8,243.0,217.8,3.65,193.0,1000.0,926.0,2,5,4,54.0,2436.0,4,1,1,3,216375,3.43,5
14,54,2025,1,105185.41,109.2,352.0,76.3,4.17,187.0,1000.0,900.0,1,5,1,25.5,1527.0,4,1,5,2,20140,3.46,5
2,39,2023,0,20788.8,46.9,161.0,93.6,6.51,150.0,150.0,200.0,2,5,5,79.4,1923.0,4,1,0,0,208014,3.15,4
7,35,2024,4,97949.17,88.6,324.0,170.9,2.96,200.0,1000.0,850.0,0,5,1,19.7,1500.0,5,1,3,3,105426,3.83,4
15,9,2024,3,112719.54,67.5,240.0,242.8,5.41,170.0,810.0,732.0,0,5,4,56.2,2564.0,5,2,5,2,138409,3.94,5
15,42,2025,3,155604.37,46.7,150.0,305.4,5.06,177.0,1000.0,909.0,0,7,5,78.1,1625.0,4,2,5,2,240825,3.17,6
13,38,2023,2,107490.34,61.7,224.0,251.6,6.15,161.0,337.0,320.0,0,5,2,39.7,1666.0,4,2,1,2,2249,3.5,8
3,46,2023,3,100837.22,71.6,259.0,138.2,5.42,163.0,841.0,735.0,0,5,3,36.7,1500.0,5,0,5,2,27700,3.3,5
15,9,2024,0,112537.97,73.4,256.0,247.7,7.93,125.0,851.0,715.0,1,5,4,69.8,2742.0,4,3,5,2,200169,3.59,5
16,65,2024,2,65164.24,66.0,218.0,67.5,6.6,152.0,771.0,727.0,1,5,2,41.6,2093.0,5,0,2,3,21633,3.39,5
1,72,2025,3,134002.07,78.3,245.0,120.2,7.71,132.0,1000.0,918.0,0,7,0,16.0,1795.0,5,1,1,2,54751,3.42,8
10,16,2025,0,125283.58,75.6,264.0,123.7,7.57,138.0,747.0,634.0,1,7,4,74.4,2720.0,4,1,1,2,50741,4.19,7
17,30,2022,0,53614.66,63.7,213.0,138.2,5.95,160.0,530.0,526.0,1,5,2,44.8,2264.0,4,0,1,1,208794,3.39,4
7,33,2021,4,54289.29,101.8,323.0,214.9,3.67,196.0,603.0,568.0,1,7,1,17.8,1707.0,4,1,3,1,110889,3.69,4
7,33,2023,4,69817.04,113.2,415.0,171.3,3.01,198.0,899.0,830.0,0,5,5,62.0,1643.0,5,1,3,3,127527,3.55,4
1,72,2024,0,47596.94,81.1,287.0,123.0,7.53,135.0,169.0,200.0,1,7,3,15.4,1577.0,5,1,1,1,22877,3.56,7
15,43,2024,1,50416.8,92.4,336.0,349.4,5.31,170.0,355.0,348.0,2,5,3,24.1,1587.0,4,2,5,1,444988,3.8,5
15,40,2025,3,127858.88,71.8,285.0,260.5,7.39,142.0,928.0,848.0,1,5,2,61.8,2152.0,5,2,5,2,125874,3.89,4
2,10,2026,0,27881.47,60.3,202.0,109.7,5.27,169.0,272.0,248.0,2,5,5,68.9,1867.0,4,1,0,0,131662,3.35,5
5,6,2024,4,98117.57,90.3,335.0,227.3,3.97,195.0,1000.0,866.0,1,5,3,17.1,1500.0,5,0,5,3,23127,3.63,4
15,9,2025,2,114028.98,65.3,249.0,327.3,7.5,137.0,815.0,721.0,0,7,4,60.4,2681.0,5,2,5,2,169238,3.54,4
1,74,2021,0,76431.36,47.0,150.0,90.1,6.06,160.0,524.0,510.0,2,7,3,34.1,1776.0,4,2,1,3,30267,3.08,5
3,46,2025,2,47756.59,60.7,225.0,136.4,6.02,158.0,298.0,265.0,0,7,3,16.1,1812.0,4,1,5,1,6983,3.23,3
15,41,2023,1,122960.47,98.5,350.0,323.0,4.9,178.0,897.0,749.0,1,5,2,55.8,2239.0,4,2,5,2,114585,4.09,4
1,73,2024,2,91502.74,75.2,250.0,75.7,5.77,161.0,650.0,613.0,2,7,0,32.6,1500.0,5,1,1,3,64217,3.55,6
17,29,2026,0,77633.04,74.0,273.0,79.5,5.33,165.0,818.0,753.0,0,5,4,55.8,2544.0,5,2,1,3,203039,3.53,5
10,17,2022,1,74524.3,84.1,298.0,141.9,4.89,180.0,277.0,271.0,0,5,1,23.3,1690.0,5,2,1,3,75343,3.85,7
15,42,2026,0,27570.57,44.6,153.0,215.0,7.41,137.0,161.0,200.0,0,5,0,36.9,1682.0,5,2,5,0,203167,3.2,5
5,58,2023,4,42948.13,93.8,328.0,156.4,2.96,200.0,422.0,385.0,0,5,3,31.4,1903.0,4,2,5,1,14040,3.76,4
10,26,2022,1,100017.14,108.6,382.0,123.5,5.74,157.0,539.0,494.0,1,5,1,33.8,1500.0,5,2,1,2,39100,3.99,8
16,65,2026,4,108712.63,111.4,366.0,193.2,3.3,195.0,1000.0,924.0,2,5,3,37.5,1549.0,4,0,2,2,12763,3.93,4
1,74,2026,4,96474.96,76.8,250.0,236.0,3.59,200.0,757.0,661.0,0,7,5,70.6,1639.0,5,1,1,3,54809,3.45,7
7,71,2025,2,33127.96,41.6,164.0,118.9,7.91,129.0,245.0,205.0,0,5,2,62.9,2024.0,5,2,3,0,138439,3.06,5
8,45,2025,3,52664.7,45.0,151.0,107.3,7.64,133.0,568.0,443.0,0,5,2,49.3,1711.0,5,2,3,1,62015,3.3,3
10,15,2022,1,117361.83,91.3,335.0,136.0,5.26,158.0,673.0,601.0,0,7,2,68.4,1923.0,4,1,1,2,75929,3.88,5
8,47,2024,3,91917.06,68.9,237.0,140.8,6.23,166.0,1000.0,904.0,1,5,5,79.4,1684.0,4,1,3,3,124978,3.57,5
15,40,2023,2,128698.36,60.8,240.0,203.0,6.56,154.0,923.0,819.0,2,5,4,73.7,2335.0,5,2,5,2,132614,3.6,5
14,53,2025,3,100224.89,43.2,157.0,106.2,6.8,137.0,1000.0,909.0,2,5,3,33.5,1592.0,4,1,5,2,10726,3.0,6
1,72,2025,0,66795.11,65.0,246.0,73.4,5.68,171.0,358.0,333.0,2,7,0,33.0,1861.0,5,1,1,3,50876,3.34,6
1,70,2025,1,102396.37,96.6,340.0,102.0,4.37,184.0,852.0,737.0,1,5,1,18.7,1822.0,5,2,1,2,35285,3.65,5
2,57,2025,1,53276.57,102.1,367.0,72.6,4.72,177.0,518.0,453.0,2,5,0,36.5,1807.0,4,1,0,1,242908,4.26,3
1,73,2025,0,102104.07,55.1,174.0,128.9,5.42,165.0,817.0,704.0,1,5,2,58.4,2165.0,3,2,1,2,30235,3.27,6
17,30,2025,2,62840.41,71.4,268.0,73.9,6.29,159.0,621.0,524.0,2,7,1,18.6,1960.0,5,0,1,1,242781,3.79,4
1,73,2024,4,131247.26,113.3,405.0,155.8,2.74,200.0,1000.0,891.0,0,5,4,65.4,2302.0,4,2,1,2,65041,3.91,8
15,41,2025,3,84149.31,75.3,252.0,335.6,7.31,143.0,552.0,524.0,2,5,3,36.5,1606.0,4,3,5,3,224851,3.64,6
1,75,2025,2,71216.91,62.4,239.0,72.7,5.38,171.0,396.0,355.0,1,5,5,74.4,1623.0,4,1,1,3,70121,3.47,7
6,66,2022,3,60662.04,67.2,242.0,144.9,6.09,154.0,943.0,887.0,0,5,2,36.4,1943.0,4,2,2,1,10748,3.54,3
15,42,2024,3,46217.92,55.9,205.0,259.6,6.69,151.0,293.0,270.0,0,7,4,68.2,2198.0,4,2,5,1,108494,3.65,5
9,3,2026,3,225594.15,63.1,216.0,285.9,8.0,125.0,1000.0,889.0,2,7,5,62.9,1500.0,5,0,5,2,21994,3.37,5
17,29,2025,2,87726.28,40.6,161.0,79.3,6.58,133.0,1000.0,936.0,0,7,5,76.4,1646.0,5,1,1,3,253183,3.49,3
10,16,2024,3,146623.72,69.1,262.0,117.9,5.33,176.0,935.0,806.0,0,7,0,16.8,1586.0,4,2,1,2,43244,3.61,7
4,44,2022,0,64696.27,51.7,165.0,60.6,6.94,144.0,704.0,642.0,2,5,5,67.4,1771.0,4,1,5,1,37967,3.06,4
8,47,2024,0,26810.33,75.6,247.0,71.5,5.79,166.0,174.0,223.0,0,7,2,48.7,2204.0,5,1,3,0,138862,3.48,5
5,5,2024,3,45723.03,55.0,207.0,69.5,6.64,148.0,515.0,479.0,2,5,2,68.5,1728.0,5,0,5,1,19610,3.43,4
0,49,2025,4,99175.33,93.3,334.0,217.0,3.73,185.0,706.0,646.0,1,5,0,31.9,1897.0,5,2,1,3,77677,3.68,6
17,28,2025,2,87997.46,42.5,150.0,88.7,7.75,129.0,1000.0,893.0,1,7,2,63.2,1931.0,4,2,1,3,228031,3.16,4
2,37,2025,0,25853.85,83.7,278.0,69.9,6.22,157.0,204.0,200.0,0,7,4,74.6,2589.0,5,0,0,0,106382,3.56,4
1,70,2025,1,66806.73,104.8,353.0,86.3,5.0,170.0,376.0,398.0,2,5,0,25.6,1736.0,4,1,1,3,37357,3.74,7
4,25,2024,2,38587.0,78.0,278.0,149.3,6.77,145.0,282.0,248.0,1,2,4,77.3,2728.0,5,2,5,1,66132,3.55,5
4,24,2024,4,61417.24,107.1,370.0,237.9,3.91,189.0,606.0,524.0,0,5,0,31.7,1689.0,5,0,5,1,29374,3.68,3
4,25,2026,3,73146.64,40.1,150.0,143.8,6.78,157.0,837.0,763.0,0,2,4,68.6,2484.0,5,2,5,3,26454,3.22,4
17,31,2024,4,80127.24,106.2,352.0,207.6,3.59,193.0,890.0,825.0,0,7,2,68.0,2269.0,5,0,1,3,267416,3.45,4
4,25,2025,1,69759.03,87.5,324.0,69.5,5.88,162.0,803.0,740.0,1,4,4,75.3,2664.0,4,0,5,3,57497,3.67,4
15,40,2023,2,68205.18,50.5,178.0,305.4,7.89,121.0,492.0,417.0,0,5,5,79.6,1512.0,4,3,5,3,179048,3.64,4
8,22,2026,2,52324.87,44.4,154.0,84.3,6.34,158.0,517.0,461.0,0,5,2,41.9,2334.0,5,0,3,1,142095,3.03,5
15,42,2025,1,119926.96,80.9,277.0,248.9,4.98,177.0,912.0,883.0,0,5,5,77.4,1826.0,4,2,5,2,137895,4.12,5
2,39,2022,2,59138.53,43.2,160.0,81.3,7.03,141.0,665.0,586.0,1,7,3,19.9,1666.0,4,2,0,1,241442,3.15,4
17,30,2025,0,73427.05,43.7,150.0,145.8,5.35,164.0,778.0,730.0,0,7,1,20.9,1532.0,4,0,1,3,258880,3.26,4
17,31,2021,3,105115.96,73.1,242.0,57.4,7.41,143.0,1000.0,918.0,2,5,4,76.9,2408.0,4,1,1,2,297514,3.44,5
5,7,2024,4,54375.97,88.9,299.0,200.1,2.85,200.0,612.0,507.0,0,7,3,31.1,1654.0,5,0,5,1,24792,3.55,3
17,28,2025,1,61721.97,88.9,293.0,121.0,4.49,174.0,611.0,538.0,1,5,2,38.9,2029.0,4,1,1,1,292808,3.65,3
17,31,2025,0,70848.39,47.9,178.0,115.1,6.3,160.0,723.0,644.0,1,7,1,21.5,1500.0,4,1,1,3,282558,3.33,4
2,57,2024,1,51370.62,105.7,403.0,99.6,4.91,177.0,534.0,505.0,0,7,0,28.1,1598.0,5,1,0,1,177642,3.76,4
17,32,2021,1,44741.31,93.3,312.0,57.6,4.33,186.0,326.0,304.0,0,7,3,24.9,1689.0,5,2,1,1,254746,3.41,4
2,50,2021,0,25493.2,79.0,290.0,50.3,6.89,147.0,244.0,200.0,2,5,2,59.6,1716.0,4,0,0,0,203716,3.59,3
15,43,2025,1,139788.5,103.7,335.0,289.7,5.62,164.0,990.0,941.0,1,5,0,36.9,1711.0,4,2,5,2,402120,3.78,5
8,21,2020,2,29338.85,40.5,157.0,85.7,6.13,165.0,185.0,200.0,1,5,2,68.7,2266.0,4,1,3,0,61921,3.18,3
1,75,2024,1,73854.83,96.9,322.0,135.2,4.66,181.0,435.0,336.0,1,5,1,24.9,1829.0,5,2,1,3,33084,3.64,8
1,70,2025,3,108403.17,84.9,286.0,52.2,5.55,165.0,939.0,836.0,0,7,4,72.3,2516.0,5,2,1,2,60610,3.5,8
7,36,2024,4,50241.81,101.5,340.0,152.7,3.86,193.0,556.0,549.0,2,5,2,41.1,2084.0,5,0,3,1,106270,3.67,3
17,28,2023,3,107650.74,66.0,238.0,70.6,5.43,169.0,1000.0,931.0,0,5,1,31.9,1500.0,4,1,1,2,215531,3.43,4
10,26,2026,1,89516.61,78.7,296.0,115.6,4.23,185.0,381.0,309.0,1,5,5,62.0,1692.0,4,1,1,3,50182,4.07,5
7,35,2024,4,106647.79,98.5,363.0,152.4,2.76,200.0,1000.0,921.0,0,7,0,36.4,1549.0,5,1,3,2,149654,3.94,5
7,33,2023,1,85387.82,78.5,251.0,130.4,5.18,178.0,1000.0,899.0,0,5,3,26.9,1500.0,4,2,3,3,131774,3.48,3
15,41,2023,3,84622.11,73.7,264.0,297.0,7.3,143.0,599.0,590.0,0,5,2,44.8,1922.0,4,2,5,3,193331,3.64,5
2,4,2025,1,28903.55,96.2,330.0,61.7,4.73,180.0,255.0,210.0,0,5,1,34.4,1559.0,4,1,0,0,225650,3.6,3
17,29,2025,3,88650.96,83.9,297.0,85.7,6.87,146.0,1000.0,880.0,2,7,3,32.2,1768.0,4,0,1,3,243258,3.56,5
17,31,2024,1,69709.16,99.7,349.0,60.9,4.74,184.0,662.0,636.0,0,5,4,61.1,2597.0,5,0,1,3,273314,3.79,4
8,21,2023,1,68881.26,85.2,297.0,97.4,4.6,172.0,787.0,717.0,0,5,2,36.4,1755.0,4,0,3,3,85490,3.48,4
7,34,2026,4,46435.85,100.4,359.0,204.9,3.97,189.0,429.0,426.0,2,7,2,52.7,2075.0,4,0,3,1,73520,3.68,4
8,45,2023,0,53627.18,75.2,266.0,132.8,6.62,154.0,573.0,518.0,1,5,3,16.6,1500.0,3,0,3,1,65815,3.66,4
4,24,2025,0,31999.38,73.5,219.0,63.0,6.24,163.0,192.0,210.0,0,5,4,74.2,2364.0,4,1,5,0,25220,3.43,4
4,11,2025,1,97440.5,95.0,331.0,63.3,5.16,173.0,1000.0,897.0,2,5,0,18.1,1680.0,4,1,5,3,26936,3.72,4
5,23,2022,0,33771.62,73.4,250.0,77.5,5.72,157.0,262.0,240.0,2,5,2,64.0,2124.0,4,0,5,0,22698,3.33,4
16,64,2023,1,79916.17,85.7,295.0,79.3,4.43,176.0,1000.0,898.0,1,5,2,44.3,2030.0,4,1,2,3,29619,3.47,3
15,42,2025,3,133807.8,41.7,150.0,336.7,5.38,161.0,994.0,865.0,0,7,4,52.9,2540.0,4,2,5,2,225294,3.41,5
15,41,2025,1,43022.88,101.7,396.0,299.8,5.0,178.0,286.0,363.0,1,7,0,37.5,1723.0,5,2,5,1,177801,4.2,6
15,42,2026,3,88927.83,60.1,213.0,331.3,7.27,143.0,671.0,574.0,0,5,2,56.9,1899.0,4,3,5,3,116766,3.76,4
1,73,2025,1,119539.21,109.1,391.0,54.4,4.24,183.0,1000.0,900.0,2,5,3,38.6,1669.0,3,2,1,2,49676,3.74,6
0,67,2025,0,71446.39,60.1,202.0,146.6,6.43,150.0,451.0,409.0,1,5,3,19.1,1500.0,5,2,1,3,60589,3.47,5
2,39,2023,4,93434.88,89.1,321.0,249.5,2.9,200.0,1000.0,912.0,0,5,5,68.6,1500.0,5,0,0,3,220329,3.35,4
14,53,2024,1,96777.2,98.9,341.0,130.2,4.47,179.0,1000.0,896.0,1,7,1,36.7,1807.0,5,0,5,3,20918,3.83,6
15,40,2024,4,142117.21,102.9,353.0,265.1,3.97,184.0,1000.0,906.0,0,5,2,39.7,1870.0,5,2,5,2,232616,3.85,4
11,14,2024,1,119324.89,90.9,308.0,123.3,5.39,168.0,1000.0,871.0,1,5,4,63.8,2732.0,5,0,0,2,11219,3.72,5
2,4,2025,0,61646.7,48.1,150.0,66.9,6.74,145.0,651.0,520.0,0,7,4,74.4,2640.0,4,1,0,1,115977,3.16,4
15,40,2025,1,112948.48,78.1,261.0,325.7,5.89,169.0,787.0,637.0,1,5,4,79.9,2409.0,5,2,5,2,130244,3.47,4
7,36,2025,4,91101.0,93.1,300.0,167.8,3.9,193.0,1000.0,880.0,0,7,5,70.1,1500.0,5,1,3,3,95350,3.54,4
2,50,2022,0,30225.18,54.4,172.0,86.1,5.71,162.0,266.0,255.0,2,5,0,22.3,1704.0,4,0,0,0,237770,3.36,4
2,4,2025,1,104231.93,79.6,254.0,106.6,4.19,186.0,1000.0,903.0,1,5,5,62.5,1649.0,4,2,0,2,190907,3.49,4
2,37,2024,0,45940.66,72.5,255.0,76.4,5.42,176.0,484.0,435.0,0,5,4,76.0,2531.0,5,2,0,1,114800,3.48,3
4,44,2025,2,68547.74,40.5,153.0,104.0,5.31,168.0,738.0,635.0,2,5,0,22.0,1696.0,5,1,5,3,25642,3.34,5
8,21,2025,1,46513.0,99.0,349.0,87.7,4.41,182.0,443.0,412.0,1,5,4,75.1,2677.0,4,2,3,1,124966,3.94,4
2,39,2022,2,72612.58,73.4,257.0,112.5,7.56,142.0,793.0,668.0,1,7,5,64.3,1500.0,4,1,0,3,232843,3.32,4
8,45,2022,0,34817.25,56.3,207.0,107.7,5.43,173.0,236.0,242.0,2,7,4,56.4,2426.0,4,1,3,0,109878,3.27,4
5,7,2025,0,34507.25,66.4,230.0,125.8,6.28,167.0,291.0,200.0,2,7,4,64.6,2166.0,5,1,5,0,18832,3.2,4
2,50,2023,1,27057.77,108.5,385.0,77.2,5.89,162.0,295.0,278.0,0,5,3,31.5,1500.0,4,1,0,0,176350,3.6,4
17,31,2020,3,48608.56,41.4,163.0,71.1,5.45,175.0,443.0,450.0,0,5,4,57.3,2188.0,5,1,1,1,221203,3.43,4
15,42,2025,0,30686.17,65.2,245.0,343.2,7.58,138.0,162.0,200.0,0,5,3,24.8,1533.0,5,2,5,0,248383,3.55,4
15,9,2023,4,56003.28,108.7,392.0,231.2,3.88,192.0,391.0,330.0,0,5,4,60.0,2669.0,4,3,5,1,102435,4.04,4
1,70,2025,2,75699.03,67.4,240.0,129.0,5.37,172.0,482.0,447.0,1,5,3,19.9,1537.0,5,1,1,3,23009,3.46,6
15,41,2025,3,102510.62,40.8,150.0,229.2,7.08,140.0,755.0,692.0,0,5,0,25.9,1648.0,4,2,5,2,206373,3.59,6
7,33,2022,2,39241.19,62.3,205.0,97.7,5.35,173.0,416.0,406.0,1,5,2,51.8,1948.0,5,0,3,1,50222,3.32,4
5,6,2025,1,74596.82,94.2,323.0,59.2,5.24,178.0,1000.0,902.0,0,7,4,74.1,2456.0,4,0,5,3,14842,3.62,5
15,41,2024,4,62920.59,91.0,352.0,239.9,4.04,184.0,443.0,372.0,2,5,5,71.7,1500.0,4,2,5,1,248485,4.42,4
8,22,2023,1,62846.87,96.2,339.0,123.1,4.69,186.0,698.0,598.0,1,7,2,47.0,1905.0,5,0,3,1,73090,3.76,4
2,63,2023,3,44973.03,70.2,272.0,98.7,6.41,156.0,493.0,472.0,2,5,1,36.3,2102.0,4,1,0,1,163237,3.63,4
16,64,2026,1,86892.09,84.1,298.0,115.8,4.23,186.0,1000.0,879.0,1,7,2,44.6,1924.0,4,1,2,3,27998,3.62,4
7,35,2022,4,56768.4,117.3,400.0,156.7,3.2,200.0,588.0,539.0,2,5,0,29.7,1611.0,5,1,3,1,141874,4.18,4
4,24,2022,1,86649.72,78.8,301.0,125.0,5.18,175.0,1000.0,889.0,2,5,4,74.4,2525.0,5,2,5,3,45060,3.95,4
8,47,2023,4,84710.91,95.4,364.0,187.7,4.06,192.0,1000.0,925.0,0,7,3,29.6,1715.0,4,0,3,3,109134,3.67,4
15,41,2025,0,93767.76,58.4,202.0,247.1,7.71,133.0,685.0,615.0,1,5,3,38.9,1585.0,4,2,5,3,129076,3.36,4
1,75,2025,3,133858.15,74.7,287.0,88.7,5.3,169.0,1000.0,890.0,0,5,2,50.4,2012.0,5,1,1,2,27376,3.39,8
16,65,2026,3,73010.4,55.3,213.0,72.3,6.41,152.0,910.0,807.0,0,5,3,17.1,1595.0,4,0,2,3,9198,3.03,4
8,47,2026,1,53569.81,105.4,370.0,145.4,5.36,168.0,550.0,484.0,1,7,0,23.4,1883.0,5,1,3,1,112650,3.77,4
4,44,2023,2,61247.58,43.0,150.0,103.3,6.46,145.0,643.0,633.0,2,5,1,34.0,1664.0,4,0,5,1,76286,3.13,5
0,48,2024,3,130055.6,60.1,232.0,124.6,5.56,169.0,1000.0,860.0,0,5,3,29.1,1715.0,4,1,1,2,44054,3.23,7
2,50,2022,3,39142.51,67.4,236.0,120.8,6.39,159.0,376.0,323.0,1,7,1,20.6,1500.0,3,0,0,1,143146,3.46,3
2,39,2023,2,26581.17,76.3,257.0,72.0,7.24,143.0,211.0,200.0,2,5,2,35.9,1699.0,5,0,0,0,206659,3.36,4
8,59,2023,4,92527.86,110.6,404.0,196.5,2.7,200.0,1000.0,936.0,2,7,2,54.6,2003.0,4,0,3,3,118664,3.6,4
17,28,2022,1,73265.41,102.2,363.0,88.3,4.82,187.0,722.0,624.0,1,5,4,50.8,2433.0,3,1,1,3,255210,3.55,4
10,18,2022,1,178840.11,102.1,380.0,97.5,4.62,182.0,1000.0,855.0,0,5,4,52.1,2548.0,5,1,1,2,49341,4.26,6
0,49,2024,2,55700.85,69.1,229.0,110.1,5.42,173.0,224.0,200.0,2,5,2,54.8,2094.0,4,1,1,1,52734,3.21,8
2,10,2024,1,75079.65,88.3,299.0,135.6,5.98,157.0,836.0,754.0,1,7,3,20.8,1791.0,3,2,0,3,149633,3.65,5
2,50,2022,0,46766.53,44.5,150.0,53.5,6.3,162.0,484.0,431.0,0,5,3,24.2,1500.0,3,1,0,1,150601,3.18,4
4,44,2026,0,43574.22,67.2,237.0,107.9,5.55,159.0,376.0,361.0,2,5,2,46.9,1834.0,5,2,5,1,55997,3.06,5
2,37,2025,3,71227.02,54.5,216.0,96.7,5.05,174.0,851.0,788.0,2,5,3,18.6,1500.0,4,0,0,3,114165,3.2,3
10,18,2024,0,126359.58,40.6,150.0,112.6,7.47,135.0,711.0,582.0,0,5,0,34.7,1760.0,5,1,1,2,31657,3.57,6
17,29,2021,1,35869.49,82.6,267.0,132.5,5.38,165.0,224.0,235.0,1,5,4,58.6,2542.0,3,0,1,1,202031,3.79,3
1,72,2025,2,84568.67,83.7,285.0,96.2,6.92,143.0,627.0,638.0,2,7,3,31.5,1500.0,4,1,1,3,62828,3.51,5
15,43,2023,0,106611.48,81.1,298.0,228.0,6.34,153.0,834.0,823.0,2,5,1,21.0,1582.0,5,2,5,2,481578,4.09,4
1,72,2024,4,82827.92,98.2,348.0,182.7,4.06,195.0,550.0,495.0,0,5,1,35.2,1572.0,4,1,1,3,59167,3.9,6
17,30,2024,2,38832.16,66.3,221.0,134.4,7.31,145.0,247.0,221.0,2,7,2,68.7,1808.0,5,2,1,1,256517,3.43,3
8,45,2025,4,52082.5,92.9,337.0,235.5,3.28,200.0,501.0,445.0,2,5,1,33.7,1630.0,5,0,3,1,99623,3.84,4
15,9,2024,2,125176.94,68.4,258.0,217.3,6.57,154.0,910.0,830.0,0,7,4,56.6,2263.0,5,2,5,2,162760,3.82,5
5,5,2024,1,46760.47,102.4,343.0,59.7,4.0,195.0,478.0,443.0,0,5,0,32.2,1592.0,4,0,5,1,22048,3.73,4
10,26,2024,3,134953.72,64.8,248.0,76.7,5.51,167.0,801.0,766.0,2,7,5,61.4,1736.0,5,1,1,2,76804,3.93,6
2,50,2023,3,33832.39,82.8,276.0,148.1,7.96,128.0,343.0,302.0,0,7,2,67.7,1930.0,4,0,0,0,177176,3.68,4
15,41,2021,3,143043.08,60.0,222.0,229.1,6.27,153.0,1000.0,781.0,1,5,2,41.9,2265.0,5,2,5,2,139115,3.55,5
15,42,2021,0,66814.08,57.8,194.0,347.5,7.17,136.0,493.0,397.0,0,7,4,79.2,2428.0,4,2,5,3,228985,3.76,6
1,75,2025,1,135695.35,105.1,363.0,94.7,4.24,192.0,1000.0,868.0,0,5,1,33.8,1687.0,4,2,1,2,36974,3.78,6
8,45,2025,3,65977.95,56.0,198.0,88.6,7.95,130.0,810.0,733.0,2,7,0,15.8,1625.0,4,0,3,3,91348,3.44,5
8,21,2026,3,95775.65,51.6,194.0,149.5,5.63,155.0,1000.0,870.0,2,7,5,77.7,1877.0,5,1,3,3,81075,3.4,4
2,50,2026,3,79542.78,81.1,295.0,110.9,7.2,137.0,912.0,788.0,0,7,5,71.2,1565.0,5,1,0,3,153987,3.28,5
17,30,2023,3,92433.28,70.1,250.0,74.9,5.51,162.0,1000.0,906.0,0,5,0,17.8,1765.0,4,2,1,3,212147,3.39,3
8,45,2024,1,56059.51,98.0,327.0,74.8,5.86,163.0,599.0,511.0,2,5,0,20.6,1542.0,5,1,3,1,117679,3.63,5
7,34,2024,2,60016.36,71.0,273.0,53.0,5.77,164.0,706.0,655.0,0,5,0,31.0,1925.0,5,0,3,1,80671,3.31,3
13,38,2024,3,184202.43,79.3,290.0,299.2,5.84,154.0,1000.0,849.0,0,7,0,20.4,1714.0,5,1,1,2,14726,3.66,6
15,9,2022,4,57537.68,103.2,386.0,238.5,3.15,199.0,393.0,380.0,1,5,4,55.4,2484.0,5,3,5,1,194936,4.06,6
5,7,2021,4,47454.86,102.7,354.0,232.6,2.76,200.0,521.0,455.0,1,5,5,77.5,1612.0,4,0,5,1,7468,3.83,3
17,32,2024,1,52456.57,106.8,377.0,127.6,4.43,177.0,470.0,420.0,2,5,2,64.1,1885.0,4,0,1,1,214608,3.82,4
17,32,2022,0,27966.77,59.8,195.0,146.4,5.04,172.0,150.0,200.0,0,7,3,31.0,1750.0,5,1,1,0,258777,3.29,3
5,23,2021,1,61755.21,79.1,270.0,148.6,5.83,165.0,846.0,793.0,1,5,2,47.3,2033.0,5,1,5,1,9557,3.66,3
5,6,2025,2,36433.27,44.4,150.0,74.5,5.63,161.0,349.0,331.0,1,5,1,23.6,1500.0,5,0,5,1,27128,3.23,3
18,61,2026,4,111533.26,116.5,422.0,153.5,2.98,200.0,1000.0,882.0,0,5,2,54.6,1917.0,4,1,4,2,29548,3.71,5
15,41,2026,2,81673.28,69.3,252.0,299.0,6.12,153.0,595.0,529.0,0,5,2,69.8,2107.0,4,2,5,3,117880,3.75,6
15,9,2026,0,55329.7,56.6,217.0,328.7,6.63,151.0,378.0,320.0,2,7,4,69.8,2635.0,4,2,5,1,211999,3.34,5
5,23,2025,1,49790.46,91.9,322.0,83.7,4.58,180.0,538.0,549.0,2,5,2,67.4,2327.0,5,2,5,1,29595,3.76,4
8,45,2024,1,82833.74,107.6,375.0,81.5,4.71,173.0,1000.0,897.0,0,5,4,70.0,2631.0,4,0,3,3,98307,3.67,5
2,10,2024,3,104505.82,41.7,159.0,125.5,6.37,153.0,1000.0,919.0,1,5,1,19.9,1790.0,5,1,0,2,111020,3.1,4
15,43,2022,1,45169.5,98.8,340.0,234.2,5.08,170.0,274.0,233.0,2,5,5,71.7,1563.0,4,2,5,1,416114,4.22,5
15,41,2025,3,135056.97,63.0,231.0,263.4,7.57,135.0,1000.0,916.0,2,7,2,36.8,2017.0,5,3,5,2,107596,3.88,5
0,49,2026,4,79000.66,102.5,355.0,167.1,2.94,200.0,441.0,398.0,0,7,0,34.9,1660.0,5,2,1,3,72672,4.03,7
15,40,2025,0,50205.39,40.3,150.0,296.4,5.86,169.0,355.0,293.0,1,5,5,68.2,1641.0,3,3,5,1,169041,3.2,4
2,39,2025,0,24481.15,41.9,150.0,94.6,7.37,137.0,236.0,200.0,0,5,3,17.4,1500.0,3,1,0,0,176238,3.06,3
2,10,2024,1,51538.03,99.3,365.0,74.4,4.53,175.0,546.0,469.0,1,7,2,55.2,1948.0,5,2,0,1,188274,3.73,4
2,4,2024,0,19083.54,44.4,151.0,90.6,7.76,141.0,150.0,200.0,0,7,4,59.3,2431.0,4,0,0,0,216310,3.28,3
15,43,2024,4,37255.18,113.7,383.0,346.6,2.62,200.0,272.0,218.0,2,7,2,62.3,1904.0,5,2,5,1,451073,4.23,5
7,33,2022,0,28093.63,47.2,167.0,85.3,7.79,139.0,150.0,200.0,2,7,5,68.5,1572.0,3,0,3,0,119899,3.25,4
15,9,2025,0,88007.74,64.2,223.0,282.7,5.25,171.0,578.0,464.0,1,5,4,56.1,2585.0,4,2,5,3,102752,3.5,6
4,24,2025,4,75193.9,76.1,227.0,192.0,3.26,193.0,849.0,764.0,0,5,3,38.2,1687.0,4,1,5,3,31804,3.45,3
2,63,2026,2,90374.6,57.6,191.0,101.5,6.82,145.0,944.0,832.0,0,5,1,19.7,1540.0,5,0,0,3,232416,3.5,4
8,45,2025,4,111745.56,82.5,289.0,172.9,4.1,183.0,1000.0,855.0,1,7,4,72.1,2484.0,4,0,3,2,96875,3.43,3
0,48,2022,3,144615.75,49.5,161.0,72.5,6.0,152.0,1000.0,883.0,0,5,2,56.2,2232.0,5,2,1,2,57074,3.06,6
1,73,2025,2,69328.91,57.6,225.0,75.8,7.24,142.0,351.0,366.0,2,5,2,39.0,2137.0,5,1,1,3,73975,3.26,8
7,34,2022,3,39046.61,54.4,178.0,104.9,6.75,148.0,312.0,289.0,0,7,0,19.3,1718.0,4,1,3,1,57836,3.14,3
2,57,2025,1,79832.09,92.0,328.0,103.3,5.19,171.0,875.0,790.0,1,7,2,70.0,2024.0,5,0,0,3,242291,3.55,4
2,57,2024,3,51226.67,79.6,271.0,64.5,5.31,167.0,544.0,486.0,0,7,3,38.7,1756.0,5,2,0,1,143773,3.5,4
1,73,2024,2,70389.46,59.8,217.0,138.4,6.79,142.0,464.0,410.0,2,5,0,19.9,1815.0,5,2,1,3,76685,3.38,5
18,62,2022,4,90661.21,108.4,396.0,234.5,2.53,200.0,807.0,735.0,0,5,2,56.2,2143.0,5,0,4,3,15699,3.68,5
1,74,2022,4,154009.88,79.0,275.0,162.1,4.46,180.0,1000.0,888.0,0,5,0,33.0,1842.0,4,1,1,2,26663,3.51,7
8,21,2025,3,61993.33,49.9,183.0,110.9,5.72,168.0,677.0,582.0,0,5,3,34.6,1566.0,4,2,3,1,65237,3.14,4
5,5,2025,1,34424.61,103.6,370.0,71.7,5.72,163.0,285.0,250.0,2,5,3,27.9,1690.0,4,1,5,0,20827,3.59,4
7,36,2025,2,53515.28,50.9,176.0,58.7,6.74,147.0,628.0,566.0,0,5,1,39.8,1607.0,5,1,3,1,93480,3.41,4
15,41,2026,1,127635.34,105.5,384.0,265.1,4.6,176.0,950.0,859.0,1,7,2,63.1,2140.0,5,2,5,2,158325,4.24,5
8,21,2024,2,31230.72,71.7,250.0,103.9,5.73,164.0,204.0,200.0,2,5,3,25.8,1615.0,5,0,3,0,74025,3.37,4
16,65,2025,2,46568.71,69.2,216.0,84.7,5.33,165.0,417.0,358.0,1,5,2,58.3,2099.0,5,0,2,1,1982,3.52,4
15,42,2025,0,95625.9,64.1,229.0,299.1,7.66,138.0,681.0,637.0,2,5,0,21.1,1896.0,5,2,5,3,233990,3.63,5
1,74,2022,3,116700.28,62.9,213.0,66.7,7.34,146.0,1000.0,869.0,2,5,5,65.0,1527.0,5,2,1,2,29505,3.78,5
15,9,2022,1,88720.74,92.2,341.0,247.8,4.93,175.0,616.0,532.0,1,5,4,55.6,2380.0,4,3,5,3,226922,4.02,5
7,34,2026,2,59666.31,75.5,262.0,93.8,7.01,147.0,716.0,656.0,0,5,3,15.7,1500.0,4,1,3,1,130091,3.79,5
15,9,2024,3,148667.6,71.3,250.0,253.6,7.89,135.0,1000.0,901.0,0,5,4,72.1,2309.0,5,2,5,2,117109,3.79,4
17,29,2025,2,48208.86,79.0,288.0,120.9,6.74,152.0,425.0,364.0,1,5,3,28.2,1783.0,5,1,1,1,272524,3.48,3
5,7,2021,0,57965.58,67.0,237.0,86.4,6.45,159.0,732.0,664.0,2,5,5,72.8,1500.0,4,1,5,1,3168,3.49,4
2,63,2026,1,92189.49,91.2,317.0,118.6,4.09,188.0,1000.0,956.0,1,7,0,30.8,1766.0,4,2,0,3,158795,3.92,3
1,73,2020,2,94185.6,41.2,150.0,123.8,5.94,159.0,691.0,651.0,0,7,0,38.9,1511.0,4,1,1,3,43577,3.37,8
4,44,2024,0,38196.95,78.2,261.0,60.0,5.44,160.0,270.0,204.0,1,5,1,15.1,1500.0,5,0,5,1,25281,3.55,4
14,53,2020,2,74902.51,63.7,219.0,64.2,7.08,142.0,335.0,333.0,2,5,0,29.5,1679.0,4,1,5,3,16890,3.32,5
2,37,2024,1,77872.95,95.8,343.0,83.8,5.67,164.0,907.0,801.0,2,5,2,46.6,2029.0,4,0,0,3,152424,3.65,3
17,31,2025,2,76084.88,51.2,165.0,65.3,6.3,149.0,816.0,711.0,1,5,1,34.2,1500.0,4,1,1,3,264457,3.12,3
15,42,2023,0,55932.63,59.8,209.0,224.1,5.74,155.0,364.0,340.0,2,5,2,46.3,2166.0,3,3,5,1,183636,3.65,5
18,8,2022,0,45992.59,83.4,291.0,142.4,5.51,175.0,167.0,200.0,2,7,1,17.8,1500.0,5,0,4,1,3048,3.39,4
14,52,2020,0,64055.95,77.9,280.0,141.4,7.73,136.0,150.0,200.0,1,2,4,67.6,2714.0,5,0,5,1,12678,3.7,4
8,22,2025,1,39329.81,94.0,300.0,148.7,4.14,189.0,276.0,263.0,0,7,2,51.9,2029.0,5,0,3,1,139592,3.62,4
10,18,2024,3,200859.77,65.8,222.0,145.6,5.04,178.0,1000.0,880.0,2,5,1,39.6,1543.0,5,1,1,2,50870,3.8,7
7,36,2025,4,83020.49,119.5,412.0,183.5,4.27,188.0,1000.0,914.0,2,5,3,39.7,1500.0,4,0,3,3,65013,3.72,4
1,74,2023,1,131127.44,88.4,275.0,70.5,4.88,175.0,1000.0,893.0,2,7,5,68.7,1543.0,4,2,1,2,49932,3.32,7
15,43,2023,1,63692.69,107.7,357.0,240.9,4.17,188.0,446.0,387.0,1,7,5,75.1,1500.0,3,3,5,1,462962,4.05,4
5,7,2025,1,37683.39,98.3,363.0,60.9,5.89,166.0,410.0,390.0,0,7,4,71.9,2310.0,4,2,5,1,20559,3.37,4
15,43,2025,3,40474.28,53.8,163.0,301.5,6.49,148.0,226.0,200.0,2,5,2,53.5,2239.0,4,2,5,1,484636,3.69,5
10,18,2024,0,111876.0,48.8,150.0,52.4,6.45,153.0,558.0,450.0,0,7,3,38.7,1698.0,4,1,1,2,36359,3.55,8
4,25,2024,4,106766.97,109.9,376.0,166.2,3.18,200.0,1000.0,895.0,0,2,4,77.4,2776.0,4,1,5,2,44309,3.77,3
5,6,2025,3,47998.86,60.9,202.0,96.1,5.42,159.0,551.0,486.0,0,7,5,70.8,1527.0,5,0,5,1,2175,3.23,4
15,42,2024,0,78351.88,83.5,303.0,324.6,6.81,152.0,546.0,448.0,1,5,4,54.1,2584.0,5,2,5,3,135414,3.99,4
2,50,2025,3,101756.01,70.7,259.0,71.7,7.72,139.0,1000.0,893.0,2,5,0,39.2,1710.0,5,0,0,2,207780,3.62,3
2,63,2021,4,36438.81,91.3,319.0,202.3,3.74,192.0,418.0,410.0,0,5,0,29.8,1516.0,4,0,0,1,110969,3.76,4
17,31,2024,2,45113.98,80.8,294.0,94.5,7.15,140.0,373.0,306.0,2,7,3,21.5,1516.0,4,0,1,1,248569,3.75,4
15,43,2024,0,117810.94,78.1,253.0,210.7,5.7,162.0,847.0,781.0,0,5,0,25.0,1774.0,4,2,5,2,402141,4.01,5
11,12,2022,2,64086.32,52.7,161.0,59.1,5.34,169.0,491.0,423.0,0,5,2,50.8,2057.0,5,2,0,1,19395,3.46,4
8,45,2026,4,71757.16,96.0,336.0,236.2,4.45,181.0,816.0,742.0,0,5,4,67.5,2916.0,5,0,3,3,123775,3.66,3
2,39,2026,4,71385.39,109.6,380.0,150.6,4.08,193.0,830.0,743.0,0,5,0,20.6,1527.0,4,0,0,3,234079,3.75,4
17,28,2023,4,82345.29,78.4,276.0,162.1,2.61,200.0,961.0,853.0,2,7,1,27.1,1677.0,4,2,1,3,291745,3.72,4
17,31,2024,1,69646.08,82.9,303.0,106.8,5.02,175.0,708.0,650.0,2,5,0,25.2,1500.0,4,0,1,3,292447,3.87,3
8,45,2023,4,59632.87,90.3,325.0,160.4,3.84,196.0,682.0,638.0,0,5,0,20.8,1529.0,5,0,3,1,97616,3.74,4
7,33,2024,4,44796.76,104.6,359.0,167.5,2.56,200.0,395.0,380.0,0,5,3,39.3,1500.0,5,1,3,1,113793,4.03,4
14,54,2025,2,79722.65,80.9,261.0,102.2,5.1,173.0,649.0,596.0,0,7,2,53.8,2018.0,5,2,5,3,28225,3.26,5
7,34,2025,3,65433.15,41.9,150.0,54.9,5.06,179.0,785.0,710.0,0,7,3,32.3,1506.0,5,2,3,3,78985,3.32,5
18,62,2024,2,75390.6,43.1,156.0,72.8,6.98,135.0,591.0,512.0,2,5,5,72.6,1623.0,5,2,4,3,16760,3.31,5
10,17,2024,1,95795.03,93.8,354.0,136.1,4.61,177.0,477.0,445.0,0,7,4,70.2,2380.0,3,1,1,3,37523,4.16,6
2,63,2024,1,65610.36,86.2,270.0,67.6,5.11,176.0,724.0,637.0,1,5,1,18.9,1677.0,5,0,0,3,239905,3.59,4
14,51,2024,2,85223.91,55.2,206.0,65.2,7.32,146.0,972.0,858.0,2,7,0,30.1,1500.0,5,1,5,3,18207,3.15,4
15,41,2026,4,173601.0,82.0,301.0,340.2,4.49,184.0,1000.0,901.0,2,7,4,65.9,2374.0,4,2,5,2,192234,3.86,4
4,24,2024,1,93391.97,96.9,328.0,111.1,4.62,188.0,1000.0,877.0,2,5,5,79.7,1566.0,4,2,5,3,53055,3.46,4
17,32,2025,2,60858.6,63.9,242.0,79.9,5.77,165.0,619.0,583.0,0,5,3,29.0,1783.0,4,0,1,1,280770,3.65,3
0,49,2024,0,68629.02,66.7,254.0,132.2,5.48,173.0,359.0,342.0,2,5,3,32.4,1555.0,5,1,1,3,32172,3.58,6
10,17,2025,3,128362.44,46.9,168.0,115.3,7.18,141.0,668.0,576.0,0,5,0,25.4,1630.0,4,1,1,2,79528,3.66,8
4,11,2024,4,115288.59,81.6,287.0,180.5,3.85,191.0,1000.0,926.0,0,7,1,16.7,1500.0,5,0,5,2,28651,3.57,3
4,24,2021,3,97933.8,43.7,150.0,66.6,7.65,142.0,1000.0,911.0,2,5,2,54.5,1826.0,4,0,5,3,45842,3.05,4
2,63,2024,2,42922.38,65.7,235.0,137.2,6.4,155.0,444.0,426.0,2,7,5,64.8,1633.0,5,0,0,1,109861,3.54,5
15,40,2025,2,103423.57,67.2,226.0,261.9,6.82,149.0,760.0,704.0,0,7,1,21.0,1500.0,5,2,5,2,136780,3.7,4
17,30,2025,1,46681.91,83.1,285.0,117.4,5.0,181.0,391.0,288.0,2,5,0,16.8,1552.0,5,0,1,1,243592,3.37,5
15,43,2025,0,38868.67,48.0,150.0,335.5,5.15,171.0,305.0,320.0,0,7,0,33.1,1522.0,4,2,5,1,420151,3.64,4
5,7,2023,4,39441.22,70.4,238.0,153.9,3.84,192.0,376.0,363.0,2,5,0,25.0,1534.0,3,0,5,1,9783,3.17,5
2,57,2025,2,53845.68,43.7,161.0,140.0,7.79,125.0,606.0,573.0,0,7,1,18.1,1522.0,4,1,0,1,196975,3.39,4
9,3,2024,4,156097.02,97.8,351.0,293.5,3.51,196.0,687.0,578.0,2,5,2,54.5,2233.0,4,1,5,2,13230,3.53,5
1,70,2024,4,130176.15,89.9,326.0,244.3,2.77,200.0,1000.0,942.0,1,7,5,75.6,1584.0,4,1,1,2,59392,3.8,5
10,17,2025,3,153235.91,48.7,182.0,123.0,7.52,133.0,973.0,889.0,2,7,3,21.0,1585.0,5,2,1,2,44720,3.56,7
15,42,2025,3,60275.05,61.4,220.0,267.6,7.92,143.0,423.0,399.0,0,7,2,69.8,1918.0,4,3,5,1,226355,3.72,6
10,15,2025,3,202973.51,74.1,259.0,51.6,6.56,152.0,1000.0,877.0,0,7,3,16.9,1500.0,5,1,1,2,22987,3.81,8
14,53,2021,4,113614.29,108.1,387.0,198.9,2.76,200.0,1000.0,887.0,0,5,1,17.5,1500.0,5,2,5,2,4505,3.89,5
7,35,2024,4,77513.92,107.4,368.0,161.1,4.37,187.0,989.0,891.0,0,5,1,28.0,1500.0,4,1,3,3,71992,4.07,4
8,59,2023,0,47384.85,55.2,193.0,52.3,5.67,168.0,503.0,431.0,1,7,2,64.0,2270.0,4,2,3,1,57685,3.6,4
4,24,2025,1,69671.76,106.4,373.0,81.6,5.59,161.0,749.0,594.0,0,5,0,16.5,1592.0,5,0,5,3,49288,3.95,4
15,9,2024,3,110128.5,50.3,163.0,313.5,6.16,163.0,829.0,855.0,2,5,4,78.2,2528.0,5,2,5,2,212436,3.54,6
7,34,2025,2,63434.69,78.0,279.0,86.0,7.89,124.0,770.0,690.0,2,7,4,67.4,2434.0,5,0,3,1,133046,3.73,4
17,28,2022,1,60508.93,105.5,362.0,110.2,5.38,171.0,611.0,632.0,0,5,0,26.4,1710.0,5,0,1,1,222081,3.78,5
15,42,2023,4,111766.84,104.9,361.0,297.9,3.31,200.0,782.0,741.0,0,7,1,24.6,1774.0,4,2,5,2,176852,4.05,5
17,32,2025,1,101757.37,83.1,278.0,142.8,4.8,176.0,1000.0,893.0,1,5,3,39.7,1868.0,4,0,1,2,269645,3.59,5
15,42,2021,3,118010.78,64.7,229.0,346.2,6.89,141.0,897.0,801.0,0,5,1,23.8,1554.0,4,3,5,2,177339,3.7,5
15,42,2024,3,80831.47,71.2,278.0,254.0,5.58,169.0,563.0,540.0,2,5,1,33.4,1546.0,4,3,5,3,202000,3.76,5
15,42,2021,1,118192.05,92.9,329.0,280.7,5.55,162.0,844.0,742.0,0,5,0,18.7,1733.0,5,2,5,2,123098,3.96,5
16,65,2025,2,48846.72,75.4,274.0,136.8,6.03,159.0,399.0,387.0,0,7,0,20.1,1542.0,5,0,2,1,21759,3.51,5
8,21,2023,3,82403.5,78.6,288.0,121.4,6.15,151.0,1000.0,942.0,1,7,5,76.2,1788.0,4,0,3,3,95064,3.74,4
3,55,2024,0,85586.47,57.3,200.0,132.1,6.4,160.0,703.0,630.0,1,7,2,55.4,1923.0,4,1,5,3,25585,3.16,4
17,30,2024,4,53590.91,74.7,258.0,203.2,2.73,200.0,504.0,466.0,2,5,0,39.9,1653.0,3,1,1,1,209815,3.08,5
2,50,2022,2,70030.57,41.8,150.0,149.7,7.64,133.0,743.0,623.0,1,7,1,18.7,1558.0,3,1,0,3,187796,3.45,4
7,71,2024,2,31256.77,68.1,218.0,145.7,7.74,136.0,233.0,200.0,2,5,4,72.8,2029.0,4,0,3,0,83425,3.35,4
17,28,2022,4,77144.75,109.8,367.0,177.7,2.66,200.0,840.0,732.0,2,7,0,21.9,1500.0,5,1,1,3,280321,3.69,5
15,40,2025,4,133323.67,89.5,316.0,268.1,2.52,200.0,963.0,873.0,0,7,1,22.8,1570.0,4,2,5,2,119703,4.02,6
1,70,2025,2,61490.61,40.3,150.0,81.5,7.4,144.0,292.0,228.0,2,7,0,34.1,1500.0,4,1,1,1,75130,3.39,5
2,37,2024,4,56202.17,81.3,298.0,197.2,4.39,188.0,586.0,567.0,2,5,0,31.1,1500.0,5,1,0,1,225829,3.87,4
1,70,2025,3,113220.74,50.2,167.0,94.6,6.84,146.0,997.0,904.0,2,5,4,55.7,2431.0,3,1,1,2,36980,3.17,6
1,73,2023,3,104739.58,54.5,189.0,91.0,6.88,151.0,884.0,789.0,2,5,0,22.4,1510.0,5,1,1,2,58894,3.16,8
15,41,2026,4,120237.63,106.4,374.0,218.4,3.84,197.0,876.0,755.0,0,5,5,63.3,1725.0,3,2,5,2,139118,4.36,5
15,42,2025,2,86049.94,67.9,210.0,237.4,6.77,146.0,542.0,467.0,1,5,1,36.0,1653.0,5,2,5,3,244820,3.64,6
4,25,2024,4,113010.15,74.7,251.0,188.0,4.25,189.0,1000.0,902.0,1,2,4,79.2,2490.0,5,0,5,2,26657,3.63,4
7,34,2022,4,87757.22,77.5,262.0,248.7,4.12,194.0,1000.0,920.0,2,5,4,50.7,2567.0,5,1,3,3,73010,3.41,5
15,42,2022,4,77379.74,110.0,373.0,304.7,3.07,200.0,581.0,500.0,0,5,3,20.8,1602.0,3,2,5,3,238571,4.04,4
18,8,2025,0,87551.42,42.1,150.0,86.1,5.87,156.0,745.0,643.0,0,5,4,58.8,2197.0,4,1,4,3,28712,3.0,3
15,9,2023,1,40789.91,106.8,379.0,243.7,4.65,177.0,282.0,226.0,2,7,4,59.9,2247.0,5,2,5,1,187262,4.38,6
5,23,2022,0,32829.19,77.7,295.0,108.1,7.17,139.0,247.0,200.0,0,7,2,67.4,1866.0,5,0,5,0,26546,3.6,4
12,2,2023,4,90903.84,95.0,337.0,194.7,3.86,185.0,621.0,569.0,0,7,0,28.5,1500.0,5,2,4,3,18672,3.64,3
2,39,2023,1,98961.38,90.2,294.0,97.5,5.51,171.0,1000.0,899.0,2,5,5,64.7,1594.0,4,2,0,3,230275,3.52,5
15,42,2025,2,108924.8,75.0,251.0,317.1,5.27,171.0,776.0,726.0,1,7,1,33.5,1665.0,5,2,5,2,104109,3.74,6
15,41,2021,4,76847.7,116.8,418.0,242.7,3.9,197.0,454.0,476.0,2,7,0,20.0,1660.0,5,3,5,3,229674,4.0,5
2,50,2023,1,52355.75,87.1,286.0,147.8,4.29,184.0,510.0,435.0,1,5,3,31.3,1582.0,5,1,0,1,146928,3.27,4
15,40,2025,0,91015.05,61.8,227.0,258.4,7.27,141.0,616.0,518.0,2,7,2,63.7,1936.0,5,3,5,3,229357,3.56,5
5,6,2025,4,44784.34,93.2,321.0,217.0,4.45,182.0,436.0,366.0,0,5,1,37.8,1677.0,5,2,5,1,7434,3.72,4
15,40,2025,1,84994.49,96.6,315.0,253.0,5.61,161.0,617.0,558.0,2,5,3,15.4,1655.0,4,2,5,3,246722,3.99,5
7,71,2026,3,95007.35,71.5,249.0,140.8,6.71,152.0,1000.0,893.0,1,5,1,18.3,1791.0,3,2,3,3,111030,3.22,3
19,56,2024,3,89310.64,64.2,208.0,70.5,5.61,173.0,1000.0,910.0,0,5,2,56.5,1829.0,4,0,0,3,29176,3.31,3
4,44,2024,2,67107.54,81.2,286.0,99.5,7.48,137.0,774.0,714.0,2,5,1,28.6,1516.0,5,1,5,3,58727,3.6,3
8,45,2024,0,56356.86,45.0,154.0,123.3,5.88,163.0,609.0,531.0,1,5,1,15.3,1503.0,5,0,3,1,107160,3.3,3
2,37,2024,2,21286.38,69.6,233.0,54.5,5.47,168.0,187.0,200.0,2,7,3,17.7,1613.0,5,1,0,0,116507,3.18,4
1,72,2025,1,88308.2,95.5,308.0,89.7,5.09,174.0,690.0,695.0,2,5,1,15.7,1664.0,4,2,1,3,31503,3.49,6
7,33,2024,4,103986.41,110.9,397.0,221.4,4.41,185.0,1000.0,904.0,0,7,3,34.5,1595.0,5,1,3,2,106892,4.01,5
17,31,2020,0,27139.23,78.9,261.0,95.0,7.55,130.0,150.0,200.0,1,5,1,39.4,1500.0,4,2,1,0,271891,3.57,4
15,43,2026,2,53435.31,80.3,259.0,339.8,5.59,162.0,390.0,389.0,2,7,1,33.0,1818.0,4,2,5,1,467122,3.87,4
0,68,2023,3,88280.78,42.7,156.0,52.7,5.05,173.0,560.0,546.0,0,5,0,32.1,1737.0,4,1,1,3,66857,3.24,5
17,32,2025,0,76426.72,83.1,339.0,122.5,6.37,155.0,843.0,736.0,2,5,5,78.0,1585.0,4,2,1,3,248734,3.73,4
15,41,2023,0,45116.56,45.3,169.0,236.3,6.1,158.0,276.0,281.0,1,5,3,20.6,1619.0,3,3,5,1,116884,3.58,5
17,32,2024,4,68348.69,94.0,323.0,233.3,2.58,200.0,734.0,637.0,2,7,1,19.9,1694.0,4,2,1,3,238867,3.7,5
17,31,2023,1,49537.91,82.9,278.0,129.1,4.66,191.0,439.0,385.0,2,7,0,31.7,1650.0,5,1,1,1,250021,3.64,3
10,17,2025,1,111628.51,84.7,274.0,137.8,5.58,166.0,601.0,537.0,0,5,2,47.3,1944.0,4,1,1,2,76984,3.74,6
5,6,2026,1,54836.04,109.7,385.0,129.7,4.0,183.0,636.0,600.0,0,5,1,16.7,1600.0,5,0,5,1,17331,3.77,5
4,25,2025,0,34802.06,47.6,150.0,102.2,6.52,146.0,265.0,208.0,0,4,4,73.9,2056.0,4,1,5,0,51835,3.13,4
15,43,2022,2,93506.44,60.2,206.0,272.3,7.47,137.0,695.0,611.0,2,5,5,72.0,1646.0,5,3,5,3,464918,3.52,6
17,31,2024,2,79224.44,48.4,164.0,79.6,6.88,136.0,891.0,780.0,1,5,2,41.2,2091.0,5,2,1,3,219453,3.46,4
7,36,2025,1,43459.69,83.7,302.0,88.9,4.32,192.0,448.0,378.0,1,5,4,78.7,2699.0,5,2,3,1,114002,3.56,3
15,42,2021,3,100894.61,84.8,304.0,288.9,6.04,161.0,727.0,655.0,2,7,2,62.5,1686.0,5,2,5,2,201220,3.9,5
2,10,2026,4,31398.12,100.6,352.0,226.6,3.63,200.0,296.0,289.0,0,5,1,37.5,1500.0,5,1,0,0,240918,3.58,3
5,5,2024,1,85774.4,106.0,388.0,78.3,4.51,181.0,1000.0,904.0,0,5,5,78.7,1666.0,4,0,5,3,22091,3.72,4
15,40,2023,4,53096.09,113.8,404.0,309.6,3.8,200.0,298.0,243.0,2,7,5,62.1,1503.0,4,2,5,1,123687,4.34,5
7,34,2023,0,40063.52,83.0,298.0,123.0,7.7,134.0,373.0,388.0,1,5,5,60.2,1526.0,5,0,3,1,95016,3.55,4
2,57,2023,0,72565.72,43.8,153.0,127.4,5.45,175.0,799.0,748.0,2,7,1,22.8,1591.0,5,1,0,3,193019,3.17,4
15,41,2023,3,90489.19,66.8,227.0,270.6,7.25,144.0,650.0,559.0,0,5,5,64.7,1535.0,4,2,5,3,231411,3.84,4
2,63,2026,3,58741.09,43.2,166.0,146.8,5.12,171.0,609.0,553.0,2,5,3,27.7,1654.0,5,0,0,1,193352,3.21,4
9,27,2025,4,166388.92,75.9,281.0,207.6,3.27,195.0,740.0,654.0,0,5,5,64.8,1555.0,5,0,5,2,27265,3.3,5
4,11,2022,4,72683.98,73.7,253.0,217.6,2.74,200.0,871.0,801.0,0,7,0,21.3,1539.0,4,1,5,3,25267,3.64,4
16,65,2021,4,93898.99,117.1,375.0,200.2,3.95,182.0,1000.0,920.0,0,7,0,31.0,1520.0,5,0,2,3,29112,3.93,3
7,35,2023,1,79421.07,79.2,250.0,81.2,5.56,164.0,981.0,917.0,1,7,5,75.8,1500.0,5,2,3,3,120050,3.41,3
15,40,2022,3,78038.19,59.8,219.0,334.0,6.2,162.0,544.0,487.0,0,7,0,26.6,1704.0,3,3,5,3,156841,3.58,4
8,45,2026,4,89456.85,106.6,392.0,226.2,3.68,199.0,1000.0,879.0,2,7,5,67.6,1577.0,4,0,3,3,55244,3.99,4
17,30,2020,1,81317.3,77.9,298.0,145.7,4.33,182.0,894.0,772.0,2,7,4,71.7,2388.0,4,2,1,3,205086,3.62,3
10,26,2021,1,133886.35,108.5,379.0,137.9,5.63,159.0,810.0,741.0,0,5,5,61.9,1500.0,4,2,1,2,61011,4.0,7
15,40,2026,3,123396.13,65.5,201.0,235.6,7.67,135.0,904.0,801.0,0,5,0,37.2,1684.0,4,3,5,2,179193,3.78,5
7,36,2023,1,89541.12,95.4,330.0,131.0,4.83,179.0,1000.0,880.0,2,7,2,69.6,1987.0,5,1,3,3,122583,3.74,3
15,41,2025,0,30387.16,46.7,183.0,294.1,7.88,130.0,199.0,200.0,1,5,1,17.8,1500.0,5,3,5,0,225676,3.51,6
2,4,2024,2,21707.92,56.8,176.0,141.1,7.77,135.0,199.0,213.0,0,5,1,34.7,1776.0,4,0,0,0,240735,3.31,4
5,7,2024,3,52232.74,42.0,150.0,134.4,5.26,171.0,623.0,597.0,2,5,5,76.8,1529.0,4,0,5,1,17461,3.32,3
7,33,2025,3,78178.94,79.4,290.0,53.7,5.34,169.0,1000.0,852.0,0,5,2,66.1,2435.0,5,1,3,3,93827,3.71,4
17,32,2025,0,32608.87,54.0,178.0,63.1,5.66,169.0,218.0,243.0,1,5,4,68.4,2358.0,3,1,1,0,223686,3.31,3
17,28,2024,2,64646.52,70.7,219.0,52.4,7.72,140.0,656.0,529.0,1,5,1,17.5,1566.0,4,0,1,1,229331,3.6,4
7,36,2026,2,40896.41,84.8,286.0,56.7,7.09,148.0,339.0,284.0,2,7,4,78.3,2639.0,4,0,3,1,60452,3.61,4
4,11,2024,4,99172.17,96.1,340.0,150.4,3.5,200.0,1000.0,919.0,0,5,2,58.0,2017.0,5,1,5,3,55818,3.69,4
0,49,2025,2,97077.65,52.8,197.0,133.8,7.59,132.0,714.0,605.0,0,7,1,33.6,1677.0,5,2,1,3,69050,3.19,6
16,65,2025,1,75339.45,86.8,325.0,141.0,4.49,184.0,939.0,924.0,2,5,1,26.0,1541.0,5,0,2,3,12682,3.5,3
4,44,2025,4,72824.56,94.6,347.0,161.1,4.26,180.0,915.0,803.0,2,5,5,66.5,1939.0,3,2,5,3,45964,3.7,4
2,4,2025,1,26097.55,99.0,367.0,56.9,4.77,176.0,270.0,217.0,0,5,4,71.7,2861.0,5,2,0,0,233286,3.51,5
1,70,2023,0,89086.86,79.5,279.0,115.5,5.03,179.0,643.0,655.0,2,7,4,57.6,2730.0,4,2,1,3,63501,3.78,5
17,32,2026,4,72231.36,115.0,387.0,230.9,3.15,200.0,746.0,695.0,0,5,3,16.2,1564.0,4,0,1,3,241869,4.05,4
2,37,2022,1,80180.18,86.6,329.0,52.3,4.79,183.0,857.0,747.0,0,5,4,76.8,2565.0,5,1,0,3,170493,3.64,3
10,18,2023,3,111693.41,44.9,154.0,66.0,6.74,144.0,636.0,581.0,0,5,1,25.7,1500.0,4,1,1,2,72096,3.64,6
15,41,2026,0,119620.48,41.3,150.0,231.4,5.76,162.0,850.0,762.0,1,5,5,64.2,1667.0,4,2,5,2,186324,3.52,5
0,48,2025,2,63113.08,44.0,150.0,134.7,7.23,146.0,322.0,241.0,2,5,5,68.2,1501.0,4,2,1,1,79880,3.21,7
7,71,2026,3,83199.83,49.6,161.0,52.9,7.68,135.0,1000.0,924.0,0,5,3,33.1,1500.0,3,0,3,3,92496,3.22,3
1,75,2023,1,130324.5,105.0,370.0,58.0,4.3,186.0,1000.0,885.0,0,5,3,25.0,1679.0,5,2,1,2,62481,3.82,6
1,73,2024,3,92379.17,50.8,150.0,92.1,7.5,136.0,781.0,690.0,0,7,4,61.5,2455.0,5,1,1,3,64158,3.31,7
0,48,2025,3,154475.14,69.7,246.0,132.7,6.23,161.0,1000.0,879.0,0,5,3,22.6,1646.0,5,2,1,2,20728,3.43,5
1,73,2024,2,78676.53,80.3,292.0,142.6,6.38,155.0,489.0,453.0,2,5,1,22.8,1501.0,5,1,1,3,28903,3.53,6
8,22,2021,1,56383.76,77.6,294.0,107.4,5.95,162.0,689.0,647.0,1,5,2,46.4,1920.0,5,1,3,1,85632,3.6,3
15,43,2025,4,51114.48,78.3,274.0,222.3,3.51,190.0,299.0,241.0,2,7,2,62.1,2000.0,5,2,5,1,484952,4.03,6
7,35,2024,4,44088.19,81.5,270.0,231.5,4.01,188.0,402.0,391.0,2,5,1,25.5,1685.0,3,0,3,1,119102,3.6,4
15,40,2023,3,98229.28,82.6,290.0,268.4,7.42,142.0,730.0,668.0,2,7,3,33.9,1500.0,4,2,5,3,151125,4.05,4
5,23,2026,4,71801.02,84.4,304.0,228.3,2.8,200.0,950.0,836.0,0,7,2,50.0,1829.0,4,1,5,3,4745,3.45,4
7,35,2024,2,63404.54,72.2,253.0,88.9,5.5,168.0,777.0,662.0,2,7,3,29.9,1532.0,5,0,3,1,79234,3.49,3
1,70,2023,3,126296.04,69.4,238.0,100.7,5.91,158.0,1000.0,891.0,2,5,4,56.1,2766.0,4,1,1,2,27018,3.73,8
15,41,2024,1,91117.32,101.0,364.0,271.1,4.86,172.0,639.0,640.0,2,7,1,16.2,1500.0,4,2,5,3,174122,4.0,5
15,9,2026,2,39888.42,83.1,277.0,296.8,7.31,136.0,260.0,259.0,0,5,4,50.5,2479.0,4,2,5,1,224642,3.64,5
5,6,2024,3,75461.19,77.9,275.0,102.6,5.43,168.0,1000.0,966.0,0,5,2,54.4,2063.0,4,0,5,3,10961,3.51,5
15,9,2023,4,182463.57,109.2,389.0,312.3,2.97,200.0,1000.0,870.0,0,5,4,71.1,2927.0,5,3,5,2,202403,3.98,5
15,42,2023,3,43481.03,65.2,217.0,246.0,7.02,143.0,236.0,223.0,2,5,2,60.9,1871.0,5,2,5,1,134257,3.73,6
15,40,2025,0,70038.71,65.7,235.0,344.8,6.65,149.0,510.0,448.0,2,7,3,21.6,1837.0,5,3,5,3,164008,3.74,6
16,65,2024,0,60316.9,48.0,165.0,127.7,7.53,138.0,659.0,620.0,2,7,0,22.2,1500.0,4,2,2,1,23683,3.15,5
5,7,2024,2,46964.58,62.4,204.0,57.8,7.81,140.0,566.0,525.0,0,7,3,21.6,1530.0,5,1,5,1,15168,3.46,4
2,10,2021,3,107053.36,82.6,300.0,135.7,5.34,164.0,1000.0,856.0,0,7,0,37.6,2029.0,3,0,0,2,216609,3.76,4
2,4,2023,0,73542.57,52.6,178.0,76.5,6.84,142.0,795.0,760.0,0,5,1,26.5,1839.0,5,0,0,3,164917,3.0,4
2,50,2025,2,52251.33,63.4,238.0,134.0,5.93,161.0,547.0,460.0,0,7,5,63.6,1538.0,5,0,0,1,174435,3.19,3
4,24,2025,0,67752.89,58.7,237.0,62.3,5.47,162.0,734.0,686.0,1,5,4,65.4,2613.0,5,0,5,3,21665,3.61,5
1,73,2025,0,48714.2,45.4,161.0,90.9,7.71,136.0,178.0,200.0,1,5,5,74.7,1633.0,4,1,1,1,75073,3.18,6
15,42,2026,0,31180.54,72.3,241.0,338.0,6.7,142.0,208.0,200.0,1,5,5,65.2,1525.0,4,2,5,0,143060,3.87,4
15,43,2025,1,68461.67,80.8,305.0,310.2,4.5,183.0,508.0,430.0,1,7,0,19.2,1614.0,4,2,5,3,443244,3.91,4
15,41,2023,3,51643.69,41.7,150.0,282.3,6.36,153.0,364.0,303.0,0,5,4,65.8,2333.0,5,2,5,1,247691,3.41,6
1,75,2025,2,66272.64,70.2,263.0,100.5,6.96,144.0,418.0,412.0,0,5,3,22.2,1554.0,4,1,1,3,66889,3.62,6
4,25,2025,2,68957.58,70.1,262.0,65.6,7.66,142.0,719.0,687.0,0,4,4,78.3,2809.0,5,1,5,3,69276,3.36,5
2,10,2024,2,51238.4,51.6,185.0,122.5,6.52,153.0,593.0,509.0,1,5,1,24.2,1637.0,5,1,0,1,242985,3.46,3
15,43,2025,0,114587.9,67.3,242.0,324.4,7.79,120.0,860.0,798.0,1,5,0,34.6,1534.0,3,2,5,2,458139,3.77,5
15,9,2024,2,43048.0,78.2,305.0,284.8,5.32,167.0,283.0,238.0,1,7,4,69.0,2507.0,5,2,5,1,249983,3.24,5
3,46,2025,3,54042.0,69.8,254.0,61.6,6.62,157.0,343.0,288.0,2,5,4,68.2,2045.0,4,2,5,1,17793,3.42,5
2,4,2025,3,34873.27,63.6,236.0,57.6,6.36,149.0,380.0,328.0,0,7,0,21.2,1500.0,4,0,0,0,145087,3.26,4
4,24,2025,2,47275.39,64.9,242.0,148.9,5.12,166.0,415.0,361.0,1,5,0,38.2,1509.0,3,1,5,1,20597,3.51,5
1,72,2024,1,69815.81,81.1,291.0,69.8,5.43,172.0,444.0,391.0,1,7,2,41.1,2056.0,4,1,1,3,42961,3.63,5
17,32,2025,1,95115.92,83.0,275.0,136.0,5.38,170.0,1000.0,873.0,0,7,3,28.0,1693.0,3,1,1,3,223250,3.54,4
2,50,2025,3,33846.45,52.4,171.0,126.2,7.36,138.0,348.0,349.0,1,5,4,75.5,2279.0,5,2,0,0,220677,3.2,5
15,9,2025,3,98891.22,78.9,301.0,269.9,6.78,143.0,712.0,623.0,1,5,4,75.4,2642.0,4,2,5,3,113008,3.85,4
8,47,2020,4,51182.15,115.1,444.0,158.4,3.23,200.0,509.0,422.0,1,7,5,78.2,1712.0,5,0,3,1,106543,3.82,4
4,11,2023,2,53190.35,62.2,200.0,78.1,7.05,148.0,511.0,461.0,1,7,1,39.0,1682.0,4,2,5,1,73417,3.13,4
1,73,2024,0,73900.67,72.4,258.0,101.5,7.83,134.0,438.0,406.0,1,5,0,35.2,1522.0,5,2,1,3,78616,3.2,6
7,36,2023,1,49376.97,105.9,348.0,77.3,4.75,175.0,509.0,436.0,1,7,1,37.4,1766.0,5,1,3,1,113770,3.51,4
15,40,2025,3,129475.2,46.6,150.0,264.8,6.99,144.0,897.0,779.0,0,7,2,54.9,1856.0,4,2,5,2,225901,3.6,5
3,46,2023,0,81514.31,48.1,186.0,57.9,6.12,157.0,683.0,634.0,1,5,1,27.3,1690.0,4,1,5,3,16427,3.38,3
4,25,2024,0,33054.57,55.6,203.0,137.2,6.73,145.0,173.0,200.0,0,2,4,61.0,2425.0,5,1,5,0,77480,3.1,3
2,10,2024,1,38277.53,87.8,282.0,141.6,4.54,181.0,343.0,313.0,2,5,0,34.1,1685.0,5,1,0,1,237305,3.52,4
12,1,2023,1,77182.19,88.8,337.0,77.9,5.68,160.0,442.0,379.0,2,5,1,21.3,1500.0,5,0,4,3,5412,3.55,3
8,47,2025,3,80721.44,72.9,256.0,58.9,6.67,144.0,912.0,808.0,2,5,1,21.1,1503.0,3,1,3,3,130227,3.54,4
8,21,2021,3,36092.98,41.6,150.0,105.9,5.2,170.0,254.0,233.0,0,5,2,45.9,2561.0,5,1,3,1,73706,3.0,3
5,23,2022,4,59493.52,71.9,270.0,162.1,3.04,200.0,761.0,683.0,1,5,2,48.3,1650.0,3,0,5,1,16751,3.44,4
4,24,2023,2,38433.81,45.5,152.0,93.2,7.84,137.0,247.0,257.0,1,5,4,76.1,2667.0,4,1,5,1,31451,3.08,3
1,70,2024,4,73301.49,109.7,367.0,196.4,3.4,200.0,489.0,443.0,1,7,0,31.1,1547.0,5,1,1,3,50214,3.67,6
15,43,2025,1,113868.37,86.6,301.0,250.9,4.84,185.0,826.0,761.0,0,7,3,24.3,1500.0,4,2,5,2,455459,3.98,5
2,10,2024,3,100526.02,84.9,300.0,124.8,6.95,147.0,1000.0,935.0,0,7,1,25.6,1569.0,4,0,0,2,178707,3.53,4
14,54,2025,0,78088.2,42.4,150.0,144.6,5.92,161.0,622.0,542.0,0,5,1,28.6,1769.0,3,0,5,3,26875,3.25,5
2,50,2025,4,101418.24,74.3,239.0,183.8,3.67,200.0,1000.0,942.0,0,5,1,17.6,1696.0,3,0,0,2,115025,3.58,4
17,30,2023,3,99609.58,83.8,287.0,55.7,7.43,141.0,1000.0,862.0,0,7,0,20.1,1973.0,4,0,1,3,245824,3.56,5
17,30,2025,0,66620.77,53.1,196.0,125.1,7.65,132.0,710.0,644.0,0,5,0,31.4,1570.0,5,0,1,3,206717,3.56,4
17,30,2021,1,70654.72,88.4,317.0,84.0,4.82,163.0,711.0,644.0,1,7,1,27.6,1724.0,4,0,1,3,211095,3.8,5
8,45,2025,4,110498.55,107.7,407.0,182.1,2.85,200.0,1000.0,893.0,2,5,2,53.4,1849.0,4,0,3,2,55383,3.92,4
11,14,2025,3,104953.65,69.0,237.0,102.5,7.78,132.0,1000.0,879.0,0,7,3,34.2,1974.0,5,2,0,2,26944,3.47,3
2,37,2024,1,42041.16,108.4,373.0,83.6,4.95,176.0,422.0,409.0,1,7,4,66.5,2360.0,3,0,0,1,120124,3.79,4
15,41,2025,1,120338.19,101.1,324.0,304.9,5.12,178.0,857.0,741.0,2,7,4,66.5,2561.0,4,2,5,2,236717,4.06,5
15,43,2025,1,147345.82,89.5,311.0,235.0,4.48,191.0,1000.0,893.0,0,5,5,72.0,1709.0,5,2,5,2,458246,3.66,5
0,68,2025,0,69716.21,72.8,250.0,73.8,7.04,145.0,400.0,342.0,0,5,2,36.4,1869.0,5,1,1,3,21802,3.43,5
1,74,2025,3,88626.17,42.7,150.0,121.0,7.91,129.0,638.0,538.0,0,7,0,28.6,1728.0,4,1,1,3,40644,3.5,7
2,39,2022,2,68088.93,51.8,170.0,149.8,5.24,173.0,757.0,731.0,0,5,1,30.7,1668.0,4,1,0,3,201225,3.25,5
4,11,2024,3,97929.01,50.3,198.0,106.3,6.92,139.0,1000.0,928.0,2,7,2,50.1,2018.0,5,0,5,3,20102,3.3,5
10,16,2022,1,118966.22,83.4,306.0,122.6,4.73,187.0,634.0,605.0,2,5,1,38.1,1668.0,4,2,1,2,78467,3.86,8
10,26,2021,4,167760.51,110.2,367.0,161.0,4.22,189.0,1000.0,912.0,2,7,1,38.9,1571.0,5,1,1,2,66576,3.8,8
14,54,2024,4,105996.52,77.2,274.0,218.4,3.13,196.0,1000.0,918.0,2,7,1,16.2,1630.0,5,0,5,2,1509,3.58,5
2,39,2023,1,94064.69,95.8,342.0,104.0,4.95,180.0,1000.0,918.0,0,5,1,37.9,1679.0,5,0,0,3,117049,3.64,5
5,23,2025,1,58372.94,95.2,341.0,119.0,5.77,159.0,790.0,762.0,1,5,2,61.6,2173.0,5,1,5,1,5246,3.78,5
7,34,2025,3,64470.9,46.6,166.0,128.6,5.27,172.0,778.0,729.0,0,7,3,17.1,1574.0,4,0,3,1,90740,3.34,4
10,17,2022,1,140186.97,89.7,340.0,103.8,5.28,162.0,842.0,758.0,1,5,1,24.7,1500.0,4,1,1,2,31832,4.04,8
5,58,2025,3,70759.08,83.3,278.0,111.1,6.63,157.0,1000.0,910.0,1,7,0,27.5,1500.0,4,0,5,3,11923,3.61,4
4,24,2025,2,57566.92,54.3,184.0,70.1,7.12,140.0,608.0,572.0,1,5,2,48.4,1896.0,4,2,5,1,64630,3.23,5
1,73,2026,1,125686.6,91.1,335.0,93.0,5.83,160.0,1000.0,891.0,0,5,4,65.5,2713.0,5,1,1,2,50691,3.66,6
15,41,2024,4,64261.34,116.7,433.0,322.7,2.86,200.0,402.0,369.0,1,5,1,18.5,1894.0,3,2,5,1,145470,4.1,5
8,59,2023,0,31014.43,43.7,167.0,135.5,6.68,149.0,200.0,200.0,0,5,2,45.5,2106.0,5,1,3,0,68930,3.05,4
12,1,2024,2,116528.23,75.6,282.0,77.2,7.01,144.0,886.0,811.0,0,5,4,76.9,2331.0,4,1,4,2,14704,3.58,4
11,13,2024,4,144156.68,92.7,331.0,163.8,2.82,200.0,1000.0,847.0,0,5,1,23.3,1500.0,5,0,0,2,28598,3.78,3
15,42,2024,0,97305.17,40.9,150.0,341.6,6.29,158.0,732.0,658.0,1,7,5,77.3,1545.0,3,3,5,3,135420,3.42,5
15,9,2021,0,64613.56,49.8,175.0,218.9,7.79,130.0,429.0,370.0,2,5,4,57.4,2450.0,4,3,5,1,243316,3.49,5
15,43,2024,3,142240.31,46.3,166.0,245.7,5.49,152.0,1000.0,929.0,2,5,4,60.1,2813.0,5,2,5,2,461025,3.45,6
5,5,2023,2,45534.53,61.3,201.0,148.1,7.67,130.0,476.0,404.0,0,7,3,38.9,1500.0,5,2,5,1,7422,3.31,3
4,25,2024,1,88743.58,80.1,265.0,69.6,4.68,187.0,1000.0,902.0,1,2,4,78.0,2611.0,5,0,5,3,63330,3.64,4
2,10,2021,2,36671.61,51.7,195.0,147.1,5.93,166.0,378.0,358.0,1,7,4,51.5,2585.0,4,1,0,1,112221,3.41,4
7,34,2025,2,37110.33,75.5,266.0,79.4,7.93,130.0,269.0,275.0,0,7,1,31.6,1594.0,5,1,3,1,143597,3.54,4
10,16,2025,4,103655.43,79.6,307.0,201.7,3.25,197.0,574.0,523.0,2,7,5,62.1,1865.0,4,2,1,2,54248,3.94,8
5,5,2024,4,41328.5,93.2,342.0,182.4,4.37,186.0,448.0,355.0,2,5,1,26.7,1818.0,5,2,5,1,18258,3.87,4
8,47,2025,0,28245.98,68.8,222.0,54.1,5.42,171.0,171.0,200.0,2,5,3,37.2,1730.0,4,0,3,0,75515,3.26,4
8,45,2025,0,55056.42,81.0,274.0,99.8,6.27,160.0,541.0,502.0,2,7,0,20.3,1500.0,4,0,3,1,118841,3.38,3
7,36,2024,3,69523.19,77.9,274.0,115.1,6.78,145.0,852.0,751.0,2,7,1,18.4,1807.0,4,2,3,3,133082,3.52,4
2,4,2024,1,25253.73,99.1,355.0,139.7,5.45,167.0,197.0,200.0,1,7,5,73.4,1891.0,4,0,0,0,158999,3.61,4
8,59,2022,1,89447.77,97.2,328.0,73.1,4.03,187.0,1000.0,921.0,1,5,2,69.6,2041.0,5,0,3,3,135902,3.67,4
1,75,2025,0,76098.9,67.8,221.0,149.8,6.59,150.0,535.0,453.0,1,5,2,40.4,1969.0,5,1,1,3,36766,3.35,8
0,48,2024,0,103666.6,66.4,243.0,142.2,6.98,141.0,742.0,633.0,1,5,4,64.1,2348.0,4,2,1,2,59232,3.4,6
1,72,2024,2,86675.29,62.4,204.0,145.8,5.1,172.0,640.0,578.0,1,5,4,67.2,2345.0,4,2,1,3,72572,3.35,8
5,6,2021,2,64473.77,77.6,293.0,135.5,6.86,143.0,834.0,769.0,1,5,4,66.0,2241.0,4,0,5,1,9147,3.72,4
15,9,2025,0,55743.68,46.8,183.0,220.8,5.76,168.0,398.0,339.0,0,5,4,52.1,2748.0,4,2,5,1,237895,3.33,5
7,71,2025,4,72352.97,86.6,289.0,157.1,3.15,200.0,921.0,811.0,2,5,5,63.6,1868.0,3,0,3,3,107166,3.51,4
15,40,2024,4,92846.92,75.3,265.0,226.2,4.28,180.0,653.0,618.0,2,5,3,21.8,1500.0,3,2,5,3,187727,3.9,4
2,10,2025,0,64952.61,79.2,299.0,135.5,7.42,144.0,769.0,669.0,0,7,0,35.0,1563.0,5,2,0,1,246706,3.79,4
5,23,2024,0,32869.42,73.8,276.0,87.4,5.87,157.0,282.0,288.0,1,5,2,40.0,2125.0,3,0,5,0,10258,3.6,4
18,8,2022,0,46215.01,45.9,150.0,127.8,5.43,165.0,215.0,200.0,1,5,1,20.7,1790.0,5,1,4,1,17974,3.32,3
15,40,2025,3,109716.37,72.9,254.0,269.0,7.48,140.0,761.0,696.0,0,7,4,75.7,2588.0,5,2,5,2,176733,3.77,4
17,31,2022,1,82795.09,103.2,345.0,103.7,4.66,181.0,931.0,861.0,0,7,0,20.5,1581.0,4,0,1,3,263434,3.53,5
4,44,2026,1,61924.92,108.2,354.0,77.3,5.13,168.0,651.0,587.0,1,7,5,68.3,1684.0,4,1,5,1,37462,3.75,5
2,37,2025,1,51480.21,84.7,320.0,50.9,5.99,158.0,596.0,507.0,0,5,1,21.7,1730.0,5,0,0,1,132415,3.44,5
8,59,2026,2,75695.59,58.1,208.0,85.2,6.28,151.0,904.0,810.0,0,5,2,56.3,1910.0,4,2,3,3,99994,3.36,4
5,5,2023,0,30572.73,55.2,208.0,113.6,7.82,134.0,222.0,209.0,0,7,0,34.1,1561.0,4,0,5,0,13459,3.31,4
8,59,2021,4,92296.55,118.8,403.0,218.8,3.5,197.0,1000.0,906.0,2,5,2,49.7,2329.0,5,0,3,3,79309,3.97,4
15,41,2023,0,41460.27,53.8,191.0,277.0,6.4,155.0,277.0,278.0,2,5,5,78.4,1500.0,4,2,5,1,119951,3.56,4
17,30,2025,2,53934.12,54.5,187.0,68.5,6.33,143.0,534.0,464.0,1,7,3,33.7,1763.0,5,1,1,1,220093,3.36,3
4,24,2024,3,86809.78,64.0,201.0,144.5,7.58,126.0,1000.0,931.0,0,7,4,78.6,2676.0,4,2,5,3,40976,3.0,3
8,22,2024,4,107669.85,101.4,345.0,247.6,2.61,200.0,1000.0,905.0,0,7,2,42.4,1870.0,5,0,3,2,128063,4.17,4
15,9,2025,3,113505.79,80.7,286.0,323.1,6.52,155.0,854.0,760.0,2,5,4,51.4,2737.0,4,3,5,2,162101,3.9,5
5,7,2024,2,37659.35,52.6,166.0,66.3,6.06,154.0,425.0,341.0,0,7,3,29.7,1500.0,5,0,5,1,14766,3.22,4
15,9,2025,1,118632.47,86.9,300.0,238.9,4.75,168.0,867.0,784.0,1,5,4,62.8,2731.0,5,2,5,2,209669,3.98,5
5,6,2026,3,71451.17,77.0,267.0,102.3,7.57,130.0,979.0,856.0,0,7,5,71.5,1633.0,5,0,5,3,1367,3.49,3
15,41,2025,0,66113.76,42.6,168.0,261.0,7.33,137.0,469.0,481.0,2,7,3,34.0,1665.0,4,2,5,3,185813,3.27,5
16,65,2022,3,46862.78,63.4,215.0,101.5,6.6,151.0,390.0,345.0,0,7,3,26.9,1614.0,5,0,2,1,1920,3.39,4
17,30,2023,4,70444.74,90.5,338.0,176.8,4.38,185.0,775.0,702.0,1,7,4,67.1,2184.0,4,2,1,3,214221,3.69,4
2,50,2022,1,77020.14,86.6,333.0,87.9,5.6,161.0,792.0,733.0,1,5,5,74.4,1500.0,5,1,0,3,167490,3.58,4
15,41,2025,4,169177.37,89.9,303.0,309.6,3.53,200.0,1000.0,898.0,2,7,2,66.8,2131.0,4,3,5,2,130032,3.68,6
2,4,2025,0,39603.87,75.1,266.0,100.7,5.93,158.0,525.0,432.0,0,5,5,76.7,1754.0,5,0,0,1,195375,3.46,4
0,48,2023,0,48523.32,82.6,283.0,91.7,7.19,137.0,157.0,200.0,0,5,2,55.9,2208.0,5,2,1,1,57366,3.57,6
19,56,2021,1,49221.78,80.4,266.0,104.9,4.65,176.0,353.0,314.0,0,5,1,28.7,1717.0,5,2,0,1,23659,3.6,3
17,30,2023,3,57817.4,40.4,167.0,88.6,5.78,156.0,536.0,511.0,0,5,4,70.7,2281.0,5,1,1,1,227778,3.41,3
17,29,2020,2,72240.69,59.6,178.0,99.9,6.94,143.0,750.0,689.0,1,5,3,34.8,1734.0,4,1,1,3,255858,3.29,3
5,23,2022,3,82968.06,75.4,253.0,145.5,5.92,163.0,1000.0,913.0,0,7,2,36.1,2053.0,4,0,5,3,7825,3.4,4
0,67,2023,1,82135.99,78.3,272.0,70.7,4.67,170.0,456.0,415.0,0,5,3,35.8,1600.0,4,1,1,3,56851,3.65,6
8,22,2020,0,33055.17,58.2,200.0,83.2,6.11,158.0,176.0,200.0,0,7,2,55.5,2035.0,4,0,3,0,139463,3.31,3
17,31,2022,4,97372.99,74.1,240.0,226.0,2.5,200.0,1000.0,878.0,0,5,3,26.0,1616.0,4,0,1,3,246097,3.31,4
17,30,2024,1,62606.34,101.2,370.0,104.7,4.37,186.0,640.0,593.0,2,5,0,27.3,1892.0,4,0,1,1,233529,3.84,3
5,58,2024,3,80871.59,62.6,196.0,135.2,5.27,170.0,1000.0,911.0,0,5,1,15.1,1778.0,3,1,5,3,24840,3.52,3
15,40,2025,2,27829.58,72.9,249.0,215.3,5.62,177.0,169.0,200.0,2,7,5,65.9,1500.0,4,2,5,0,110913,3.78,6
1,70,2025,2,104401.84,73.3,250.0,133.4,5.28,178.0,879.0,791.0,2,5,0,38.9,1612.0,5,1,1,2,64517,3.56,5
17,30,2026,4,77434.92,112.5,381.0,202.0,3.97,195.0,813.0,732.0,2,5,3,33.6,1972.0,5,1,1,3,250773,3.82,3
4,25,2025,4,55789.82,103.1,355.0,158.0,2.55,200.0,526.0,443.0,0,2,4,57.8,2494.0,3,0,5,1,58686,4.0,4
15,43,2026,1,43501.07,92.1,328.0,316.0,4.82,177.0,282.0,240.0,1,7,1,28.1,1575.0,4,2,5,1,417203,3.88,6
8,22,2024,3,73063.27,55.1,176.0,114.3,7.87,137.0,826.0,792.0,2,7,2,46.4,1899.0,5,0,3,3,143775,3.53,4
7,34,2022,2,34455.09,43.1,150.0,86.2,5.04,165.0,227.0,212.0,0,5,5,72.0,1606.0,5,1,3,0,120724,3.13,5
1,70,2024,4,123235.74,117.3,428.0,187.9,3.59,186.0,1000.0,922.0,0,7,4,54.0,2571.0,5,1,1,2,49531,3.97,6
15,9,2024,3,117988.5,65.2,250.0,315.7,5.38,160.0,846.0,761.0,1,5,4,57.5,2492.0,4,2,5,2,117423,3.81,5
8,45,2024,2,39013.49,67.3,235.0,97.3,5.22,171.0,263.0,250.0,2,7,5,60.9,1500.0,4,1,3,1,124150,3.57,4
8,47,2024,1,50328.06,106.7,389.0,137.5,5.25,165.0,491.0,455.0,2,5,1,22.9,1655.0,4,0,3,1,79174,3.94,3
8,47,2025,0,48934.98,67.0,228.0,121.3,6.09,154.0,439.0,379.0,1,7,0,17.9,1500.0,5,1,3,1,106640,3.38,4
8,59,2025,3,89200.56,62.2,211.0,64.2,6.77,149.0,1000.0,893.0,0,7,2,37.1,2168.0,4,1,3,3,55676,3.0,5
1,75,2025,1,133417.07,99.6,348.0,95.3,5.06,178.0,1000.0,946.0,2,7,5,73.3,1852.0,4,1,1,2,53580,3.85,8
4,24,2025,4,63490.76,108.0,370.0,240.1,3.78,196.0,712.0,688.0,2,5,3,32.3,1500.0,4,0,5,1,37708,3.81,4
2,37,2025,3,109495.59,62.3,209.0,109.9,6.81,147.0,1000.0,906.0,2,7,1,29.5,1641.0,4,0,0,2,180168,3.53,4
10,16,2023,2,112177.54,67.5,236.0,115.6,7.88,128.0,598.0,509.0,2,7,5,76.5,1500.0,4,1,1,2,38676,3.75,6
7,35,2022,3,45588.01,53.8,175.0,86.1,5.73,159.0,446.0,421.0,0,5,4,75.2,2462.0,4,1,3,1,103603,3.49,4
15,43,2022,1,79776.37,94.5,332.0,311.4,5.72,163.0,586.0,542.0,1,5,4,51.9,2482.0,3,2,5,3,488350,4.0,4
15,42,2024,4,138879.13,102.3,358.0,284.2,3.61,197.0,1000.0,899.0,0,5,3,29.3,1500.0,4,2,5,2,187901,4.23,5
2,50,2021,3,78313.97,76.1,270.0,72.1,7.6,135.0,953.0,926.0,0,5,3,25.7,1856.0,4,0,0,3,235914,3.5,4
4,11,2024,2,81564.12,82.3,294.0,77.8,6.96,151.0,942.0,877.0,0,5,5,70.0,1521.0,5,0,5,3,70445,3.48,3
5,58,2025,0,62818.0,73.6,282.0,143.3,6.75,140.0,828.0,701.0,2,7,1,22.9,1500.0,5,0,5,1,4921,3.66,4
4,24,2026,3,99667.98,62.4,220.0,125.5,5.05,163.0,1000.0,983.0,2,5,3,24.7,1528.0,5,0,5,3,21835,3.4,3
7,71,2023,2,33062.26,78.5,266.0,67.8,7.78,128.0,260.0,262.0,0,5,5,72.6,1627.0,5,0,3,0,88310,3.39,4
17,30,2025,4,46781.6,118.1,405.0,195.5,2.63,200.0,384.0,393.0,2,5,4,54.2,2545.0,5,2,1,1,268903,3.86,5
15,41,2022,2,127540.88,49.1,186.0,349.5,5.72,163.0,905.0,847.0,2,5,0,33.3,1500.0,3,2,5,2,136670,3.54,5
2,57,2024,2,53792.67,73.2,287.0,103.2,7.36,136.0,515.0,469.0,2,5,2,58.7,1740.0,4,0,0,1,246202,3.6,5
17,29,2023,4,110994.9,76.8,250.0,178.2,3.16,198.0,1000.0,854.0,2,5,2,64.6,2041.0,5,2,1,2,225518,3.24,4
15,42,2022,1,85291.7,102.2,332.0,213.5,4.09,184.0,551.0,472.0,1,7,5,72.4,1585.0,5,3,5,3,146415,3.95,4
2,57,2024,2,83643.93,76.5,285.0,54.8,6.71,154.0,928.0,833.0,1,5,5,62.2,1686.0,5,0,0,3,218991,3.84,4
8,21,2025,4,117355.84,92.1,333.0,226.6,4.5,191.0,1000.0,877.0,0,5,0,17.9,1599.0,4,2,3,2,136386,3.73,4
5,58,2023,4,95648.05,112.2,409.0,226.3,2.96,200.0,1000.0,920.0,2,5,4,61.7,2567.0,4,0,5,3,20948,3.66,5
19,56,2025,0,55836.28,53.9,182.0,113.5,7.22,137.0,481.0,404.0,0,5,2,64.3,2092.0,4,1,0,1,22178,3.55,5
14,53,2025,1,102186.85,81.0,292.0,92.6,4.5,180.0,1000.0,892.0,2,5,1,30.2,1603.0,5,0,5,2,2112,3.37,4
1,72,2025,1,101731.56,98.6,360.0,120.9,5.12,183.0,853.0,812.0,1,5,4,55.2,2234.0,4,1,1,2,41594,3.71,7
17,28,2023,0,44658.67,73.2,219.0,131.4,7.67,140.0,326.0,304.0,1,5,3,27.4,1726.0,5,1,1,1,256210,3.39,5
1,70,2024,3,104797.89,46.5,162.0,73.9,5.75,160.0,916.0,795.0,0,7,1,17.2,1658.0,5,2,1,2,26942,3.17,7
4,25,2025,3,53246.45,42.9,171.0,69.9,8.0,137.0,543.0,481.0,2,2,4,66.6,2253.0,4,2,5,1,30016,3.29,3
15,41,2025,3,176582.51,50.4,188.0,237.2,6.19,153.0,1000.0,901.0,2,5,2,49.2,1951.0,4,2,5,2,199834,3.74,4
17,31,2023,1,78653.83,94.4,350.0,75.5,4.49,189.0,818.0,716.0,1,7,0,25.0,1665.0,5,0,1,3,204287,3.97,4
10,15,2024,2,113687.69,81.5,274.0,139.1,7.69,128.0,650.0,556.0,1,7,5,60.8,1500.0,4,2,1,2,59376,3.82,8
17,31,2024,4,61036.31,77.7,243.0,248.0,3.41,193.0,616.0,531.0,0,5,0,36.0,1750.0,4,1,1,1,274419,3.18,4
8,21,2026,4,46823.3,98.4,366.0,151.7,3.16,198.0,473.0,442.0,2,5,3,34.7,1581.0,3,0,3,1,141318,3.75,3
8,47,2022,1,73622.08,94.4,291.0,141.7,4.02,187.0,852.0,746.0,1,5,2,41.4,1901.0,5,2,3,3,128389,3.38,4
15,9,2026,4,70200.56,85.0,286.0,209.3,3.65,189.0,498.0,438.0,2,5,4,73.4,2486.0,5,2,5,3,166507,3.89,4
17,28,2025,4,86735.2,77.5,296.0,203.5,4.31,188.0,975.0,841.0,0,7,5,72.5,1665.0,5,0,1,3,261533,3.15,3
2,39,2024,3,105441.86,57.2,209.0,54.8,6.44,152.0,1000.0,896.0,0,7,4,53.1,2431.0,5,0,0,2,226549,3.32,5
15,9,2025,0,98106.32,49.7,172.0,224.2,7.4,143.0,674.0,592.0,0,5,4,52.7,2705.0,4,2,5,3,221459,3.6,5
15,40,2024,3,128470.34,75.7,268.0,263.7,7.17,140.0,913.0,812.0,2,7,4,77.7,2712.0,3,2,5,2,244654,3.62,6
10,26,2025,3,92407.64,58.0,199.0,90.5,6.1,167.0,380.0,329.0,2,5,3,21.4,1500.0,4,1,1,3,22464,3.52,5
2,10,2022,0,71011.58,47.4,159.0,97.0,7.76,132.0,792.0,662.0,1,5,2,45.2,2283.0,4,0,0,3,210658,3.09,4
7,36,2025,1,92989.48,91.0,315.0,115.3,5.49,166.0,1000.0,954.0,2,7,2,50.4,1766.0,5,2,3,3,132728,3.62,4
2,37,2023,2,74284.45,84.2,286.0,132.1,6.13,162.0,865.0,781.0,1,5,4,57.8,2198.0,5,1,0,3,128075,3.77,5
11,20,2024,2,78059.06,66.6,252.0,118.3,6.02,157.0,657.0,597.0,1,7,2,36.6,2102.0,5,0,0,3,24158,3.33,5
2,57,2023,3,109450.6,64.2,232.0,67.3,7.02,143.0,1000.0,898.0,0,5,3,31.0,1504.0,5,2,0,2,128508,3.59,4
17,30,2024,3,49550.91,41.8,150.0,143.1,6.85,153.0,490.0,386.0,0,7,0,32.0,1737.0,3,1,1,1,222078,3.54,4
10,17,2025,1,102050.83,92.4,312.0,53.2,4.32,178.0,474.0,389.0,0,5,0,24.1,1700.0,5,1,1,2,26785,3.93,7
10,16,2026,3,93286.78,82.1,282.0,142.9,7.41,136.0,457.0,407.0,1,5,1,37.5,1500.0,3,1,1,3,49781,3.74,8
15,42,2023,4,164467.67,113.9,371.0,279.4,3.22,200.0,1000.0,848.0,2,5,5,66.0,1822.0,5,2,5,2,146842,3.92,4
4,44,2025,1,62237.09,86.7,299.0,97.0,5.35,166.0,680.0,604.0,1,5,3,25.1,1557.0,5,1,5,1,34572,3.49,4
7,34,2023,2,55335.52,51.9,156.0,87.3,5.55,176.0,665.0,612.0,1,5,5,60.1,1644.0,3,0,3,1,84896,3.28,5
7,33,2026,2,37257.29,52.5,164.0,104.7,5.96,160.0,257.0,213.0,0,5,2,43.0,2264.0,3,1,3,1,64933,3.24,5
15,9,2025,1,45726.22,92.1,327.0,234.9,5.54,161.0,336.0,360.0,2,5,4,58.1,2592.0,5,2,5,1,240212,3.99,5
15,43,2025,1,107944.96,81.0,289.0,219.3,5.45,162.0,773.0,713.0,0,7,1,37.4,1644.0,4,2,5,2,410789,3.91,5
5,58,2020,1,45327.78,86.2,305.0,77.6,4.96,174.0,493.0,447.0,0,5,0,35.5,1796.0,4,0,5,1,20824,3.63,3
7,34,2023,1,41738.1,88.1,330.0,140.9,5.47,167.0,392.0,339.0,2,7,1,36.5,1697.0,5,0,3,1,92151,3.69,4
17,28,2026,0,69452.44,63.6,224.0,70.1,6.86,148.0,732.0,617.0,2,7,5,65.3,1614.0,4,0,1,3,260693,3.66,5
5,23,2021,4,65656.76,86.5,340.0,170.0,4.06,190.0,876.0,788.0,0,5,2,59.1,2129.0,5,0,5,3,12802,3.96,5
4,11,2025,0,61660.35,67.9,221.0,89.6,5.21,167.0,673.0,572.0,2,7,0,27.1,1660.0,4,2,5,1,27087,3.6,5
15,40,2025,2,72436.36,83.0,289.0,317.2,5.85,147.0,541.0,464.0,0,7,5,64.4,1777.0,3,3,5,3,139369,3.74,5
8,22,2025,1,49012.19,102.8,368.0,149.2,4.48,185.0,484.0,432.0,0,5,2,52.7,1708.0,5,0,3,1,114969,3.93,4
15,41,2026,0,119417.95,65.3,248.0,212.2,7.14,145.0,885.0,775.0,0,7,3,24.6,1500.0,5,2,5,2,170811,3.7,4
5,23,2024,2,34301.37,70.0,218.0,59.2,5.68,163.0,333.0,310.0,2,7,2,39.4,2077.0,4,1,5,0,738,3.6,3
1,70,2023,1,122665.71,102.1,360.0,92.0,4.21,190.0,1000.0,935.0,1,5,1,38.3,1500.0,5,2,1,2,66187,3.78,7
16,65,2024,4,66816.55,110.6,367.0,236.3,4.25,181.0,783.0,733.0,0,5,1,23.1,1863.0,4,0,2,3,11062,3.79,4
15,40,2025,1,49281.26,90.6,325.0,325.6,5.55,167.0,351.0,324.0,2,7,4,74.6,2920.0,3,3,5,1,224804,4.1,6
15,42,2026,3,139665.73,70.7,248.0,330.7,5.07,175.0,1000.0,875.0,2,5,0,34.8,1500.0,3,2,5,2,165373,3.66,4
2,50,2025,3,47547.88,67.4,246.0,67.2,6.76,156.0,522.0,494.0,2,5,0,28.5,1512.0,4,0,0,1,214113,3.41,4
