open,high,low,close,adjclose,volume,year,month,day
147500.0,148000.0,143500.0,144000.0,101998.4765625,445332,2016,1,4
143000.0,145000.0,142000.0,143500.0,101644.3359375,530496,2016,1,5
144000.0,145000.0,139000.0,140000.0,99165.1953125,769406,2016,1,6
138500.0,140000.0,137500.0,137500.0,97394.3671875,586187,2016,1,7
134500.0,138000.0,133500.0,136500.0,96686.0625,888701,2016,1,8
134500.0,140500.0,134000.0,140000.0,99165.1953125,542749,2016,1,11
140500.0,141500.0,139000.0,139500.0,98811.046875,386506,2016,1,12
140500.0,141500.0,139500.0,140500.0,99519.34375,338336,2016,1,13
138500.0,143500.0,136500.0,141000.0,99873.515625,664829,2016,1,14
141000.0,142000.0,136500.0,138500.0,98102.7265625,568653,2016,1,15
137500.0,140000.0,135500.0,139000.0,98456.875,400716,2016,1,18
138000.0,140000.0,136000.0,140000.0,99165.1953125,332956,2016,1,19
139500.0,140000.0,135500.0,136500.0,96686.0625,544330,2016,1,20
136000.0,138000.0,135500.0,137000.0,97040.2421875,455723,2016,1,21
138000.0,140500.0,136500.0,139000.0,98456.875,551671,2016,1,22
140000.0,140500.0,136000.0,137500.0,97394.3671875,543064,2016,1,25
136500.0,137000.0,134500.0,136000.0,96331.90625,564584,2016,1,26
135500.0,137000.0,134500.0,137000.0,97040.2421875,702981,2016,1,27
135500.0,136500.0,134500.0,135000.0,95623.5625,480730,2016,1,28
135000.0,136000.0,131000.0,133000.0,94206.9453125,990382,2016,1,29
132000.0,132500.0,130500.0,132500.0,93852.796875,689972,2016,2,1
131500.0,132500.0,129000.0,129500.0,91727.8125,594441,2016,2,2
127500.0,129500.0,126500.0,129000.0,91373.640625,649021,2016,2,3
130000.0,132500.0,129500.0,132500.0,93852.796875,600523,2016,2,4
132000.0,133500.0,131000.0,133500.0,94561.109375,513150,2016,2,5
130500.0,132500.0,130500.0,131000.0,92790.296875,688873,2016,2,11
131500.0,137500.0,131000.0,137000.0,97040.2421875,1264899,2016,2,12
137500.0,141500.0,135000.0,139500.0,98811.046875,879160,2016,2,15
139500.0,142500.0,137500.0,141000.0,99873.515625,524822,2016,2,16
142000.0,147500.0,141000.0,147000.0,104123.453125,772996,2016,2,17
147500.0,149000.0,145500.0,147000.0,104123.453125,468798,2016,2,18
147000.0,151000.0,147000.0,149000.0,105540.125,477553,2016,2,19
147500.0,148500.0,146000.0,147500.0,104477.6171875,273335,2016,2,22
148000.0,149000.0,146500.0,149000.0,105540.125,250401,2016,2,23
147500.0,150000.0,146500.0,149000.0,105540.125,191286,2016,2,24
149500.0,153000.0,145500.0,147000.0,104123.453125,490265,2016,2,25
148000.0,148000.0,144500.0,147000.0,104123.453125,351408,2016,2,26
145500.0,149000.0,144500.0,147500.0,104477.6171875,570117,2016,2,29
150000.0,150000.0,148000.0,150000.0,106248.4296875,539821,2016,3,2
151500.0,151500.0,146000.0,147500.0,104477.6171875,627810,2016,3,3
146000.0,147500.0,143500.0,147500.0,104477.6171875,696287,2016,3,4
147500.0,147500.0,145500.0,146500.0,103769.3046875,317439,2016,3,7
145000.0,149500.0,145000.0,148000.0,104831.7734375,366489,2016,3,8
147000.0,149500.0,146500.0,149500.0,105894.2734375,452965,2016,3,9
149000.0,150000.0,148000.0,148000.0,104831.7734375,690061,2016,3,10
147500.0,150000.0,147500.0,149000.0,105540.125,408175,2016,3,11
150000.0,150500.0,147000.0,148500.0,105185.9609375,362075,2016,3,14
148500.0,149000.0,146000.0,147000.0,104123.453125,309077,2016,3,15
147000.0,148000.0,145500.0,146500.0,103769.3046875,206136,2016,3,16
148000.0,148500.0,146000.0,146500.0,103769.3046875,492380,2016,3,17
148000.0,150500.0,147500.0,150500.0,106602.5703125,769047,2016,3,18
151000.0,155000.0,149500.0,154500.0,109435.8828125,803657,2016,3,21
155500.0,159000.0,155000.0,159000.0,112623.34375,872121,2016,3,22
159500.0,159500.0,157000.0,158000.0,111915.0234375,454762,2016,3,23
156500.0,157000.0,154500.0,155500.0,110144.2265625,288522,2016,3,24
154500.0,155500.0,152000.0,153000.0,108373.390625,279961,2016,3,25
153000.0,156500.0,152000.0,154000.0,109081.734375,186865,2016,3,28
155000.0,156000.0,153500.0,155000.0,109790.0625,229075,2016,3,29
156000.0,159000.0,155000.0,155500.0,110144.2265625,373060,2016,3,30
156000.0,156000.0,151500.0,152500.0,108019.234375,575626,2016,3,31
152500.0,152500.0,147500.0,149500.0,105894.2734375,604435,2016,4,1
148500.0,149500.0,143500.0,144000.0,101998.4765625,767267,2016,4,4
144000.0,145000.0,143500.0,144500.0,102352.6640625,292339,2016,4,5
144000.0,146000.0,144000.0,144000.0,101998.4765625,379789,2016,4,6
143500.0,146500.0,143500.0,146500.0,103769.3046875,366852,2016,4,7
146000.0,146500.0,144000.0,146000.0,103415.1171875,339546,2016,4,8
147500.0,147500.0,145000.0,146000.0,103415.1171875,197423,2016,4,11
146000.0,150000.0,145000.0,148500.0,105185.9609375,361212,2016,4,12
150000.0,152000.0,149500.0,152000.0,107665.0859375,496852,2016,4,14
150500.0,152000.0,149000.0,151500.0,107310.8984375,297722,2016,4,15
150000.0,155000.0,150000.0,154000.0,109081.734375,406339,2016,4,18
155000.0,155000.0,152000.0,153000.0,108373.390625,310407,2016,4,19
153500.0,155000.0,151000.0,151500.0,107310.8984375,270230,2016,4,20
152000.0,154500.0,152000.0,154000.0,109081.734375,297646,2016,4,21
152000.0,153500.0,150500.0,151000.0,106956.7578125,318972,2016,4,22
151000.0,152000.0,149000.0,149500.0,105894.2734375,273343,2016,4,25
149000.0,154000.0,149000.0,153500.0,108727.5546875,365930,2016,4,26
152000.0,153000.0,148500.0,149000.0,105540.125,374037,2016,4,27
148500.0,150500.0,147000.0,148000.0,104831.7734375,466520,2016,4,28
146500.0,147500.0,142000.0,143500.0,101644.3359375,739237,2016,4,29
142000.0,144000.0,141500.0,142500.0,100935.9921875,242036,2016,5,2
143000.0,144000.0,142000.0,142500.0,100935.9921875,359029,2016,5,3
141500.0,142000.0,138500.0,139000.0,98456.875,807340,2016,5,4
138500.0,139000.0,135500.0,135500.0,95977.7421875,482711,2016,5,9
136500.0,140500.0,136500.0,139500.0,98811.046875,346710,2016,5,10
140500.0,142000.0,138500.0,139000.0,98456.875,284228,2016,5,11
138000.0,138500.0,136500.0,136500.0,96686.0625,421047,2016,5,12
136000.0,137500.0,135000.0,135000.0,95623.5625,529746,2016,5,13
136500.0,137500.0,135000.0,135500.0,95977.7421875,397771,2016,5,16
135500.0,136500.0,134500.0,134500.0,95269.4296875,314839,2016,5,17
135000.0,135500.0,132000.0,133000.0,94206.9453125,630692,2016,5,18
132500.0,136000.0,132500.0,134500.0,95269.4296875,389055,2016,5,19
134000.0,135000.0,131500.0,132000.0,93498.6171875,462176,2016,5,20
133000.0,134500.0,133000.0,133000.0,94206.9453125,310458,2016,5,23
133000.0,135000.0,132000.0,133500.0,94561.109375,355717,2016,5,24
134500.0,137000.0,134000.0,135000.0,95623.5625,500528,2016,5,25
136000.0,137000.0,134500.0,135000.0,95623.5625,342299,2016,5,26
136000.0,136500.0,135000.0,136000.0,96331.90625,346406,2016,5,27
136000.0,137500.0,135000.0,136500.0,96686.0625,474129,2016,5,30
136500.0,139500.0,135000.0,139500.0,98811.046875,1734508,2016,5,31
137500.0,138500.0,136500.0,138000.0,97748.5546875,507997,2016,6,1
138500.0,139000.0,136500.0,138000.0,97748.5546875,419054,2016,6,2
138000.0,139500.0,137500.0,138500.0,98102.7265625,352778,2016,6,3
138500.0,139500.0,137500.0,139500.0,98811.046875,608452,2016,6,7
138500.0,141500.0,138500.0,139500.0,98811.046875,598656,2016,6,8
139500.0,140500.0,137500.0,139000.0,98456.875,578177,2016,6,9
138500.0,140000.0,138000.0,139000.0,98456.875,350588,2016,6,10
138000.0,138500.0,135500.0,135500.0,95977.7421875,476958,2016,6,13
135500.0,138500.0,135000.0,138500.0,98102.7265625,431039,2016,6,14
138000.0,139500.0,135000.0,135500.0,95977.7421875,409607,2016,6,15
135500.0,136000.0,133500.0,134500.0,95269.4296875,399199,2016,6,16
136000.0,136500.0,133500.0,134500.0,95269.4296875,328695,2016,6,17
136000.0,138500.0,135500.0,136500.0,96686.0625,305307,2016,6,20
136500.0,139000.0,135500.0,138000.0,97748.5546875,353879,2016,6,21
138500.0,141500.0,138500.0,140000.0,99165.1953125,413267,2016,6,22
140500.0,141500.0,140000.0,141000.0,99873.515625,273960,2016,6,23
140500.0,142000.0,134500.0,139500.0,98811.046875,901574,2016,6,24
141000.0,144000.0,139500.0,141500.0,100227.671875,1031506,2016,6,27
141500.0,142000.0,138500.0,139000.0,98456.875,570526,2016,6,28
140000.0,140000.0,137500.0,139000.0,99170.3203125,436045,2016,6,29
138000.0,138500.0,135500.0,135500.0,96673.2265625,2700499,2016,6,30
136500.0,138000.0,136000.0,137000.0,97743.4296875,388387,2016,7,1
138000.0,139500.0,137000.0,137000.0,97743.4296875,518981,2016,7,4
136500.0,137000.0,134500.0,135000.0,96316.5,389267,2016,7,5
134000.0,134500.0,129000.0,130000.0,92749.2265625,1098353,2016,7,6
131500.0,132500.0,130500.0,131000.0,93462.703125,351312,2016,7,7
131000.0,133000.0,129000.0,130500.0,93105.9453125,472095,2016,7,8
130500.0,132000.0,130500.0,131000.0,93462.703125,395952,2016,7,11
131500.0,133000.0,131000.0,132000.0,94176.125,401323,2016,7,12
133000.0,135500.0,132500.0,135500.0,96673.2265625,567236,2016,7,13
134000.0,134500.0,131000.0,131500.0,93819.421875,688220,2016,7,14
132000.0,134000.0,132000.0,133000.0,94889.6015625,608594,2016,7,15
133000.0,134000.0,131000.0,132000.0,94176.125,417748,2016,7,18
131500.0,132000.0,130000.0,130000.0,92749.2265625,630163,2016,7,19
129500.0,131000.0,129000.0,129500.0,92392.5078125,513880,2016,7,20
130000.0,131000.0,128500.0,130000.0,92749.2265625,459440,2016,7,21
130000.0,130500.0,129000.0,129000.0,92035.78125,364418,2016,7,22
129500.0,136000.0,129500.0,135500.0,96673.2265625,1182857,2016,7,25
135000.0,139500.0,134000.0,136000.0,97029.9609375,1125762,2016,7,26
137000.0,137500.0,135000.0,137000.0,97743.4296875,450182,2016,7,27
137500.0,138000.0,135000.0,136000.0,97029.9609375,451570,2016,7,28
135000.0,136000.0,132000.0,132000.0,94176.125,698032,2016,7,29
132500.0,136000.0,132500.0,135500.0,96673.2265625,510753,2016,8,1
135500.0,135500.0,133000.0,134000.0,95603.046875,383193,2016,8,2
133000.0,134000.0,130500.0,132000.0,94176.125,393748,2016,8,3
132500.0,133000.0,129500.0,130500.0,93105.9453125,552854,2016,8,4
130500.0,133000.0,130500.0,133000.0,94889.6015625,432472,2016,8,5
134000.0,134000.0,132000.0,133000.0,94889.6015625,367241,2016,8,8
135000.0,137000.0,134500.0,136500.0,97386.6953125,590729,2016,8,9
135500.0,137000.0,134000.0,134000.0,95603.046875,495316,2016,8,10
134000.0,135000.0,133500.0,134500.0,95959.78125,340296,2016,8,11
135000.0,136000.0,134500.0,136000.0,97029.9609375,441448,2016,8,12
136000.0,137000.0,133000.0,133000.0,94889.6015625,564040,2016,8,16
133500.0,135000.0,133000.0,135000.0,96316.5,456621,2016,8,17
134500.0,135000.0,132000.0,132500.0,94532.8828125,501557,2016,8,18
133000.0,134000.0,132000.0,132500.0,94532.8828125,375138,2016,8,19
132500.0,133000.0,131000.0,132000.0,94176.125,400250,2016,8,22
133000.0,134500.0,132000.0,132500.0,94532.8828125,421660,2016,8,23
132000.0,135500.0,131500.0,135500.0,96673.2265625,725511,2016,8,24
136000.0,138000.0,134000.0,136500.0,97386.6953125,880226,2016,8,25
136500.0,137000.0,135000.0,135500.0,96673.2265625,426273,2016,8,26
134000.0,134500.0,133000.0,134000.0,95603.046875,328229,2016,8,29
133500.0,135000.0,132500.0,132500.0,94532.8828125,331306,2016,8,30
132000.0,133500.0,131000.0,133000.0,94889.6015625,621524,2016,8,31
133000.0,133500.0,131500.0,131500.0,93819.421875,572941,2016,9,1
132500.0,136500.0,132000.0,135000.0,96316.5,1129376,2016,9,2
136000.0,139000.0,136000.0,139000.0,99170.3203125,681920,2016,9,5
138500.0,140000.0,138000.0,139500.0,99527.0703125,455216,2016,9,6
139500.0,140500.0,138000.0,139000.0,99170.3203125,515978,2016,9,7
139000.0,140000.0,136500.0,139000.0,99170.3203125,604332,2016,9,8
138000.0,140000.0,137500.0,139500.0,99527.0703125,430914,2016,9,9
138500.0,139500.0,137500.0,138500.0,98813.6015625,447847,2016,9,12
140000.0,140500.0,138000.0,138500.0,98813.6015625,560421,2016,9,13
137000.0,139500.0,136000.0,137000.0,97743.4296875,536712,2016,9,19
137000.0,139500.0,136500.0,138500.0,98813.6015625,517081,2016,9,20
137500.0,138500.0,136500.0,138000.0,98456.875,464658,2016,9,21
138000.0,139500.0,137500.0,138000.0,98456.875,360424,2016,9,22
139500.0,142000.0,139000.0,142000.0,101310.703125,595938,2016,9,23
140500.0,141500.0,139000.0,140500.0,100240.5234375,444564,2016,9,26
140000.0,142000.0,138500.0,141500.0,100953.9609375,451975,2016,9,27
141000.0,141500.0,138000.0,138500.0,98813.6015625,513300,2016,9,28
138500.0,139500.0,138000.0,139500.0,99527.0703125,473726,2016,9,29
138500.0,139500.0,135000.0,135500.0,96673.2265625,617732,2016,9,30
138500.0,141000.0,137500.0,139000.0,99170.3203125,707562,2016,10,4
137500.0,140500.0,136500.0,140000.0,99883.7734375,549606,2016,10,5
139000.0,140000.0,138500.0,139000.0,99170.3203125,271808,2016,10,6
138500.0,139000.0,135500.0,136500.0,97386.6953125,449894,2016,10,7
134000.0,135000.0,131000.0,133500.0,95246.328125,687120,2016,10,10
135000.0,135500.0,133500.0,134500.0,95959.78125,355273,2016,10,11
134500.0,137000.0,133500.0,136500.0,97386.6953125,418529,2016,10,12
136500.0,137000.0,133500.0,134000.0,95603.046875,444173,2016,10,13
133500.0,135000.0,133000.0,133000.0,94889.6015625,385561,2016,10,14
134500.0,136500.0,133000.0,133000.0,94889.6015625,552827,2016,10,17
133500.0,135500.0,132500.0,134500.0,95959.78125,357363,2016,10,18
134500.0,135500.0,132500.0,133000.0,94889.6015625,474445,2016,10,19
133500.0,134000.0,131500.0,132000.0,94176.125,411425,2016,10,20
132500.0,135000.0,132000.0,133500.0,95246.328125,375157,2016,10,21
134500.0,134500.0,133500.0,134500.0,95959.78125,256889,2016,10,24
135000.0,139500.0,134500.0,138000.0,98456.875,863431,2016,10,25
137500.0,138500.0,135000.0,137500.0,98100.1328125,551856,2016,10,26
139000.0,139500.0,135500.0,138000.0,98456.875,503571,2016,10,27
138000.0,141500.0,137500.0,140500.0,100240.5234375,708752,2016,10,28
139000.0,141000.0,139000.0,140000.0,99883.7734375,394472,2016,10,31
141000.0,141500.0,140000.0,141500.0,100953.9609375,436941,2016,11,1
141000.0,141500.0,139500.0,139500.0,99527.0703125,655976,2016,11,2
139500.0,140000.0,136000.0,136500.0,97386.6953125,520972,2016,11,3
136500.0,137000.0,135500.0,136000.0,97029.9609375,345493,2016,11,4
137500.0,138000.0,136000.0,137000.0,97743.4296875,388228,2016,11,7
137500.0,139500.0,137000.0,138500.0,98813.6015625,341446,2016,11,8
138000.0,140000.0,130500.0,134000.0,95603.046875,1054746,2016,11,9
135000.0,135000.0,129000.0,129000.0,92035.78125,1253550,2016,11,10
130000.0,132000.0,130000.0,131500.0,93819.421875,571291,2016,11,11
132000.0,134000.0,131000.0,132000.0,94176.125,369913,2016,11,14
131500.0,132000.0,129500.0,130500.0,93105.9453125,416685,2016,11,15
130500.0,133500.0,130000.0,131000.0,93462.703125,379475,2016,11,16
131000.0,133000.0,131000.0,132000.0,94176.125,217101,2016,11,17
131500.0,132000.0,129500.0,129500.0,92392.5078125,282286,2016,11,18
130000.0,133500.0,129500.0,133500.0,95246.328125,392922,2016,11,21
133500.0,134500.0,132500.0,133500.0,95246.328125,366844,2016,11,22
134500.0,135000.0,132500.0,134000.0,95603.046875,292727,2016,11,23
133500.0,136000.0,133000.0,135000.0,96316.5,340767,2016,11,24
135500.0,136000.0,134500.0,136000.0,97029.9609375,180033,2016,11,25
135000.0,136000.0,133500.0,135000.0,96316.5,256341,2016,11,28
133000.0,135500.0,133000.0,134500.0,95959.78125,312216,2016,11,29
133500.0,134500.0,132500.0,133000.0,94889.6015625,1188767,2016,11,30
133000.0,135500.0,132000.0,132000.0,94176.125,478362,2016,12,1
134000.0,136000.0,133000.0,133500.0,95246.328125,403575,2016,12,2
134500.0,135500.0,133000.0,134000.0,95603.046875,244209,2016,12,5
135500.0,137000.0,135000.0,136500.0,97386.6953125,374760,2016,12,6
138000.0,138000.0,136500.0,136500.0,97386.6953125,279131,2016,12,7
138500.0,142000.0,138000.0,142000.0,101310.703125,889649,2016,12,8
142000.0,145000.0,141000.0,144000.0,102737.609375,647418,2016,12,9
146000.0,148000.0,143500.0,144500.0,103094.3125,378077,2016,12,12
144500.0,145000.0,142500.0,145000.0,103451.0546875,283933,2016,12,13
144500.0,145000.0,142000.0,143500.0,102380.875,261384,2016,12,14
142000.0,143000.0,141000.0,142000.0,101310.703125,285737,2016,12,15
141000.0,142000.0,139000.0,139500.0,99527.0703125,523767,2016,12,16
140000.0,142500.0,139500.0,142000.0,101310.703125,293868,2016,12,19
141500.0,144000.0,141500.0,143500.0,102380.875,399511,2016,12,20
144500.0,144500.0,142500.0,143500.0,102380.875,310188,2016,12,21
143000.0,143000.0,141000.0,142000.0,101310.703125,334338,2016,12,22
143000.0,144000.0,142000.0,144000.0,102737.609375,357914,2016,12,23
143500.0,145000.0,143500.0,144500.0,103094.3125,206099,2016,12,26
144500.0,145000.0,144000.0,144500.0,103094.3125,337224,2016,12,27
142500.0,144000.0,141500.0,143500.0,104551.5,377265,2016,12,28
142500.0,146000.0,142000.0,146000.0,106372.9609375,381283,2016,12,29
146000.0,150500.0,145500.0,150000.0,109287.296875,545854,2017,1,2
151000.0,154000.0,150000.0,153000.0,111473.03125,723246,2017,1,3
152500.0,155000.0,152000.0,154000.0,112201.6171875,601826,2017,1,4
154000.0,154500.0,152000.0,153500.0,111837.328125,391604,2017,1,5
152000.0,153000.0,149500.0,151000.0,110015.90625,366091,2017,1,6
151000.0,151500.0,149500.0,150500.0,109651.5859375,325146,2017,1,9
150500.0,153000.0,150500.0,152000.0,110744.453125,411333,2017,1,10
150500.0,150500.0,147500.0,148500.0,108194.4140625,675973,2017,1,11
148000.0,151000.0,147500.0,148000.0,107830.09375,433867,2017,1,12
149000.0,150000.0,148500.0,149000.0,108558.6796875,293211,2017,1,13
148500.0,151000.0,148500.0,150500.0,109651.5859375,316413,2017,1,16
150000.0,154000.0,149500.0,153500.0,111837.328125,487662,2017,1,17
153000.0,155500.0,151000.0,154000.0,112201.6171875,395088,2017,1,18
153000.0,153500.0,151000.0,152000.0,110744.453125,255111,2017,1,19
150500.0,153500.0,150000.0,153000.0,111473.03125,310228,2017,1,20
151500.0,152000.0,148500.0,149000.0,108558.6796875,424036,2017,1,23
149500.0,149500.0,145500.0,146500.0,106737.2421875,518186,2017,1,24
146500.0,147500.0,141500.0,142000.0,103458.609375,749465,2017,1,25
143500.0,143500.0,139500.0,142500.0,103822.9296875,632413,2017,1,26
141500.0,142500.0,139000.0,139500.0,101637.171875,574213,2017,1,31
140000.0,141000.0,139000.0,139500.0,101637.171875,446549,2017,2,1
140000.0,140000.0,135500.0,136000.0,99087.125,610731,2017,2,2
136500.0,139000.0,136000.0,137500.0,100179.9921875,453051,2017,2,3
139000.0,139500.0,136000.0,136500.0,99451.4296875,293891,2017,2,6
138000.0,140000.0,137500.0,139000.0,101272.875,395508,2017,2,7
138500.0,139500.0,137000.0,139000.0,101272.875,415346,2017,2,8
139500.0,141000.0,137500.0,140000.0,102001.46875,513611,2017,2,9
141000.0,141500.0,139000.0,141000.0,102730.0390625,330000,2017,2,10
141500.0,141500.0,139000.0,139500.0,101637.171875,320997,2017,2,13
140000.0,140500.0,139500.0,140000.0,102001.46875,295126,2017,2,14
141500.0,146500.0,141500.0,145500.0,106008.6640625,682399,2017,2,15
146500.0,151500.0,146500.0,150500.0,109651.5859375,991329,2017,2,16
149500.0,151000.0,148000.0,150500.0,109651.5859375,484244,2017,2,17
149500.0,151000.0,149500.0,150000.0,109287.296875,239916,2017,2,20
150000.0,151500.0,149000.0,151000.0,110015.90625,324845,2017,2,21
150000.0,151000.0,147000.0,149500.0,108923.0078125,423978,2017,2,22
150500.0,150500.0,145000.0,146000.0,106372.9609375,790326,2017,2,23
147000.0,148500.0,146500.0,148000.0,107830.09375,248236,2017,2,24
148500.0,149000.0,146500.0,148500.0,108194.4140625,183801,2017,2,27
148500.0,150000.0,146500.0,149500.0,108923.0078125,476960,2017,2,28
149000.0,150500.0,148500.0,148500.0,108194.4140625,660227,2017,3,2
147000.0,148000.0,141000.0,142000.0,103458.609375,774281,2017,3,3
141500.0,145000.0,140000.0,145000.0,105644.3671875,568168,2017,3,6
143000.0,146000.0,143000.0,144000.0,104915.796875,361237,2017,3,7
144000.0,144500.0,141500.0,144500.0,105280.0703125,430524,2017,3,8
144500.0,145500.0,143500.0,145000.0,105644.3671875,516356,2017,3,9
145000.0,146500.0,143500.0,146000.0,106372.9609375,418788,2017,3,10
145500.0,147000.0,145000.0,146000.0,106372.9609375,346033,2017,3,13
147000.0,149500.0,146500.0,149000.0,108558.6796875,402984,2017,3,14
148500.0,149500.0,147500.0,149500.0,108923.0078125,415972,2017,3,15
151500.0,152500.0,149000.0,151500.0,110380.140625,511511,2017,3,16
152500.0,152500.0,150000.0,151500.0,110380.140625,384871,2017,3,17
152500.0,157000.0,151500.0,156500.0,114023.0625,753898,2017,3,20
158000.0,171000.0,157500.0,170000.0,123858.9296875,2100147,2017,3,21
167500.0,170500.0,165500.0,170000.0,123858.9296875,1095061,2017,3,22
168500.0,169000.0,165000.0,165000.0,120216.03125,786599,2017,3,23
164000.0,167000.0,162000.0,164000.0,119487.4609375,619369,2017,3,24
162000.0,163000.0,159000.0,162000.0,118030.2734375,556569,2017,3,27
162000.0,163000.0,158500.0,160000.0,116573.1171875,528384,2017,3,28
159500.0,160500.0,155500.0,156000.0,113658.78125,594310,2017,3,29
156500.0,160000.0,156500.0,158500.0,115480.21875,541928,2017,3,30
159500.0,160500.0,156000.0,157500.0,114751.6640625,518427,2017,3,31
156500.0,157000.0,153000.0,156500.0,114023.0625,568863,2017,4,3
154000.0,155000.0,150000.0,152000.0,110744.453125,693275,2017,4,4
152500.0,152500.0,147000.0,150000.0,109287.296875,738030,2017,4,5
149500.0,150000.0,147500.0,148000.0,107830.09375,543682,2017,4,6
148000.0,149500.0,144000.0,144500.0,105280.0703125,814773,2017,4,7
145000.0,147500.0,144500.0,146000.0,106372.9609375,372373,2017,4,10
145000.0,145000.0,142500.0,142500.0,103822.9296875,460813,2017,4,11
143000.0,144500.0,141500.0,141500.0,103094.3125,467523,2017,4,12
143000.0,144500.0,141000.0,142500.0,103822.9296875,537212,2017,4,13
141500.0,143000.0,141000.0,142500.0,103822.9296875,235481,2017,4,14
142500.0,144000.0,141000.0,144000.0,104915.796875,354807,2017,4,17
144500.0,144500.0,141000.0,141000.0,102730.0390625,512212,2017,4,18
140000.0,140500.0,136500.0,137000.0,99815.71875,1028582,2017,4,19
137000.0,142000.0,137000.0,141500.0,103094.3125,837678,2017,4,20
142000.0,143000.0,141000.0,141500.0,103094.3125,520179,2017,4,21
141000.0,141500.0,139500.0,141500.0,103094.3125,474698,2017,4,24
142500.0,146500.0,142000.0,144500.0,105280.0703125,670239,2017,4,25
145000.0,152000.0,144500.0,151000.0,110015.90625,1288277,2017,4,26
150000.0,151000.0,146500.0,147000.0,107101.53125,747891,2017,4,27
144000.0,146000.0,142500.0,144000.0,104915.796875,686242,2017,4,28
143000.0,152000.0,143000.0,151000.0,110015.90625,883476,2017,5,2
150500.0,153000.0,149500.0,152000.0,110744.453125,559335,2017,5,4
152000.0,158000.0,150500.0,158000.0,115115.9375,754482,2017,5,8
157000.0,160500.0,155500.0,156500.0,114023.0625,902973,2017,5,10
159000.0,159000.0,156500.0,157500.0,114751.6640625,683676,2017,5,11
156000.0,157000.0,153500.0,155000.0,112930.203125,546718,2017,5,12
153000.0,156000.0,152000.0,154000.0,112201.6171875,320821,2017,5,15
155000.0,158000.0,154500.0,157500.0,114751.6640625,479777,2017,5,16
156000.0,159000.0,155000.0,158500.0,115480.21875,344159,2017,5,17
158000.0,166500.0,157500.0,165000.0,120216.03125,1274106,2017,5,18
167000.0,171000.0,160000.0,170000.0,123858.9296875,1889722,2017,5,19
169000.0,171000.0,167000.0,170000.0,123858.9296875,679426,2017,5,22
170000.0,173000.0,169000.0,170000.0,123858.9296875,649405,2017,5,23
168500.0,170000.0,163500.0,164000.0,119487.4609375,876331,2017,5,24
164500.0,167000.0,163500.0,165000.0,120216.03125,627476,2017,5,25
165500.0,166500.0,163000.0,163500.0,119123.140625,487868,2017,5,26
163000.0,165000.0,161500.0,162000.0,118030.2734375,405130,2017,5,29
162500.0,165500.0,161000.0,164000.0,119487.4609375,393584,2017,5,30
162500.0,166000.0,162500.0,163000.0,118758.84375,568084,2017,5,31
162500.0,166500.0,162500.0,165500.0,120580.296875,439229,2017,6,1
164500.0,165000.0,160500.0,163000.0,118758.84375,571120,2017,6,2
163500.0,165500.0,161000.0,161500.0,117665.96875,371037,2017,6,5
160000.0,160000.0,157000.0,159000.0,115844.515625,746365,2017,6,7
159000.0,161000.0,158500.0,160000.0,116573.1171875,548233,2017,6,8
160000.0,161000.0,158500.0,160000.0,116573.1171875,343795,2017,6,9
158000.0,163500.0,158000.0,162500.0,118394.5703125,390351,2017,6,12
163000.0,167000.0,162000.0,164500.0,119851.71875,548527,2017,6,13
165000.0,170000.0,164500.0,169000.0,123130.3515625,638693,2017,6,14
168000.0,169000.0,162000.0,163000.0,118758.84375,668866,2017,6,15
163500.0,165000.0,162500.0,165000.0,120216.03125,310581,2017,6,16
164500.0,168000.0,163500.0,167000.0,121673.1796875,335858,2017,6,19
166000.0,169000.0,165000.0,166500.0,121308.890625,373530,2017,6,20
166000.0,166000.0,160000.0,160500.0,116937.3828125,557266,2017,6,21
162000.0,162000.0,160000.0,161500.0,117665.96875,401279,2017,6,22
162000.0,166000.0,162000.0,164000.0,119487.4609375,292130,2017,6,23
163000.0,165000.0,162000.0,164000.0,119487.4609375,211301,2017,6,26
163000.0,163500.0,160000.0,160500.0,116937.3828125,449056,2017,6,27
160000.0,162500.0,159500.0,160000.0,116573.1171875,347569,2017,6,28
159500.0,162500.0,159000.0,161000.0,118039.421875,400255,2017,6,29
159500.0,162000.0,158000.0,159500.0,116939.7109375,337644,2017,6,30
158500.0,164000.0,158000.0,163500.0,119872.34375,392228,2017,7,3
162500.0,162500.0,157500.0,158500.0,116206.5078125,448579,2017,7,4
158000.0,159000.0,155000.0,156000.0,114373.6171875,533353,2017,7,5
156500.0,157000.0,155000.0,155500.0,114007.0390625,380091,2017,7,6
153500.0,154500.0,150500.0,151500.0,111074.359375,857341,2017,7,7
151000.0,151500.0,147500.0,148000.0,108508.2734375,805494,2017,7,10
148500.0,150000.0,146500.0,148000.0,108508.2734375,592204,2017,7,11
149000.0,151000.0,148000.0,149000.0,109241.4453125,592811,2017,7,12
150000.0,151500.0,148000.0,149000.0,109241.4453125,609170,2017,7,13
150000.0,154500.0,149500.0,154000.0,112907.2890625,776297,2017,7,14
153500.0,154000.0,149500.0,150500.0,110341.21875,503286,2017,7,17
151000.0,151500.0,147000.0,148000.0,108508.2734375,531137,2017,7,18
148500.0,149500.0,147000.0,148500.0,108874.8828125,480211,2017,7,19
149000.0,149000.0,145000.0,148000.0,108508.2734375,482332,2017,7,20
148000.0,148000.0,146500.0,147500.0,108141.7109375,303019,2017,7,21
148000.0,148000.0,144500.0,145000.0,106308.796875,558419,2017,7,24
145000.0,147500.0,144500.0,146000.0,107041.96875,769128,2017,7,25
147000.0,150000.0,146500.0,148000.0,108508.2734375,1000733,2017,7,26
148000.0,148500.0,144500.0,146500.0,107408.546875,552184,2017,7,27
146500.0,150000.0,146500.0,149500.0,109608.0625,857408,2017,7,28
149500.0,149500.0,144500.0,145000.0,106308.796875,871600,2017,7,31
145000.0,147000.0,144500.0,145500.0,106675.3828125,415903,2017,8,1
146500.0,148000.0,145500.0,147500.0,108141.7109375,462222,2017,8,2
147500.0,149500.0,146000.0,148500.0,108874.8828125,643295,2017,8,3
148000.0,151000.0,147000.0,150000.0,109974.640625,520334,2017,8,4
150500.0,151000.0,148000.0,148000.0,108508.2734375,280334,2017,8,7
147000.0,147500.0,143500.0,144000.0,105575.6484375,655022,2017,8,8
145000.0,146000.0,144000.0,146000.0,107041.96875,391355,2017,8,9
144500.0,146500.0,144000.0,145000.0,106308.796875,576598,2017,8,10
143500.0,145500.0,141000.0,142000.0,104109.296875,607681,2017,8,11
142500.0,146000.0,142000.0,144500.0,105942.2109375,319856,2017,8,14
145000.0,146000.0,143000.0,144500.0,105942.2109375,417168,2017,8,16
143000.0,144500.0,141500.0,144000.0,105575.6484375,250791,2017,8,17
144000.0,145500.0,143500.0,144500.0,105942.2109375,253371,2017,8,18
145000.0,148500.0,143500.0,148000.0,108508.2734375,430402,2017,8,21
148000.0,150000.0,145000.0,147000.0,107775.1328125,533818,2017,8,22
146500.0,147500.0,145500.0,146500.0,107408.546875,245112,2017,8,23
146500.0,147000.0,143500.0,143500.0,105209.0625,505047,2017,8,24
143500.0,145500.0,143000.0,144500.0,105942.2109375,362052,2017,8,25
144000.0,146000.0,144000.0,144500.0,105942.2109375,319822,2017,8,28
143000.0,144500.0,142500.0,144000.0,105575.6484375,332462,2017,8,29
142500.0,144000.0,138500.0,143000.0,104842.46875,762771,2017,8,30
142000.0,145000.0,139500.0,140500.0,103009.5546875,834907,2017,8,31
141000.0,143500.0,139500.0,143000.0,104842.46875,541048,2017,9,1
140000.0,142500.0,139500.0,140000.0,102642.984375,326756,2017,9,4
141000.0,142000.0,137000.0,138000.0,101176.65625,546091,2017,9,5
138000.0,138500.0,133500.0,136000.0,99710.3203125,694527,2017,9,6
138000.0,139000.0,137000.0,138000.0,101176.65625,531212,2017,9,7
138000.0,138500.0,133000.0,135500.0,99343.7421875,637658,2017,9,8
134500.0,136500.0,133500.0,135000.0,98977.1484375,488905,2017,9,11
135000.0,137500.0,134500.0,136000.0,99710.3203125,379325,2017,9,12
136500.0,137500.0,133500.0,134000.0,98244.0078125,588704,2017,9,13
134000.0,137000.0,133000.0,137000.0,100443.4921875,904204,2017,9,14
135500.0,137000.0,134000.0,136500.0,100076.9140625,369517,2017,9,15
136500.0,137500.0,135500.0,137000.0,100443.4921875,415861,2017,9,18
136500.0,141000.0,136500.0,140000.0,102642.984375,627903,2017,9,19
141000.0,143000.0,139500.0,142000.0,104109.296875,618904,2017,9,20
140500.0,142000.0,138500.0,141500.0,103742.7109375,467712,2017,9,21
141000.0,143000.0,140000.0,141000.0,103376.1484375,307434,2017,9,25
141000.0,141000.0,141000.0,141000.0,103376.1484375,0,2017,9,26
146000.0,149000.0,145500.0,147500.0,108141.7109375,623568,2017,9,27
147000.0,148000.0,145000.0,147000.0,107775.1328125,541478,2017,9,28
148500.0,151000.0,147500.0,150500.0,110341.21875,808779,2017,9,29
149500.0,152000.0,147500.0,151000.0,110707.828125,886098,2017,10,10
151000.0,156500.0,151000.0,155000.0,113640.4609375,993821,2017,10,11
155000.0,156500.0,152500.0,156500.0,114740.1953125,576444,2017,10,12
155000.0,155500.0,152000.0,154500.0,113273.8828125,644646,2017,10,13
154500.0,155000.0,152000.0,153000.0,112174.125,521198,2017,10,16
153000.0,153500.0,148500.0,149500.0,109608.0625,510688,2017,10,17
148000.0,153500.0,147000.0,150500.0,110341.21875,695484,2017,10,18
152000.0,154000.0,150500.0,151500.0,111074.359375,474052,2017,10,19
151500.0,152500.0,150500.0,151500.0,111074.359375,227605,2017,10,20
151000.0,153000.0,150500.0,151500.0,111074.359375,387789,2017,10,23
151500.0,152500.0,150000.0,151000.0,110707.828125,357958,2017,10,24
150000.0,150500.0,146500.0,148500.0,108874.8828125,829299,2017,10,25
148500.0,160000.0,148000.0,159500.0,116939.7109375,1550507,2017,10,26
159500.0,161500.0,156500.0,158500.0,116206.5078125,776439,2017,10,27
160000.0,160500.0,154500.0,156000.0,114373.6171875,540408,2017,10,30
157000.0,162000.0,156000.0,161000.0,118039.421875,905364,2017,10,31
159000.0,162000.0,158500.0,160500.0,117672.84375,601287,2017,11,1
159000.0,160500.0,158000.0,160000.0,117306.2890625,353460,2017,11,2
161000.0,164000.0,159500.0,161500.0,118406.015625,426678,2017,11,3
160000.0,163000.0,157500.0,158500.0,116206.5078125,530662,2017,11,6
157000.0,159500.0,153500.0,155000.0,113640.4609375,754723,2017,11,7
153500.0,157000.0,153500.0,155000.0,113640.4609375,384213,2017,11,8
156000.0,156000.0,153000.0,155500.0,114007.0390625,543762,2017,11,9
154000.0,155500.0,153500.0,154500.0,113273.8828125,333985,2017,11,10
156500.0,161500.0,156000.0,160500.0,117672.84375,664551,2017,11,13
160000.0,160500.0,157500.0,160500.0,117672.84375,493631,2017,11,14
161500.0,163000.0,160000.0,161500.0,118406.015625,568064,2017,11,15
162000.0,162000.0,158000.0,159500.0,116939.7109375,392185,2017,11,16
158000.0,159000.0,156000.0,157000.0,115106.78125,493488,2017,11,17
155500.0,157500.0,154000.0,156500.0,114740.1953125,392823,2017,11,20
157000.0,158500.0,156000.0,157000.0,115106.78125,279920,2017,11,21
157000.0,159000.0,155000.0,155000.0,113640.4609375,298605,2017,11,22
156000.0,157000.0,154500.0,157000.0,115106.78125,327088,2017,11,23
156000.0,159500.0,155500.0,159000.0,116573.09375,414474,2017,11,24
158500.0,160000.0,158000.0,158500.0,116206.5078125,508762,2017,11,27
156500.0,160500.0,155000.0,157000.0,115106.78125,360463,2017,11,28
158000.0,161000.0,157500.0,160500.0,117672.84375,550470,2017,11,29
163000.0,166500.0,162500.0,164500.0,120605.5,1207560,2017,11,30
164500.0,165500.0,161500.0,161500.0,118406.015625,529049,2017,12,1
160500.0,160500.0,157500.0,160500.0,117672.84375,412767,2017,12,4
159000.0,162500.0,159000.0,161500.0,118406.015625,298181,2017,12,5
159500.0,162500.0,159500.0,162000.0,118772.609375,435843,2017,12,6
163000.0,163000.0,160000.0,161500.0,118406.015625,317111,2017,12,7
159500.0,161000.0,157000.0,158500.0,116206.5078125,562488,2017,12,8
158000.0,158500.0,149500.0,150000.0,109974.640625,1235495,2017,12,11
149000.0,151500.0,148000.0,150000.0,109974.640625,594577,2017,12,12
151500.0,152500.0,150000.0,151500.0,111074.359375,449530,2017,12,13
151000.0,154500.0,150500.0,150500.0,110341.21875,848663,2017,12,14
151500.0,154000.0,150500.0,154000.0,112907.2890625,414172,2017,12,15
154000.0,155000.0,152000.0,154000.0,112907.2890625,304658,2017,12,18
154000.0,155500.0,152500.0,153000.0,112174.125,301402,2017,12,19
151500.0,152500.0,150000.0,150000.0,109974.640625,393766,2017,12,21
151000.0,153000.0,150500.0,153000.0,112174.125,257517,2017,12,22
152000.0,155000.0,151500.0,154000.0,112907.2890625,319229,2017,12,26
151500.0,157000.0,150000.0,156500.0,117019.8125,445829,2017,12,27
154500.0,156000.0,152000.0,156000.0,116645.9375,405259,2017,12,28
150500.0,153000.0,149000.0,149500.0,111785.703125,731763,2018,1,2
149000.0,151000.0,149000.0,150500.0,112533.4375,450874,2018,1,3
150500.0,151000.0,146000.0,146500.0,109542.5,931558,2018,1,4
146000.0,149000.0,145500.0,149000.0,111411.8046875,463695,2018,1,5
148500.0,151000.0,147500.0,151000.0,112907.3203125,482619,2018,1,8
151000.0,152500.0,149500.0,152500.0,114028.8984375,465845,2018,1,9
152500.0,158000.0,152000.0,155500.0,116272.078125,793679,2018,1,10
156000.0,156500.0,152500.0,155000.0,115898.21875,476891,2018,1,11
153500.0,156000.0,153500.0,154000.0,115150.484375,424738,2018,1,12
154000.0,155000.0,151000.0,155000.0,115898.21875,315592,2018,1,15
153500.0,158000.0,153000.0,158000.0,118141.3984375,440542,2018,1,16
157000.0,159000.0,156000.0,157500.0,117767.546875,363034,2018,1,17
157500.0,158000.0,154000.0,155000.0,115898.21875,324686,2018,1,18
155000.0,162000.0,154500.0,162000.0,121132.328125,637243,2018,1,19
162500.0,164000.0,158500.0,162500.0,121506.1953125,582519,2018,1,22
163000.0,167500.0,161000.0,161000.0,120384.5703125,727921,2018,1,23
160500.0,162000.0,156000.0,156500.0,117019.8125,653451,2018,1,24
155500.0,159000.0,154000.0,158500.0,118515.25,776214,2018,1,25
155000.0,155500.0,149000.0,152500.0,114028.8984375,1058626,2018,1,26
153000.0,155500.0,152000.0,154500.0,115524.359375,504827,2018,1,29
155000.0,158000.0,154500.0,156000.0,116645.9375,458611,2018,1,30
157000.0,162000.0,154500.0,162000.0,121132.328125,926031,2018,1,31
161500.0,162000.0,158500.0,160500.0,120010.71875,478000,2018,2,1
161000.0,164000.0,160500.0,162500.0,121506.1953125,813167,2018,2,2
162500.0,163000.0,159000.0,159000.0,118889.125,670474,2018,2,5
158000.0,161000.0,153500.0,157500.0,117767.546875,690538,2018,2,6
157500.0,160500.0,156000.0,157500.0,117767.546875,552642,2018,2,7
158500.0,163500.0,156500.0,161000.0,120384.5703125,883512,2018,2,8
156500.0,158500.0,154500.0,155000.0,115898.21875,721962,2018,2,9
155500.0,156500.0,153500.0,154000.0,115150.484375,554120,2018,2,12
154000.0,155500.0,152000.0,152500.0,114028.8984375,528608,2018,2,13
152000.0,155000.0,152000.0,154500.0,115524.359375,265716,2018,2,14
156500.0,157000.0,154500.0,155000.0,115898.21875,265257,2018,2,19
155000.0,156000.0,152500.0,153500.0,114776.609375,218792,2018,2,20
152500.0,161000.0,152500.0,160000.0,119636.875,537567,2018,2,21
159000.0,159500.0,156000.0,157000.0,117393.671875,339005,2018,2,22
158500.0,159500.0,157500.0,159000.0,118889.125,275917,2018,2,23
159000.0,162000.0,157500.0,161000.0,120384.5703125,513314,2018,2,26
160500.0,162000.0,160000.0,161000.0,120384.5703125,273491,2018,2,27
159000.0,163000.0,158000.0,161500.0,120758.4453125,496851,2018,2,28
158000.0,159000.0,154500.0,156000.0,116645.9375,591106,2018,3,2
155500.0,157000.0,152500.0,153000.0,114402.75,410894,2018,3,5
154500.0,158000.0,154500.0,157000.0,117393.671875,375611,2018,3,6
154000.0,155000.0,152000.0,152500.0,114028.8984375,598406,2018,3,7
153500.0,155000.0,152000.0,154500.0,115524.359375,488545,2018,3,8
153500.0,155000.0,152500.0,154000.0,115150.484375,460548,2018,3,9
154000.0,155500.0,153000.0,153500.0,114776.609375,422236,2018,3,12
152500.0,155000.0,152500.0,153500.0,114776.609375,378343,2018,3,13
152500.0,157000.0,152000.0,156000.0,116645.9375,605609,2018,3,14
156500.0,159000.0,155000.0,157500.0,117767.546875,367882,2018,3,15
158000.0,159500.0,156000.0,157500.0,117767.546875,351970,2018,3,16
152500.0,153000.0,150000.0,151500.0,113281.1484375,749609,2018,3,19
150500.0,153500.0,150000.0,152500.0,114028.8984375,311027,2018,3,20
152500.0,155000.0,152500.0,154500.0,115524.359375,277076,2018,3,21
154500.0,154500.0,152000.0,152500.0,114028.8984375,330219,2018,3,22
151000.0,153000.0,150500.0,151500.0,113281.1484375,578521,2018,3,23
151000.0,152500.0,149500.0,149500.0,111785.703125,466599,2018,3,26
150000.0,154000.0,149500.0,154000.0,115150.484375,683470,2018,3,27
153000.0,155000.0,148000.0,151500.0,113281.1484375,905733,2018,3,28
150500.0,152000.0,142500.0,143500.0,107299.3046875,1532300,2018,3,29
144000.0,145500.0,142500.0,143500.0,107299.3046875,525910,2018,3,30
144500.0,148500.0,144000.0,148500.0,111037.953125,569272,2018,4,2
147000.0,152500.0,145500.0,152000.0,113655.0234375,2258712,2018,4,3
156000.0,159500.0,155000.0,156500.0,117019.8125,1198367,2018,4,4
157000.0,158000.0,153500.0,154000.0,115150.484375,404008,2018,4,5
155000.0,155500.0,152000.0,152500.0,114028.8984375,377964,2018,4,6
152000.0,153000.0,150500.0,151000.0,112907.3203125,319141,2018,4,9
150000.0,153000.0,149000.0,151000.0,112907.3203125,371422,2018,4,10
150500.0,152000.0,150000.0,150000.0,112159.5703125,329076,2018,4,11
151000.0,152500.0,150000.0,152000.0,113655.0234375,297375,2018,4,12
151500.0,152000.0,149500.0,150500.0,112533.4375,425396,2018,4,13
151000.0,154000.0,150000.0,153000.0,114402.75,303065,2018,4,16
154000.0,158000.0,154000.0,157500.0,117767.546875,670905,2018,4,17
158000.0,159500.0,157000.0,158500.0,118515.25,507655,2018,4,18
157500.0,158000.0,155000.0,158000.0,118141.3984375,344290,2018,4,19
157000.0,160000.0,156500.0,160000.0,119636.875,406412,2018,4,20
160000.0,160000.0,157000.0,159500.0,119263.015625,284140,2018,4,23
161500.0,165500.0,161500.0,162500.0,121506.1953125,644850,2018,4,24
162000.0,164000.0,160000.0,164000.0,122627.8125,407673,2018,4,25
164000.0,164000.0,154500.0,156500.0,117019.8125,861668,2018,4,26
155000.0,161500.0,154000.0,158000.0,118141.3984375,887506,2018,4,27
159000.0,160500.0,157000.0,160000.0,119636.875,351811,2018,4,30
159000.0,160500.0,157000.0,160000.0,119636.875,377086,2018,5,2
162500.0,163000.0,160000.0,160000.0,119636.875,324816,2018,5,3
158000.0,160000.0,156500.0,158000.0,118141.3984375,448848,2018,5,4
158500.0,161000.0,154500.0,156000.0,116645.9375,595219,2018,5,8
154500.0,156000.0,153500.0,153500.0,114776.609375,513770,2018,5,9
152500.0,154000.0,150500.0,152000.0,113655.0234375,747954,2018,5,10
152000.0,154000.0,151500.0,153000.0,114402.75,319288,2018,5,11
153500.0,154500.0,150500.0,151000.0,112907.3203125,439028,2018,5,14
150000.0,151500.0,148000.0,148500.0,111037.953125,611470,2018,5,15
148500.0,151500.0,146000.0,150500.0,112533.4375,599945,2018,5,16
150500.0,151000.0,149500.0,149500.0,111785.703125,297968,2018,5,17
148500.0,150000.0,148000.0,150000.0,112159.5703125,330193,2018,5,18
149500.0,151000.0,149000.0,149000.0,111411.8046875,332251,2018,5,21
147000.0,148500.0,144000.0,144500.0,108047.0234375,1062994,2018,5,23
144000.0,144500.0,139000.0,140000.0,104682.25,1387498,2018,5,24
139500.0,141000.0,138500.0,139000.0,103934.515625,697859,2018,5,25
139000.0,140500.0,138000.0,138500.0,103560.640625,498199,2018,5,28
139500.0,141000.0,139000.0,140000.0,104682.25,471953,2018,5,29
138500.0,139500.0,136000.0,137500.0,102812.90625,648596,2018,5,30
139000.0,140000.0,137500.0,139000.0,103934.515625,835047,2018,5,31
138500.0,140000.0,137500.0,140000.0,104682.25,395619,2018,6,1
140000.0,144000.0,139000.0,143000.0,106925.4296875,903195,2018,6,4
143500.0,144000.0,140500.0,142500.0,106551.5859375,374748,2018,6,5
142000.0,144000.0,141500.0,142500.0,106551.5859375,511413,2018,6,7
142000.0,142500.0,140000.0,141000.0,105429.9765625,539842,2018,6,8
140000.0,140500.0,139000.0,139500.0,104308.3828125,441032,2018,6,11
140000.0,142000.0,139500.0,140500.0,105056.109375,486396,2018,6,12
138500.0,139000.0,135000.0,135000.0,100943.578125,1036041,2018,6,14
136000.0,136500.0,133000.0,134000.0,100195.875,762750,2018,6,15
134500.0,136500.0,134500.0,135000.0,100943.578125,497745,2018,6,18
134000.0,135000.0,131000.0,131500.0,98326.5390625,781548,2018,6,19
130500.0,131500.0,129000.0,129500.0,96831.078125,595333,2018,6,20
129500.0,130500.0,127000.0,127000.0,94961.765625,608003,2018,6,21
126000.0,131000.0,125000.0,130000.0,97204.9296875,716503,2018,6,22
129500.0,130000.0,128000.0,129000.0,96457.2265625,563769,2018,6,25
128000.0,131000.0,127500.0,129500.0,96831.078125,703936,2018,6,26
129000.0,130500.0,125500.0,127500.0,95335.625,935679,2018,6,27
126000.0,126500.0,123000.0,125000.0,94205.1640625,1101059,2018,6,28
124500.0,126000.0,123500.0,125500.0,94581.9765625,496503,2018,6,29
125000.0,125500.0,123000.0,123500.0,93074.6875,428578,2018,7,2
125500.0,125500.0,119500.0,122000.0,91944.2265625,556533,2018,7,3
120500.0,122500.0,118000.0,119500.0,90060.125,510210,2018,7,4
119000.0,122000.0,118000.0,121500.0,91567.421875,845590,2018,7,5
122500.0,126000.0,122500.0,123500.0,93074.6875,658197,2018,7,6
124000.0,125000.0,122500.0,124500.0,93828.34375,303024,2018,7,9
123500.0,125500.0,122500.0,123500.0,93074.6875,328075,2018,7,10
121000.0,123000.0,120500.0,121500.0,91567.421875,384762,2018,7,11
121500.0,125000.0,121000.0,123000.0,92697.875,613187,2018,7,12
123500.0,125000.0,122000.0,122500.0,92321.0546875,306680,2018,7,13
122500.0,127500.0,122500.0,126000.0,94958.7890625,494043,2018,7,16
126000.0,129000.0,125000.0,126500.0,95335.625,436989,2018,7,17
127000.0,128500.0,124000.0,124000.0,93451.5234375,325090,2018,7,18
125000.0,125500.0,123500.0,124000.0,93451.5234375,359064,2018,7,19
124500.0,128500.0,122500.0,127000.0,95712.4375,463776,2018,7,20
127500.0,131000.0,127000.0,129500.0,97596.546875,660426,2018,7,23
129500.0,130000.0,126500.0,129500.0,97596.546875,479217,2018,7,24
130000.0,130500.0,129000.0,130500.0,98350.1796875,305338,2018,7,25
131000.0,131500.0,128000.0,130000.0,97973.3671875,484321,2018,7,26
129500.0,131500.0,129000.0,129500.0,97596.546875,365369,2018,7,27
129000.0,131000.0,128500.0,130500.0,98350.1796875,179748,2018,7,30
131000.0,131000.0,128500.0,129500.0,97596.546875,306556,2018,7,31
130000.0,130500.0,128000.0,128500.0,96842.90625,244440,2018,8,1
128000.0,128500.0,124000.0,125500.0,94581.9765625,425332,2018,8,2
124000.0,125500.0,124000.0,124000.0,93451.5234375,468331,2018,8,3
124500.0,126000.0,124000.0,124500.0,93828.34375,317150,2018,8,6
124000.0,126000.0,123500.0,125000.0,94205.1640625,285278,2018,8,7
125500.0,129500.0,125500.0,127500.0,96089.28125,816582,2018,8,8
126500.0,127500.0,125500.0,126000.0,94958.7890625,532068,2018,8,9
126000.0,127000.0,124500.0,126000.0,94958.7890625,194355,2018,8,10
125000.0,126000.0,123000.0,123500.0,93074.6875,319273,2018,8,13
124500.0,125000.0,122500.0,123000.0,92697.875,291859,2018,8,14
122000.0,127000.0,122000.0,126500.0,95335.625,561446,2018,8,16
125500.0,127000.0,125000.0,126500.0,95335.625,207735,2018,8,17
127500.0,128000.0,126000.0,127500.0,96089.28125,310969,2018,8,20
127000.0,127500.0,124000.0,125500.0,94581.9765625,339831,2018,8,21
125500.0,127000.0,124500.0,126000.0,94958.7890625,329800,2018,8,22
125500.0,126000.0,123000.0,124500.0,93828.34375,229027,2018,8,23
123500.0,124500.0,123000.0,124500.0,93828.34375,232363,2018,8,24
125000.0,125500.0,123500.0,124000.0,93451.5234375,226756,2018,8,27
125000.0,127000.0,124000.0,125000.0,94205.1640625,402853,2018,8,28
125000.0,125000.0,123500.0,124000.0,93451.5234375,309579,2018,8,29
124000.0,125000.0,123000.0,123500.0,93074.6875,385998,2018,8,30
124000.0,126000.0,123000.0,125000.0,94205.1640625,529278,2018,8,31
124500.0,126000.0,123500.0,125000.0,94205.1640625,264041,2018,9,3
125500.0,127000.0,124500.0,126500.0,95335.625,297393,2018,9,4
126500.0,131000.0,126500.0,129000.0,97219.734375,871735,2018,9,5
130000.0,136000.0,130000.0,134000.0,100987.9375,935048,2018,9,6
136000.0,137000.0,131500.0,133000.0,100234.3046875,793026,2018,9,7
131500.0,133500.0,130000.0,131000.0,98727.015625,320236,2018,9,10
130000.0,130500.0,128000.0,128000.0,96466.0859375,514468,2018,9,11
128500.0,131000.0,128000.0,129500.0,97596.546875,340635,2018,9,12
130500.0,130500.0,128000.0,128500.0,96842.90625,411245,2018,9,13
129500.0,131000.0,129000.0,129500.0,97596.546875,259936,2018,9,14
129000.0,129500.0,128000.0,128500.0,96842.90625,305158,2018,9,17
128500.0,130000.0,128000.0,128000.0,96466.0859375,368661,2018,9,18
128500.0,129000.0,125500.0,126500.0,95335.625,420484,2018,9,19
126500.0,130000.0,126000.0,129000.0,97219.734375,378436,2018,9,20
131000.0,131000.0,127500.0,129000.0,97219.734375,765535,2018,9,21
130000.0,130500.0,128500.0,130500.0,98350.1796875,465760,2018,9,27
130000.0,130500.0,128000.0,129500.0,97596.546875,295867,2018,9,28
130000.0,130000.0,128500.0,129000.0,97219.734375,233662,2018,10,1
128500.0,129500.0,128000.0,128500.0,96842.90625,215297,2018,10,2
128500.0,129000.0,122500.0,124500.0,93828.34375,671140,2018,10,4
126000.0,126000.0,123000.0,124500.0,93828.34375,284015,2018,10,5
123500.0,124000.0,121500.0,122000.0,91944.2265625,386710,2018,10,8
122500.0,123000.0,119500.0,120000.0,90436.953125,536984,2018,10,10
118500.0,120500.0,116000.0,116000.0,87422.40625,701523,2018,10,11
115500.0,118000.0,114500.0,115500.0,87045.5625,672541,2018,10,12
116500.0,117000.0,111500.0,113500.0,85538.2734375,697689,2018,10,15
114000.0,117500.0,113500.0,116500.0,87799.21875,503295,2018,10,16
117500.0,119500.0,116500.0,118500.0,89306.4921875,385112,2018,10,17
118000.0,118500.0,114000.0,116000.0,87422.40625,708181,2018,10,18
114500.0,117500.0,114000.0,115500.0,87045.5625,493067,2018,10,19
115000.0,118000.0,114500.0,118000.0,88929.6796875,378176,2018,10,22
117000.0,118000.0,114000.0,116500.0,87799.21875,575347,2018,10,23
117500.0,118500.0,116000.0,117000.0,88176.03125,776694,2018,10,24
116000.0,116000.0,102500.0,110000.0,82900.546875,1633392,2018,10,25
110000.0,113000.0,107500.0,108000.0,81393.25,867074,2018,10,26
106000.0,108500.0,104000.0,106000.0,79885.984375,876545,2018,10,29
106500.0,109500.0,106000.0,107500.0,81016.4453125,429587,2018,10,30
106500.0,107000.0,103500.0,106500.0,80262.796875,752213,2018,10,31
106500.0,109000.0,104500.0,108500.0,81770.0703125,487868,2018,11,1
107000.0,110500.0,106500.0,110000.0,82900.546875,586857,2018,11,2
107000.0,107500.0,103500.0,104000.0,78378.6953125,921610,2018,11,5
105000.0,108500.0,104500.0,107500.0,81016.4453125,775343,2018,11,6
106500.0,108000.0,105500.0,107500.0,81016.4453125,619311,2018,11,7
109000.0,109000.0,105500.0,105500.0,79509.1640625,588487,2018,11,8
106000.0,110000.0,104500.0,105000.0,79132.3203125,668003,2018,11,9
105000.0,105500.0,100500.0,102000.0,76871.421875,792697,2018,11,12
99900.0,102500.0,99600.0,102500.0,77248.234375,397209,2018,11,13
103500.0,104500.0,100500.0,101500.0,76494.578125,637102,2018,11,14
101000.0,103500.0,100500.0,103000.0,77625.046875,449187,2018,11,15
104000.0,104500.0,102000.0,103000.0,77625.046875,361507,2018,11,16
103000.0,103500.0,101000.0,101500.0,76494.578125,555495,2018,11,19
101000.0,101000.0,97100.0,97500.0,73480.0234375,1295271,2018,11,20
96500.0,97900.0,95800.0,97800.0,73706.1171875,883111,2018,11,21
98000.0,98000.0,92500.0,92800.0,69937.90625,1527106,2018,11,22
92800.0,94000.0,92600.0,93700.0,70616.1796875,558490,2018,11,23
93600.0,95800.0,93500.0,95100.0,71671.2890625,663188,2018,11,26
95900.0,101500.0,95800.0,101000.0,76117.7734375,1436195,2018,11,27
100500.0,101500.0,99800.0,101000.0,76117.7734375,602728,2018,11,28
102000.0,103000.0,99100.0,100000.0,75364.1171875,811011,2018,11,29
103000.0,108000.0,102500.0,107000.0,80639.6015625,3017114,2018,11,30
108500.0,109000.0,106500.0,108500.0,81770.0703125,723565,2018,12,3
108500.0,108500.0,105500.0,107500.0,81016.4453125,612079,2018,12,4
106000.0,108500.0,106000.0,107500.0,81016.4453125,519108,2018,12,5
107500.0,112500.0,106000.0,110500.0,83277.3671875,896541,2018,12,6
110000.0,112000.0,109500.0,111000.0,83654.1796875,566780,2018,12,7
108500.0,111000.0,108500.0,110500.0,83277.3671875,367098,2018,12,10
109500.0,112500.0,108500.0,111500.0,84031.0,372363,2018,12,11
111500.0,121500.0,111000.0,118500.0,89306.4921875,1558536,2018,12,12
116500.0,120000.0,116500.0,118500.0,89306.4921875,1093587,2018,12,13
119000.0,120000.0,115000.0,116500.0,87799.21875,534429,2018,12,14
115000.0,118500.0,112500.0,116500.0,87799.21875,602835,2018,12,17
117500.0,120000.0,116000.0,118000.0,88929.6796875,889260,2018,12,18
118500.0,123500.0,118500.0,123000.0,92697.875,841175,2018,12,19
121500.0,124500.0,120500.0,121500.0,91567.421875,682779,2018,12,20
120500.0,122500.0,119500.0,122500.0,92321.0546875,643918,2018,12,21
122000.0,124000.0,121500.0,123000.0,92697.875,301455,2018,12,24
121500.0,122000.0,118500.0,120000.0,90436.953125,550552,2018,12,26
118000.0,120000.0,117500.0,118500.0,91596.40625,458613,2018,12,27
118500.0,120000.0,117500.0,118500.0,91596.40625,398062,2018,12,28
117500.0,118000.0,113500.0,114000.0,88118.0546875,565493,2019,1,2
113000.0,118500.0,113000.0,116500.0,90050.484375,608591,2019,1,3
116000.0,123000.0,116000.0,119500.0,92369.3671875,1326978,2019,1,4
121000.0,121500.0,119500.0,120500.0,93142.328125,428416,2019,1,7
121500.0,123500.0,118500.0,119500.0,92369.3671875,582117,2019,1,8
119000.0,124000.0,119000.0,123000.0,95074.75,846392,2019,1,9
121500.0,123000.0,119500.0,123000.0,95074.75,648837,2019,1,10
123000.0,124500.0,122000.0,123000.0,95074.75,440529,2019,1,11
122500.0,124000.0,121000.0,121500.0,93915.296875,297709,2019,1,14
121000.0,128000.0,120500.0,127500.0,98553.09375,828015,2019,1,15
127000.0,129000.0,126000.0,128500.0,99326.046875,397335,2019,1,16
128500.0,130000.0,127500.0,129500.0,100099.015625,513711,2019,1,17
129500.0,131500.0,129500.0,131000.0,101258.46875,556106,2019,1,18
132000.0,132000.0,126500.0,127000.0,98166.6015625,657273,2019,1,21
126500.0,128000.0,125000.0,127500.0,98553.09375,446263,2019,1,22
128000.0,130000.0,127000.0,129000.0,99712.5390625,422209,2019,1,23
128000.0,130000.0,124500.0,130000.0,100485.5,778826,2019,1,24
127500.0,130000.0,127500.0,128500.0,99326.046875,535338,2019,1,25
128500.0,130000.0,125500.0,126500.0,97780.125,541428,2019,1,28
126500.0,128500.0,126000.0,128000.0,98939.578125,445671,2019,1,29
128500.0,129500.0,126500.0,129500.0,100099.015625,463542,2019,1,30
130000.0,131000.0,128500.0,129500.0,100099.015625,509642,2019,1,31
129500.0,130000.0,128500.0,129500.0,100099.015625,392755,2019,2,1
128500.0,129000.0,125500.0,126000.0,97393.640625,530165,2019,2,7
125500.0,126500.0,124500.0,125500.0,97007.1640625,365392,2019,2,8
126000.0,129000.0,126000.0,127500.0,98553.09375,425879,2019,2,11
129000.0,129000.0,126500.0,128500.0,99326.046875,443035,2019,2,12
128500.0,128500.0,124000.0,124500.0,96234.203125,620173,2019,2,13
123500.0,124000.0,119500.0,121500.0,93915.296875,1072937,2019,2,14
121000.0,121500.0,120000.0,121000.0,93528.8203125,446734,2019,2,15
121000.0,122000.0,118500.0,120500.0,93142.328125,557734,2019,2,18
119500.0,120500.0,119000.0,119500.0,92369.3671875,470357,2019,2,19
119500.0,121500.0,119000.0,119000.0,91982.8984375,735087,2019,2,20
118500.0,121000.0,118500.0,120000.0,92755.8515625,588691,2019,2,21
119500.0,121500.0,119500.0,121000.0,93528.8203125,353516,2019,2,22
120500.0,122500.0,120000.0,121000.0,93528.8203125,314081,2019,2,25
121500.0,124000.0,121500.0,122500.0,94688.2578125,781497,2019,2,26
128000.0,130000.0,126000.0,129000.0,99712.5390625,1233285,2019,2,27
127500.0,129000.0,126000.0,126500.0,97780.125,946738,2019,2,28
125000.0,126000.0,121000.0,122000.0,94301.765625,937284,2019,3,4
121500.0,122000.0,119500.0,121500.0,93915.296875,428825,2019,3,5
122500.0,126500.0,121500.0,124500.0,96234.203125,599316,2019,3,6
126500.0,129000.0,123000.0,125500.0,97007.1640625,791500,2019,3,7
125000.0,125000.0,120000.0,120000.0,92755.8515625,467762,2019,3,8
121000.0,121500.0,119000.0,121000.0,93528.8203125,281873,2019,3,11
121500.0,125500.0,121500.0,125500.0,97007.1640625,621289,2019,3,12
126000.0,126000.0,120500.0,122500.0,94688.2578125,797741,2019,3,13
124000.0,124000.0,117000.0,119000.0,91982.8984375,1326511,2019,3,14
119000.0,122000.0,118000.0,121000.0,93528.8203125,877363,2019,3,15
122000.0,124000.0,121500.0,124000.0,95847.71875,383652,2019,3,18
124000.0,125000.0,123000.0,124000.0,95847.71875,303901,2019,3,19
123000.0,124000.0,121000.0,124000.0,95847.71875,316345,2019,3,20
124000.0,126000.0,122500.0,124500.0,96234.203125,321599,2019,3,21
124000.0,125500.0,121500.0,123500.0,95461.21875,486194,2019,3,22
121000.0,122000.0,119000.0,120000.0,92755.8515625,458292,2019,3,25
120000.0,121000.0,118500.0,118500.0,91596.40625,463924,2019,3,26
118500.0,119500.0,118000.0,118500.0,91596.40625,236825,2019,3,27
118500.0,120000.0,118000.0,119500.0,92369.3671875,304740,2019,3,28
120000.0,122000.0,119000.0,119500.0,92369.3671875,432923,2019,3,29
120000.0,121000.0,119000.0,120500.0,93142.328125,363959,2019,4,1
119500.0,120000.0,117500.0,119000.0,91982.8984375,374423,2019,4,2
118500.0,124000.0,118000.0,124000.0,95847.71875,651778,2019,4,3
123000.0,125000.0,122500.0,123500.0,95461.21875,464644,2019,4,4
124500.0,126500.0,124000.0,126000.0,97393.640625,468793,2019,4,5
126500.0,128500.0,125500.0,128000.0,98939.578125,455205,2019,4,8
125500.0,128000.0,125500.0,127000.0,98166.6015625,317656,2019,4,9
126500.0,128500.0,126500.0,127500.0,98553.09375,349261,2019,4,10
127500.0,128000.0,125500.0,128000.0,98939.578125,551990,2019,4,11
127000.0,128000.0,125500.0,126500.0,97780.125,286762,2019,4,12
126000.0,127000.0,125000.0,125500.0,97007.1640625,222997,2019,4,15
126500.0,130500.0,125500.0,128500.0,99326.046875,753845,2019,4,16
128500.0,131000.0,127500.0,131000.0,101258.46875,535629,2019,4,17
133500.0,137000.0,132500.0,134000.0,103577.359375,1523085,2019,4,18
135000.0,135500.0,133000.0,134000.0,103577.359375,335516,2019,4,19
133000.0,134500.0,132000.0,134000.0,103577.359375,231200,2019,4,22
134000.0,137000.0,133000.0,136000.0,105123.2890625,480332,2019,4,23
139000.0,140000.0,136000.0,138500.0,107055.6953125,1394398,2019,4,24
138500.0,139000.0,136500.0,138000.0,106669.234375,598551,2019,4,25
138000.0,138500.0,134500.0,135500.0,104736.796875,657701,2019,4,26
136500.0,139500.0,136500.0,139000.0,107442.1796875,758885,2019,4,29
139500.0,140500.0,138000.0,138500.0,107055.6953125,623895,2019,4,30
138000.0,140500.0,137000.0,138500.0,107055.6953125,430420,2019,5,2
137500.0,138500.0,136500.0,137500.0,106282.734375,430867,2019,5,3
134500.0,137000.0,134000.0,136000.0,105123.2890625,545860,2019,5,7
134500.0,136000.0,134000.0,135500.0,104736.796875,424168,2019,5,8
135000.0,135500.0,131000.0,131000.0,101258.46875,810123,2019,5,9
131500.0,134000.0,128000.0,130000.0,100485.5,544413,2019,5,10
128000.0,131000.0,128000.0,129000.0,99712.5390625,384073,2019,5,13
128500.0,129500.0,127000.0,128000.0,98939.578125,442314,2019,5,14
127500.0,130000.0,125500.0,128000.0,98939.578125,494972,2019,5,15
133000.0,135000.0,127000.0,127500.0,98553.09375,1005933,2019,5,16
127000.0,128500.0,125000.0,125500.0,97007.1640625,298037,2019,5,17
125500.0,129500.0,125500.0,129000.0,99712.5390625,825485,2019,5,20
129000.0,129500.0,125000.0,127000.0,98166.6015625,733503,2019,5,21
127000.0,129000.0,126000.0,127000.0,98166.6015625,381004,2019,5,22
129000.0,129500.0,126500.0,127500.0,98553.09375,637184,2019,5,23
127000.0,130500.0,126000.0,130500.0,100871.984375,649719,2019,5,24
130000.0,135500.0,130000.0,135000.0,104350.3203125,716578,2019,5,27
135000.0,136500.0,133000.0,136500.0,105509.7734375,1209912,2019,5,28
135000.0,135500.0,131500.0,134000.0,103577.359375,637263,2019,5,29
132500.0,136500.0,132500.0,135500.0,104736.796875,495640,2019,5,30
134500.0,135000.0,131000.0,134500.0,103963.8359375,925504,2019,5,31
134000.0,138500.0,132500.0,138500.0,107055.6953125,651551,2019,6,3
137000.0,140500.0,137000.0,139000.0,107442.1796875,585901,2019,6,4
139500.0,142000.0,139000.0,141000.0,108988.109375,608171,2019,6,5
141500.0,142000.0,139500.0,140000.0,108215.15625,492290,2019,6,7
142000.0,143000.0,140000.0,143000.0,110534.0390625,468996,2019,6,10
142500.0,143500.0,140500.0,143500.0,110920.5390625,362392,2019,6,11
143500.0,143500.0,139500.0,141000.0,108988.109375,535905,2019,6,12
140500.0,141500.0,137500.0,141000.0,108988.109375,946951,2019,6,13
140000.0,142500.0,139500.0,140500.0,108601.6171875,339897,2019,6,14
140000.0,141500.0,139500.0,140000.0,108215.15625,228663,2019,6,17
140500.0,141500.0,139500.0,141000.0,108988.109375,222606,2019,6,18
140500.0,141000.0,139000.0,140000.0,108215.15625,303777,2019,6,19
139500.0,141000.0,139000.0,140500.0,108601.6171875,259704,2019,6,20
140000.0,141000.0,139500.0,140500.0,108601.6171875,291573,2019,6,21
142000.0,143500.0,141500.0,142500.0,110147.578125,287939,2019,6,24
142500.0,142500.0,140500.0,141500.0,109374.5703125,294735,2019,6,25
141000.0,142000.0,140000.0,141500.0,109374.5703125,239375,2019,6,26
141000.0,142500.0,139500.0,140500.0,109374.5859375,343337,2019,6,27
140000.0,141000.0,139000.0,140000.0,108985.3671875,274397,2019,6,28
141500.0,142500.0,139500.0,141000.0,109763.8203125,328363,2019,7,1
139500.0,140000.0,136500.0,137000.0,106649.9609375,444895,2019,7,2
136000.0,138000.0,134000.0,136000.0,105871.5,582636,2019,7,3
135500.0,139500.0,135000.0,139000.0,108206.890625,305720,2019,7,4
139000.0,142000.0,138500.0,141500.0,110153.046875,338177,2019,7,5
140500.0,142000.0,138000.0,138500.0,107817.6640625,339244,2019,7,8
139500.0,141500.0,137000.0,137500.0,107039.203125,435577,2019,7,9
139000.0,140000.0,135500.0,137000.0,106649.9609375,567104,2019,7,10
136500.0,140500.0,135000.0,139000.0,108206.890625,1070266,2019,7,11
138500.0,142000.0,138000.0,139500.0,108596.125,549266,2019,7,12
139500.0,140000.0,137000.0,138000.0,107428.4453125,280032,2019,7,15
139000.0,139000.0,132000.0,133000.0,103536.125,902923,2019,7,16
133000.0,134500.0,132000.0,133500.0,103925.328125,375651,2019,7,17
133000.0,134500.0,132500.0,134000.0,104314.5625,355896,2019,7,18
135500.0,135500.0,132000.0,134500.0,104703.7890625,363374,2019,7,19
134000.0,135500.0,132000.0,133000.0,103536.125,608574,2019,7,22
133500.0,133500.0,128500.0,132000.0,102757.6328125,1128639,2019,7,23
131500.0,133500.0,131500.0,132500.0,103146.875,419148,2019,7,24
131500.0,133500.0,130000.0,131500.0,102368.4140625,613289,2019,7,25
130500.0,132500.0,130000.0,130500.0,101589.9375,394087,2019,7,26
130000.0,131000.0,126500.0,128000.0,99643.7734375,464288,2019,7,29
129000.0,129500.0,126500.0,128000.0,99643.7734375,321935,2019,7,30
126500.0,129000.0,126500.0,126500.0,98476.0703125,488189,2019,7,31
126500.0,130000.0,125000.0,125500.0,97697.609375,468797,2019,8,1
126000.0,128500.0,124500.0,127500.0,99254.5390625,605798,2019,8,2
127500.0,128000.0,125500.0,127500.0,99254.5390625,748862,2019,8,5
126000.0,127500.0,123000.0,126000.0,98086.8359375,762619,2019,8,6
126500.0,129000.0,126500.0,127000.0,98865.296875,752576,2019,8,7
129000.0,132500.0,128500.0,130000.0,101200.6953125,1303906,2019,8,8
131500.0,132500.0,129000.0,132500.0,103146.875,521574,2019,8,9
131000.0,132500.0,130000.0,131000.0,101979.171875,350563,2019,8,12
129500.0,131000.0,129000.0,129000.0,100422.234375,334053,2019,8,13
130000.0,131500.0,127000.0,127500.0,99254.5390625,614128,2019,8,14
126500.0,128000.0,125000.0,128000.0,99643.7734375,352114,2019,8,16
127500.0,129500.0,127500.0,128000.0,99643.7734375,242024,2019,8,19
127500.0,128500.0,125000.0,126500.0,98476.0703125,481643,2019,8,20
126500.0,127500.0,124000.0,125500.0,97697.609375,530685,2019,8,21
126000.0,126500.0,124000.0,124000.0,96529.90625,480559,2019,8,22
123000.0,126000.0,123000.0,126000.0,98086.8359375,256322,2019,8,23
124000.0,126000.0,123500.0,124500.0,96919.140625,391828,2019,8,26
125000.0,126500.0,124000.0,125000.0,97308.3671875,1043657,2019,8,27
128500.0,130500.0,127000.0,127500.0,99254.5390625,766622,2019,8,28
127500.0,128000.0,126000.0,126500.0,98476.0703125,393472,2019,8,29
127500.0,129000.0,127000.0,128500.0,100032.9921875,433515,2019,8,30
128000.0,132000.0,127500.0,131000.0,101979.171875,385326,2019,9,2
131500.0,132000.0,127500.0,128500.0,100032.9921875,505454,2019,9,3
128000.0,129000.0,127000.0,128500.0,100032.9921875,496326,2019,9,4
128000.0,129000.0,127000.0,128000.0,99643.7734375,478990,2019,9,5
128000.0,128500.0,126500.0,127500.0,99254.5390625,380856,2019,9,6
127500.0,128500.0,126000.0,127000.0,98865.296875,378542,2019,9,9
127000.0,128500.0,126500.0,128000.0,99643.7734375,458487,2019,9,10
128500.0,129000.0,127500.0,129000.0,100422.234375,756459,2019,9,11
128500.0,129500.0,126000.0,128000.0,99643.7734375,777956,2019,9,16
127500.0,128000.0,125500.0,126000.0,98086.8359375,610086,2019,9,17
126000.0,128500.0,125500.0,127500.0,99254.5390625,537604,2019,9,18
127500.0,129000.0,126500.0,129000.0,100422.234375,618746,2019,9,19
128500.0,130500.0,128000.0,129500.0,100811.4609375,718752,2019,9,20
129500.0,133500.0,129000.0,133000.0,103536.125,1007214,2019,9,23
134000.0,135000.0,132000.0,134000.0,104314.5625,615506,2019,9,24
133000.0,135000.0,131500.0,134500.0,104703.7890625,448004,2019,9,25
136000.0,136500.0,132000.0,133000.0,103536.125,453068,2019,9,26
134000.0,134000.0,131000.0,133500.0,103925.328125,348902,2019,9,27
133500.0,135500.0,133000.0,134000.0,104314.5625,429631,2019,9,30
134000.0,134000.0,131500.0,132500.0,103146.875,388512,2019,10,1
131000.0,131500.0,128000.0,128500.0,100032.9921875,448012,2019,10,2
129500.0,130000.0,126500.0,126500.0,98476.0703125,488988,2019,10,4
128000.0,129000.0,127000.0,128000.0,99643.7734375,258951,2019,10,7
128000.0,130500.0,127500.0,129500.0,100811.4609375,391115,2019,10,8
127000.0,128000.0,125500.0,126500.0,98476.0703125,771396,2019,10,10
127000.0,127500.0,126000.0,126000.0,98086.8359375,369552,2019,10,11
125000.0,126000.0,122000.0,122000.0,94972.953125,1260866,2019,10,14
122000.0,123000.0,120500.0,122000.0,94972.953125,661262,2019,10,15
123000.0,124000.0,122000.0,123000.0,95751.4375,433874,2019,10,16
123000.0,124500.0,122000.0,123000.0,95751.4375,519468,2019,10,17
123500.0,124500.0,122500.0,123000.0,95751.4375,418395,2019,10,18
124000.0,124000.0,122000.0,122000.0,94972.953125,372561,2019,10,21
121500.0,122500.0,120000.0,122000.0,94972.953125,523445,2019,10,22
121500.0,122500.0,120500.0,121000.0,94194.5078125,511570,2019,10,23
121000.0,122500.0,120000.0,122000.0,94972.953125,655232,2019,10,24
122000.0,124000.0,121500.0,123500.0,96140.65625,983777,2019,10,25
124500.0,125000.0,121500.0,121500.0,94583.734375,564300,2019,10,28
122000.0,123000.0,121500.0,122500.0,95362.1953125,797389,2019,10,29
122500.0,123000.0,121500.0,122500.0,95362.1953125,400285,2019,10,30
122500.0,123500.0,121500.0,122000.0,94972.953125,441488,2019,10,31
121500.0,124000.0,121000.0,124000.0,96529.90625,470554,2019,11,1
123500.0,125000.0,123000.0,124000.0,96529.90625,475831,2019,11,4
124000.0,125500.0,124000.0,125000.0,97308.3671875,471601,2019,11,5
125500.0,126000.0,123500.0,123500.0,96140.65625,682414,2019,11,6
123500.0,124500.0,123000.0,123500.0,96140.65625,853783,2019,11,7
124000.0,124500.0,123500.0,124000.0,96529.90625,335809,2019,11,8
124000.0,124500.0,123500.0,123500.0,96140.65625,370258,2019,11,11
123500.0,125500.0,123500.0,125500.0,97697.609375,598855,2019,11,12
125000.0,126000.0,124500.0,124500.0,96919.140625,528121,2019,11,13
125000.0,125000.0,124000.0,124500.0,96919.140625,540352,2019,11,14
124500.0,125500.0,124000.0,125500.0,97697.609375,469109,2019,11,15
125000.0,126000.0,124500.0,126000.0,98086.8359375,596279,2019,11,18
125000.0,126000.0,124500.0,125000.0,97308.3671875,537780,2019,11,19
124500.0,124500.0,123500.0,124500.0,96919.140625,593391,2019,11,20
124000.0,124500.0,123000.0,124500.0,96919.140625,724349,2019,11,21
124000.0,125500.0,123500.0,123500.0,96140.65625,707333,2019,11,22
124000.0,125500.0,123500.0,125000.0,97308.3671875,640837,2019,11,25
124500.0,125500.0,122500.0,122500.0,95362.1953125,1854318,2019,11,26
123000.0,124000.0,123000.0,123500.0,96140.65625,697261,2019,11,27
123500.0,125000.0,123000.0,124000.0,96529.90625,742295,2019,11,28
123500.0,124500.0,120000.0,121000.0,94194.5078125,1016506,2019,11,29
121000.0,121500.0,118500.0,121500.0,94583.734375,862135,2019,12,2
120000.0,121500.0,119000.0,121500.0,94583.734375,849994,2019,12,3
120000.0,124000.0,120000.0,122000.0,94972.953125,1498918,2019,12,4
121500.0,122500.0,117500.0,118000.0,91859.09375,1560647,2019,12,5
118500.0,119500.0,118000.0,118500.0,92248.3359375,1504634,2019,12,6
119500.0,120500.0,119000.0,119500.0,93026.796875,902113,2019,12,9
119500.0,120500.0,119000.0,120000.0,93416.0390625,784383,2019,12,10
120500.0,120500.0,119000.0,119000.0,92637.578125,1015977,2019,12,11
119500.0,120500.0,119000.0,120000.0,93416.0390625,5201616,2019,12,12
121500.0,122500.0,119500.0,121000.0,94194.5078125,1058172,2019,12,13
120500.0,121000.0,119000.0,119000.0,92637.578125,1015046,2019,12,16
119500.0,123000.0,119000.0,122000.0,94972.953125,1904603,2019,12,17
122000.0,123500.0,120500.0,123000.0,95751.4375,1135407,2019,12,18
122500.0,123500.0,122000.0,123500.0,96140.65625,905299,2019,12,19
124000.0,124000.0,122500.0,124000.0,96529.90625,1001899,2019,12,20
124000.0,125000.0,122000.0,122500.0,95362.1953125,1462906,2019,12,23
123000.0,123000.0,121500.0,122000.0,94972.953125,600726,2019,12,24
122500.0,123000.0,121500.0,122500.0,95362.1953125,552469,2019,12,26
121000.0,121000.0,120000.0,120500.0,96160.203125,422565,2019,12,27
120500.0,121500.0,120000.0,120500.0,96160.203125,467794,2019,12,30
121000.0,121000.0,118000.0,118000.0,94165.1953125,556532,2020,1,2
118500.0,119000.0,115000.0,116000.0,92569.171875,1145187,2020,1,3
116000.0,117000.0,115500.0,116000.0,92569.171875,334574,2020,1,6
116500.0,117000.0,115500.0,115500.0,92170.15625,674196,2020,1,7
115000.0,115500.0,111500.0,112000.0,89377.1328125,1044825,2020,1,8
113000.0,114500.0,110000.0,111500.0,88978.125,1375510,2020,1,9
112500.0,114500.0,112000.0,113500.0,90574.140625,896507,2020,1,10
113500.0,115500.0,113000.0,115000.0,91771.171875,692917,2020,1,13
115500.0,117000.0,115500.0,116000.0,92569.171875,739959,2020,1,14
116000.0,116000.0,114000.0,115000.0,91771.171875,564142,2020,1,15
117000.0,120000.0,116500.0,118500.0,94564.1875,1638719,2020,1,16
118500.0,120000.0,118000.0,118500.0,94564.1875,574301,2020,1,17
119500.0,119500.0,117500.0,118000.0,94165.1953125,445922,2020,1,20
118000.0,118500.0,116500.0,117000.0,93367.1796875,545156,2020,1,21
117500.0,127000.0,117500.0,127000.0,101347.2734375,2773421,2020,1,22
130000.0,131500.0,128000.0,130500.0,104140.3046875,2492785,2020,1,23
127000.0,132500.0,127000.0,131000.0,104539.3125,1841752,2020,1,28
132000.0,133000.0,129000.0,131000.0,104539.3125,1318578,2020,1,29
130000.0,130500.0,126500.0,127500.0,101746.28125,1034661,2020,1,30
128500.0,129500.0,124500.0,125000.0,99751.2578125,1035126,2020,1,31
123000.0,125000.0,121000.0,123500.0,98554.2421875,1270442,2020,2,3
123500.0,126000.0,122500.0,124000.0,98953.2578125,1203992,2020,2,4
125000.0,126000.0,123500.0,124000.0,98953.2578125,1032267,2020,2,5
125500.0,133000.0,125500.0,132000.0,105337.3203125,1659774,2020,2,6
130500.0,131000.0,127500.0,131000.0,104539.3125,999598,2020,2,7
129500.0,132000.0,129000.0,130000.0,103741.3046875,669628,2020,2,10
131000.0,135000.0,130500.0,132500.0,105736.34375,949247,2020,2,11
132500.0,137500.0,132500.0,136000.0,108529.359375,1373302,2020,2,12
137000.0,137500.0,133000.0,133000.0,106135.34375,1035208,2020,2,13
132500.0,135000.0,131500.0,133500.0,106534.3515625,591584,2020,2,14
133500.0,136000.0,132500.0,135500.0,108130.359375,555451,2020,2,17
134000.0,134500.0,131000.0,132500.0,105736.34375,744150,2020,2,18
133000.0,134000.0,130500.0,131500.0,104938.328125,776121,2020,2,19
132500.0,133000.0,129000.0,130000.0,103741.3046875,711858,2020,2,20
128000.0,129500.0,127000.0,128000.0,102145.28125,686417,2020,2,21
124500.0,125000.0,122000.0,122500.0,97756.234375,911932,2020,2,24
122500.0,124500.0,122000.0,122500.0,97756.234375,796176,2020,2,25
121000.0,124000.0,120000.0,122500.0,97756.234375,1001834,2020,2,26
122500.0,123500.0,120000.0,121000.0,96559.21875,779402,2020,2,27
118500.0,119000.0,114000.0,115000.0,91771.171875,1777353,2020,2,28
116000.0,116000.0,113000.0,113500.0,90574.140625,1183337,2020,3,2
116000.0,116500.0,112000.0,112500.0,89776.1328125,1414986,2020,3,3
112000.0,114000.0,112000.0,113000.0,90175.15625,1319901,2020,3,4
115500.0,116000.0,113000.0,114000.0,90973.140625,1135241,2020,3,5
113000.0,113500.0,110000.0,110500.0,88180.1171875,1746834,2020,3,6
110500.0,110500.0,110500.0,110500.0,88180.1171875,0,2020,3,9
102500.0,105000.0,101000.0,102000.0,81397.0234375,2491487,2020,3,10
103000.0,103000.0,99700.0,100000.0,79801.0078125,2005654,2020,3,11
100000.0,100000.0,100000.0,100000.0,79801.0078125,0,2020,3,12
86500.0,90200.0,83500.0,87200.0,69586.4765625,4835445,2020,3,13
88300.0,89500.0,82900.0,82900.0,66155.0390625,2674557,2020,3,16
78100.0,83400.0,78100.0,80100.0,63920.60546875,2492208,2020,3,17
80500.0,81200.0,73500.0,73500.0,58653.73046875,2679420,2020,3,18
75000.0,75900.0,65100.0,65900.0,52588.8671875,3138004,2020,3,19
67500.0,72400.0,65000.0,71100.0,56738.515625,3349914,2020,3,20
67200.0,71000.0,66200.0,68900.0,54982.89453125,2391540,2020,3,23
71500.0,75800.0,69800.0,74800.0,59691.15234375,2856282,2020,3,24
79800.0,85600.0,78800.0,84500.0,67431.859375,4604452,2020,3,25
85800.0,90200.0,82300.0,84900.0,67751.046875,3787074,2020,3,26
89700.0,90000.0,84500.0,86400.0,68948.0703125,2513938,2020,3,27
82800.0,86400.0,82100.0,85400.0,68150.046875,1743720,2020,3,30
87700.0,88700.0,86000.0,88700.0,70783.4921875,2138183,2020,3,31
88500.0,90100.0,85300.0,85400.0,68150.046875,2139848,2020,4,1
85300.0,86800.0,83000.0,86600.0,69107.6640625,1487243,2020,4,2
86600.0,87000.0,85600.0,86300.0,68868.2734375,1170052,2020,4,3
86500.0,88800.0,85900.0,88800.0,70863.296875,1688599,2020,4,6
92100.0,92500.0,88600.0,90400.0,72140.1171875,2601711,2020,4,7
89800.0,91900.0,88900.0,90000.0,71820.9140625,1785939,2020,4,8
92300.0,97900.0,91100.0,97100.0,77486.78125,3787201,2020,4,9
97400.0,101500.0,96200.0,99700.0,79561.609375,2806785,2020,4,10
98800.0,99000.0,97400.0,97800.0,78045.375,1339638,2020,4,13
98600.0,101500.0,97700.0,100000.0,79801.0078125,1582587,2020,4,14
98900.0,100500.0,98300.0,99100.0,79082.796875,1341452,2020,4,16
101000.0,103500.0,100000.0,100500.0,80200.015625,1487879,2020,4,17
100000.0,100500.0,97100.0,97600.0,77885.7890625,2142176,2020,4,20
96100.0,96500.0,91300.0,93500.0,74613.9453125,3634142,2020,4,21
90800.0,95200.0,89400.0,92600.0,73895.71875,3115871,2020,4,22
93700.0,95100.0,92100.0,92400.0,73736.125,3196313,2020,4,23
91300.0,92300.0,90100.0,90100.0,71900.703125,2135488,2020,4,24
90300.0,92500.0,90200.0,91600.0,73097.7109375,1219677,2020,4,27
92500.0,94400.0,92200.0,93200.0,74374.546875,1448692,2020,4,28
93500.0,94000.0,92400.0,93600.0,74693.734375,1193284,2020,4,29
91100.0,92900.0,90700.0,91500.0,73017.921875,1264378,2020,5,4
93300.0,94200.0,92600.0,93200.0,74374.546875,1039600,2020,5,6
92800.0,93000.0,91800.0,92600.0,73895.71875,826239,2020,5,7
93000.0,95400.0,93000.0,94500.0,75411.953125,1749677,2020,5,8
95800.0,96500.0,93500.0,93700.0,74773.5546875,1889278,2020,5,11
93200.0,93800.0,91100.0,91900.0,73337.125,1259874,2020,5,12
90500.0,93100.0,90500.0,93100.0,74294.7421875,966892,2020,5,13
92600.0,92900.0,91500.0,92300.0,73656.3359375,982612,2020,5,14
92000.0,92700.0,91200.0,92300.0,73656.3359375,822472,2020,5,15
92100.0,92200.0,91000.0,91900.0,73337.125,741214,2020,5,18
95000.0,99400.0,94700.0,99100.0,79082.796875,4564370,2020,5,19
98000.0,98300.0,96300.0,97300.0,77646.390625,1828158,2020,5,20
98600.0,98700.0,96600.0,97200.0,77566.578125,1471917,2020,5,21
97100.0,97200.0,94000.0,94500.0,75411.953125,1619476,2020,5,22
94900.0,96200.0,94000.0,96000.0,76608.9609375,1185541,2020,5,25
96000.0,99500.0,95500.0,97800.0,78045.375,2006216,2020,5,26
98700.0,99500.0,97300.0,98100.0,78284.7890625,1620664,2020,5,27
99500.0,99600.0,96200.0,97200.0,77566.578125,1602694,2020,5,28
96300.0,99200.0,96300.0,98000.0,78204.9765625,2010414,2020,5,29
98000.0,101500.0,98000.0,100000.0,79801.0078125,1908428,2020,6,1
99500.0,103000.0,98700.0,102500.0,81796.0390625,2155405,2020,6,2
106000.0,110000.0,105500.0,108500.0,86584.0859375,3118795,2020,6,3
112000.0,113000.0,105000.0,108500.0,86584.0859375,2823041,2020,6,4
108000.0,112000.0,106500.0,111000.0,88579.125,2128094,2020,6,5
114000.0,114500.0,111500.0,113000.0,90175.15625,1640392,2020,6,8
114000.0,115000.0,110500.0,112000.0,89377.1328125,1504910,2020,6,9
111000.0,112000.0,109000.0,111500.0,88978.125,1377837,2020,6,10
110000.0,111000.0,107000.0,108500.0,86584.0859375,2376313,2020,6,11
101500.0,105000.0,101500.0,103500.0,82594.0390625,1977558,2020,6,12
102000.0,102500.0,97000.0,97000.0,77406.984375,2022775,2020,6,15
99100.0,101500.0,99100.0,101500.0,80998.0078125,1389765,2020,6,16
100500.0,101000.0,98800.0,100500.0,80200.015625,1326645,2020,6,17
99100.0,102000.0,98400.0,100000.0,79801.0078125,1155455,2020,6,18
101000.0,101500.0,99100.0,100000.0,79801.0078125,903928,2020,6,19
99100.0,100000.0,98500.0,98500.0,78604.0,921187,2020,6,22
99200.0,101000.0,98000.0,98700.0,78763.6015625,1095698,2020,6,23
100000.0,103500.0,99800.0,103000.0,82195.03125,1813817,2020,6,24
100500.0,101000.0,99400.0,99400.0,79322.203125,1084453,2020,6,25
100500.0,101000.0,99500.0,100000.0,79801.0078125,670161,2020,6,26
97700.0,98700.0,97600.0,97700.0,77965.6015625,943424,2020,6,29
99100.0,99300.0,97700.0,97700.0,77965.6015625,988987,2020,6,30
98500.0,99500.0,98000.0,98200.0,78364.6015625,640540,2020,7,1
98000.0,99700.0,98000.0,99000.0,79002.9921875,730963,2020,7,2
99900.0,100500.0,98600.0,99200.0,79162.59375,569575,2020,7,3
99700.0,102500.0,98800.0,101500.0,80998.0078125,1189877,2020,7,6
103000.0,103500.0,99200.0,99200.0,79162.59375,1379122,2020,7,7
99200.0,101000.0,99100.0,99600.0,79481.796875,859735,2020,7,8
100000.0,101000.0,99600.0,99600.0,79481.796875,922604,2020,7,9
99400.0,99500.0,98000.0,98300.0,78444.3828125,1099298,2020,7,10
99200.0,101500.0,98500.0,101500.0,80998.0078125,1376002,2020,7,13
101500.0,102000.0,99900.0,101500.0,80998.0078125,1050563,2020,7,14
104500.0,110000.0,104000.0,109000.0,86983.1171875,4494730,2020,7,15
110500.0,113000.0,109000.0,110000.0,87781.1015625,3254530,2020,7,16
109500.0,119000.0,109500.0,117500.0,93766.203125,4265529,2020,7,17
119500.0,125000.0,118000.0,121500.0,96958.2265625,4461527,2020,7,20
122000.0,124500.0,118000.0,121500.0,96958.2265625,3138553,2020,7,21
122000.0,124000.0,118500.0,118500.0,94564.1875,2395083,2020,7,22
118500.0,125500.0,116000.0,124500.0,99352.265625,4505464,2020,7,23
123500.0,129000.0,121500.0,122500.0,97756.234375,3908721,2020,7,24
122500.0,126500.0,122000.0,123500.0,98554.2421875,2046059,2020,7,27
124500.0,126000.0,122000.0,123000.0,98155.2421875,1765179,2020,7,28
122500.0,125500.0,120000.0,125000.0,99751.2578125,1897616,2020,7,29
127000.0,130500.0,126000.0,127500.0,101746.28125,2728427,2020,7,30
128000.0,129500.0,125000.0,126500.0,100948.2578125,1712713,2020,7,31
126500.0,128500.0,123500.0,127000.0,101347.2734375,1868315,2020,8,3
129500.0,134000.0,129000.0,132500.0,105736.34375,2492506,2020,8,4
133000.0,135500.0,132000.0,134000.0,106933.3515625,1859551,2020,8,5
136500.0,146000.0,136000.0,144500.0,115312.4375,4040334,2020,8,6
145500.0,149500.0,144500.0,147000.0,117307.4609375,3208082,2020,8,7
151500.0,172500.0,151000.0,170000.0,135661.734375,8460795,2020,8,10
171500.0,180500.0,164500.0,179000.0,142843.796875,6776406,2020,8,11
174000.0,178500.0,170500.0,172000.0,137257.75,4877139,2020,8,12
175000.0,177500.0,167000.0,170000.0,135661.734375,3997431,2020,8,13
171000.0,172000.0,161000.0,167000.0,133267.671875,4469158,2020,8,14
163500.0,168000.0,155500.0,158000.0,126085.609375,4328953,2020,8,18
158000.0,165500.0,158000.0,164500.0,131272.671875,3298626,2020,8,19
163000.0,165500.0,154000.0,155000.0,123691.5703125,3630223,2020,8,20
158000.0,161500.0,154000.0,156000.0,124489.5859375,3348383,2020,8,21
157500.0,163000.0,152500.0,161500.0,128878.6171875,2904566,2020,8,24
167500.0,171000.0,165000.0,166000.0,132469.65625,3304089,2020,8,25
166500.0,170000.0,163000.0,167500.0,133666.6875,2638394,2020,8,26
169000.0,169500.0,163500.0,163500.0,130474.640625,2427108,2020,8,27
165500.0,176500.0,164500.0,172000.0,137257.75,5571784,2020,8,28
177500.0,182000.0,174500.0,176500.0,140848.765625,5275614,2020,8,31
178500.0,181000.0,175500.0,180000.0,143641.828125,2704194,2020,9,1
178000.0,178500.0,173500.0,176000.0,140449.75,2825239,2020,9,2
177500.0,177500.0,174000.0,176500.0,140848.765625,1841550,2020,9,3
167500.0,174000.0,167500.0,172500.0,137656.734375,2886867,2020,9,4
172500.0,173000.0,169000.0,170000.0,135661.734375,1516649,2020,9,7
171000.0,172500.0,168000.0,168000.0,134065.671875,1933504,2020,9,8
166500.0,172000.0,165500.0,167500.0,133666.6875,1685225,2020,9,9
170500.0,171500.0,168000.0,169000.0,134863.71875,1326177,2020,9,10
167500.0,171500.0,167500.0,171500.0,136858.734375,1538378,2020,9,11
174500.0,180000.0,174000.0,180000.0,143641.828125,3145262,2020,9,14
184000.0,185000.0,178500.0,179000.0,142843.796875,2644009,2020,9,15
179500.0,186000.0,177000.0,183500.0,146434.828125,3401835,2020,9,16
185500.0,191500.0,183000.0,184000.0,146833.828125,4383978,2020,9,17
184000.0,186000.0,179000.0,181000.0,144439.859375,2584103,2020,9,18
181000.0,188500.0,180500.0,185000.0,147631.859375,3133848,2020,9,21
185000.0,186000.0,178000.0,179500.0,143242.8125,3042046,2020,9,22
183000.0,183000.0,170000.0,179500.0,143242.8125,3481682,2020,9,23
173500.0,176000.0,171000.0,171500.0,136858.734375,2841908,2020,9,24
172500.0,174000.0,166000.0,170000.0,135661.734375,2076987,2020,9,25
173000.0,176000.0,172000.0,175500.0,140050.765625,1374871,2020,9,28
178500.0,180000.0,177500.0,178500.0,142444.8125,1475249,2020,9,29
183000.0,187500.0,181500.0,187000.0,149227.890625,2732820,2020,10,5
188000.0,188500.0,181500.0,182500.0,145636.828125,2143171,2020,10,6
180000.0,183500.0,178500.0,183000.0,146035.84375,1512423,2020,10,7
185500.0,186000.0,180000.0,180500.0,144040.796875,1750474,2020,10,8
178000.0,181500.0,176000.0,180000.0,143641.828125,1655359,2020,10,12
181000.0,181500.0,176000.0,179000.0,142843.796875,1728432,2020,10,13
181000.0,183500.0,177000.0,178000.0,142045.8125,1930046,2020,10,14
177000.0,178500.0,175000.0,176000.0,140449.75,1587551,2020,10,15
176500.0,177500.0,169000.0,172000.0,137257.75,3197258,2020,10,16
169500.0,172000.0,167500.0,168000.0,134065.671875,2230634,2020,10,19
157000.0,168500.0,156500.0,167500.0,133666.6875,5697398,2020,10,20
167000.0,167500.0,163500.0,165500.0,132070.671875,1760669,2020,10,21
163000.0,163500.0,161000.0,162500.0,129676.640625,1700524,2020,10,22
163500.0,168000.0,163000.0,167000.0,133267.671875,1883932,2020,10,23
167000.0,174000.0,164000.0,171500.0,136858.734375,3018359,2020,10,26
173000.0,178000.0,171000.0,172500.0,137656.734375,3317704,2020,10,27
172000.0,174000.0,169500.0,173500.0,138454.765625,1419988,2020,10,28
169000.0,171000.0,168000.0,170000.0,135661.734375,1484537,2020,10,29
169000.0,169500.0,164500.0,164500.0,131272.671875,1452259,2020,10,30
166000.0,170500.0,166000.0,170500.0,136060.734375,1052301,2020,11,2
171000.0,172000.0,169000.0,170500.0,136060.734375,1006364,2020,11,3
173000.0,175000.0,170500.0,171500.0,136858.734375,1699252,2020,11,4
173500.0,175000.0,172500.0,175000.0,139651.75,1299430,2020,11,5
176500.0,177000.0,169500.0,170500.0,136060.734375,2233192,2020,11,6
172500.0,174500.0,172000.0,172500.0,137656.734375,1521010,2020,11,9
174500.0,174500.0,172000.0,173500.0,138454.765625,1796342,2020,11,10
174500.0,179000.0,173000.0,175500.0,140050.765625,4140745,2020,11,11
175500.0,177000.0,173000.0,174000.0,138853.765625,1965154,2020,11,12
174000.0,178500.0,173500.0,177500.0,141646.8125,2405777,2020,11,13
182500.0,183500.0,177500.0,179000.0,142843.796875,2752922,2020,11,16
179500.0,185000.0,178000.0,182500.0,145636.828125,3429139,2020,11,17
183500.0,185500.0,179000.0,179500.0,143242.8125,2228657,2020,11,18
179000.0,181500.0,177500.0,180000.0,143641.828125,1379907,2020,11,19
179000.0,179500.0,177000.0,177000.0,141247.8125,1309560,2020,11,20
175000.0,179500.0,175000.0,179000.0,142843.796875,1494870,2020,11,23
181000.0,183000.0,179500.0,181000.0,144439.859375,1522580,2020,11,24
183500.0,184000.0,178000.0,179500.0,143242.8125,2082764,2020,11,25
179500.0,181000.0,178000.0,179000.0,142843.796875,1260429,2020,11,26
179000.0,181000.0,178000.0,181000.0,144439.859375,1033868,2020,11,27
181500.0,188500.0,181500.0,181500.0,144838.828125,3981271,2020,11,30
183000.0,184500.0,179500.0,183500.0,146434.828125,1792800,2020,12,1
183500.0,184500.0,181500.0,182500.0,145636.828125,1745795,2020,12,2
183500.0,196500.0,182000.0,196500.0,156808.984375,6053809,2020,12,3
198000.0,199000.0,195000.0,196500.0,156808.984375,3224702,2020,12,4
195500.0,198500.0,190500.0,193500.0,154414.9375,2519339,2020,12,7
191000.0,192000.0,186000.0,186500.0,148828.875,3181249,2020,12,8
188000.0,192000.0,187000.0,191500.0,152818.9375,1805987,2020,12,9
189000.0,194000.0,188000.0,191500.0,152818.9375,2187019,2020,12,10
193000.0,194500.0,190000.0,190000.0,151621.890625,1644559,2020,12,11
190500.0,191000.0,187000.0,189000.0,150823.90625,1259459,2020,12,14
189000.0,190500.0,186000.0,188500.0,150424.859375,1355388,2020,12,15
190000.0,193500.0,189500.0,190000.0,151621.890625,1268117,2020,12,16
190000.0,190500.0,188000.0,190500.0,152020.921875,974859,2020,12,17
191000.0,191000.0,189000.0,189000.0,150823.90625,930831,2020,12,18
188500.0,189000.0,185000.0,187000.0,149227.890625,1120752,2020,12,21
186000.0,186500.0,183000.0,184000.0,146833.828125,1381697,2020,12,22
183000.0,188500.0,183000.0,185000.0,147631.859375,1301433,2020,12,23
185000.0,189000.0,185000.0,187000.0,149227.890625,1061140,2020,12,24
189000.0,193000.0,187500.0,189500.0,151222.90625,2410348,2020,12,28
191000.0,191500.0,188000.0,190500.0,154466.296875,1488327,2020,12,29
190500.0,193500.0,189000.0,192000.0,155682.546875,1361340,2020,12,30
194000.0,211000.0,193500.0,207500.0,168250.6875,5651695,2021,1,4
207000.0,213000.0,205000.0,209500.0,169872.40625,3022595,2021,1,5
209500.0,211500.0,202500.0,203000.0,164601.859375,2848547,2021,1,6
206000.0,210500.0,204500.0,206000.0,167034.421875,2478337,2021,1,7
240500.0,257000.0,225000.0,246000.0,199468.25,19933702,2021,1,8
256500.0,289000.0,256000.0,267500.0,216901.5,14433887,2021,1,11
263500.0,274500.0,250500.0,261000.0,211630.96875,8040182,2021,1,12
259500.0,265000.0,250000.0,259000.0,210009.296875,5805649,2021,1,13
251000.0,255500.0,248500.0,250500.0,203117.09375,3389733,2021,1,14
252000.0,255000.0,239000.0,240000.0,194603.21875,3915078,2021,1,15
237500.0,246500.0,234000.0,241000.0,195414.046875,3387635,2021,1,18
244000.0,261500.0,244000.0,261500.0,212036.390625,4976690,2021,1,19
271000.0,277000.0,254000.0,259000.0,210009.296875,5305494,2021,1,20
264000.0,266500.0,259500.0,264500.0,214468.9375,2593509,2021,1,21
261000.0,263000.0,257000.0,257000.0,208387.578125,2093127,2021,1,22
253000.0,262000.0,251500.0,260000.0,210820.15625,1895263,2021,1,25
260500.0,260500.0,250500.0,251500.0,203927.921875,1846817,2021,1,26
252000.0,254500.0,245000.0,245500.0,199062.875,2190994,2021,1,27
238000.0,243500.0,236500.0,238500.0,193386.9375,2033262,2021,1,28
242000.0,242500.0,227000.0,229000.0,185683.90625,2663404,2021,1,29
229000.0,238500.0,224500.0,238500.0,193386.9375,1798912,2021,2,1
241500.0,243500.0,236000.0,240500.0,195008.625,1519973,2021,2,2
245000.0,252500.0,242500.0,245500.0,199062.875,2983093,2021,2,3
251500.0,253000.0,244000.0,248500.0,201495.421875,1907305,2021,2,4
249500.0,250500.0,243000.0,249500.0,202306.21875,1539977,2021,2,5
238000.0,240500.0,228500.0,234000.0,189738.140625,3212977,2021,2,8
232500.0,240500.0,232500.0,236500.0,191765.265625,1391614,2021,2,9
239000.0,246000.0,235000.0,245000.0,198657.4375,1233628,2021,2,10
247000.0,249000.0,243500.0,247500.0,200684.546875,916331,2021,2,15
249000.0,251000.0,245000.0,247500.0,200684.546875,1179084,2021,2,16
248000.0,248000.0,242500.0,243500.0,197441.1875,871176,2021,2,17
241000.0,243500.0,235500.0,235500.0,190954.40625,1260023,2021,2,18
236500.0,242000.0,235500.0,242000.0,196224.90625,1168454,2021,2,19
243000.0,247500.0,240000.0,241500.0,195819.453125,1157808,2021,2,22
242500.0,247500.0,237000.0,244500.0,198252.0,1629578,2021,2,23
246500.0,249000.0,235000.0,235000.0,190548.96875,2072507,2021,2,24
239000.0,245000.0,235000.0,245000.0,198657.4375,1562697,2021,2,25
238500.0,248500.0,235500.0,237000.0,192170.671875,2710962,2021,2,26
244500.0,249000.0,237000.0,239000.0,193792.375,2509152,2021,3,2
239000.0,241500.0,236500.0,240000.0,194603.21875,910872,2021,3,3
236000.0,238000.0,232500.0,235000.0,190548.96875,1274581,2021,3,4
230500.0,237000.0,228500.0,235000.0,190548.96875,1153198,2021,3,5
237000.0,237500.0,230000.0,230500.0,186900.140625,853206,2021,3,8
230500.0,234000.0,228000.0,231500.0,187711.015625,1254755,2021,3,9
236500.0,236500.0,227000.0,227500.0,184467.609375,901351,2021,3,10
228000.0,232000.0,227500.0,228500.0,185278.453125,1154314,2021,3,11
231500.0,233500.0,229000.0,232500.0,188521.84375,823038,2021,3,12
233000.0,236000.0,230000.0,232000.0,188116.4375,769672,2021,3,15
233500.0,235000.0,232000.0,234000.0,189738.140625,633617,2021,3,16
234000.0,234000.0,230000.0,232000.0,188116.4375,627439,2021,3,17
234500.0,238000.0,233500.0,234000.0,189738.140625,1005422,2021,3,18
230000.0,232000.0,229000.0,229500.0,186089.296875,1055587,2021,3,19
230000.0,231000.0,227500.0,229000.0,185683.90625,739527,2021,3,22
229500.0,231000.0,225500.0,226500.0,183656.78125,1024811,2021,3,23
225000.0,225500.0,220000.0,221000.0,179197.125,1049551,2021,3,24
218500.0,220500.0,216000.0,218000.0,176764.59375,1087519,2021,3,25
219500.0,219500.0,212000.0,215500.0,174737.46875,1480861,2021,3,26
215500.0,217500.0,211000.0,215500.0,174737.46875,1184415,2021,3,29
215500.0,221000.0,215000.0,219500.0,177980.828125,935840,2021,3,30
221500.0,222000.0,218000.0,218000.0,176764.59375,750876,2021,3,31
220500.0,224500.0,218500.0,219000.0,177575.4375,749450,2021,4,1
225500.0,238500.0,225000.0,233500.0,189332.734375,3648528,2021,4,2
236000.0,236500.0,230000.0,234000.0,189738.140625,990184,2021,4,5
235000.0,235000.0,229500.0,230000.0,186494.71875,737694,2021,4,6
228500.0,232500.0,226500.0,230000.0,186494.71875,708886,2021,4,7
229000.0,233500.0,227000.0,231500.0,187711.015625,915323,2021,4,8
231500.0,232000.0,227000.0,228500.0,185278.453125,726250,2021,4,9
228000.0,229000.0,225500.0,226000.0,183251.34375,659014,2021,4,12
226500.0,230000.0,226000.0,230000.0,186494.71875,634607,2021,4,13
231000.0,237000.0,230500.0,232500.0,188521.84375,940909,2021,4,14
232500.0,232500.0,229000.0,230500.0,186900.140625,555364,2021,4,15
231500.0,233500.0,230500.0,231500.0,187711.015625,577562,2021,4,16
232000.0,232500.0,229000.0,230000.0,186494.71875,715867,2021,4,19
230000.0,231000.0,228500.0,229000.0,185683.90625,722449,2021,4,20
227500.0,228000.0,224000.0,225500.0,182845.921875,848076,2021,4,21
226500.0,231000.0,225500.0,226000.0,183251.34375,1025922,2021,4,22
225500.0,225500.0,220500.0,221000.0,179197.125,1202196,2021,4,23
221500.0,222500.0,220000.0,221500.0,179602.546875,653982,2021,4,26
222000.0,222500.0,218000.0,220000.0,178386.25,763634,2021,4,27
220000.0,223500.0,219500.0,221500.0,179602.546875,701452,2021,4,28
221000.0,221500.0,217000.0,217500.0,176359.125,1047837,2021,4,29
216000.0,216500.0,211000.0,212000.0,171899.46875,1168115,2021,4,30
212000.0,222500.0,211000.0,218000.0,176764.59375,1189242,2021,5,3
220000.0,224500.0,217500.0,223500.0,181224.234375,953550,2021,5,4
223000.0,225000.0,221000.0,223500.0,181224.234375,645594,2021,5,6
223500.0,227000.0,221000.0,224000.0,181629.65625,639489,2021,5,7
226500.0,230000.0,225500.0,229500.0,186089.296875,1117219,2021,5,10
227000.0,228500.0,223500.0,226500.0,183656.78125,852825,2021,5,11
226500.0,233000.0,223000.0,227500.0,184467.609375,1649500,2021,5,12
224000.0,232000.0,221500.0,229500.0,186089.296875,1593554,2021,5,13
234000.0,236000.0,226500.0,229000.0,185683.90625,1357407,2021,5,14
232000.0,232500.0,225000.0,227000.0,184062.171875,875528,2021,5,17
227500.0,232500.0,226000.0,231000.0,187305.59375,1034501,2021,5,18
228500.0,230500.0,224000.0,224500.0,182035.09375,1190072,2021,5,20
227000.0,233000.0,225500.0,227500.0,184467.609375,1333704,2021,5,21
227500.0,231000.0,226000.0,228000.0,184873.046875,765657,2021,5,24
230000.0,230000.0,225000.0,227500.0,184467.609375,781950,2021,5,25
227500.0,229000.0,222500.0,223500.0,181224.234375,1088210,2021,5,26
223000.0,223500.0,220000.0,220500.0,178791.6875,2306997,2021,5,27
223500.0,232500.0,223000.0,232000.0,188116.4375,2394356,2021,5,28
233000.0,235500.0,230500.0,235000.0,190548.96875,1132711,2021,5,31
235000.0,237500.0,232500.0,237000.0,192170.671875,1027141,2021,6,1
238500.0,243000.0,235500.0,238000.0,192981.515625,1707167,2021,6,2
238500.0,240500.0,236500.0,238500.0,193386.9375,1034103,2021,6,3
241500.0,243000.0,238000.0,241500.0,195819.453125,1333789,2021,6,4
244500.0,247500.0,240500.0,241500.0,195819.453125,1343895,2021,6,7
241500.0,245000.0,238500.0,243500.0,197441.1875,875362,2021,6,8
243000.0,245500.0,239000.0,239500.0,194197.796875,941037,2021,6,9
239000.0,240000.0,236000.0,236000.0,191359.84375,1094346,2021,6,10
237500.0,241500.0,237000.0,238500.0,193386.9375,687536,2021,6,11
238500.0,240000.0,235000.0,238000.0,192981.515625,561560,2021,6,14
238000.0,239000.0,235500.0,237000.0,192170.671875,471192,2021,6,15
237000.0,243000.0,237000.0,239500.0,194197.796875,778322,2021,6,16
239000.0,239500.0,236000.0,236500.0,191765.265625,724881,2021,6,17
237000.0,238000.0,235000.0,235000.0,190548.96875,1036077,2021,6,18
234000.0,236000.0,232000.0,233000.0,188927.28125,823355,2021,6,21
235500.0,243000.0,235000.0,241000.0,195414.046875,1299242,2021,6,22
242000.0,243000.0,239000.0,242500.0,196630.3125,843399,2021,6,23
243500.0,249000.0,241000.0,242500.0,196630.3125,1494131,2021,6,24
243500.0,244000.0,241000.0,243000.0,197035.765625,537893,2021,6,25
244000.0,244500.0,240000.0,241000.0,195414.046875,575102,2021,6,28
240500.0,242500.0,239000.0,239500.0,195006.9375,627915,2021,6,29
240000.0,241000.0,238500.0,239500.0,195006.9375,653096,2021,6,30
238500.0,243000.0,236000.0,242000.0,197042.515625,1031692,2021,7,1
243500.0,243500.0,239000.0,239000.0,194599.859375,829518,2021,7,2
239000.0,240000.0,235000.0,236000.0,192157.1875,861912,2021,7,5
236500.0,238000.0,235500.0,236000.0,192157.1875,497009,2021,7,6
235000.0,235500.0,232000.0,232000.0,188900.234375,1122107,2021,7,7
232000.0,233000.0,229000.0,229500.0,186864.6875,1241792,2021,7,8
227500.0,229000.0,225000.0,226000.0,184014.890625,1137429,2021,7,9
229000.0,232000.0,228000.0,230000.0,187271.78125,529258,2021,7,12
230000.0,231500.0,229000.0,230000.0,187271.78125,518563,2021,7,13
230500.0,232500.0,228500.0,230000.0,187271.78125,582990,2021,7,14
230000.0,232500.0,229500.0,231500.0,188493.125,546166,2021,7,15
230000.0,230500.0,228000.0,230000.0,187271.78125,468595,2021,7,16
228000.0,228500.0,227000.0,227500.0,185236.234375,432339,2021,7,19
225500.0,229500.0,225000.0,227000.0,184829.125,636495,2021,7,20
231500.0,232000.0,227500.0,228000.0,185643.359375,631902,2021,7,21
228500.0,231500.0,227500.0,228500.0,186050.4375,790428,2021,7,22
229000.0,229000.0,224000.0,225500.0,183607.765625,1574776,2021,7,23
225500.0,226500.0,224000.0,224500.0,182793.5625,719330,2021,7,26
225500.0,226500.0,224000.0,225000.0,183200.6875,738143,2021,7,27
225000.0,225000.0,221000.0,222500.0,181165.09375,886854,2021,7,28
223000.0,224000.0,222000.0,222000.0,180758.0,496679,2021,7,29
222000.0,222000.0,218000.0,218000.0,177501.109375,909716,2021,7,30
218000.0,220500.0,217000.0,220000.0,179129.515625,676544,2021,8,2
219000.0,223500.0,218000.0,223500.0,181979.328125,775231,2021,8,3
224000.0,225000.0,222500.0,225000.0,183200.6875,542319,2021,8,4
223000.0,224500.0,222500.0,223000.0,181572.21875,470741,2021,8,5
224500.0,225000.0,222500.0,222500.0,181165.09375,384056,2021,8,6
220500.0,222500.0,220000.0,221000.0,179943.78125,582236,2021,8,9
220500.0,221000.0,218500.0,219000.0,178315.328125,497715,2021,8,10
219000.0,220500.0,218000.0,218500.0,177908.203125,490442,2021,8,11
220000.0,224000.0,219000.0,219000.0,178315.328125,862826,2021,8,12
221500.0,221500.0,214000.0,217000.0,176686.875,864375,2021,8,13
216000.0,217000.0,211000.0,213000.0,173429.96875,863610,2021,8,17
211000.0,214000.0,209000.0,212500.0,173022.859375,671920,2021,8,18
212500.0,212500.0,205000.0,206500.0,168137.5,1180734,2021,8,19
207000.0,208000.0,200000.0,201500.0,164066.375,1310974,2021,8,20
203000.0,206000.0,201500.0,204000.0,166101.96875,848219,2021,8,23
206000.0,211000.0,206000.0,209500.0,170580.203125,745430,2021,8,24
210000.0,212500.0,207500.0,209500.0,170580.203125,477019,2021,8,25
209500.0,212000.0,208000.0,210000.0,170987.28125,417323,2021,8,26
209000.0,209500.0,205000.0,208500.0,169765.9375,502218,2021,8,27
211000.0,212500.0,210000.0,210000.0,170987.28125,409963,2021,8,30
210000.0,212500.0,208000.0,212500.0,173022.859375,777103,2021,8,31
214000.0,218500.0,213500.0,215000.0,175058.453125,855937,2021,9,1
214000.0,215000.0,210000.0,211500.0,172208.625,656283,2021,9,2
213000.0,215500.0,212000.0,214500.0,174651.296875,739961,2021,9,3
214500.0,216000.0,213500.0,215000.0,175058.453125,389587,2021,9,6
214500.0,214500.0,211500.0,212500.0,173022.859375,434105,2021,9,7
210500.0,214500.0,210000.0,213000.0,173429.96875,593084,2021,9,8
212500.0,212500.0,208000.0,208500.0,169765.9375,780270,2021,9,9
208500.0,209500.0,204000.0,206500.0,168137.5,678308,2021,9,10
206500.0,206500.0,204000.0,205000.0,166916.171875,590609,2021,9,13
206500.0,211500.0,206000.0,209000.0,170173.0625,721080,2021,9,14
208000.0,211500.0,208000.0,209500.0,170580.203125,472855,2021,9,15
210000.0,211000.0,206500.0,208000.0,169358.859375,416275,2021,9,16
208000.0,210000.0,207000.0,209000.0,170173.0625,698398,2021,9,17
205000.0,209000.0,204500.0,208500.0,169765.9375,525020,2021,9,23
209500.0,210500.0,206000.0,207000.0,168544.59375,413926,2021,9,24
205000.0,206000.0,203500.0,204000.0,166101.96875,584898,2021,9,27
204000.0,204000.0,200500.0,201500.0,164066.375,719631,2021,9,28
197500.0,202000.0,197500.0,201500.0,164066.375,934463,2021,9,29
200000.0,201000.0,199000.0,200000.0,162845.03125,594666,2021,9,30
198000.0,199000.0,192000.0,193500.0,157552.5625,1182422,2021,10,1
191000.0,195000.0,189000.0,193500.0,157552.5625,1056472,2021,10,5
195000.0,197500.0,192500.0,194000.0,157959.71875,913916,2021,10,6
194500.0,203000.0,194500.0,201000.0,163659.28125,1066226,2021,10,7
203500.0,206500.0,202500.0,205000.0,166916.171875,993219,2021,10,8
205000.0,206500.0,202000.0,204500.0,166509.046875,820163,2021,10,12
206500.0,211500.0,206500.0,211000.0,171801.546875,1169924,2021,10,13
211500.0,212000.0,208000.0,209000.0,170173.0625,863110,2021,10,14
210500.0,211500.0,208000.0,208500.0,169765.9375,530328,2021,10,15
208000.0,210500.0,205000.0,209500.0,170580.203125,607227,2021,10,18
210500.0,212000.0,208000.0,209000.0,170173.0625,428739,2021,10,19
210000.0,211000.0,208000.0,209000.0,170173.0625,472664,2021,10,20
209500.0,211000.0,206000.0,207500.0,168951.75,775441,2021,10,21
207000.0,209500.0,206000.0,207500.0,168951.75,362676,2021,10,22
207500.0,212000.0,206000.0,211000.0,171801.546875,649860,2021,10,25
213000.0,214500.0,209000.0,213500.0,173837.0625,782736,2021,10,26
214500.0,215000.0,212500.0,213500.0,173837.0625,606729,2021,10,27
213000.0,214000.0,209500.0,210000.0,170987.28125,633732,2021,10,28
211500.0,212500.0,206500.0,208000.0,169358.859375,667275,2021,10,29
208000.0,209500.0,207000.0,208000.0,169358.859375,395091,2021,11,1
208000.0,211500.0,207500.0,210000.0,170987.28125,417645,2021,11,2
211000.0,212000.0,207000.0,208500.0,169765.9375,476081,2021,11,3
211000.0,216000.0,210000.0,214000.0,174244.1875,1122870,2021,11,4
216500.0,217000.0,214000.0,215000.0,175058.453125,686779,2021,11,5
214500.0,216500.0,212500.0,215000.0,175058.453125,532328,2021,11,8
216000.0,217000.0,212000.0,213000.0,173429.96875,620316,2021,11,9
211000.0,211500.0,206500.0,208500.0,169765.9375,680033,2021,11,10
205500.0,206500.0,203500.0,205000.0,166916.171875,710080,2021,11,11
205000.0,209500.0,205000.0,208000.0,169358.859375,415172,2021,11,12
208000.0,210000.0,207000.0,209000.0,170173.0625,377424,2021,11,15
208000.0,208000.0,205000.0,206500.0,168137.5,515194,2021,11,16
206500.0,209000.0,203000.0,207000.0,168544.59375,715192,2021,11,17
205500.0,206500.0,204000.0,205000.0,166916.171875,562783,2021,11,18
211500.0,212500.0,208000.0,209500.0,170580.203125,829314,2021,11,19
209500.0,220000.0,207500.0,218500.0,177908.203125,1620439,2021,11,22
219000.0,219500.0,213500.0,215000.0,175058.453125,818782,2021,11,23
215500.0,216000.0,211000.0,212000.0,172615.734375,652274,2021,11,24
212500.0,212500.0,210000.0,210000.0,170987.28125,414037,2021,11,25
209500.0,210000.0,204000.0,205500.0,167323.28125,901184,2021,11,26
199500.0,203500.0,199500.0,200500.0,163252.140625,901640,2021,11,29
202000.0,203500.0,194500.0,195500.0,159181.03125,1313581,2021,11,30
198500.0,202000.0,196500.0,201000.0,163659.28125,741594,2021,12,1
198500.0,206000.0,198000.0,205500.0,167323.28125,782923,2021,12,2
205500.0,208000.0,204500.0,206000.0,167730.375,514358,2021,12,3
204500.0,208000.0,202500.0,206500.0,168137.5,503652,2021,12,6
206000.0,208000.0,204000.0,207500.0,168951.75,501624,2021,12,7
210000.0,211000.0,207000.0,207500.0,168951.75,502904,2021,12,8
207000.0,210000.0,206500.0,207000.0,168544.59375,775215,2021,12,9
207000.0,209500.0,205500.0,207500.0,168951.75,443350,2021,12,10
210000.0,214000.0,209000.0,209000.0,170173.0625,877690,2021,12,13
208000.0,212000.0,207500.0,211000.0,171801.546875,499536,2021,12,14
210500.0,211500.0,208500.0,209000.0,170173.0625,436219,2021,12,15
211500.0,212000.0,208000.0,209500.0,170580.203125,457620,2021,12,16
208500.0,211500.0,208000.0,209500.0,170580.203125,623863,2021,12,17
209000.0,209500.0,204500.0,205000.0,166916.171875,542620,2021,12,20
206000.0,207500.0,204000.0,205000.0,166916.171875,548609,2021,12,21
207000.0,209500.0,205500.0,206500.0,168137.5,480545,2021,12,22
208000.0,209000.0,207000.0,209000.0,170173.0625,372738,2021,12,23
210500.0,216500.0,210500.0,215500.0,175465.515625,1024355,2021,12,24
216500.0,217000.0,213500.0,213500.0,173837.0625,530039,2021,12,27
215000.0,215000.0,211500.0,214000.0,174244.1875,880326,2021,12,28
213000.0,215000.0,211500.0,212000.0,175903.6875,659392,2021,12,29
211500.0,212000.0,208500.0,209000.0,173414.453125,581448,2021,12,30
212500.0,212500.0,208500.0,210000.0,174244.1875,499857,2022,1,4
214000.0,217500.0,212000.0,213500.0,177148.25,1175411,2022,1,5
210000.0,216500.0,210000.0,214000.0,177563.140625,866582,2022,1,6
214500.0,216500.0,213500.0,215000.0,178392.875,577852,2022,1,7
214000.0,215000.0,209000.0,209500.0,173829.34375,744261,2022,1,10
209500.0,211500.0,209000.0,210500.0,174659.046875,482235,2022,1,11
211500.0,213000.0,210500.0,211500.0,175488.8125,470451,2022,1,12
211500.0,213000.0,210000.0,210000.0,174244.1875,499094,2022,1,13
209500.0,211000.0,208000.0,209000.0,173414.453125,406569,2022,1,14
208500.0,209000.0,202500.0,205000.0,170095.546875,724213,2022,1,17
206000.0,206000.0,201500.0,202500.0,168021.1875,580959,2022,1,18
200500.0,203500.0,200000.0,200500.0,166361.703125,525014,2022,1,19
200500.0,202500.0,199500.0,202000.0,167606.328125,451581,2022,1,20
199500.0,201000.0,198500.0,200000.0,165946.859375,513891,2022,1,21
197500.0,200000.0,195000.0,197000.0,163457.640625,659010,2022,1,24
196500.0,197000.0,190000.0,194500.0,161383.328125,1174185,2022,1,25
194500.0,194500.0,194500.0,194500.0,161383.328125,0,2022,1,26
190000.0,191500.0,185500.0,186500.0,154745.4375,1072651,2022,1,27
186500.0,186500.0,186500.0,186500.0,154745.4375,0,2022,1,28
193000.0,195500.0,191500.0,191500.0,158894.109375,837241,2022,2,3
190500.0,192000.0,188000.0,190000.0,157649.5,837609,2022,2,4
189500.0,190000.0,184500.0,186500.0,154745.4375,829365,2022,2,7
186500.0,186500.0,186500.0,186500.0,154745.4375,0,2022,2,8
186500.0,186500.0,186500.0,186500.0,154745.4375,0,2022,2,9
186000.0,187000.0,182500.0,185500.0,153915.703125,1280607,2022,2,10
183000.0,184500.0,181000.0,183000.0,151841.34375,1001635,2022,2,11
179500.0,181000.0,176000.0,176500.0,146448.109375,1380176,2022,2,14
177000.0,183000.0,176500.0,180500.0,149767.03125,961742,2022,2,15
184500.0,185500.0,181000.0,182000.0,151011.640625,561867,2022,2,16
183000.0,186000.0,181000.0,183500.0,152256.234375,767679,2022,2,17
181000.0,184000.0,180500.0,183500.0,152256.234375,426090,2022,2,18
183500.0,183500.0,183500.0,183500.0,152256.234375,0,2022,2,21
183500.0,183500.0,183500.0,183500.0,152256.234375,0,2022,2,22
183500.0,183500.0,183500.0,183500.0,152256.234375,0,2022,2,23
178500.0,179000.0,171000.0,173000.0,143544.015625,1722526,2022,2,24
175000.0,175500.0,171500.0,174000.0,144373.765625,949885,2022,2,25
174000.0,174000.0,174000.0,174000.0,144373.765625,0,2022,2,28
171500.0,172500.0,169500.0,170500.0,141469.6875,1384049,2022,3,2
173500.0,179000.0,173000.0,177500.0,147277.84375,1244300,2022,3,3
177500.0,177500.0,177500.0,177500.0,147277.84375,0,2022,3,4
170000.0,171000.0,165500.0,168000.0,139395.359375,1439259,2022,3,7
164000.0,170500.0,163500.0,168000.0,139395.359375,728464,2022,3,8
168000.0,168000.0,168000.0,168000.0,139395.359375,0,2022,3,10
168000.0,168000.0,168000.0,168000.0,139395.359375,0,2022,3,11
166500.0,167500.0,163000.0,164500.0,136491.265625,1112790,2022,3,14
164500.0,164500.0,164500.0,164500.0,136491.265625,0,2022,3,15
164500.0,164500.0,164500.0,164500.0,136491.265625,0,2022,3,16
164500.0,164500.0,164500.0,164500.0,136491.265625,0,2022,3,17
171500.0,171500.0,169500.0,171000.0,141884.578125,782119,2022,3,18
171000.0,171000.0,171000.0,171000.0,141884.578125,0,2022,3,21
169000.0,174500.0,169000.0,173500.0,143958.90625,1166430,2022,3,22
175000.0,177500.0,174000.0,176000.0,146033.21875,952954,2022,3,23
174000.0,177000.0,173500.0,176000.0,146033.21875,709518,2022,3,24
176500.0,176500.0,173000.0,174000.0,144373.765625,563456,2022,3,25
172000.0,175500.0,171000.0,174500.0,144788.625,459678,2022,3,28
176000.0,178000.0,174000.0,176500.0,146448.109375,545335,2022,3,29
180000.0,183000.0,179500.0,181000.0,150181.921875,1082135,2022,3,30
180500.0,181000.0,179000.0,180500.0,149767.03125,576522,2022,3,31
178000.0,178500.0,177000.0,178000.0,147692.6875,470770,2022,4,1
177000.0,179000.0,174500.0,178000.0,147692.6875,509106,2022,4,4
178500.0,180000.0,177000.0,179000.0,148522.453125,426072,2022,4,5
177000.0,182000.0,176500.0,180000.0,149352.15625,641803,2022,4,6
180000.0,182000.0,178500.0,178500.0,148107.578125,778374,2022,4,7
178000.0,179000.0,175500.0,176500.0,146448.109375,458780,2022,4,8
176000.0,181000.0,175500.0,179500.0,148937.296875,641674,2022,4,11
179000.0,180500.0,176500.0,178000.0,147692.6875,626266,2022,4,12
179500.0,181000.0,178500.0,181000.0,150181.921875,498547,2022,4,13
181000.0,182000.0,176500.0,177500.0,147277.84375,898024,2022,4,14
176500.0,178000.0,175500.0,177000.0,146862.984375,559522,2022,4,15
176000.0,178500.0,175500.0,178500.0,148107.578125,275773,2022,4,18
178500.0,181500.0,178000.0,181000.0,150181.921875,623880,2022,4,19
181000.0,184000.0,180000.0,183000.0,151841.34375,814107,2022,4,20
184000.0,184500.0,182500.0,183000.0,151841.34375,657116,2022,4,21
181500.0,182500.0,179000.0,180000.0,149352.15625,852781,2022,4,22
177000.0,184500.0,176500.0,182000.0,151011.640625,1504197,2022,4,25
187000.0,191000.0,186500.0,187000.0,155160.328125,2313611,2022,4,26
184000.0,188500.0,183000.0,187000.0,155160.328125,1152068,2022,4,27
188000.0,189000.0,186000.0,188500.0,156404.875,705457,2022,4,28
187000.0,188000.0,184000.0,186000.0,154330.546875,767005,2022,4,29
184000.0,188000.0,184000.0,187000.0,155160.328125,496083,2022,5,2
185500.0,186500.0,182500.0,183500.0,152256.234375,662535,2022,5,3
183500.0,184500.0,182000.0,184000.0,152671.125,347996,2022,5,4
181500.0,183500.0,181000.0,182500.0,151426.515625,375723,2022,5,6
180500.0,181500.0,176000.0,180500.0,149767.03125,774377,2022,5,10
178500.0,184500.0,178000.0,183000.0,151841.34375,724251,2022,5,11
181000.0,183500.0,180000.0,180500.0,149767.03125,691192,2022,5,12
182000.0,187000.0,181500.0,186500.0,154745.4375,924029,2022,5,13
188500.0,189500.0,183500.0,184000.0,152671.125,548683,2022,5,16
185500.0,186500.0,182500.0,185500.0,153915.703125,530263,2022,5,17
187000.0,187500.0,183500.0,185500.0,153915.703125,541137,2022,5,18
181500.0,183500.0,181000.0,182000.0,151011.640625,542030,2022,5,19
183500.0,186500.0,183000.0,186500.0,154745.4375,469517,2022,5,20
188500.0,189000.0,186500.0,188000.0,155990.046875,436270,2022,5,23
187000.0,188000.0,183500.0,185000.0,153500.84375,431231,2022,5,24
186000.0,186000.0,182000.0,183500.0,152256.234375,482136,2022,5,25
183500.0,186000.0,183000.0,184000.0,152671.125,428541,2022,5,26
186500.0,186500.0,184500.0,185500.0,153915.703125,334939,2022,5,27
187500.0,188000.0,185500.0,187500.0,155575.171875,368902,2022,5,30
187000.0,189500.0,187000.0,189500.0,157234.625,916327,2022,5,31
189000.0,189000.0,186500.0,187500.0,155575.171875,387758,2022,6,2
188500.0,189000.0,185000.0,187000.0,155160.328125,400003,2022,6,3
186000.0,186500.0,183000.0,183500.0,152256.234375,621262,2022,6,7
183500.0,185000.0,182000.0,183000.0,151841.34375,556940,2022,6,8
183000.0,183500.0,180500.0,182500.0,151426.515625,656175,2022,6,9
181500.0,185000.0,180500.0,184500.0,153086.015625,571131,2022,6,10
180000.0,181500.0,173000.0,175000.0,145203.515625,1193167,2022,6,13
171500.0,172500.0,169000.0,171500.0,142299.40625,1122467,2022,6,14
173500.0,179000.0,171500.0,174000.0,144373.765625,995832,2022,6,15
177000.0,177500.0,172500.0,173000.0,143544.015625,619047,2022,6,16
168000.0,172000.0,168000.0,170000.0,141054.84375,784685,2022,6,17
172500.0,173000.0,168500.0,170500.0,141469.6875,518566,2022,6,20
171500.0,175000.0,170000.0,172500.0,143129.15625,532008,2022,6,21
174500.0,175000.0,171000.0,171500.0,142299.40625,633838,2022,6,22
171500.0,174000.0,170000.0,171000.0,141884.578125,807430,2022,6,23
170500.0,175000.0,170500.0,173000.0,143544.015625,472975,2022,6,24
177000.0,185000.0,176500.0,183000.0,151841.34375,1348957,2022,6,27
183500.0,189000.0,183500.0,186000.0,154330.546875,1021549,2022,6,28
180000.0,181000.0,172500.0,175500.0,146405.484375,2543120,2022,6,29
176500.0,184500.0,175500.0,180500.0,150576.59375,1651221,2022,6,30
181500.0,185000.0,179500.0,180000.0,150159.453125,916020,2022,7,1
181000.0,183000.0,175000.0,178000.0,148491.03125,1006440,2022,7,4
180000.0,181000.0,173500.0,177500.0,148073.9375,1097504,2022,7,5
176000.0,177000.0,172000.0,172500.0,143902.828125,924184,2022,7,6
175000.0,177000.0,172500.0,175000.0,145988.40625,536363,2022,7,7
177500.0,180500.0,177000.0,178000.0,148491.03125,824702,2022,7,8
180000.0,182000.0,179000.0,179000.0,149325.265625,660814,2022,7,11
180000.0,181500.0,177000.0,179000.0,149325.265625,539027,2022,7,12
180000.0,185000.0,178500.0,183500.0,153079.265625,941277,2022,7,13
183000.0,184500.0,180500.0,182500.0,152245.046875,780637,2022,7,14
183000.0,184500.0,178500.0,183500.0,153079.265625,768143,2022,7,15
187000.0,188500.0,183500.0,185500.0,154747.671875,699961,2022,7,18
185000.0,189000.0,184500.0,188500.0,157250.328125,868892,2022,7,19
191500.0,191500.0,188500.0,189000.0,157667.421875,985986,2022,7,20
189000.0,193500.0,185500.0,189000.0,157667.421875,2136819,2022,7,21
191000.0,193000.0,188000.0,191000.0,159335.890625,1378005,2022,7,22
192500.0,198500.0,192500.0,196000.0,163506.984375,1352264,2022,7,25
196000.0,196500.0,192500.0,196000.0,163506.984375,735482,2022,7,26
196000.0,197000.0,193000.0,196000.0,163506.984375,608998,2022,7,27
198000.0,198000.0,194000.0,195000.0,162672.78125,757504,2022,7,28
196000.0,197000.0,194000.0,196000.0,163506.984375,844829,2022,7,29
196000.0,198000.0,195000.0,196000.0,163506.984375,601112,2022,8,1
196500.0,197000.0,193500.0,196500.0,163924.109375,721088,2022,8,2
197000.0,198000.0,196000.0,197000.0,164341.203125,683572,2022,8,3
198000.0,198500.0,194500.0,196500.0,163924.109375,622111,2022,8,4
196000.0,197500.0,193500.0,194500.0,162255.65625,919482,2022,8,5
193500.0,196000.0,193000.0,196000.0,163506.984375,635689,2022,8,8
195500.0,196000.0,191000.0,193500.0,161421.421875,962838,2022,8,9
193000.0,194500.0,192000.0,192500.0,160587.234375,510243,2022,8,10
195000.0,195000.0,192500.0,193000.0,161004.3125,731121,2022,8,11
193500.0,197500.0,193500.0,196000.0,163506.984375,627417,2022,8,12
198000.0,199500.0,196000.0,197500.0,164758.328125,505801,2022,8,16
195000.0,196500.0,188000.0,190000.0,158501.65625,1410422,2022,8,17
186500.0,187500.0,184000.0,186000.0,155164.765625,1438270,2022,8,18
187000.0,191500.0,186500.0,190000.0,158501.65625,770986,2022,8,19
187500.0,192000.0,187000.0,189000.0,157667.421875,532730,2022,8,22
189000.0,193000.0,188000.0,189000.0,157667.421875,711974,2022,8,23
190000.0,191000.0,185500.0,188000.0,156833.25,700265,2022,8,24
189000.0,192500.0,188500.0,192000.0,160170.09375,561737,2022,8,25
192500.0,194000.0,191500.0,193500.0,161421.421875,473581,2022,8,26
188500.0,189000.0,186500.0,188500.0,157250.328125,601747,2022,8,29
190500.0,196000.0,190500.0,195500.0,163089.890625,891335,2022,8,30
195000.0,197500.0,194500.0,196000.0,163506.984375,762426,2022,8,31
193500.0,197500.0,191000.0,195500.0,163089.890625,785337,2022,9,1
199000.0,203500.0,196000.0,196500.0,163924.109375,1401989,2022,9,2
197500.0,201000.0,197500.0,200000.0,166843.859375,886938,2022,9,5
200500.0,201000.0,198000.0,201000.0,167678.078125,591596,2022,9,6
201000.0,203000.0,199000.0,202000.0,168512.3125,758254,2022,9,7
202500.0,203000.0,198500.0,200000.0,166843.859375,860563,2022,9,8
200500.0,201500.0,198000.0,200500.0,167260.984375,910285,2022,9,13
197000.0,200000.0,196000.0,198500.0,165592.515625,668955,2022,9,14
199000.0,201000.0,198000.0,198000.0,165175.421875,404656,2022,9,15
199500.0,202500.0,199000.0,201000.0,167678.078125,911954,2022,9,16
201500.0,202000.0,198000.0,201500.0,168095.203125,693456,2022,9,19
202500.0,202500.0,198500.0,198500.0,165592.515625,692217,2022,9,20
197000.0,197500.0,194500.0,197000.0,164341.203125,622478,2022,9,21
194500.0,197000.0,192500.0,193500.0,161421.421875,540322,2022,9,22
194000.0,195500.0,190500.0,190500.0,158918.78125,680644,2022,9,23
187000.0,187500.0,180500.0,182500.0,152245.046875,1609911,2022,9,26
182500.0,186000.0,182000.0,186000.0,155164.765625,890612,2022,9,27
184000.0,184500.0,177500.0,179500.0,149742.359375,1163914,2022,9,28
182500.0,184000.0,181000.0,181500.0,151410.78125,714142,2022,9,29
181000.0,183000.0,174000.0,176500.0,147239.703125,1005125,2022,9,30
179000.0,183000.0,177500.0,179500.0,149742.359375,831935,2022,10,4
183500.0,184000.0,172000.0,177000.0,147656.828125,1144019,2022,10,5
178500.0,179500.0,175000.0,178000.0,148491.03125,611007,2022,10,6
176500.0,176500.0,174000.0,175500.0,146405.484375,608384,2022,10,7
170000.0,170500.0,166000.0,168000.0,140148.84375,1145441,2022,10,11
166500.0,169500.0,165500.0,168000.0,140148.84375,821753,2022,10,12
167500.0,168000.0,164500.0,164500.0,137229.0625,691537,2022,10,13
167000.0,168000.0,165000.0,167000.0,139314.625,657249,2022,10,14
166000.0,168500.0,164000.0,167000.0,139314.625,665601,2022,10,17
170500.0,171500.0,165000.0,168000.0,140148.84375,1286984,2022,10,18
166000.0,172500.0,166000.0,168000.0,140148.84375,1111330,2022,10,19
168500.0,169500.0,166500.0,168500.0,140565.953125,692203,2022,10,20
169000.0,169500.0,165500.0,167000.0,139314.625,695788,2022,10,21
169000.0,169500.0,161500.0,161500.0,134726.40625,1443569,2022,10,24
162500.0,163000.0,160000.0,162500.0,135560.640625,967860,2022,10,25
163000.0,164000.0,160000.0,160500.0,133892.203125,1023919,2022,10,26
161000.0,163500.0,160500.0,162000.0,135143.546875,876823,2022,10,27
162000.0,166000.0,161500.0,164000.0,136811.96875,752111,2022,10,28
166000.0,166500.0,162000.0,164500.0,137229.0625,622380,2022,10,31
163500.0,165000.0,162000.0,164500.0,137229.0625,628185,2022,11,1
164500.0,165000.0,162000.0,165000.0,137646.1875,941434,2022,11,2
162500.0,163000.0,160500.0,162000.0,135143.546875,1008989,2022,11,3
162000.0,164000.0,161500.0,163000.0,135977.765625,522276,2022,11,4
166500.0,170000.0,165500.0,169500.0,141400.1875,1126417,2022,11,7
171500.0,172000.0,167500.0,170000.0,141817.296875,804889,2022,11,8
170500.0,172000.0,167000.0,169500.0,141400.1875,953568,2022,11,9
167000.0,173000.0,166500.0,169500.0,141400.1875,1018720,2022,11,10
174500.0,175500.0,171000.0,172000.0,143485.71875,980474,2022,11,11
174500.0,179500.0,174000.0,176000.0,146822.59375,1379189,2022,11,14
176500.0,177000.0,173000.0,174500.0,145571.265625,838806,2022,11,15
175000.0,175500.0,170500.0,172000.0,143485.71875,642717,2022,11,16
171000.0,172500.0,169500.0,170000.0,141817.296875,502812,2022,11,17
170000.0,173000.0,169500.0,169500.0,141400.1875,559141,2022,11,18
169500.0,170000.0,166500.0,168000.0,140148.84375,517728,2022,11,21
167500.0,168000.0,165000.0,165500.0,138063.3125,454542,2022,11,22
166500.0,167500.0,164000.0,166000.0,138480.390625,449446,2022,11,23
168000.0,168500.0,166500.0,167500.0,139731.734375,323362,2022,11,24
168000.0,168500.0,166000.0,166000.0,138480.390625,356637,2022,11,25
166000.0,169500.0,164000.0,167500.0,139731.734375,551024,2022,11,28
168000.0,169500.0,167000.0,169000.0,140983.0625,341427,2022,11,29
169000.0,170500.0,168500.0,169000.0,140983.0625,633720,2022,11,30
172000.0,173000.0,170500.0,171500.0,143068.609375,499538,2022,12,1
172000.0,172500.0,168500.0,169000.0,140983.0625,453689,2022,12,2
169500.0,170000.0,164500.0,165500.0,138063.3125,788455,2022,12,5
164000.0,165000.0,162500.0,164500.0,137229.0625,434862,2022,12,6
163500.0,165000.0,163000.0,163000.0,135977.765625,379112,2022,12,7
163500.0,163500.0,161000.0,162000.0,135143.546875,703551,2022,12,8
163500.0,164000.0,162000.0,162500.0,135560.640625,464194,2022,12,9
162000.0,163500.0,162000.0,163500.0,136394.875,232963,2022,12,12
164000.0,164000.0,158000.0,159500.0,133058.0,756323,2022,12,13
160000.0,165000.0,159500.0,163500.0,136394.875,614474,2022,12,14
162500.0,165000.0,162000.0,162000.0,135143.546875,383741,2022,12,15
160000.0,163000.0,160000.0,162500.0,135560.640625,446581,2022,12,16
160500.0,161500.0,157500.0,159000.0,132640.859375,734465,2022,12,19
158000.0,158500.0,154500.0,157000.0,130972.4609375,1039931,2022,12,20
157000.0,157500.0,155500.0,156000.0,130138.2265625,531850,2022,12,21
156500.0,159500.0,156500.0,158500.0,132223.75,452454,2022,12,22
157000.0,158000.0,155500.0,157000.0,130972.4609375,336597,2022,12,23
157000.0,159000.0,157000.0,158000.0,131806.65625,387872,2022,12,26
158500.0,160000.0,157000.0,158000.0,131806.65625,637139,2022,12,27
156000.0,156500.0,154000.0,154000.0,133540.96875,556921,2022,12,28
153000.0,154000.0,150500.0,151000.0,130939.5,552974,2022,12,29
154000.0,161000.0,154000.0,157000.0,136142.421875,1132256,2023,1,2
158500.0,160500.0,156000.0,159000.0,137876.671875,787752,2023,1,3
157500.0,161000.0,157500.0,160500.0,139177.421875,463444,2023,1,4
161000.0,161500.0,158000.0,159000.0,137876.671875,577152,2023,1,5
157500.0,161500.0,157500.0,159500.0,138310.28125,502420,2023,1,6
161000.0,164500.0,160000.0,164000.0,142212.4375,614204,2023,1,9
162500.0,164000.0,161500.0,163000.0,141345.296875,414613,2023,1,10
163500.0,165000.0,163000.0,164000.0,142212.4375,367725,2023,1,11
166000.0,168000.0,164500.0,166500.0,144380.328125,869403,2023,1,12
167500.0,170000.0,167000.0,169000.0,146548.171875,707095,2023,1,13
166500.0,167500.0,163500.0,166500.0,144380.328125,797353,2023,1,16
166500.0,167000.0,164500.0,166000.0,143946.71875,452113,2023,1,17
166500.0,166500.0,162500.0,164500.0,142646.0,499603,2023,1,18
162000.0,164000.0,162000.0,164000.0,142212.4375,353522,2023,1,19
163000.0,164500.0,163000.0,164500.0,142646.0,296063,2023,1,20
166100.0,166500.0,165200.0,165700.0,143686.59375,2088,2023,1,25
166600.0,176200.0,166600.0,175100.0,151837.796875,14251,2023,1,26
177000.0,177600.0,173300.0,173900.0,150797.1875,4005,2023,1,27
174400.0,175700.0,169400.0,173900.0,150797.1875,3624,2023,1,30
169000.0,170400.0,167000.0,170000.0,147415.34375,5408,2023,1,31
169200.0,171500.0,168700.0,167000.0,144813.890625,3251,2023,2,1
171500.0,172900.0,169300.0,169900.0,147328.609375,3621,2023,2,2
170100.0,174500.0,169600.0,169900.0,147328.609375,3940,2023,2,3
174000.0,174700.0,170700.0,172800.0,149843.34375,1700,2023,2,6
171000.0,171200.0,169500.0,170500.0,147848.890625,2221,2023,2,7
171500.0,173000.0,170200.0,170500.0,147848.890625,1223,2023,2,8
171900.0,174000.0,171500.0,172600.0,149669.921875,3503,2023,2,9
171600.0,173500.0,171100.0,173200.0,150190.203125,1670,2023,2,10
172700.0,174300.0,171300.0,171600.0,148802.78125,3230,2023,2,13
172900.0,175700.0,172700.0,173700.0,150623.796875,1429,2023,2,14
174600.0,175300.0,171800.0,172700.0,149756.640625,937,2023,2,15
173400.0,180000.0,173300.0,179300.0,155479.84375,3219,2023,2,16
177400.0,179800.0,177000.0,179000.0,155219.671875,1647,2023,2,17
179400.0,179400.0,176600.0,178200.0,154525.953125,1245,2023,2,20
178500.0,179000.0,175500.0,178200.0,154525.953125,2722,2023,2,21
175800.0,176900.0,174000.0,174200.0,151057.375,3595,2023,2,22
174400.0,178600.0,174300.0,176200.0,152791.65625,3418,2023,2,23
176200.0,177300.0,173800.0,173900.0,150797.1875,1925,2023,2,24
173100.0,173600.0,170200.0,173300.0,150276.921875,427027,2023,2,27
174100.0,178100.0,174000.0,176300.0,152878.390625,824763,2023,2,28
176500.0,179800.0,176500.0,178500.0,154786.109375,747929,2023,3,2
177500.0,178200.0,175000.0,176100.0,152704.9375,549203,2023,3,3
177800.0,178500.0,176000.0,177500.0,153918.953125,547005,2023,3,6
176500.0,177500.0,175100.0,175100.0,151837.796875,462996,2023,3,7
174300.0,176100.0,174100.0,174900.0,151664.375,497195,2023,3,8
176600.0,180400.0,175700.0,176300.0,152878.390625,808110,2023,3,9
174700.0,176700.0,174600.0,175000.0,151751.09375,443221,2023,3,10
174400.0,176300.0,173500.0,176000.0,152618.21875,529759,2023,3,13
175200.0,175900.0,170500.0,171000.0,148282.5,589581,2023,3,14
172700.0,175500.0,172700.0,174300.0,151144.046875,481716,2023,3,15
172800.0,174800.0,171800.0,174000.0,150883.9375,392030,2023,3,16
175200.0,176600.0,173200.0,176600.0,153138.5,507745,2023,3,17
176500.0,177000.0,174800.0,175100.0,151837.796875,366357,2023,3,20
175900.0,176900.0,174800.0,175800.0,152444.8125,297779,2023,3,21
177000.0,180500.0,176700.0,180300.0,156346.96875,718542,2023,3,22
179300.0,182400.0,178700.0,180500.0,156520.40625,591091,2023,3,23
180600.0,180600.0,175300.0,177700.0,154092.375,649952,2023,3,24
177700.0,177700.0,174800.0,176100.0,152704.9375,402749,2023,3,27
177100.0,178300.0,175800.0,177100.0,153572.09375,341408,2023,3,28
175800.0,180700.0,175800.0,180400.0,156433.671875,571771,2023,3,29
179200.0,181900.0,178800.0,181200.0,157127.390625,525981,2023,3,30
182000.0,184900.0,181900.0,184500.0,159989.0,668373,2023,3,31
184600.0,185500.0,182300.0,183600.0,159208.53125,534323,2023,4,3
184000.0,186500.0,183300.0,183800.0,159381.984375,510739,2023,4,4
185100.0,187200.0,184000.0,186700.0,161896.71875,509578,2023,4,5
186900.0,189400.0,184700.0,185100.0,160509.25,667512,2023,4,6
185400.0,186500.0,184600.0,185100.0,160509.25,435717,2023,4,7
186000.0,188500.0,184200.0,185900.0,161203.0,480371,2023,4,10
186600.0,192400.0,185100.0,192100.0,166579.3125,1067237,2023,4,11
195000.0,199500.0,194600.0,198200.0,171868.9375,1517626,2023,4,12
199000.0,199900.0,196200.0,198900.0,172475.953125,824006,2023,4,13
199500.0,199700.0,196000.0,196100.0,170047.9375,670548,2023,4,14
195400.0,196100.0,193800.0,195000.0,169094.0625,497443,2023,4,17
192700.0,193000.0,188200.0,191400.0,165972.3125,961739,2023,4,18
191400.0,194200.0,190300.0,193600.0,167880.046875,571094,2023,4,19
193000.0,194100.0,191400.0,192500.0,166926.203125,423616,2023,4,20
191100.0,191800.0,188300.0,190400.0,165105.171875,454248,2023,4,21
190600.0,193100.0,190600.0,191900.0,166405.90625,434584,2023,4,24
193000.0,201500.0,191200.0,201000.0,174296.9375,2084924,2023,4,25
205500.0,207500.0,199900.0,201500.0,174730.53125,2214068,2023,4,26
201500.0,205000.0,200500.0,202000.0,175164.109375,976414,2023,4,27
203000.0,203500.0,196200.0,197500.0,171261.9375,1056770,2023,4,28
198500.0,202000.0,197700.0,201500.0,174730.53125,573959,2023,5,2
200500.0,202000.0,198500.0,201000.0,174296.9375,460771,2023,5,3
200000.0,201000.0,197400.0,199200.0,172736.046875,472704,2023,5,4
201000.0,203000.0,200000.0,202500.0,175597.671875,590557,2023,5,8
202000.0,205500.0,199900.0,205000.0,177765.546875,704155,2023,5,9
206000.0,211000.0,205000.0,210000.0,182101.265625,1476327,2023,5,10
211500.0,211500.0,208000.0,208000.0,180367.0,919476,2023,5,11
207000.0,209500.0,205500.0,208500.0,180800.5625,539737,2023,5,12
207000.0,209000.0,204000.0,208000.0,180367.0,594282,2023,5,15
206500.0,207500.0,201000.0,202500.0,175597.671875,874247,2023,5,16
202500.0,205500.0,202500.0,204500.0,177331.953125,550297,2023,5,17
207000.0,207000.0,205000.0,206500.0,179066.25,476896,2023,5,18
206000.0,207500.0,204000.0,205500.0,178199.125,528680,2023,5,19
206000.0,208500.0,204500.0,207500.0,179933.421875,469209,2023,5,22
209000.0,209000.0,207000.0,207500.0,179933.421875,356438,2023,5,23
206000.0,208000.0,205500.0,207500.0,179933.421875,305061,2023,5,24
206000.0,206500.0,203000.0,203500.0,176464.8125,528730,2023,5,25
204500.0,205500.0,201000.0,205500.0,178199.125,596247,2023,5,26
207000.0,207000.0,200000.0,200500.0,173863.375,861994,2023,5,30
200500.0,203000.0,200000.0,200000.0,173429.8125,879887,2023,5,31
199800.0,199800.0,196300.0,197500.0,171261.9375,791585,2023,6,1
198500.0,199800.0,198100.0,199500.0,172996.234375,418613,2023,6,2
201500.0,203500.0,200000.0,201000.0,174296.9375,454150,2023,6,5
202500.0,203000.0,195400.0,196400.0,170308.0625,960900,2023,6,7
195500.0,197200.0,194000.0,196700.0,170568.203125,928559,2023,6,8
197400.0,198300.0,196300.0,197100.0,170915.046875,421616,2023,6,9
197500.0,198500.0,195100.0,196200.0,170134.625,429448,2023,6,12
196700.0,198200.0,196200.0,198000.0,171695.5,474628,2023,6,13
198800.0,201500.0,198500.0,201000.0,174296.9375,662184,2023,6,14
201500.0,202000.0,199400.0,199700.0,173169.671875,354685,2023,6,15
201000.0,201500.0,198000.0,199400.0,172909.5,548562,2023,6,16
198000.0,199400.0,197000.0,199300.0,172822.796875,375749,2023,6,19
198300.0,199000.0,197000.0,197900.0,171608.796875,331277,2023,6,20
197900.0,205000.0,196300.0,204000.0,176898.421875,1028131,2023,6,21
202500.0,203500.0,200500.0,202000.0,175164.109375,392056,2023,6,22
201000.0,202000.0,199000.0,199900.0,173343.078125,349362,2023,6,23
199900.0,202500.0,199900.0,200500.0,173863.375,307090,2023,6,26
201000.0,206000.0,201000.0,206000.0,178632.703125,806971,2023,6,27
206000.0,206500.0,203000.0,206000.0,178632.703125,630872,2023,6,28
205500.0,206000.0,204000.0,204500.0,178632.703125,320058,2023,6,29
204500.0,209000.0,204500.0,206500.0,180379.703125,563079,2023,6,30
207500.0,208500.0,205500.0,208500.0,182126.734375,545516,2023,7,3
208500.0,210000.0,206500.0,208000.0,181689.96875,424908,2023,7,4
208000.0,209500.0,204500.0,205500.0,179506.21875,586067,2023,7,5
204000.0,208500.0,204000.0,206500.0,180379.703125,643771,2023,7,6
205500.0,206000.0,202500.0,204000.0,178195.96875,476427,2023,7,7
205000.0,208000.0,202000.0,205500.0,179506.21875,511222,2023,7,10
206500.0,208000.0,205000.0,207000.0,180816.484375,538193,2023,7,11
206000.0,206500.0,202500.0,203500.0,177759.203125,503118,2023,7,12
205000.0,205000.0,203000.0,203500.0,177759.203125,540814,2023,7,13
204500.0,209000.0,204500.0,208500.0,182126.734375,655619,2023,7,14
207000.0,208500.0,203500.0,203500.0,177759.203125,517107,2023,7,17
204000.0,205000.0,201000.0,201500.0,176012.171875,501091,2023,7,18
201500.0,203500.0,200000.0,202000.0,176448.921875,491509,2023,7,19
202000.0,204000.0,200000.0,200500.0,175138.65625,531811,2023,7,20
199700.0,201000.0,198200.0,200000.0,174701.90625,508793,2023,7,21
199100.0,200500.0,197600.0,199200.0,174003.09375,614300,2023,7,24
199900.0,202500.0,199200.0,200500.0,175138.65625,492019,2023,7,25
201000.0,202000.0,195000.0,198700.0,173566.34375,1347123,2023,7,26
202500.0,203000.0,194000.0,197800.0,172780.171875,1244827,2023,7,27
196500.0,201500.0,196500.0,196800.0,171906.6875,782058,2023,7,28
198000.0,198200.0,195100.0,196000.0,171207.875,678535,2023,7,31
195200.0,199600.0,194600.0,199400.0,174177.796875,698965,2023,8,1
197800.0,198800.0,192400.0,192500.0,168150.578125,917045,2023,8,2
192500.0,194300.0,190800.0,191700.0,167451.78125,531818,2023,8,3
191600.0,193400.0,190500.0,192200.0,167888.5,378998,2023,8,4
191000.0,191100.0,187300.0,188000.0,164219.78125,842043,2023,8,7
188000.0,190500.0,187700.0,188400.0,164569.1875,557129,2023,8,8
188400.0,189800.0,187500.0,189400.0,165442.71875,366474,2023,8,9
189000.0,190300.0,188100.0,188400.0,164569.1875,489856,2023,8,10
188900.0,193200.0,188400.0,190500.0,166403.5625,529916,2023,8,11
190000.0,190500.0,188300.0,188800.0,164918.59375,297138,2023,8,14
186900.0,188100.0,185300.0,185800.0,162298.078125,563291,2023,8,16
184900.0,185500.0,182600.0,184800.0,161424.546875,458036,2023,8,17
182600.0,187500.0,182600.0,186100.0,162560.140625,420787,2023,8,18
187000.0,187200.0,185300.0,186100.0,162560.140625,279766,2023,8,21
186200.0,187900.0,186200.0,187900.0,164132.421875,297596,2023,8,22
186500.0,188700.0,186000.0,187500.0,163783.0,252159,2023,8,23
188300.0,189300.0,186000.0,186400.0,162822.171875,320108,2023,8,24
184200.0,187000.0,184200.0,186200.0,162647.453125,368503,2023,8,25
186200.0,186900.0,184700.0,185400.0,161948.671875,300125,2023,8,28
185500.0,188200.0,185400.0,186700.0,163084.21875,321448,2023,8,29
188600.0,189300.0,187800.0,187800.0,164045.078125,331121,2023,8,30
187800.0,189100.0,186200.0,189100.0,165180.640625,590270,2023,8,31
188000.0,188900.0,186700.0,187400.0,163695.671875,281460,2023,9,1
186400.0,187400.0,185600.0,187300.0,163608.328125,307475,2023,9,4
186500.0,186900.0,185600.0,186600.0,162996.875,290618,2023,9,5
186000.0,188300.0,186000.0,186700.0,163084.21875,259552,2023,9,6
185500.0,187200.0,185400.0,187200.0,163520.984375,299030,2023,9,7
187500.0,187500.0,185200.0,185700.0,162210.71875,192047,2023,9,8
185700.0,186300.0,184400.0,185500.0,162036.0,195283,2023,9,11
186500.0,188400.0,185600.0,186200.0,162647.453125,273908,2023,9,12
187300.0,190700.0,187200.0,189800.0,165792.125,579550,2023,9,13
191200.0,191200.0,188600.0,190700.0,166578.265625,627998,2023,9,14
190700.0,192700.0,189100.0,192200.0,167888.5,526604,2023,9,15
191200.0,192200.0,190200.0,191000.0,166840.296875,289943,2023,9,18
191500.0,193200.0,190000.0,190000.0,165966.78125,289352,2023,9,19
190600.0,196000.0,190000.0,194900.0,170247.015625,636780,2023,9,20
194400.0,194500.0,191600.0,191900.0,167626.453125,327599,2023,9,21
189600.0,192400.0,189200.0,191500.0,167277.0625,326229,2023,9,22
191700.0,193500.0,189600.0,192900.0,168499.96875,346374,2023,9,25
191600.0,192900.0,189900.0,190700.0,167883.734375,302642,2023,9,26
189200.0,192400.0,189000.0,191100.0,168235.875,367983,2023,9,27
188000.0,193200.0,187100.0,190800.0,167971.75,641075,2023,10,4
190900.0,192200.0,189500.0,190500.0,167707.671875,396264,2023,10,5
191000.0,192600.0,189600.0,192200.0,169204.234375,345787,2023,10,6
192700.0,192800.0,187700.0,188400.0,165858.921875,575373,2023,10,10
189000.0,191400.0,189000.0,189400.0,166739.265625,490998,2023,10,11
189600.0,189800.0,187700.0,188000.0,165506.765625,451893,2023,10,12
187500.0,188400.0,187100.0,187100.0,164714.4375,254250,2023,10,13
186900.0,188300.0,186500.0,186800.0,164450.359375,291429,2023,10,16
188300.0,189300.0,187100.0,188500.0,165946.953125,423633,2023,10,17
190400.0,193000.0,189500.0,191800.0,168852.140625,532948,2023,10,18
189900.0,190800.0,188800.0,188900.0,166299.09375,408555,2023,10,19
187800.0,188600.0,183500.0,183500.0,161545.1875,602367,2023,10,20
184200.0,186100.0,183800.0,185400.0,163217.84375,286602,2023,10,23
186900.0,187000.0,181400.0,182800.0,160928.90625,418638,2023,10,24
182700.0,183700.0,182000.0,182000.0,160224.625,374888,2023,10,25
180300.0,182500.0,178500.0,179500.0,158023.765625,651245,2023,10,26
181200.0,182900.0,174600.0,175600.0,154590.359375,787539,2023,10,27
175000.0,176300.0,171400.0,172500.0,151861.265625,726773,2023,10,30
174300.0,175900.0,169300.0,169700.0,149396.265625,697296,2023,10,31
170800.0,171500.0,169400.0,170300.0,149924.484375,450423,2023,11,1
172000.0,175100.0,171500.0,172000.0,151421.078125,661435,2023,11,2
175000.0,175400.0,172700.0,173400.0,152653.59375,431491,2023,11,3
175400.0,177900.0,174900.0,177900.0,156615.1875,661383,2023,11,6
177500.0,177500.0,174200.0,176100.0,155030.546875,532443,2023,11,7
177900.0,179000.0,174500.0,174800.0,153886.09375,395162,2023,11,8
174700.0,175700.0,174200.0,174700.0,153798.0625,384071,2023,11,9
173800.0,175300.0,173500.0,173700.0,152917.703125,255065,2023,11,10
175000.0,175000.0,172800.0,173300.0,152565.5625,348523,2023,11,13
174900.0,175900.0,173900.0,175200.0,154238.21875,329429,2023,11,14
178700.0,182600.0,178600.0,182500.0,160664.8125,806741,2023,11,15
182500.0,186400.0,181800.0,184800.0,162689.625,432174,2023,11,16
185900.0,185900.0,183500.0,184400.0,162337.453125,259919,2023,11,17
184400.0,184900.0,182100.0,183600.0,161633.203125,277906,2023,11,20
184700.0,184800.0,183500.0,184200.0,162161.390625,252833,2023,11,21
182300.0,183400.0,181200.0,183000.0,161104.984375,219027,2023,11,22
183600.0,185000.0,182400.0,184800.0,162689.625,240354,2023,11,23
184600.0,185600.0,183900.0,184000.0,161985.34375,161656,2023,11,24
184000.0,185700.0,184000.0,184900.0,162777.671875,188306,2023,11,27
185900.0,185900.0,183600.0,185700.0,163481.953125,269820,2023,11,28
185700.0,186500.0,184700.0,184800.0,162689.625,298485,2023,11,29
184200.0,184900.0,182100.0,184300.0,162249.453125,574490,2023,11,30
183300.0,183800.0,181700.0,182800.0,160928.90625,304309,2023,12,1
183900.0,184100.0,181600.0,181600.0,159872.5,378913,2023,12,4
181600.0,182000.0,180700.0,181400.0,159696.4375,275980,2023,12,5
181100.0,183400.0,181100.0,182900.0,161016.96875,280528,2023,12,6
181400.0,183300.0,181400.0,182600.0,160752.859375,296154,2023,12,7
183600.0,185700.0,183400.0,185100.0,162953.765625,327749,2023,12,8
185400.0,185400.0,184000.0,185400.0,163217.84375,218073,2023,12,11
185500.0,186400.0,185000.0,185600.0,163393.90625,332590,2023,12,12
185300.0,186200.0,184400.0,185000.0,162865.71875,287425,2023,12,13
187000.0,187100.0,184200.0,184800.0,162689.625,760383,2023,12,14
185800.0,192800.0,185200.0,192800.0,169732.484375,1228522,2023,12,15
192800.0,193000.0,190000.0,192000.0,169028.1875,482331,2023,12,18
191900.0,192900.0,190800.0,192200.0,169204.234375,272670,2023,12,19
192700.0,199700.0,192600.0,199100.0,175278.71875,961888,2023,12,20
197500.0,202000.0,197100.0,198700.0,174926.546875,545031,2023,12,21
200000.0,200500.0,198500.0,199000.0,175190.6875,347866,2023,12,22
200500.0,200500.0,197700.0,198800.0,175014.609375,409928,2023,12,26
198700.0,199300.0,197200.0,198500.0,174750.515625,331186,2023,12,27
198800.0,203500.0,198400.0,203500.0,179152.3125,766503,2023,12,28
202000.0,202500.0,199800.0,200500.0,176511.21875,373050,2024,1,2
199100.0,199500.0,193800.0,193800.0,170612.84375,548675,2024,1,3
192000.0,192800.0,189100.0,190000.0,167267.46875,505979,2024,1,4
190100.0,190500.0,187200.0,187300.0,164890.515625,440219,2024,1,5
187600.0,188900.0,185500.0,185700.0,163481.953125,323498,2024,1,8
187800.0,187800.0,185500.0,185600.0,163393.90625,349068,2024,1,9
185600.0,187300.0,185200.0,186700.0,164362.28125,330767,2024,1,10
187200.0,189000.0,187000.0,187000.0,164626.40625,538799,2024,1,11
186600.0,187400.0,185800.0,186000.0,163746.046875,240690,2024,1,12
186000.0,187200.0,185800.0,187500.0,165066.5625,35456,2024,1,15
186600.0,188100.0,185700.0,186200.0,163922.125,225780,2024,1,16
186300.0,186400.0,181000.0,181800.0,160048.578125,481127,2024,1,17
180000.0,182500.0,179900.0,180200.0,158640.0,433597,2024,1,18
183000.0,183000.0,180100.0,181700.0,159960.546875,288166,2024,1,19
182300.0,182400.0,179800.0,180100.0,158551.96875,391914,2024,1,22
181200.0,184800.0,180900.0,184800.0,162689.625,376671,2024,1,23
185300.0,185400.0,182100.0,185000.0,162865.71875,345726,2024,1,24
184400.0,190500.0,183500.0,188700.0,166123.0,778658,2024,1,25
189300.0,189600.0,186500.0,187300.0,164890.515625,468376,2024,1,26
187300.0,197300.0,186600.0,195600.0,172197.46875,1199045,2024,1,29
196000.0,196600.0,189300.0,190000.0,167267.46875,955999,2024,1,30
189300.0,195400.0,188500.0,194600.0,171317.109375,1053355,2024,1,31
193900.0,209000.0,193500.0,208000.0,183113.859375,2855056,2024,2,1
221500.0,228000.0,214000.0,227000.0,199840.609375,5844398,2024,2,2
233500.0,239500.0,226000.0,238000.0,209524.515625,5742710,2024,2,5
234000.0,240000.0,230500.0,235500.0,207323.625,3293825,2024,2,6
239000.0,246500.0,238000.0,245000.0,215687.0,2711612,2024,2,7
243000.0,250500.0,241500.0,250000.0,220088.78125,3017429,2024,2,8
251000.0,261000.0,247500.0,249000.0,219208.421875,2690468,2024,2,13
245000.0,251000.0,244500.0,245500.0,216127.1875,1702299,2024,2,14
250000.0,250500.0,237000.0,238500.0,209964.71875,2103428,2024,2,15
241500.0,253000.0,235500.0,252500.0,222289.671875,2261790,2024,2,16
253500.0,257000.0,248500.0,252500.0,222289.671875,1801441,2024,2,19
250000.0,253000.0,238500.0,242000.0,213045.953125,1944653,2024,2,20
242000.0,246000.0,237500.0,239500.0,210845.046875,1149137,2024,2,21
239000.0,245500.0,237500.0,243500.0,214366.484375,1475580,2024,2,22
244000.0,249500.0,242000.0,244000.0,214806.65625,1660625,2024,2,23
237500.0,241000.0,231500.0,239000.0,210404.859375,1751340,2024,2,26
239000.0,244500.0,237500.0,238500.0,209964.71875,1265434,2024,2,27
234000.0,250000.0,231500.0,248000.0,226298.328125,1911431,2024,2,28
246500.0,253500.0,243500.0,250500.0,228579.578125,2056620,2024,2,29
255500.0,260000.0,253000.0,255500.0,233142.046875,1854280,2024,3,4
251500.0,254500.0,247500.0,249000.0,227210.8125,1436614,2024,3,5
247000.0,254000.0,246000.0,251000.0,229035.828125,1103072,2024,3,6
252500.0,258000.0,247500.0,250000.0,228123.3125,988457,2024,3,7
251500.0,255000.0,249500.0,253000.0,230860.8125,1210240,2024,3,8
251000.0,252500.0,242000.0,243500.0,222192.109375,1178615,2024,3,11
244000.0,247000.0,240000.0,241500.0,220367.140625,1096802,2024,3,12
243500.0,250000.0,241000.0,248500.0,226754.59375,1413782,2024,3,13
248000.0,255000.0,246000.0,251500.0,229492.0625,1574794,2024,3,14
250000.0,254500.0,243500.0,243500.0,222192.109375,1175933,2024,3,15
244000.0,247500.0,241000.0,242500.0,221279.609375,723835,2024,3,18
241000.0,244000.0,236000.0,237500.0,216717.15625,944727,2024,3,19
240000.0,246000.0,237500.0,241000.0,219910.875,1230314,2024,3,20
247000.0,254000.0,246000.0,252000.0,229948.3125,1578378,2024,3,21
252500.0,254000.0,241000.0,243500.0,222192.109375,1091572,2024,3,22
244000.0,245500.0,239500.0,239500.0,218542.140625,784822,2024,3,25
239000.0,244000.0,238500.0,240500.0,219454.640625,802094,2024,3,26
241000.0,247500.0,240500.0,244000.0,222648.359375,818180,2024,3,27
246000.0,246000.0,236000.0,237000.0,218048.203125,1050347,2024,3,28
238000.0,239000.0,232000.0,233000.0,214368.0625,852346,2024,3,29
234500.0,235000.0,227000.0,227500.0,209307.859375,898781,2024,4,1
225000.0,226500.0,216500.0,220000.0,202407.609375,1802613,2024,4,2
219000.0,223500.0,214500.0,216000.0,198727.453125,1138600,2024,4,3
218500.0,228500.0,216500.0,226000.0,207927.8125,1357330,2024,4,4
223500.0,230000.0,223000.0,225500.0,207467.78125,1121453,2024,4,5
227000.0,238000.0,226000.0,232500.0,213908.046875,1245057,2024,4,8
234500.0,236500.0,228000.0,228000.0,209767.875,663665,2024,4,9
222000.0,241000.0,220000.0,241000.0,221728.3125,1853791,2024,4,11
241000.0,241500.0,237000.0,238000.0,218968.21875,997710,2024,4,12
236000.0,243000.0,233500.0,241500.0,222188.34375,1018783,2024,4,15
239000.0,244500.0,236500.0,242000.0,222648.34375,1201766,2024,4,16
242000.0,243000.0,233500.0,233500.0,214828.078125,1029202,2024,4,17
237000.0,239000.0,228500.0,231000.0,212527.984375,1168222,2024,4,18
231000.0,237000.0,229000.0,235000.0,216208.140625,1174278,2024,4,19
240000.0,246000.0,239500.0,245000.0,225408.46875,1314974,2024,4,22
250000.0,251500.0,246000.0,249500.0,229548.640625,1153091,2024,4,23
249000.0,253500.0,247500.0,252500.0,232308.71875,1242059,2024,4,24
251000.0,254000.0,246000.0,250000.0,230008.640625,1297404,2024,4,25
250000.0,253500.0,243000.0,249500.0,229548.640625,980459,2024,4,26
249000.0,254500.0,245500.0,251500.0,231388.6875,852780,2024,4,29
250000.0,253000.0,248000.0,251000.0,230928.671875,545747,2024,4,30
249000.0,251500.0,246500.0,249000.0,229088.59375,602350,2024,5,2
250000.0,250500.0,241000.0,241000.0,221728.3125,727057,2024,5,3
242500.0,246000.0,240000.0,242000.0,222648.34375,799659,2024,5,7
240500.0,244000.0,240000.0,242000.0,222648.34375,444082,2024,5,8
242000.0,242500.0,235000.0,237000.0,218048.203125,704379,2024,5,9
239000.0,243000.0,237000.0,241500.0,222188.34375,455541,2024,5,10
242500.0,247500.0,242000.0,245000.0,225408.46875,550255,2024,5,13
245500.0,247000.0,243000.0,246500.0,226788.5,670650,2024,5,14
248000.0,248500.0,245500.0,247000.0,227248.546875,559548,2024,5,16
247000.0,249500.0,244000.0,244000.0,224488.4375,408947,2024,5,17
245500.0,255000.0,244500.0,250500.0,230468.65625,860566,2024,5,20
249000.0,254000.0,248000.0,253000.0,232768.75,576613,2024,5,21
253000.0,277500.0,251000.0,277000.0,254849.59375,3336634,2024,5,22
273500.0,275000.0,267500.0,271500.0,249789.359375,1886248,2024,5,23
268500.0,274500.0,266000.0,267500.0,246109.21875,1059149,2024,5,24
267500.0,271500.0,262000.0,265500.0,244269.1875,1011436,2024,5,27
265000.0,270000.0,263500.0,265000.0,243809.15625,598743,2024,5,28
262500.0,265000.0,257000.0,261000.0,240129.015625,965532,2024,5,29
260500.0,264000.0,255500.0,257000.0,236448.890625,640526,2024,5,30
259500.0,260000.0,253000.0,253000.0,232768.75,1014549,2024,5,31
257500.0,270000.0,257000.0,265000.0,243809.15625,1186533,2024,6,3
262500.0,265500.0,258000.0,259000.0,238288.953125,660409,2024,6,4
261000.0,267500.0,256500.0,264000.0,242889.140625,882084,2024,6,5
262500.0,266500.0,261500.0,265000.0,243809.15625,519878,2024,6,7
261500.0,271500.0,261000.0,267500.0,246109.21875,945927,2024,6,10
270500.0,273500.0,267500.0,271000.0,249329.375,967240,2024,6,11
273000.0,273000.0,268000.0,270000.0,248409.34375,567334,2024,6,12
273000.0,281000.0,269000.0,269000.0,247489.296875,1862106,2024,6,13
268500.0,274000.0,267000.0,268000.0,246569.28125,778015,2024,6,14
276000.0,285000.0,275500.0,278500.0,256229.59375,1945849,2024,6,17
280500.0,290000.0,278500.0,283000.0,260369.78125,1667920,2024,6,18
286500.0,292500.0,284000.0,286500.0,263589.90625,1228960,2024,6,19
285500.0,288000.0,282500.0,285500.0,262669.875,629996,2024,6,20
283500.0,285000.0,279000.0,280000.0,257609.671875,876560,2024,6,21
277000.0,283000.0,275500.0,281000.0,258529.703125,598019,2024,6,24
281000.0,292500.0,280000.0,288500.0,265429.96875,1023261,2024,6,25
289000.0,293500.0,286500.0,289500.0,266350.0,694207,2024,6,26
287000.0,298500.0,286500.0,298000.0,276077.5625,1157313,2024,6,27
299500.0,299500.0,293000.0,295000.0,273298.25,761453,2024,6,28
292000.0,296000.0,285500.0,286000.0,264960.34375,864443,2024,7,1
283000.0,283500.0,271000.0,272500.0,252453.46875,1558999,2024,7,2
275000.0,281500.0,272500.0,276000.0,255696.0,1072157,2024,7,3
277500.0,281000.0,274500.0,277500.0,257085.6875,552767,2024,7,4
277500.0,282000.0,277000.0,281000.0,260328.1875,586121,2024,7,5
282000.0,289500.0,281000.0,283000.0,262181.0625,603805,2024,7,8
284000.0,285500.0,272500.0,274500.0,254306.375,1135540,2024,7,9
275000.0,277500.0,272500.0,274500.0,254306.375,672155,2024,7,10
277000.0,278500.0,274500.0,278500.0,258012.0625,653458,2024,7,11
277500.0,278500.0,268000.0,271500.0,251527.046875,666813,2024,7,12
273000.0,273500.0,267500.0,268500.0,248747.765625,541442,2024,7,15
270500.0,276000.0,270000.0,274500.0,254306.375,552065,2024,7,16
275500.0,275500.0,268000.0,268500.0,248747.765625,512968,2024,7,17
267000.0,267500.0,256500.0,260500.0,241336.28125,1083373,2024,7,18
258500.0,259500.0,254000.0,258500.0,239483.40625,737904,2024,7,19
259000.0,261500.0,251000.0,255000.0,236240.875,769457,2024,7,22
258000.0,264500.0,257500.0,263500.0,244115.5625,803042,2024,7,23
259500.0,263500.0,257500.0,258500.0,239483.40625,608412,2024,7,24
253000.0,255000.0,247500.0,251500.0,232998.359375,832753,2024,7,25
248500.0,250500.0,232000.0,243500.0,225586.859375,2662741,2024,7,26
244000.0,260000.0,243000.0,255500.0,236704.09375,1302271,2024,7,29
253000.0,258000.0,249500.0,250000.0,231608.6875,594899,2024,7,30
250000.0,253500.0,247500.0,249000.0,230682.265625,594919,2024,7,31
251000.0,258500.0,251000.0,253500.0,234851.21875,734315,2024,8,1
242500.0,248000.0,242000.0,244000.0,226050.109375,889521,2024,8,2
236000.0,239500.0,216500.0,224000.0,207521.40625,1465965,2024,8,5
233500.0,241500.0,228000.0,235000.0,217712.1875,1250180,2024,8,6
233000.0,241000.0,231500.0,236000.0,218638.625,756779,2024,8,7
231500.0,240000.0,228500.0,236500.0,219101.828125,698685,2024,8,8
240500.0,248000.0,240000.0,243000.0,225123.65625,606967,2024,8,9
246000.0,249000.0,242000.0,243500.0,225586.859375,469844,2024,8,12
242000.0,245500.0,240000.0,243000.0,225123.65625,358474,2024,8,13
245500.0,248000.0,238500.0,241000.0,223270.78125,500276,2024,8,14
248000.0,256500.0,246500.0,255000.0,236240.875,1113073,2024,8,16
256000.0,259500.0,250000.0,255000.0,236240.875,739313,2024,8,19
258000.0,261000.0,255000.0,256000.0,237167.3125,660818,2024,8,20
257500.0,257500.0,251000.0,252500.0,233924.796875,359513,2024,8,21
253500.0,254000.0,245500.0,248000.0,229755.84375,497250,2024,8,22
245500.0,254000.0,245000.0,252500.0,233924.796875,449189,2024,8,23
255500.0,258000.0,247500.0,249500.0,231145.5,469538,2024,8,26
248500.0,251000.0,244500.0,247500.0,229292.609375,555018,2024,8,27
249500.0,261000.0,246000.0,259000.0,239946.625,1170970,2024,8,28
261500.0,267000.0,256000.0,258500.0,239483.40625,1646679,2024,8,29
261000.0,265500.0,255500.0,255500.0,236704.09375,1206940,2024,8,30
256000.0,256000.0,245000.0,246000.0,227902.984375,1006660,2024,9,2
244000.0,244500.0,236000.0,237500.0,220028.265625,1024521,2024,9,3
231000.0,236500.0,229500.0,232500.0,215396.109375,942257,2024,9,4
236000.0,237500.0,227000.0,229000.0,212153.578125,884047,2024,9,5
228000.0,230500.0,223000.0,227500.0,210763.90625,710077,2024,9,6
225500.0,231500.0,225000.0,229500.0,212616.796875,638085,2024,9,9
229500.0,231000.0,227000.0,231000.0,214006.421875,364974,2024,9,10
229500.0,230500.0,221500.0,223500.0,207058.1875,781938,2024,9,11
226000.0,232000.0,225500.0,232000.0,214932.875,660069,2024,9,12
237500.0,240500.0,234500.0,237000.0,219565.046875,524969,2024,9,13
244000.0,246500.0,241500.0,246000.0,227902.984375,848380,2024,9,19
250000.0,251000.0,247500.0,250500.0,232071.921875,809348,2024,9,20
251500.0,251500.0,246500.0,249000.0,230682.265625,484728,2024,9,23
249000.0,253000.0,248000.0,253000.0,234388.0,429463,2024,9,24
255500.0,257000.0,250500.0,251500.0,232998.359375,575575,2024,9,25
250000.0,259000.0,247500.0,259000.0,239946.625,766978,2024,9,26
257500.0,259000.0,253500.0,254500.0,237612.5,493853,2024,9,27
255500.0,256000.0,244000.0,244000.0,227809.25,1032595,2024,9,30
237500.0,241000.0,236500.0,237000.0,221273.75,1035510,2024,10,2
235500.0,241500.0,232000.0,239500.0,223607.84375,856583,2024,10,4
244000.0,247000.0,241000.0,247000.0,230610.1875,731171,2024,10,7
244500.0,247000.0,244000.0,246000.0,229676.546875,413552,2024,10,8
253000.0,255500.0,246000.0,246000.0,229676.546875,641891,2024,10,10
248000.0,249500.0,246500.0,248500.0,232010.65625,282919,2024,10,11
250500.0,254000.0,248000.0,248500.0,232010.65625,307668,2024,10,14
249500.0,249500.0,246000.0,246000.0,229676.546875,382087,2024,10,15
246000.0,247000.0,242000.0,247000.0,230610.1875,799813,2024,10,16
245000.0,246000.0,235500.0,235500.0,219873.25,923060,2024,10,17
237000.0,239000.0,233000.0,234500.0,218939.625,696368,2024,10,18
235000.0,240000.0,234500.0,237000.0,221273.75,443742,2024,10,21
236000.0,239000.0,232500.0,234500.0,218939.625,517834,2024,10,22
236500.0,243000.0,234000.0,241000.0,225008.3125,671384,2024,10,23
241000.0,241000.0,228000.0,228500.0,213337.75,1209781,2024,10,24
226500.0,231000.0,220500.0,225500.0,210536.8125,1116832,2024,10,25
226000.0,229000.0,224000.0,226500.0,211470.46875,639039,2024,10,28
226000.0,226500.0,221000.0,224000.0,209136.359375,746178,2024,10,29
223000.0,225000.0,220500.0,220500.0,205868.625,554300,2024,10,30
220500.0,221500.0,215000.0,215000.0,200733.5625,1075398,2024,10,31
212500.0,216500.0,211500.0,213500.0,199333.078125,765177,2024,11,1
215000.0,220500.0,214000.0,216500.0,202134.03125,748180,2024,11,4
214000.0,215500.0,211500.0,215000.0,200733.5625,615978,2024,11,5
214000.0,214500.0,205500.0,206500.0,192797.5625,1880618,2024,11,6
203500.0,210500.0,201000.0,206500.0,192797.5625,1108161,2024,11,7
209500.0,210500.0,202500.0,203500.0,189996.65625,716859,2024,11,8
203500.0,212500.0,203500.0,211000.0,196998.96875,856539,2024,11,11
213000.0,213500.0,206500.0,207000.0,193264.40625,911213,2024,11,12
206000.0,206000.0,199900.0,199900.0,186635.515625,778547,2024,11,13
200500.0,203500.0,197300.0,201500.0,188129.359375,817142,2024,11,14
200000.0,208500.0,199900.0,206000.0,192330.765625,709396,2024,11,15
206000.0,218000.0,206000.0,217000.0,202600.828125,1115993,2024,11,18
217000.0,219000.0,213000.0,215500.0,201200.375,540792,2024,11,19
213000.0,220500.0,212500.0,218500.0,204001.3125,572617,2024,11,20
218500.0,219500.0,215500.0,215500.0,201200.375,499737,2024,11,21
216000.0,218500.0,214500.0,217000.0,202600.828125,419056,2024,11,22
219000.0,221500.0,216500.0,219000.0,204468.125,726301,2024,11,25
218000.0,224500.0,216500.0,223500.0,208669.53125,721544,2024,11,26
220000.0,226500.0,218500.0,221000.0,206335.40625,1094533,2024,11,27
224000.0,225000.0,218000.0,219000.0,204468.125,593477,2024,11,28
219000.0,220000.0,214500.0,218500.0,204001.3125,576357,2024,11,29
219500.0,220500.0,215000.0,216000.0,201667.1875,520654,2024,12,2
218000.0,218000.0,213500.0,214500.0,200266.734375,624929,2024,12,3
208500.0,213000.0,207000.0,209000.0,195131.671875,919137,2024,12,4
209000.0,210500.0,204000.0,204500.0,190930.296875,604002,2024,12,5
203500.0,206000.0,200000.0,203500.0,189996.65625,778285,2024,12,6
201000.0,203000.0,200000.0,201000.0,187662.53125,774548,2024,12,9
205500.0,211500.0,204000.0,210500.0,196532.15625,619392,2024,12,10
208000.0,211000.0,207500.0,209000.0,195131.671875,335301,2024,12,11
210500.0,213000.0,209500.0,211500.0,197465.796875,625351,2024,12,12
212000.0,216000.0,209000.0,215000.0,200733.5625,528172,2024,12,13
215500.0,216000.0,210500.0,211000.0,196998.96875,469448,2024,12,16
210000.0,212500.0,205500.0,206500.0,192797.5625,715553,2024,12,17
207500.0,217000.0,207500.0,216500.0,202134.03125,712305,2024,12,18
213000.0,214000.0,210500.0,212000.0,197932.609375,631880,2024,12,19
210500.0,211500.0,206000.0,210500.0,196532.15625,704962,2024,12,20
212500.0,216500.0,212000.0,215000.0,200733.5625,468339,2024,12,23
215000.0,217000.0,213000.0,216500.0,202134.03125,351647,2024,12,24
217500.0,219500.0,215000.0,217500.0,203067.65625,460871,2024,12,26
217000.0,217500.0,213500.0,215000.0,200733.5625,391681,2024,12,27
213500.0,217000.0,212000.0,212000.0,197932.609375,387750,2024,12,30
212000.0,216000.0,210500.0,211500.0,197465.796875,437773,2025,1,2
211500.0,215000.0,211000.0,213000.0,198866.25,456107,2025,1,3
213000.0,213500.0,207000.0,211500.0,197465.796875,782307,2025,1,6
211500.0,214000.0,210500.0,211000.0,196998.96875,511955,2025,1,7
209500.0,215500.0,209000.0,213500.0,199333.078125,603411,2025,1,8
215000.0,219500.0,213000.0,213000.0,198866.25,866529,2025,1,9
215000.0,227000.0,215000.0,226000.0,211003.640625,1951806,2025,1,10
225500.0,226000.0,218500.0,220000.0,205401.765625,867629,2025,1,13
221000.0,224500.0,219500.0,222000.0,207269.046875,547856,2025,1,14
222000.0,224000.0,220500.0,220500.0,205868.625,492913,2025,1,15
223000.0,224000.0,218000.0,219000.0,204468.125,435312,2025,1,16
217500.0,218000.0,211000.0,211500.0,197465.796875,813817,2025,1,17
211000.0,212000.0,207500.0,208500.0,194664.875,571176,2025,1,20
210500.0,213000.0,206500.0,206500.0,192797.5625,833996,2025,1,21
207500.0,210000.0,206500.0,208500.0,194664.875,832710,2025,1,22
208000.0,213500.0,205500.0,209000.0,195131.671875,1032782,2025,1,23
208000.0,208500.0,203000.0,205000.0,191397.09375,1077548,2025,1,24
204500.0,207500.0,200000.0,206000.0,192330.765625,986621,2025,1,31
201000.0,203500.0,200000.0,202000.0,188596.171875,911137,2025,2,3
205000.0,208500.0,201000.0,201000.0,187662.53125,841947,2025,2,4
201500.0,206500.0,201000.0,204500.0,190930.296875,710413,2025,2,5
206000.0,207000.0,203000.0,203500.0,189996.65625,605308,2025,2,6
203500.0,204500.0,200000.0,200500.0,187195.71875,834221,2025,2,7
199500.0,201000.0,197700.0,199400.0,186168.703125,992303,2025,2,10
199500.0,202500.0,198500.0,199400.0,186168.703125,842452,2025,2,11
199000.0,200500.0,198100.0,198100.0,184954.953125,567219,2025,2,12
202500.0,210000.0,202000.0,208500.0,194664.875,1493929,2025,2,13
208000.0,210000.0,205500.0,206000.0,192330.765625,823619,2025,2,14
201000.0,202500.0,199500.0,199800.0,186542.15625,894545,2025,2,17
200000.0,201500.0,198900.0,200500.0,187195.71875,560363,2025,2,18
198900.0,204500.0,198800.0,204000.0,190463.46875,854114,2025,2,19
202500.0,204000.0,201500.0,203000.0,189529.8125,354026,2025,2,20
209000.0,211000.0,204000.0,206000.0,192330.765625,713842,2025,2,21
204000.0,207000.0,203500.0,207000.0,193264.40625,497135,2025,2,24
205000.0,205000.0,202000.0,202500.0,189062.984375,651155,2025,2,25
203500.0,207000.0,203000.0,205000.0,191397.09375,750341,2025,2,26
200500.0,201000.0,199300.0,200500.0,192839.796875,890406,2025,2,27
198600.0,198800.0,193000.0,193000.0,185626.3125,1187503,2025,2,28
190000.0,195100.0,189200.0,190300.0,183029.5,592292,2025,3,4
191800.0,197000.0,191800.0,194700.0,187261.375,798748,2025,3,5
199200.0,201000.0,196500.0,197600.0,190050.578125,659716,2025,3,6
194800.0,197200.0,194100.0,196600.0,189088.78125,574321,2025,3,7
196600.0,198600.0,195200.0,197400.0,189858.234375,318730,2025,3,10
194500.0,196000.0,192700.0,195600.0,188127.015625,456616,2025,3,11
195800.0,198200.0,195000.0,198200.0,190627.6875,351293,2025,3,12
199300.0,201000.0,196200.0,201000.0,193320.6875,578677,2025,3,13
199800.0,200500.0,197500.0,198500.0,190916.21875,473953,2025,3,14
198400.0,199000.0,195300.0,199000.0,191397.09375,369290,2025,3,17
199500.0,202000.0,199300.0,200500.0,192839.796875,505699,2025,3,18
201000.0,204000.0,199000.0,204000.0,196206.09375,520541,2025,3,19
204500.0,205000.0,201500.0,202500.0,194763.375,635938,2025,3,20
201500.0,205000.0,201000.0,205000.0,197167.859375,552626,2025,3,21
204500.0,216000.0,203500.0,213000.0,204862.21875,1212302,2025,3,24
228500.0,229000.0,218500.0,220000.0,211594.78125,2097056,2025,3,25
224000.0,227500.0,220500.0,222000.0,213518.375,1220193,2025,3,26
215000.0,216500.0,212000.0,212500.0,204381.328125,1027562,2025,3,27
208000.0,209500.0,202500.0,205000.0,197167.859375,1003500,2025,3,28
199900.0,201000.0,196800.0,197200.0,189665.875,936571,2025,3,31
199000.0,200500.0,196100.0,198600.0,191012.375,641043,2025,4,1
198800.0,199100.0,195800.0,196300.0,188800.25,615215,2025,4,2
191000.0,194500.0,189100.0,193800.0,186395.78125,954824,2025,4,3
191300.0,196500.0,189600.0,191800.0,184472.1875,810211,2025,4,4
184700.0,185300.0,178900.0,179100.0,172257.390625,1244441,2025,4,7
181400.0,183800.0,177500.0,179200.0,172353.578125,1082825,2025,4,8
177500.0,180900.0,177300.0,178000.0,171199.4375,689621,2025,4,9
191700.0,192900.0,186500.0,187000.0,179855.5625,1426032,2025,4,10
181800.0,183000.0,175800.0,177500.0,170718.515625,1647599,2025,4,11
178400.0,180300.0,177500.0,179300.0,172449.75,536959,2025,4,14
185400.0,189200.0,183700.0,187000.0,179855.5625,1052017,2025,4,15
185200.0,186400.0,181300.0,181700.0,174758.0625,593391,2025,4,16
182600.0,184600.0,181500.0,181700.0,174758.0625,522233,2025,4,17
182800.0,188300.0,181200.0,187200.0,180047.9375,664774,2025,4,18
187500.0,188800.0,185500.0,187300.0,180144.109375,352360,2025,4,21
186100.0,187700.0,185200.0,185600.0,178509.046875,392723,2025,4,22
188900.0,190400.0,187400.0,190000.0,182740.953125,607448,2025,4,23
191100.0,191200.0,186500.0,188900.0,181682.96875,642753,2025,4,24
191000.0,191000.0,188600.0,188800.0,181586.796875,528739,2025,4,25
188100.0,190100.0,187000.0,189000.0,181779.171875,450993,2025,4,28
192700.0,194000.0,189700.0,192800.0,185433.984375,594224,2025,4,29
192700.0,193300.0,190200.0,190600.0,183318.03125,429791,2025,4,30
190200.0,190500.0,188200.0,189400.0,182163.875,464020,2025,5,2
191400.0,191400.0,186500.0,187600.0,180432.640625,666181,2025,5,7
187600.0,188900.0,187100.0,187100.0,179951.75,543972,2025,5,8
191200.0,193400.0,189500.0,189900.0,182644.765625,514047,2025,5,9
191900.0,195800.0,191400.0,195800.0,188319.359375,569602,2025,5,12
197400.0,198000.0,195100.0,196700.0,189184.984375,462830,2025,5,13
197200.0,198300.0,194300.0,197100.0,189569.703125,557318,2025,5,14
195200.0,196900.0,192200.0,192900.0,185530.15625,469355,2025,5,15
193300.0,194700.0,193000.0,193800.0,186395.78125,311743,2025,5,16
193000.0,193000.0,190000.0,191000.0,183702.75,378893,2025,5,19
192800.0,194100.0,189500.0,189500.0,182260.0625,422756,2025,5,20
189500.0,190350.0,187400.0,188000.0,180817.359375,558502,2025,5,21
187000.0,187000.0,181900.0,182400.0,175431.3125,982354,2025,5,22
182400.0,182500.0,179300.0,179900.0,173026.828125,829741,2025,5,23
180100.0,183000.0,179700.0,181900.0,174950.421875,623947,2025,5,26
180700.0,181900.0,180300.0,181900.0,174950.421875,502985,2025,5,27
182400.0,186300.0,182400.0,185900.0,178797.59375,611926,2025,5,28
189600.0,193000.0,186300.0,191000.0,186206.890625,1093538,2025,5,29
187400.0,187500.0,185300.0,185300.0,180649.921875,781444,2025,5,30
184600.0,185500.0,183100.0,184000.0,179382.546875,538182,2025,6,2
185100.0,186500.0,184100.0,186000.0,181332.34375,577325,2025,6,4
186000.0,193000.0,186000.0,189600.0,184842.015625,797915,2025,6,5
192900.0,198400.0,192300.0,197800.0,192836.234375,1665140,2025,6,9
201000.0,201500.0,195800.0,197000.0,192056.296875,998951,2025,6,10
199100.0,201500.0,199000.0,201000.0,195955.921875,649618,2025,6,11
201500.0,204500.0,200500.0,201500.0,196443.390625,885521,2025,6,12
199400.0,199800.0,196800.0,199000.0,194006.125,933606,2025,6,13
198300.0,202000.0,196200.0,201500.0,196443.390625,500547,2025,6,16
202500.0,208000.0,200500.0,205000.0,199855.546875,950447,2025,6,17
202500.0,207000.0,200500.0,206000.0,200830.453125,575644,2025,6,18
209500.0,211500.0,205500.0,207000.0,201805.375,538891,2025,6,19
208000.0,210500.0,205500.0,210000.0,204730.078125,662635,2025,6,20
205500.0,206000.0,200500.0,201500.0,196443.390625,935001,2025,6,23
206500.0,208000.0,203000.0,206000.0,200830.453125,718116,2025,6,24
206500.0,221500.0,206000.0,217000.0,211554.40625,1789517,2025,6,25
214500.0,215000.0,208000.0,209500.0,204242.640625,814616,2025,6,26
211000.0,211000.0,203000.0,205000.0,199855.546875,764378,2025,6,27
204500.0,207000.0,203500.0,203500.0,198393.203125,492507,2025,6,30
204000.0,214500.0,203500.0,210000.0,204730.078125,1059697,2025,7,1
215000.0,218000.0,210000.0,213500.0,208142.234375,1058819,2025,7,2
215000.0,217000.0,211500.0,214500.0,209117.15625,562758,2025,7,3
214500.0,216500.0,210000.0,210500.0,205217.53125,415693,2025,7,4
210000.0,210500.0,207000.0,208500.0,203267.71875,398058,2025,7,7
207000.0,211500.0,205500.0,211000.0,205705.0,499225,2025,7,8
208500.0,209500.0,205500.0,209500.0,204242.640625,524731,2025,7,9
210000.0,211500.0,205500.0,208000.0,202780.25,719453,2025,7,10
209000.0,211500.0,207500.0,208000.0,202780.25,592335,2025,7,11
208500.0,218000.0,208000.0,217000.0,211554.40625,1241993,2025,7,14
217000.0,217500.0,209500.0,211000.0,205705.0,1111748,2025,7,15
211000.0,211000.0,207500.0,207500.0,202292.8125,492782,2025,7,16
208500.0,212000.0,205500.0,210000.0,204730.078125,611349,2025,7,17
210000.0,212500.0,208500.0,210500.0,205217.53125,317353,2025,7,18
209500.0,210500.0,208000.0,209000.0,203755.171875,460835,2025,7,21
209000.0,209500.0,204500.0,206500.0,201317.90625,441603,2025,7,22
213000.0,223000.0,213000.0,222000.0,216428.953125,2832242,2025,7,23
221000.0,225500.0,214500.0,217500.0,212041.859375,1417925,2025,7,24
215000.0,221000.0,214000.0,216500.0,211066.96875,665815,2025,7,25
221500.0,222500.0,216000.0,218500.0,213016.78125,692799,2025,7,28
217500.0,218500.0,214000.0,218000.0,212529.328125,646415,2025,7,29
215500.0,228000.0,215500.0,223000.0,217403.84375,1239327,2025,7,30
233000.0,233000.0,212000.0,213000.0,207654.796875,2956498,2025,7,31
211000.0,215500.0,210000.0,210000.0,204730.078125,1083280,2025,8,1
210000.0,212500.0,207000.0,211000.0,205705.0,651682,2025,8,4
213000.0,215000.0,209500.0,210500.0,205217.53125,480510,2025,8,5
209000.0,211500.0,208500.0,210500.0,205217.53125,385330,2025,8,6
213500.0,215000.0,211000.0,212500.0,207167.34375,421547,2025,8,7
212500.0,214000.0,211500.0,212500.0,207167.34375,440664,2025,8,8
213000.0,213500.0,211500.0,212500.0,207167.34375,298656,2025,8,11
212000.0,216000.0,211500.0,213000.0,207654.796875,347183,2025,8,12
215500.0,216000.0,214000.0,216000.0,210579.5,377571,2025,8,13
216000.0,219000.0,216000.0,217500.0,212041.859375,546695,2025,8,14
217500.0,218000.0,215000.0,216500.0,211066.96875,405813,2025,8,18
216500.0,219000.0,215000.0,219000.0,213504.21875,442222,2025,8,19
218500.0,222000.0,217500.0,220500.0,214966.59375,784564,2025,8,20
221000.0,224500.0,220500.0,221500.0,215941.484375,601284,2025,8,21
222000.0,223500.0,219500.0,220000.0,214479.125,401067,2025,8,22
221500.0,222000.0,217500.0,222000.0,216428.953125,419600,2025,8,25
220500.0,222000.0,217500.0,218500.0,213016.78125,806670,2025,8,26
219000.0,221000.0,218500.0,220000.0,214479.125,337163,2025,8,27
218500.0,225000.0,218000.0,222000.0,218916.625,734689,2025,8,28
223000.0,224500.0,218500.0,220000.0,216944.40625,606655,2025,8,29
220500.0,223000.0,219000.0,220500.0,217437.46875,504672,2025,9,1
221000.0,221000.0,217000.0,220000.0,216944.40625,365383,2025,9,2
218500.0,223500.0,218500.0,221500.0,218423.578125,459718,2025,9,3
221000.0,221500.0,219500.0,221500.0,218423.578125,249504,2025,9,4
222000.0,222500.0,219500.0,220000.0,216944.40625,245652,2025,9,5
218000.0,218500.0,215500.0,218500.0,215465.234375,382254,2025,9,8
219500.0,220500.0,218500.0,219000.0,215958.296875,407652,2025,9,9
219500.0,222000.0,219000.0,220500.0,217437.46875,427432,2025,9,10
221500.0,223000.0,219000.0,223000.0,219902.734375,569436,2025,9,11
222500.0,224000.0,220500.0,223500.0,220395.796875,666184,2025,9,12
221500.0,221500.0,215000.0,215000.0,212013.84375,1712249,2025,9,15
216000.0,216500.0,215000.0,215000.0,212013.84375,492855,2025,9,16
216000.0,216500.0,215000.0,216000.0,212999.953125,412548,2025,9,17
216500.0,218500.0,215000.0,216500.0,213493.015625,652885,2025,9,18
215000.0,219000.0,214500.0,218000.0,214972.1875,499195,2025,9,22
217500.0,220000.0,217500.0,219000.0,215958.296875,473760,2025,9,23
218000.0,219500.0,216500.0,217500.0,214479.125,383310,2025,9,24
217000.0,217500.0,215500.0,217000.0,213986.078125,509882,2025,9,25
215000.0,215500.0,213000.0,214500.0,211520.796875,448652,2025,9,26
215500.0,216500.0,214000.0,215000.0,212013.84375,339105,2025,9,29
214000.0,216000.0,214000.0,215000.0,212013.84375,339691,2025,9,30
215500.0,217000.0,215000.0,215500.0,212506.90625,297048,2025,10,1
216500.0,223000.0,216500.0,220000.0,216944.40625,1099674,2025,10,2
219000.0,220250.0,216500.0,217000.0,213986.078125,779161,2025,10,10
214500.0,219500.0,214000.0,218500.0,215465.234375,544349,2025,10,13
218500.0,225000.0,218000.0,223000.0,219902.734375,885802,2025,10,14
223000.0,224000.0,220000.0,223500.0,220395.796875,670710,2025,10,15
237000.0,245000.0,234000.0,242000.0,238638.84375,2115204,2025,10,16
241000.0,246000.0,239500.0,243000.0,239624.953125,994190,2025,10,17
251500.0,252000.0,241500.0,248000.0,244555.5,1155423,2025,10,20
252000.0,267000.0,251500.0,256500.0,252937.453125,2002410,2025,10,21
265000.0,265000.0,254500.0,261000.0,257374.953125,1060973,2025,10,22
256500.0,258500.0,251000.0,252000.0,248499.953125,909720,2025,10,23
253500.0,254000.0,248000.0,252500.0,248993.015625,775983,2025,10,24
253500.0,259500.0,253000.0,254500.0,250965.234375,763121,2025,10,27
253500.0,253500.0,249000.0,250500.0,247020.78125,677447,2025,10,28
254500.0,259500.0,251000.0,258000.0,254416.609375,937830,2025,10,29
287500.0,289500.0,263000.0,265000.0,261319.390625,2958411,2025,10,30
273500.0,294000.0,270500.0,290000.0,285972.1875,3631736,2025,10,31
297500.0,298000.0,288000.0,291500.0,287451.34375,1498016,2025,11,3
286500.0,288500.0,276000.0,276000.0,272166.625,1416294,2025,11,4
270000.0,271500.0,259000.0,268500.0,264770.8125,1420277,2025,11,5
274500.0,275000.0,264500.0,269000.0,265263.84375,686561,2025,11,6
261000.0,267000.0,259500.0,264000.0,260333.28125,666772,2025,11,7
266500.0,274000.0,265000.0,270500.0,266743.0,692464,2025,11,10
272500.0,274000.0,267500.0,269000.0,265263.84375,494203,2025,11,11
271500.0,278500.0,269500.0,275500.0,271673.5625,807526,2025,11,12
273000.0,279000.0,272500.0,278500.0,274631.90625,681153,2025,11,13
272500.0,278000.0,272000.0,272500.0,268715.21875,579023,2025,11,14
275500.0,275500.0,271500.0,271500.0,267729.125,384305,2025,11,17
269000.0,271500.0,263500.0,264500.0,260826.34375,475705,2025,11,18
272000.0,272000.0,261500.0,264000.0,260333.28125,413452,2025,11,19
267000.0,267500.0,262000.0,262000.0,258361.0625,501196,2025,11,20
255000.0,261000.0,254500.0,259500.0,255895.796875,538414,2025,11,21
262000.0,262000.0,257500.0,257500.0,253923.5625,610389,2025,11,24
261000.0,262000.0,256500.0,257500.0,253923.5625,390393,2025,11,25
260500.0,262000.0,259500.0,261500.0,257868.0,402781,2025,11,26
261500.0,262500.0,259500.0,261500.0,260357.078125,289061,2025,11,27
261500.0,265500.0,259000.0,261500.0,260357.078125,511004,2025,11,28
261000.0,261500.0,253500.0,254500.0,253387.671875,555473,2025,12,1
257500.0,267500.0,257000.0,266000.0,264837.40625,1084944,2025,12,2
266500.0,267500.0,263000.0,266500.0,265335.21875,483994,2025,12,3
273000.0,284500.0,270000.0,283500.0,282260.9375,1994134,2025,12,4
282000.0,316500.0,280000.0,315000.0,313623.25,3892799,2025,12,5
321000.0,321000.0,308500.0,315500.0,314121.0625,1913789,2025,12,8
308000.0,312000.0,301500.0,307000.0,305658.21875,1229611,2025,12,9
304500.0,306000.0,297500.0,302500.0,301177.875,1173271,2025,12,10
304000.0,306500.0,295500.0,295500.0,294208.46875,1465528,2025,12,11
299000.0,303000.0,295500.0,301500.0,300182.25,827283,2025,12,12
296500.0,297500.0,293500.0,293500.0,292217.21875,798990,2025,12,15
296500.0,301500.0,284500.0,286000.0,284750.0,1264096,2025,12,16
288000.0,288500.0,284000.0,286000.0,284750.0,686802,2025,12,17
280500.0,285000.0,280000.0,282500.0,281265.3125,705877,2025,12,18
285500.0,288500.0,278500.0,288500.0,287239.0625,1210816,2025,12,19
290500.0,290500.0,285000.0,289000.0,287736.875,676748,2025,12,22
290500.0,292500.0,285500.0,287000.0,285745.625,699584,2025,12,23
289000.0,300000.0,287000.0,289000.0,287736.875,1295368,2025,12,24
292000.0,292000.0,285000.0,286000.0,284750.0,847245,2025,12,26
284500.0,294000.0,282500.0,293500.0,292217.21875,697450,2025,12,29
291000.0,297500.0,289500.0,296500.0,295204.09375,628188,2025,12,30
299500.0,302000.0,293000.0,298500.0,297195.375,955205,2026,1,2
302500.0,310000.0,302000.0,304500.0,303169.15625,1292161,2026,1,5
318000.0,330000.0,304000.0,308000.0,306653.84375,3346949,2026,1,6
314000.0,362000.0,313000.0,350500.0,348968.09375,7764177,2026,1,7
361000.0,361000.0,338000.0,340500.0,339011.8125,3053301,2026,1,8
349000.0,369000.0,340000.0,366000.0,364400.34375,3104258,2026,1,9
383000.0,383500.0,358500.0,367000.0,365395.96875,3027809,2026,1,12
380500.0,413500.0,378000.0,406000.0,404225.53125,5463622,2026,1,13
406500.0,413500.0,398000.0,411500.0,409701.5,2861932,2026,1,14
409500.0,425000.0,405000.0,422000.0,420155.59375,2864894,2026,1,15
426500.0,426500.0,408000.0,413000.0,411194.9375,2589883,2026,1,16
420000.0,487000.0,419500.0,480000.0,477902.09375,5990850,2026,1,19
494000.0,496500.0,460500.0,479000.0,476906.46875,5235613,2026,1,20
468000.0,551000.0,467500.0,549000.0,546600.5,7830202,2026,1,21
586000.0,590000.0,525000.0,529000.0,526687.9375,7176207,2026,1,22
530000.0,543000.0,500000.0,510000.0,507770.96875,4774169,2026,1,23
499000.0,515000.0,490000.0,492500.0,490347.46875,3680159,2026,1,26
473000.0,499000.0,469000.0,488500.0,486364.9375,4492400,2026,1,27
505000.0,506000.0,490500.0,492500.0,490347.46875,2514604,2026,1,28
501000.0,529000.0,494000.0,528000.0,525692.3125,5431226,2026,1,29
516000.0,517000.0,500000.0,500000.0,497814.6875,3032673,2026,1,30
486000.0,507000.0,473000.0,478000.0,475910.84375,2652237,2026,2,2
487000.0,495000.0,473000.0,491500.0,489351.84375,2275995,2026,2,3
502000.0,518000.0,497500.0,504000.0,501797.1875,1706630,2026,2,4
492500.0,508000.0,483500.0,488500.0,486364.9375,1653286,2026,2,5
469500.0,473000.0,452000.0,467500.0,465456.71875,2023516,2026,2,6
484000.0,485000.0,473000.0,478000.0,475910.84375,1518143,2026,2,9
499000.0,505000.0,479000.0,480500.0,478399.90625,1738747,2026,2,10
480500.0,515000.0,477000.0,509000.0,506775.34375,3270111,2026,2,11
512000.0,512000.0,498000.0,506000.0,503788.46875,1733637,2026,2,12
499500.0,509500.0,497500.0,499000.0,496819.0625,1147006,2026,2,13
504000.0,523000.0,495500.0,513000.0,510757.875,1907584,2026,2,19
516000.0,516000.0,504000.0,509000.0,506775.34375,1251835,2026,2,20
524000.0,541000.0,517000.0,523000.0,520714.15625,2094265,2026,2,23
522000.0,530000.0,505000.0,524000.0,521709.78125,1490869,2026,2,24
535000.0,584000.0,532000.0,572000.0,569500.0,4149696,2026,2,25
574000.0,618000.0,563000.0,609000.0,609000.0,2894222,2026,2,26
592000.0,687000.0,590000.0,674000.0,674000.0,4354409,2026,2,27
654000.0,658000.0,594000.0,595000.0,595000.0,3763225,2026,3,3
560000.0,593000.0,497500.0,501000.0,501000.0,4855346,2026,3,4
565000.0,582000.0,540000.0,548000.0,548000.0,2663493,2026,3,5
532000.0,564000.0,530000.0,553000.0,553000.0,1582300,2026,3,6
504000.0,511000.0,491000.0,507000.0,507000.0,1913094,2026,3,9
538000.0,541000.0,519000.0,525000.0,525000.0,1270933,2026,3,10
550000.0,561000.0,523000.0,530000.0,530000.0,1415825,2026,3,11
524000.0,528000.0,513000.0,521000.0,521000.0,1146292,2026,3,12
502000.0,529500.0,501000.0,517000.0,517000.0,950437,2026,3,13
511000.0,520000.0,499000.0,506000.0,506000.0,1348089,2026,3,16
528000.0,544000.0,520000.0,522000.0,522000.0,1346937,2026,3,17
536000.0,545000.0,530000.0,545000.0,545000.0,930616,2026,3,18
521000.0,530000.0,521000.0,522000.0,522000.0,770000,2026,3,19
527000.0,528000.0,517000.0,517000.0,517000.0,1049264,2026,3,20
500000.0,501000.0,485000.0,485000.0,485000.0,1603262,2026,3,23
508000.0,509000.0,484000.0,492000.0,492000.0,1082455,2026,3,24
509000.0,518000.0,498500.0,501000.0,501000.0,1102731,2026,3,25
496000.0,499500.0,486000.0,490000.0,490000.0,954455,2026,3,26
472500.0,498500.0,467000.0,495000.0,495000.0,1151726,2026,3,27
468500.0,472500.0,461000.0,469500.0,469500.0,942256,2026,3,30
459500.0,464000.0,445000.0,445500.0,445500.0,1271113,2026,3,31
472000.0,492500.0,466000.0,487500.0,487500.0,974266,2026,4,1
499000.0,499500.0,457000.0,465500.0,465500.0,1331860,2026,4,2
475500.0,485000.0,467000.0,471000.0,471000.0,659219,2026,4,3
469500.0,477500.0,465000.0,469000.0,469000.0,553057,2026,4,6
477000.0,481500.0,465500.0,473000.0,473000.0,704114,2026,4,7
500000.0,510000.0,490000.0,508000.0,508000.0,1291522,2026,4,8
510000.0,514000.0,487000.0,489500.0,489500.0,990889,2026,4,9
498000.0,499500.0,489500.0,489500.0,489500.0,814112,2026,4,10
476500.0,486500.0,474500.0,478500.0,478500.0,637565,2026,4,13
492500.0,501500.0,489000.0,491500.0,491500.0,778907,2026,4,14
510000.0,519000.0,502000.0,508000.0,508000.0,867909,2026,4,15
530000.0,544000.0,527000.0,534000.0,534000.0,1524311,2026,4,16
547000.0,548000.0,531000.0,538000.0,538000.0,724452,2026,4,17
533000.0,541000.0,526000.0,527000.0,527000.0,835506,2026,4,20
534000.0,548000.0,530000.0,546000.0,546000.0,946609,2026,4,21
540000.0,542000.0,531000.0,541000.0,541000.0,747125,2026,4,22
547000.0,551000.0,525000.0,530000.0,530000.0,1037649,2026,4,23
