age,daily_social_media_hours,sleep_hours,screen_time_before_sleep,academic_performance,physical_activity,stress_level,anxiety_level,addiction_level,depression_label,gender_female,gender_male,platform_usage_Both,platform_usage_Instagram,platform_usage_TikTok,social_interaction_level_high,social_interaction_level_low,social_interaction_level_medium
-0.9540987207341916,1.6578328019529458,0.6591770324823875,1.618829764033165,3.01,0.8342756727359152,-1.1873669281796289,-1.2723354351300666,-1.6133890005208393,-0.16284468609031386,0,1,0,1,0,0,1,0
1.5197959743414997,-1.2996489061890784,1.0752438891382292,1.618829764033165,3.22,-0.36859347436015183,0.8801159939227479,-1.6221985245333848,1.5674436401555145,-0.16284468609031386,1,0,0,0,1,1,0,0
0.5302380963112232,-1.5953970770032808,0.797865984701001,-1.7314359160584674,3.92,-1.7433010710413717,-1.1873669281796289,-0.5726092563234305,-1.2599631515568002,-0.16284468609031386,1,0,0,1,0,1,0,0
-0.45931978171905347,1.4113759929411105,0.31245465193585265,-0.19589747934980217,3.48,-0.36859347436015183,-1.5319474151966916,0.47698001188652356,1.2140177911914751,-0.16284468609031386,0,1,0,0,1,0,0,1
-0.45931978171905347,0.08050922427719948,-1.074434870250287,1.7584241673703165,2.37,0.6624372231507626,-0.8427864411625662,-0.22274616692011243,-1.2599631515568002,-0.16284468609031386,1,0,1,0,0,0,0,1
1.5197959743414997,1.4113759929411105,-1.421157250796822,0.9208577473474083,2.63,-0.7122703735304569,-0.8427864411625662,-0.22274616692011243,0.5071660932633963,-0.16284468609031386,1,0,1,0,0,1,0,0
1.0250170353263615,-1.003900735374876,-0.03426772861068207,0.9208577473474083,2.63,-0.5404319239453045,-1.1873669281796289,-1.2723354351300666,-0.19968560466468235,-0.16284468609031386,1,0,0,1,0,0,1,0
0.03545915729608479,-0.2645303083393699,-1.559846203015436,-1.7314359160584674,2.4,0.4905987735656104,0.1909550198886223,1.5265692800964776,-0.19968560466468235,-0.16284468609031386,0,1,1,0,0,0,1,0
1.5197959743414997,-0.6095698409559395,-1.0050903941409803,0.5020745373359545,2.04,-0.1967550247749994,-1.5319474151966916,1.5265692800964776,1.2140177911914751,-0.16284468609031386,1,0,0,0,1,1,0,0
-0.45931978171905347,-1.2996489061890784,-1.074434870250287,-0.33549188268695374,3.77,0.1469218743953056,-1.5319474151966916,-1.6221985245333848,-0.5531114536287215,-0.16284468609031386,0,1,0,0,1,1,0,0
0.03545915729608479,1.3127932693363764,-0.45033458526652453,1.618829764033165,3.16,0.3187603239804578,-0.15362546712844055,0.8268431012898416,1.2140177911914751,-0.16284468609031386,0,1,1,0,0,0,0,1
-1.4488776597493298,0.17909194788193372,-1.2131238224689012,1.0604521506845597,3.92,0.3187603239804578,-1.5319474151966916,1.5265692800964776,0.8605919422274357,-0.16284468609031386,0,1,0,1,0,0,1,0
0.03545915729608479,0.8198796513127057,0.5204880802637735,1.2000465540217111,2.02,1.1779525719062198,-0.15362546712844055,0.47698001188652356,0.15374024429935695,-0.16284468609031386,0,1,1,0,0,0,0,1
0.5302380963112232,1.115627822126908,-0.5196790613758313,-0.893869496035559,3.29,0.4905987735656104,-1.5319474151966916,1.5265692800964776,1.5674436401555145,-0.16284468609031386,1,0,0,0,1,0,0,1
-0.45931978171905347,0.5734228423008704,-0.38099010915721715,-1.3126527060470132,3.5,-0.5404319239453045,-1.5319474151966916,1.1767061906931597,-1.6133890005208393,-0.16284468609031386,0,1,0,0,1,0,1,0
-0.9540987207341916,-0.4616957555488381,-0.7970569658130595,-1.591841512721316,2.99,-1.2277857222859143,-0.49820595414550334,1.5265692800964776,-1.2599631515568002,-0.16284468609031386,1,0,1,0,0,1,0,0
-1.4488776597493298,-1.4968143533985465,-1.559846203015436,-0.47508628602410524,2.59,-0.8841088231156093,-0.49820595414550334,-0.22274616692011243,0.8605919422274357,-0.16284468609031386,0,1,1,0,0,1,0,0
0.03545915729608479,-0.7081525645606734,-0.24230115693860363,-1.3126527060470132,2.11,1.5216294710765246,1.5692769679568737,0.47698001188652356,1.5674436401555145,-0.16284468609031386,0,1,1,0,0,1,0,0
0.03545915729608479,1.066336460324541,0.24311017582654537,0.22288573066165163,3.08,0.6624372231507626,1.5692769679568737,1.1767061906931597,-1.6133890005208393,-0.16284468609031386,1,0,1,0,0,1,0,0
-0.9540987207341916,-1.6446884388056477,0.797865984701001,-1.0334638993727105,3.85,-0.36859347436015183,0.8801159939227479,-0.5726092563234305,0.15374024429935695,-0.16284468609031386,1,0,0,1,0,1,0,0
0.03545915729608479,-0.5602784791535723,-1.2824682985782085,0.5020745373359545,2.24,-1.0559472727007617,-0.49820595414550334,-1.6221985245333848,-0.9065373025927609,-0.16284468609031386,0,1,0,0,1,1,0,0
1.0250170353263615,-0.21523894653700315,0.6591770324823875,0.9208577473474083,2.38,0.8342756727359152,0.8801159939227479,-0.5726092563234305,1.2140177911914751,-0.16284468609031386,0,1,1,0,0,0,0,1
1.0250170353263615,0.3762573950914019,-1.074434870250287,-0.7542750926984079,3.69,0.3187603239804578,-0.15362546712844055,-0.5726092563234305,-0.19968560466468235,-0.16284468609031386,0,1,0,1,0,0,1,0
1.0250170353263615,-1.1024834589796102,0.797865984701001,-1.7314359160584674,2.96,1.1779525719062198,1.2246964809398109,0.8268431012898416,0.5071660932633963,-0.16284468609031386,1,0,0,0,1,0,0,1
1.0250170353263615,-1.053192097177243,0.17376569971723863,0.22288573066165163,2.53,-1.0559472727007617,0.8801159939227479,0.8268431012898416,-1.2599631515568002,-0.16284468609031386,1,0,1,0,0,1,0,0
-1.4488776597493298,-1.4968143533985465,0.5204880802637735,1.0604521506845597,2.15,0.4905987735656104,-0.49820595414550334,0.12711692248320564,-1.2599631515568002,-0.16284468609031386,1,0,1,0,0,0,0,1
-0.9540987207341916,0.5734228423008704,1.5606552219033776,-1.591841512721316,2.64,-1.5714626214562193,0.8801159939227479,1.1767061906931597,-0.5531114536287215,-0.16284468609031386,1,0,1,0,0,0,1,0
1.5197959743414997,-1.2503575443867112,0.45114360415446614,-1.1730583027098618,3.26,1.0061141223210677,0.5355355069056852,-0.22274616692011243,1.2140177911914751,-0.16284468609031386,0,1,0,0,1,1,0,0
-0.9540987207341916,-1.003900735374876,-0.5890235374851387,1.618829764033165,2.24,-0.8841088231156093,-0.8427864411625662,1.1767061906931597,-0.19968560466468235,-0.16284468609031386,0,1,0,0,1,0,1,0
0.03545915729608479,-0.5602784791535723,0.9365549369196151,1.4792353606960136,3.83,1.3497910214913724,0.1909550198886223,0.12711692248320564,-0.5531114536287215,-0.16284468609031386,1,0,0,0,1,0,0,1
-1.4488776597493298,1.0170450985221737,-0.5196790613758313,1.0604521506845597,2.67,0.1469218743953056,-1.1873669281796289,-1.6221985245333848,1.5674436401555145,-0.16284468609031386,0,1,0,0,1,0,1,0
-1.4488776597493298,-1.4475229915961794,1.5606552219033776,1.0604521506845597,3.69,-1.0559472727007617,0.8801159939227479,-1.2723354351300666,1.2140177911914751,-0.16284468609031386,1,0,0,1,0,1,0,0
0.03545915729608479,-0.9053180117701416,-1.559846203015436,0.9208577473474083,3.05,-1.399624171871067,-1.5319474151966916,0.8268431012898416,-0.5531114536287215,-0.16284468609031386,0,1,0,1,0,1,0,0
-0.9540987207341916,-0.21523894653700315,1.0752438891382292,1.7584241673703165,2.31,-0.36859347436015183,0.8801159939227479,-0.5726092563234305,-1.6133890005208393,-0.16284468609031386,0,1,0,0,1,0,1,0
-1.4488776597493298,1.0170450985221737,0.5898325563730802,-0.19589747934980217,3.27,-1.5714626214562193,1.5692769679568737,-1.2723354351300666,-1.6133890005208393,-0.16284468609031386,1,0,0,0,1,0,0,1
0.5302380963112232,0.22838330968430062,-1.074434870250287,0.5020745373359545,2.01,-0.02491657518984685,1.2246964809398109,-0.5726092563234305,1.2140177911914751,-0.16284468609031386,1,0,1,0,0,0,1,0
1.5197959743414997,0.031217862474832114,-0.6583680135944454,1.0604521506845597,3.96,-0.36859347436015183,-0.8427864411625662,1.5265692800964776,0.5071660932633963,-0.16284468609031386,1,0,0,1,0,1,0,0
0.5302380963112232,0.1298005860795664,-1.421157250796822,-0.6146806893612563,2.02,-0.8841088231156093,-0.15362546712844055,1.5265692800964776,0.15374024429935695,-0.16284468609031386,1,0,0,1,0,0,1,0
0.5302380963112232,-1.5953970770032808,1.0752438891382292,0.36248013399880297,2.84,1.3497910214913724,-1.5319474151966916,0.47698001188652356,0.8605919422274357,-0.16284468609031386,1,0,0,0,1,1,0,0
0.5302380963112232,0.8691710131150725,-1.6985351552340502,-1.0334638993727105,2.43,0.3187603239804578,-1.5319474151966916,1.5265692800964776,1.2140177911914751,-0.16284468609031386,1,0,0,1,0,1,0,0
-0.9540987207341916,0.9184623749174399,-0.5196790613758313,-1.1730583027098618,2.06,1.3497910214913724,1.5692769679568737,-0.5726092563234305,-1.2599631515568002,-0.16284468609031386,0,1,0,1,0,1,0,0
1.5197959743414997,-1.4475229915961794,1.4913107457940709,0.9208577473474083,3.81,-1.0559472727007617,1.5692769679568737,-0.5726092563234305,-1.6133890005208393,-0.16284468609031386,0,1,0,1,0,0,1,0
-0.9540987207341916,1.3620846311387431,0.8672104608103083,-0.47508628602410524,3.42,-1.2277857222859143,0.1909550198886223,-1.6221985245333848,0.8605919422274357,-0.16284468609031386,1,0,0,1,0,0,0,1
-0.45931978171905347,-0.2645303083393699,1.6299996980126854,-0.6146806893612563,3.59,1.5216294710765246,1.5692769679568737,0.12711692248320564,1.5674436401555145,-0.16284468609031386,0,1,1,0,0,0,0,1
-0.9540987207341916,0.326966033289035,-1.6291906791247435,0.5020745373359545,3.07,-1.399624171871067,1.2246964809398109,-0.9224723457267486,0.8605919422274357,-0.16284468609031386,0,1,1,0,0,0,0,1
-0.9540987207341916,-0.018073499327534777,-1.1437793463595944,-1.1730583027098618,2.22,-0.36859347436015183,-1.5319474151966916,-0.5726092563234305,1.5674436401555145,-0.16284468609031386,1,0,0,0,1,0,1,0
1.0250170353263615,1.115627822126908,1.4913107457940709,-0.893869496035559,2.36,1.0061141223210677,-1.5319474151966916,1.5265692800964776,1.5674436401555145,-0.16284468609031386,0,1,0,0,1,1,0,0
-1.4488776597493298,-0.5109871173512053,-0.9357459180316736,-0.893869496035559,2.27,1.3497910214913724,-1.1873669281796289,-0.22274616692011243,0.15374024429935695,-0.16284468609031386,1,0,0,1,0,0,0,1
0.03545915729608479,-1.1024834589796102,-0.10361220471998943,1.7584241673703165,3.24,1.5216294710765246,-0.49820595414550334,-0.5726092563234305,1.2140177911914751,-0.16284468609031386,0,1,0,0,1,0,0,1
-0.9540987207341916,-1.6446884388056477,1.4219662696847641,0.08329132732450051,3.65,1.3497910214913724,-0.15362546712844055,1.5265692800964776,1.5674436401555145,-0.16284468609031386,0,1,0,1,0,1,0,0
-1.4488776597493298,0.8198796513127057,0.45114360415446614,0.641668940673106,3.43,-1.399624171871067,-0.15362546712844055,-1.2723354351300666,-1.2599631515568002,-0.16284468609031386,0,1,1,0,0,0,0,1
1.0250170353263615,-0.018073499327534777,-1.6291906791247435,0.22288573066165163,3.42,-1.5714626214562193,0.1909550198886223,0.47698001188652356,0.8605919422274357,-0.16284468609031386,0,1,0,0,1,0,0,1
1.0250170353263615,-0.8067352881654076,-1.3518127746875153,1.0604521506845597,3.16,0.4905987735656104,-0.8427864411625662,0.47698001188652356,0.8605919422274357,-0.16284468609031386,0,1,0,1,0,0,1,0
-1.4488776597493298,0.6227142041032372,1.4219662696847641,0.7812633440102569,3.3,1.5216294710765246,-1.5319474151966916,-1.6221985245333848,-0.19968560466468235,-0.16284468609031386,1,0,0,0,1,1,0,0
1.0250170353263615,1.115627822126908,0.03507674749862466,1.3396409573588626,2.97,1.5216294710765246,-0.49820595414550334,-0.5726092563234305,-0.19968560466468235,-0.16284468609031386,0,1,0,1,0,0,1,0
-0.45931978171905347,1.4113759929411105,1.4913107457940709,-1.1730583027098618,2.3,-1.7433010710413717,-1.5319474151966916,-0.22274616692011243,-0.9065373025927609,-0.16284468609031386,1,0,0,1,0,0,1,0
1.0250170353263615,-0.018073499327534777,-1.0050903941409803,1.0604521506845597,2.65,-0.5404319239453045,0.8801159939227479,1.1767061906931597,-1.6133890005208393,-0.16284468609031386,0,1,0,0,1,0,0,1
0.03545915729608479,0.9184623749174399,-0.7970569658130595,0.9208577473474083,2.03,1.1779525719062198,0.5355355069056852,-0.22274616692011243,1.5674436401555145,-0.16284468609031386,0,1,0,0,1,0,0,1
-1.4488776597493298,1.3620846311387431,-1.559846203015436,-0.6146806893612563,2.16,-0.02491657518984685,-0.49820595414550334,-0.22274616692011243,-1.2599631515568002,-0.16284468609031386,0,1,1,0,0,1,0,0
0.5302380963112232,1.263501907534009,-0.5890235374851387,-1.591841512721316,3.07,-0.02491657518984685,-1.5319474151966916,-0.9224723457267486,0.5071660932633963,-0.16284468609031386,1,0,0,1,0,0,0,1
1.0250170353263615,-1.4475229915961794,-0.9357459180316736,1.3396409573588626,3.57,-0.36859347436015183,-0.8427864411625662,1.1767061906931597,0.5071660932633963,-0.16284468609031386,0,1,0,0,1,1,0,0
-0.45931978171905347,-1.4968143533985465,-1.2131238224689012,-1.0334638993727105,3.82,-0.7122703735304569,0.1909550198886223,-1.6221985245333848,-0.5531114536287215,-0.16284468609031386,1,0,0,1,0,0,0,1
-1.4488776597493298,-0.11665622293226896,-0.45033458526652453,-1.4522471093841647,3.15,-1.5714626214562193,0.5355355069056852,-1.2723354351300666,-1.6133890005208393,-0.16284468609031386,0,1,1,0,0,0,0,1
0.5302380963112232,-1.003900735374876,0.17376569971723863,0.36248013399880297,2.56,1.1779525719062198,-0.15362546712844055,0.47698001188652356,-0.19968560466468235,-0.16284468609031386,0,1,1,0,0,1,0,0
1.5197959743414997,1.6578328019529458,-0.9357459180316736,-0.05630307601265096,2.8,-0.36859347436015183,0.1909550198886223,-1.6221985245333848,0.8605919422274357,-0.16284468609031386,1,0,0,0,1,0,1,0
0.5302380963112232,-0.9053180117701416,1.0752438891382292,1.2000465540217111,3.53,1.5216294710765246,-1.5319474151966916,0.8268431012898416,0.5071660932633963,-0.16284468609031386,0,1,0,1,0,1,0,0
-1.4488776597493298,-0.7081525645606734,1.2139328413568427,-0.33549188268695374,2.45,-1.2277857222859143,-0.15362546712844055,0.8268431012898416,0.15374024429935695,-0.16284468609031386,0,1,0,0,1,0,1,0
0.5302380963112232,0.6227142041032372,0.797865984701001,-1.4522471093841647,2.83,-0.02491657518984685,0.5355355069056852,0.12711692248320564,0.8605919422274357,-0.16284468609031386,0,1,1,0,0,0,0,1
-0.9540987207341916,-0.313821670141737,0.38179912804515936,1.4792353606960136,2.8,-1.5714626214562193,0.8801159939227479,-1.2723354351300666,0.8605919422274357,-0.16284468609031386,1,0,1,0,0,0,1,0
-0.45931978171905347,1.4606673547434774,0.38179912804515936,-1.1730583027098618,3.48,0.1469218743953056,-1.1873669281796289,-1.2723354351300666,0.15374024429935695,-0.16284468609031386,0,1,1,0,0,1,0,0
-0.9540987207341916,0.326966033289035,0.17376569971723863,0.36248013399880297,3.48,-0.02491657518984685,-1.1873669281796289,-1.6221985245333848,-0.19968560466468235,-0.16284468609031386,0,1,1,0,0,0,0,1
0.03545915729608479,-0.7081525645606734,-1.0050903941409803,-0.893869496035559,2.73,1.0061141223210677,-1.1873669281796289,0.8268431012898416,-1.6133890005208393,-0.16284468609031386,1,0,0,0,1,0,1,0
0.03545915729608479,-1.2503575443867112,1.5606552219033776,-0.7542750926984079,3.0,-1.7433010710413717,0.8801159939227479,0.8268431012898416,-0.5531114536287215,-0.16284468609031386,1,0,0,1,0,0,1,0
-0.9540987207341916,-0.9053180117701416,1.3526217935754574,-0.6146806893612563,2.01,-0.7122703735304569,0.1909550198886223,-0.9224723457267486,0.8605919422274357,-0.16284468609031386,0,1,0,1,0,0,1,0
-0.9540987207341916,-1.4968143533985465,-1.4905017269061294,0.5020745373359545,3.9,0.8342756727359152,1.5692769679568737,-1.2723354351300666,-0.5531114536287215,-0.16284468609031386,0,1,1,0,0,0,1,0
0.5302380963112232,1.1649191839292752,1.2139328413568427,-1.3126527060470132,2.36,-1.7433010710413717,1.5692769679568737,1.5265692800964776,0.5071660932633963,-0.16284468609031386,1,0,0,1,0,0,0,1
-1.4488776597493298,-1.6939798006080147,0.45114360415446614,0.08329132732450051,2.55,-0.36859347436015183,-0.15362546712844055,-0.22274616692011243,1.5674436401555145,-0.16284468609031386,0,1,0,0,1,1,0,0
-1.4488776597493298,-0.5602784791535723,-1.421157250796822,-1.591841512721316,3.41,-1.399624171871067,0.8801159939227479,0.12711692248320564,-0.9065373025927609,-0.16284468609031386,0,1,0,0,1,0,1,0
-0.45931978171905347,1.066336460324541,-1.3518127746875153,0.5020745373359545,3.71,0.4905987735656104,-0.8427864411625662,-0.9224723457267486,-0.9065373025927609,-0.16284468609031386,0,1,1,0,0,1,0,0
1.0250170353263615,-1.6939798006080147,0.5204880802637735,-1.0334638993727105,3.13,-0.7122703735304569,-1.1873669281796289,-1.6221985245333848,-0.5531114536287215,-0.16284468609031386,0,1,1,0,0,0,0,1
1.0250170353263615,1.4113759929411105,0.7285215085916943,0.7812633440102569,2.39,-0.1967550247749994,-0.49820595414550334,-1.6221985245333848,-0.5531114536287215,-0.16284468609031386,1,0,0,1,0,1,0,0
1.5197959743414997,0.1298005860795664,-0.31164563304791043,-0.33549188268695374,2.61,0.3187603239804578,-1.1873669281796289,-1.2723354351300666,0.15374024429935695,-0.16284468609031386,1,0,0,0,1,1,0,0
-0.9540987207341916,-1.6446884388056477,-0.8664014419223662,0.641668940673106,2.19,1.5216294710765246,1.2246964809398109,1.1767061906931597,-0.5531114536287215,-0.16284468609031386,0,1,1,0,0,0,0,1
-1.4488776597493298,1.4113759929411105,-0.5890235374851387,-0.47508628602410524,2.95,1.1779525719062198,0.8801159939227479,-0.22274616692011243,-0.19968560466468235,-0.16284468609031386,0,1,0,1,0,1,0,0
0.03545915729608479,-0.9546093735725087,1.4913107457940709,-0.6146806893612563,3.64,1.0061141223210677,-0.15362546712844055,-0.9224723457267486,-1.6133890005208393,-0.16284468609031386,1,0,1,0,0,1,0,0
0.5302380963112232,0.22838330968430062,1.768688650231299,1.0604521506845597,3.4,-0.1967550247749994,0.8801159939227479,1.5265692800964776,-0.19968560466468235,-0.16284468609031386,1,0,1,0,0,1,0,0
1.0250170353263615,1.4606673547434774,0.6591770324823875,0.08329132732450051,3.47,-1.7433010710413717,1.2246964809398109,-0.5726092563234305,-1.2599631515568002,-0.16284468609031386,0,1,0,1,0,0,1,0
0.5302380963112232,0.4255487568937692,-0.5196790613758313,1.0604521506845597,3.13,1.5216294710765246,-0.15362546712844055,1.5265692800964776,-0.9065373025927609,-0.16284468609031386,1,0,1,0,0,0,0,1
0.5302380963112232,0.524131480498503,-0.7970569658130595,-0.05630307601265096,2.77,-0.1967550247749994,0.8801159939227479,-0.5726092563234305,0.8605919422274357,-0.16284468609031386,1,0,0,1,0,0,0,1
1.0250170353263615,0.8198796513127057,-1.6291906791247435,1.4792353606960136,3.41,0.1469218743953056,0.5355355069056852,0.8268431012898416,-1.6133890005208393,6.140820581921837,0,1,0,1,0,0,0,1
0.5302380963112232,0.08050922427719948,-1.2131238224689012,0.9208577473474083,3.94,-1.7433010710413717,1.5692769679568737,-0.22274616692011243,0.8605919422274357,-0.16284468609031386,1,0,0,1,0,0,0,1
1.0250170353263615,-0.2645303083393699,-1.2824682985782085,0.641668940673106,3.7,-0.7122703735304569,-0.49820595414550334,-1.6221985245333848,-0.5531114536287215,-0.16284468609031386,1,0,0,1,0,0,0,1
1.0250170353263615,0.8198796513127057,1.4913107457940709,-0.33549188268695374,3.22,1.0061141223210677,-0.49820595414550334,-0.22274616692011243,0.5071660932633963,-0.16284468609031386,0,1,0,0,1,0,1,0
0.5302380963112232,0.524131480498503,0.24311017582654537,0.36248013399880297,2.22,-0.02491657518984685,0.1909550198886223,1.1767061906931597,0.8605919422274357,-0.16284468609031386,1,0,0,0,1,0,0,1
-1.4488776597493298,-0.2645303083393699,-1.421157250796822,1.0604521506845597,3.6,0.6624372231507626,0.5355355069056852,-1.2723354351300666,1.5674436401555145,-0.16284468609031386,1,0,0,1,0,0,0,1
-0.45931978171905347,-1.3489402679914455,-0.03426772861068207,0.9208577473474083,2.16,1.5216294710765246,-0.8427864411625662,0.12711692248320564,1.2140177911914751,-0.16284468609031386,1,0,0,1,0,0,0,1
-1.4488776597493298,-0.7081525645606734,-0.7277124897037521,0.22288573066165163,3.66,-1.0559472727007617,0.5355355069056852,-0.5726092563234305,-1.2599631515568002,-0.16284468609031386,0,1,0,0,1,0,1,0
-1.4488776597493298,-0.5109871173512053,-0.8664014419223662,1.0604521506845597,2.57,0.1469218743953056,-1.5319474151966916,0.12711692248320564,-0.9065373025927609,-0.16284468609031386,1,0,0,0,1,1,0,0
1.0250170353263615,1.4113759929411105,-0.03426772861068207,0.641668940673106,3.51,-0.02491657518984685,-0.49820595414550334,-0.22274616692011243,-0.5531114536287215,-0.16284468609031386,0,1,0,0,1,1,0,0
0.03545915729608479,1.7071241637553127,-0.6583680135944454,-0.47508628602410524,2.95,-1.2277857222859143,-1.1873669281796289,-0.22274616692011243,-1.2599631515568002,-0.16284468609031386,0,1,0,1,0,0,0,1
-1.4488776597493298,0.2776746714866677,-1.6291906791247435,-0.19589747934980217,3.32,-0.36859347436015183,-1.5319474151966916,-0.9224723457267486,0.8605919422274357,-0.16284468609031386,0,1,1,0,0,0,0,1
1.0250170353263615,-1.053192097177243,-0.10361220471998943,-0.6146806893612563,3.05,1.1779525719062198,-1.1873669281796289,1.1767061906931597,-0.19968560466468235,-0.16284468609031386,1,0,0,1,0,0,1,0
-1.4488776597493298,-1.4475229915961794,-1.559846203015436,-0.33549188268695374,3.72,1.1779525719062198,1.5692769679568737,-1.6221985245333848,1.5674436401555145,-0.16284468609031386,0,1,0,1,0,0,0,1
1.0250170353263615,0.6227142041032372,0.17376569971723863,0.22288573066165163,3.0,1.5216294710765246,-0.15362546712844055,0.8268431012898416,-1.2599631515568002,-0.16284468609031386,0,1,0,1,0,0,1,0
-0.45931978171905347,-0.9053180117701416,0.1044212236079314,0.22288573066165163,2.75,1.5216294710765246,-0.8427864411625662,0.12711692248320564,0.15374024429935695,-0.16284468609031386,0,1,0,0,1,0,0,1
-1.4488776597493298,-0.2645303083393699,-1.3518127746875153,-1.0334638993727105,3.65,1.3497910214913724,-0.15362546712844055,0.12711692248320564,-0.19968560466468235,-0.16284468609031386,1,0,1,0,0,0,1,0
1.0250170353263615,-0.6588612027583064,1.6299996980126854,-0.7542750926984079,3.71,0.1469218743953056,0.5355355069056852,0.12711692248320564,1.5674436401555145,-0.16284468609031386,0,1,1,0,0,0,0,1
-1.4488776597493298,-1.4475229915961794,-1.4905017269061294,-1.591841512721316,3.91,1.6934679206616772,-0.15362546712844055,1.5265692800964776,0.5071660932633963,-0.16284468609031386,0,1,0,0,1,0,0,1
-0.9540987207341916,-1.1024834589796102,1.0752438891382292,1.0604521506845597,3.08,1.1779525719062198,-0.15362546712844055,0.12711692248320564,0.5071660932633963,-0.16284468609031386,0,1,0,0,1,0,0,1
0.5302380963112232,1.5592500783482117,1.4219662696847641,-0.7542750926984079,3.56,-1.7433010710413717,0.5355355069056852,1.5265692800964776,0.5071660932633963,-0.16284468609031386,0,1,0,0,1,0,0,1
0.03545915729608479,0.1298005860795664,0.45114360415446614,-1.591841512721316,3.36,-0.5404319239453045,0.5355355069056852,0.12711692248320564,1.2140177911914751,-0.16284468609031386,0,1,1,0,0,1,0,0
0.5302380963112232,0.326966033289035,-0.31164563304791043,-1.591841512721316,3.07,-0.7122703735304569,0.1909550198886223,-1.2723354351300666,1.2140177911914751,-0.16284468609031386,1,0,1,0,0,0,0,1
-1.4488776597493298,0.5734228423008704,0.1044212236079314,0.9208577473474083,3.99,1.1779525719062198,-1.5319474151966916,-0.9224723457267486,-1.6133890005208393,-0.16284468609031386,0,1,1,0,0,1,0,0
-0.45931978171905347,0.031217862474832114,-0.8664014419223662,-0.47508628602410524,2.98,1.5216294710765246,-1.5319474151966916,-0.5726092563234305,-0.19968560466468235,-0.16284468609031386,0,1,0,0,1,0,1,0
-1.4488776597493298,-0.11665622293226896,0.7285215085916943,1.3396409573588626,2.29,-0.36859347436015183,-1.5319474151966916,1.5265692800964776,-1.6133890005208393,-0.16284468609031386,0,1,0,0,1,1,0,0
0.5302380963112232,-0.21523894653700315,1.4913107457940709,1.7584241673703165,2.77,-1.5714626214562193,-0.8427864411625662,0.12711692248320564,-1.6133890005208393,-0.16284468609031386,1,0,0,1,0,0,0,1
-0.45931978171905347,0.9677537367198067,1.144588365247536,0.36248013399880297,3.89,0.4905987735656104,0.8801159939227479,-1.2723354351300666,-1.2599631515568002,-0.16284468609031386,0,1,1,0,0,1,0,0
1.5197959743414997,1.6085414401505784,1.6299996980126854,0.5020745373359545,3.75,0.4905987735656104,1.5692769679568737,1.1767061906931597,0.15374024429935695,-0.16284468609031386,1,0,1,0,0,1,0,0
0.5302380963112232,0.9677537367198067,-1.6291906791247435,1.3396409573588626,3.66,0.1469218743953056,0.1909550198886223,1.5265692800964776,1.5674436401555145,-0.16284468609031386,0,1,0,1,0,0,0,1
0.5302380963112232,-0.6588612027583064,-1.559846203015436,-1.591841512721316,2.21,0.6624372231507626,0.1909550198886223,0.12711692248320564,-0.9065373025927609,-0.16284468609031386,1,0,0,0,1,0,0,1
-1.4488776597493298,-1.053192097177243,-1.6291906791247435,-1.3126527060470132,2.79,0.1469218743953056,0.8801159939227479,0.12711692248320564,-0.9065373025927609,-0.16284468609031386,0,1,0,0,1,0,0,1
-0.45931978171905347,-0.2645303083393699,1.144588365247536,0.5020745373359545,2.01,-1.0559472727007617,-0.49820595414550334,0.8268431012898416,0.8605919422274357,-0.16284468609031386,1,0,0,1,0,0,0,1
0.5302380963112232,0.7212969277079714,1.6299996980126854,-0.6146806893612563,4.0,-0.1967550247749994,0.8801159939227479,1.5265692800964776,0.5071660932633963,-0.16284468609031386,1,0,1,0,0,0,0,1
1.0250170353263615,-1.6446884388056477,1.0752438891382292,-0.05630307601265096,3.12,-1.5714626214562193,0.1909550198886223,-0.5726092563234305,-1.2599631515568002,-0.16284468609031386,0,1,0,0,1,0,1,0
0.03545915729608479,0.5734228423008704,-0.45033458526652453,1.4792353606960136,2.17,-0.8841088231156093,-0.8427864411625662,1.1767061906931597,-1.2599631515568002,-0.16284468609031386,0,1,1,0,0,0,0,1
1.5197959743414997,0.9677537367198067,1.144588365247536,0.7812633440102569,2.21,-1.0559472727007617,0.8801159939227479,0.8268431012898416,0.15374024429935695,-0.16284468609031386,0,1,1,0,0,1,0,0
0.03545915729608479,1.0170450985221737,-0.5890235374851387,-1.3126527060470132,3.48,1.1779525719062198,-0.49820595414550334,-0.9224723457267486,-0.5531114536287215,-0.16284468609031386,0,1,0,1,0,0,0,1
-1.4488776597493298,0.7212969277079714,0.5204880802637735,-0.33549188268695374,2.36,-1.399624171871067,-1.5319474151966916,-0.9224723457267486,-0.5531114536287215,-0.16284468609031386,0,1,0,0,1,0,1,0
1.0250170353263615,-1.6939798006080147,1.0752438891382292,1.3396409573588626,2.04,-1.5714626214562193,0.5355355069056852,1.5265692800964776,-1.2599631515568002,-0.16284468609031386,1,0,1,0,0,0,1,0
-1.4488776597493298,-0.3631130319441041,1.0058994130289225,-0.6146806893612563,3.97,-1.399624171871067,0.5355355069056852,1.5265692800964776,1.2140177911914751,-0.16284468609031386,1,0,0,1,0,0,0,1
-1.4488776597493298,0.08050922427719948,0.24311017582654537,-0.05630307601265096,3.27,0.6624372231507626,-0.49820595414550334,-1.2723354351300666,-0.5531114536287215,-0.16284468609031386,1,0,1,0,0,0,1,0
-0.45931978171905347,1.4113759929411105,-0.10361220471998943,-0.6146806893612563,3.47,0.3187603239804578,-1.5319474151966916,-0.9224723457267486,1.2140177911914751,-0.16284468609031386,0,1,0,0,1,0,0,1
0.5302380963112232,-0.313821670141737,0.45114360415446614,0.9208577473474083,3.82,-0.36859347436015183,-0.8427864411625662,0.12711692248320564,1.5674436401555145,-0.16284468609031386,0,1,0,1,0,1,0,0
1.0250170353263615,-0.7081525645606734,-0.5196790613758313,1.618829764033165,3.1,-0.7122703735304569,1.2246964809398109,-0.5726092563234305,-1.2599631515568002,-0.16284468609031386,0,1,0,1,0,0,0,1
0.03545915729608479,-0.9546093735725087,1.6299996980126854,-0.05630307601265096,2.39,-0.02491657518984685,-0.15362546712844055,-1.2723354351300666,0.15374024429935695,-0.16284468609031386,1,0,0,0,1,0,0,1
-1.4488776597493298,0.22838330968430062,0.31245465193585265,-1.591841512721316,3.03,-0.36859347436015183,1.2246964809398109,-0.9224723457267486,0.8605919422274357,-0.16284468609031386,0,1,0,0,1,0,1,0
1.0250170353263615,-0.018073499327534777,1.144588365247536,-0.19589747934980217,3.72,0.3187603239804578,-1.5319474151966916,-1.2723354351300666,-1.6133890005208393,-0.16284468609031386,0,1,0,1,0,0,1,0
0.5302380963112232,-1.201066182584344,-1.2131238224689012,0.36248013399880297,2.99,1.5216294710765246,-0.15362546712844055,-1.6221985245333848,0.8605919422274357,-0.16284468609031386,0,1,0,0,1,0,1,0
-0.9540987207341916,0.9184623749174399,-0.31164563304791043,-0.893869496035559,3.81,-0.1967550247749994,0.8801159939227479,-1.2723354351300666,-0.9065373025927609,-0.16284468609031386,1,0,0,1,0,0,0,1
-0.45931978171905347,-1.1024834589796102,0.03507674749862466,1.2000465540217111,3.18,-1.5714626214562193,-1.5319474151966916,0.8268431012898416,-0.5531114536287215,-0.16284468609031386,1,0,0,0,1,0,1,0
-1.4488776597493298,-0.06736486112990164,1.6299996980126854,-0.6146806893612563,2.69,-1.0559472727007617,-0.8427864411625662,-1.6221985245333848,0.5071660932633963,-0.16284468609031386,1,0,0,0,1,0,1,0
1.5197959743414997,-1.1024834589796102,0.31245465193585265,0.7812633440102569,2.17,1.0061141223210677,-0.8427864411625662,0.12711692248320564,1.5674436401555145,-0.16284468609031386,0,1,0,1,0,0,0,1
-1.4488776597493298,-0.11665622293226896,-1.421157250796822,-1.4522471093841647,3.19,-1.2277857222859143,0.1909550198886223,-1.2723354351300666,0.15374024429935695,-0.16284468609031386,0,1,0,1,0,0,1,0
1.0250170353263615,-0.313821670141737,-0.8664014419223662,0.08329132732450051,2.41,-0.7122703735304569,1.2246964809398109,-0.22274616692011243,-0.19968560466468235,-0.16284468609031386,1,0,0,0,1,1,0,0
1.0250170353263615,-0.8067352881654076,0.7285215085916943,-1.1730583027098618,2.62,1.6934679206616772,-0.8427864411625662,-1.6221985245333848,1.2140177911914751,-0.16284468609031386,0,1,0,0,1,1,0,0
-0.9540987207341916,-1.201066182584344,1.4219662696847641,-0.893869496035559,3.03,1.0061141223210677,-0.15362546712844055,0.12711692248320564,0.5071660932633963,-0.16284468609031386,0,1,0,1,0,0,0,1
-0.9540987207341916,-1.201066182584344,-1.0050903941409803,-0.47508628602410524,2.96,0.1469218743953056,0.5355355069056852,-1.6221985245333848,1.2140177911914751,-0.16284468609031386,0,1,0,0,1,0,1,0
0.03545915729608479,-0.3631130319441041,-0.5196790613758313,-0.6146806893612563,3.84,1.0061141223210677,-0.8427864411625662,-0.5726092563234305,1.5674436401555145,-0.16284468609031386,0,1,0,0,1,0,0,1
-0.45931978171905347,-1.6939798006080147,1.2139328413568427,-1.4522471093841647,2.94,-0.5404319239453045,1.5692769679568737,0.47698001188652356,1.2140177911914751,-0.16284468609031386,1,0,0,0,1,1,0,0
-0.9540987207341916,-1.003900735374876,-0.7970569658130595,0.9208577473474083,3.87,0.4905987735656104,1.5692769679568737,1.1767061906931597,0.15374024429935695,-0.16284468609031386,0,1,1,0,0,1,0,0
1.5197959743414997,-0.21523894653700315,-0.03426772861068207,-1.1730583027098618,2.47,0.3187603239804578,0.5355355069056852,-0.9224723457267486,-0.5531114536287215,-0.16284468609031386,1,0,0,1,0,1,0,0
0.03545915729608479,-0.7574439263630406,1.4913107457940709,-0.33549188268695374,2.84,-1.2277857222859143,0.1909550198886223,-0.5726092563234305,-0.9065373025927609,-0.16284468609031386,0,1,0,1,0,1,0,0
-1.4488776597493298,-0.313821670141737,-1.0050903941409803,-1.4522471093841647,2.98,-1.2277857222859143,1.5692769679568737,0.8268431012898416,-0.9065373025927609,-0.16284468609031386,1,0,0,1,0,0,0,1
-1.4488776597493298,1.214210545731642,1.6993441741219921,-1.591841512721316,2.7,1.3497910214913724,-0.15362546712844055,-0.5726092563234305,-1.6133890005208393,-0.16284468609031386,0,1,0,0,1,0,0,1
0.03545915729608479,-0.4616957555488381,1.6993441741219921,0.22288573066165163,2.11,1.1779525719062198,1.2246964809398109,-0.22274616692011243,-1.2599631515568002,-0.16284468609031386,0,1,1,0,0,0,1,0
-0.45931978171905347,1.5099587165458443,0.797865984701001,1.3396409573588626,2.36,0.3187603239804578,-0.15362546712844055,1.5265692800964776,-0.9065373025927609,-0.16284468609031386,0,1,0,1,0,0,0,1
1.5197959743414997,-1.5953970770032808,-1.3518127746875153,-1.4522471093841647,2.51,-0.36859347436015183,1.5692769679568737,1.1767061906931597,0.5071660932633963,-0.16284468609031386,0,1,0,1,0,0,1,0
0.5302380963112232,-1.201066182584344,0.9365549369196151,0.5020745373359545,3.29,0.8342756727359152,0.8801159939227479,-1.6221985245333848,0.5071660932633963,-0.16284468609031386,1,0,1,0,0,0,1,0
-0.45931978171905347,-0.9053180117701416,1.6299996980126854,0.22288573066165163,2.14,-1.0559472727007617,0.8801159939227479,1.5265692800964776,-0.9065373025927609,-0.16284468609031386,1,0,1,0,0,1,0,0
-1.4488776597493298,1.4606673547434774,1.0752438891382292,0.36248013399880297,3.25,-0.5404319239453045,1.2246964809398109,1.5265692800964776,-1.2599631515568002,-0.16284468609031386,0,1,1,0,0,0,0,1
0.03545915729608479,0.7705882895103383,1.6299996980126854,-0.05630307601265096,3.55,0.4905987735656104,0.1909550198886223,1.5265692800964776,1.2140177911914751,-0.16284468609031386,1,0,1,0,0,0,0,1
1.5197959743414997,-1.053192097177243,0.6591770324823875,-0.7542750926984079,2.5,1.3497910214913724,-1.1873669281796289,-0.22274616692011243,-1.2599631515568002,-0.16284468609031386,0,1,1,0,0,1,0,0
1.5197959743414997,-1.2503575443867112,-0.7970569658130595,-0.05630307601265096,2.91,-0.36859347436015183,1.2246964809398109,-0.22274616692011243,1.2140177911914751,-0.16284468609031386,0,1,0,0,1,0,1,0
-0.45931978171905347,1.6085414401505784,-0.7970569658130595,-1.7314359160584674,2.32,-0.36859347436015183,0.8801159939227479,1.1767061906931597,-0.9065373025927609,6.140820581921837,1,0,0,0,1,0,1,0
0.03545915729608479,1.115627822126908,0.5204880802637735,1.0604521506845597,3.61,-0.8841088231156093,1.5692769679568737,-1.6221985245333848,1.2140177911914751,-0.16284468609031386,1,0,0,0,1,0,0,1
0.5302380963112232,1.7071241637553127,-1.2824682985782085,1.2000465540217111,3.06,-1.5714626214562193,1.2246964809398109,-1.2723354351300666,0.15374024429935695,-0.16284468609031386,0,1,0,1,0,1,0,0
-1.4488776597493298,1.3620846311387431,1.6993441741219921,1.3396409573588626,3.68,1.5216294710765246,0.1909550198886223,0.12711692248320564,1.5674436401555145,-0.16284468609031386,1,0,1,0,0,0,1,0
-0.45931978171905347,-1.4968143533985465,1.5606552219033776,-0.7542750926984079,2.52,-1.5714626214562193,1.2246964809398109,0.47698001188652356,-1.2599631515568002,-0.16284468609031386,1,0,1,0,0,0,1,0
-0.45931978171905347,-0.5602784791535723,-1.0050903941409803,0.08329132732450051,3.2,0.8342756727359152,-0.49820595414550334,-0.22274616692011243,-1.6133890005208393,-0.16284468609031386,1,0,0,1,0,0,0,1
-0.45931978171905347,1.3620846311387431,-1.1437793463595944,1.2000465540217111,3.81,0.8342756727359152,-0.49820595414550334,0.47698001188652356,-0.5531114536287215,-0.16284468609031386,0,1,1,0,0,0,1,0
-1.4488776597493298,-1.2996489061890784,1.4219662696847641,-1.3126527060470132,3.33,0.4905987735656104,-0.15362546712844055,-1.6221985245333848,-0.9065373025927609,-0.16284468609031386,1,0,0,0,1,0,0,1
0.5302380963112232,-0.313821670141737,1.2139328413568427,-0.6146806893612563,3.21,1.3497910214913724,-0.8427864411625662,0.47698001188652356,0.5071660932633963,-0.16284468609031386,1,0,0,1,0,0,0,1
1.0250170353263615,-1.5953970770032808,-0.45033458526652453,-0.6146806893612563,3.35,1.5216294710765246,1.2246964809398109,-0.5726092563234305,1.2140177911914751,-0.16284468609031386,0,1,0,1,0,0,0,1
1.5197959743414997,0.08050922427719948,1.2139328413568427,0.08329132732450051,2.26,-0.02491657518984685,0.5355355069056852,-0.5726092563234305,0.5071660932633963,-0.16284468609031386,0,1,0,0,1,0,1,0
-0.45931978171905347,-1.2996489061890784,-0.45033458526652453,0.7812633440102569,2.47,-1.2277857222859143,1.5692769679568737,1.1767061906931597,-0.5531114536287215,-0.16284468609031386,0,1,0,0,1,1,0,0
1.0250170353263615,1.214210545731642,-0.10361220471998943,-0.19589747934980217,2.55,-0.8841088231156093,1.5692769679568737,-1.6221985245333848,0.8605919422274357,-0.16284468609031386,1,0,1,0,0,0,0,1
-0.45931978171905347,0.8198796513127057,-0.10361220471998943,-0.05630307601265096,2.26,0.1469218743953056,1.2246964809398109,0.12711692248320564,-1.2599631515568002,-0.16284468609031386,0,1,0,0,1,1,0,0
-0.9540987207341916,-0.6588612027583064,1.0752438891382292,-0.6146806893612563,2.5,0.1469218743953056,-1.1873669281796289,0.47698001188652356,-0.19968560466468235,-0.16284468609031386,0,1,0,0,1,1,0,0
1.0250170353263615,-0.018073499327534777,1.0058994130289225,-0.47508628602410524,2.38,-1.5714626214562193,0.5355355069056852,1.1767061906931597,-1.6133890005208393,-0.16284468609031386,1,0,1,0,0,1,0,0
-0.9540987207341916,-1.6939798006080147,-0.24230115693860363,1.0604521506845597,2.8,1.3497910214913724,-0.49820595414550334,1.5265692800964776,-0.9065373025927609,-0.16284468609031386,1,0,1,0,0,1,0,0
-1.4488776597493298,0.6720055659056046,1.0752438891382292,1.4792353606960136,3.21,1.0061141223210677,-1.1873669281796289,0.8268431012898416,0.8605919422274357,-0.16284468609031386,0,1,0,1,0,0,0,1
0.5302380963112232,0.2776746714866677,-1.0050903941409803,0.641668940673106,3.58,0.3187603239804578,0.1909550198886223,-0.9224723457267486,1.2140177911914751,-0.16284468609031386,0,1,1,0,0,1,0,0
-0.45931978171905347,-1.4475229915961794,0.31245465193585265,0.7812633440102569,3.16,-0.1967550247749994,-0.8427864411625662,-1.6221985245333848,-0.19968560466468235,-0.16284468609031386,0,1,0,1,0,0,0,1
-0.45931978171905347,1.3127932693363764,1.0752438891382292,-0.47508628602410524,3.64,-1.0559472727007617,1.5692769679568737,-0.22274616692011243,0.5071660932633963,-0.16284468609031386,1,0,0,0,1,0,0,1
0.5302380963112232,-1.5461057152009137,0.31245465193585265,0.9208577473474083,3.06,1.5216294710765246,-0.49820595414550334,1.5265692800964776,0.8605919422274357,-0.16284468609031386,1,0,0,1,0,0,0,1
0.5302380963112232,1.0170450985221737,1.0752438891382292,0.641668940673106,2.21,-0.02491657518984685,1.5692769679568737,0.8268431012898416,1.5674436401555145,-0.16284468609031386,1,0,0,1,0,1,0,0
-0.45931978171905347,-0.5109871173512053,-0.10361220471998943,-1.3126527060470132,2.71,1.3497910214913724,0.5355355069056852,-0.5726092563234305,-1.2599631515568002,-0.16284468609031386,1,0,0,1,0,1,0,0
0.5302380963112232,0.4255487568937692,-0.10361220471998943,1.4792353606960136,3.06,-0.36859347436015183,-0.8427864411625662,0.47698001188652356,1.2140177911914751,-0.16284468609031386,1,0,1,0,0,0,1,0
0.03545915729608479,-0.16594758473463583,0.5898325563730802,-0.893869496035559,3.1,1.0061141223210677,-1.5319474151966916,0.12711692248320564,-1.2599631515568002,-0.16284468609031386,1,0,1,0,0,0,0,1
-1.4488776597493298,-1.003900735374876,1.2832773174661505,-0.19589747934980217,2.91,-0.7122703735304569,1.5692769679568737,-1.2723354351300666,0.15374024429935695,-0.16284468609031386,0,1,0,1,0,1,0,0
0.03545915729608479,-0.3631130319441041,-0.31164563304791043,1.7584241673703165,2.1,-1.399624171871067,0.5355355069056852,1.1767061906931597,-1.6133890005208393,-0.16284468609031386,1,0,0,0,1,0,1,0
-1.4488776597493298,-1.3489402679914455,1.6993441741219921,-0.7542750926984079,3.67,-1.5714626214562193,-1.1873669281796289,0.8268431012898416,1.2140177911914751,-0.16284468609031386,0,1,0,1,0,0,0,1
-0.9540987207341916,0.4255487568937692,-0.5890235374851387,0.08329132732450051,3.01,-0.1967550247749994,1.5692769679568737,0.12711692248320564,0.8605919422274357,-0.16284468609031386,0,1,0,1,0,0,1,0
-0.9540987207341916,1.5592500783482117,-0.24230115693860363,-1.3126527060470132,3.47,0.8342756727359152,1.2246964809398109,1.5265692800964776,1.2140177911914751,-0.16284468609031386,1,0,0,1,0,0,0,1
1.0250170353263615,-0.21523894653700315,1.0752438891382292,-0.05630307601265096,2.29,0.6624372231507626,-1.1873669281796289,-1.6221985245333848,1.5674436401555145,-0.16284468609031386,1,0,0,1,0,0,1,0
-0.45931978171905347,1.0170450985221737,-1.074434870250287,1.7584241673703165,2.99,-0.1967550247749994,-0.49820595414550334,0.8268431012898416,-0.9065373025927609,-0.16284468609031386,1,0,1,0,0,0,0,1
0.03545915729608479,-1.1024834589796102,-1.6291906791247435,-1.3126527060470132,3.18,1.1779525719062198,-0.15362546712844055,-0.9224723457267486,0.8605919422274357,-0.16284468609031386,0,1,1,0,0,0,0,1
0.5302380963112232,1.4606673547434774,-0.38099010915721715,1.618829764033165,3.71,1.1779525719062198,-0.8427864411625662,-1.6221985245333848,1.5674436401555145,-0.16284468609031386,1,0,0,1,0,0,1,0
1.0250170353263615,1.263501907534009,1.0752438891382292,1.618829764033165,2.59,0.3187603239804578,1.5692769679568737,0.8268431012898416,-0.19968560466468235,-0.16284468609031386,0,1,0,1,0,1,0,0
0.5302380963112232,-1.3982316297938124,-0.10361220471998943,-0.33549188268695374,2.66,1.3497910214913724,-1.5319474151966916,-0.5726092563234305,1.5674436401555145,-0.16284468609031386,1,0,1,0,0,0,1,0
-1.4488776597493298,1.6578328019529458,-0.45033458526652453,-1.3126527060470132,3.31,1.0061141223210677,-0.8427864411625662,0.47698001188652356,-1.2599631515568002,-0.16284468609031386,0,1,0,1,0,0,0,1
0.03545915729608479,-0.2645303083393699,1.0058994130289225,0.22288573066165163,2.56,-1.5714626214562193,-0.49820595414550334,1.1767061906931597,1.2140177911914751,-0.16284468609031386,1,0,0,1,0,1,0,0
-0.45931978171905347,-1.6446884388056477,1.144588365247536,0.36248013399880297,3.33,0.8342756727359152,0.5355355069056852,-0.9224723457267486,0.8605919422274357,-0.16284468609031386,1,0,0,0,1,0,0,1
1.5197959743414997,-0.5109871173512053,1.3526217935754574,-0.05630307601265096,2.46,-1.5714626214562193,0.1909550198886223,1.1767061906931597,-0.9065373025927609,-0.16284468609031386,0,1,0,0,1,1,0,0
0.5302380963112232,-1.6939798006080147,0.24311017582654537,0.36248013399880297,3.45,0.4905987735656104,0.5355355069056852,-1.6221985245333848,-1.2599631515568002,-0.16284468609031386,0,1,0,1,0,0,0,1
1.5197959743414997,-1.4475229915961794,-1.6291906791247435,-0.19589747934980217,3.15,-0.1967550247749994,-1.1873669281796289,0.12711692248320564,-0.5531114536287215,-0.16284468609031386,1,0,0,0,1,0,0,1
0.03545915729608479,-1.003900735374876,1.6993441741219921,1.618829764033165,2.53,-1.5714626214562193,0.8801159939227479,0.47698001188652356,-0.9065373025927609,-0.16284468609031386,1,0,0,0,1,1,0,0
-0.45931978171905347,-0.8560266499677748,0.5204880802637735,0.08329132732450051,2.91,-1.399624171871067,-0.15362546712844055,-0.22274616692011243,-0.5531114536287215,-0.16284468609031386,0,1,0,1,0,0,1,0
-0.45931978171905347,-1.1517748207819771,-0.8664014419223662,-0.47508628602410524,2.62,0.8342756727359152,1.5692769679568737,0.47698001188652356,-0.19968560466468235,-0.16284468609031386,0,1,0,1,0,0,0,1
0.03545915729608479,0.1298005860795664,0.24311017582654537,-1.0334638993727105,2.6,0.1469218743953056,-1.5319474151966916,-0.22274616692011243,0.15374024429935695,-0.16284468609031386,0,1,1,0,0,0,0,1
1.0250170353263615,-0.41240439374647103,1.0058994130289225,1.3396409573588626,3.11,-1.2277857222859143,0.1909550198886223,0.12711692248320564,-0.19968560466468235,-0.16284468609031386,1,0,1,0,0,0,0,1
0.03545915729608479,0.47484011869613607,1.2832773174661505,0.7812633440102569,3.47,1.0061141223210677,-0.49820595414550334,0.8268431012898416,-0.19968560466468235,-0.16284468609031386,0,1,0,1,0,0,0,1
0.03545915729608479,-1.003900735374876,0.24311017582654537,-1.0334638993727105,3.77,-0.02491657518984685,-0.8427864411625662,1.1767061906931597,1.2140177911914751,-0.16284468609031386,0,1,0,1,0,1,0,0
1.0250170353263615,-1.2996489061890784,-0.45033458526652453,-0.05630307601265096,3.52,-1.399624171871067,0.1909550198886223,-0.22274616692011243,-1.6133890005208393,-0.16284468609031386,1,0,0,0,1,0,1,0
-1.4488776597493298,0.6720055659056046,0.7285215085916943,-0.47508628602410524,2.58,0.3187603239804578,0.1909550198886223,-1.2723354351300666,0.8605919422274357,-0.16284468609031386,0,1,0,1,0,0,1,0
-1.4488776597493298,0.9677537367198067,1.2832773174661505,-1.591841512721316,3.05,-1.2277857222859143,-1.1873669281796289,0.47698001188652356,0.8605919422274357,-0.16284468609031386,1,0,0,0,1,1,0,0
-0.45931978171905347,1.4606673547434774,1.144588365247536,1.0604521506845597,3.56,0.3187603239804578,0.1909550198886223,0.8268431012898416,1.5674436401555145,-0.16284468609031386,0,1,0,1,0,0,0,1
1.5197959743414997,0.17909194788193372,-1.3518127746875153,1.618829764033165,3.88,-0.36859347436015183,-0.15362546712844055,-0.22274616692011243,0.15374024429935695,-0.16284468609031386,0,1,0,0,1,0,1,0
-1.4488776597493298,-1.1517748207819771,-0.7970569658130595,-0.47508628602410524,3.97,-1.7433010710413717,-1.5319474151966916,1.5265692800964776,0.5071660932633963,-0.16284468609031386,0,1,0,0,1,0,1,0
-0.9540987207341916,0.6227142041032372,0.31245465193585265,-1.4522471093841647,3.01,1.5216294710765246,1.2246964809398109,1.1767061906931597,-0.5531114536287215,-0.16284468609031386,0,1,1,0,0,1,0,0
-0.9540987207341916,-1.5953970770032808,1.4219662696847641,-1.1730583027098618,3.71,-0.5404319239453045,-0.8427864411625662,-0.9224723457267486,0.15374024429935695,-0.16284468609031386,0,1,0,1,0,1,0,0
1.5197959743414997,-0.8560266499677748,-1.1437793463595944,-0.05630307601265096,2.8,-0.7122703735304569,-0.15362546712844055,0.47698001188652356,-0.5531114536287215,-0.16284468609031386,1,0,0,0,1,0,1,0
1.5197959743414997,-0.2645303083393699,0.03507674749862466,0.9208577473474083,3.67,-0.7122703735304569,-0.49820595414550334,0.12711692248320564,-0.5531114536287215,-0.16284468609031386,1,0,0,0,1,0,1,0
-0.9540987207341916,-1.3982316297938124,-1.074434870250287,-0.19589747934980217,2.36,1.1779525719062198,-0.8427864411625662,-1.6221985245333848,0.15374024429935695,-0.16284468609031386,1,0,0,0,1,1,0,0
1.0250170353263615,-1.5461057152009137,-0.24230115693860363,-0.19589747934980217,2.56,0.3187603239804578,-1.1873669281796289,0.47698001188652356,0.8605919422274357,-0.16284468609031386,1,0,0,0,1,1,0,0
1.5197959743414997,-1.1024834589796102,0.03507674749862466,1.7584241673703165,3.5,-1.5714626214562193,1.2246964809398109,1.5265692800964776,0.8605919422274357,-0.16284468609031386,0,1,0,0,1,1,0,0
-0.9540987207341916,-0.3631130319441041,-0.7970569658130595,-1.0334638993727105,2.28,0.3187603239804578,1.2246964809398109,-0.9224723457267486,-1.6133890005208393,-0.16284468609031386,0,1,0,1,0,0,1,0
-1.4488776597493298,0.9184623749174399,-0.9357459180316736,1.0604521506845597,2.62,0.4905987735656104,-0.15362546712844055,-0.5726092563234305,0.5071660932633963,-0.16284468609031386,0,1,0,0,1,0,1,0
1.5197959743414997,0.7212969277079714,0.45114360415446614,-1.1730583027098618,2.98,-1.5714626214562193,-1.5319474151966916,0.12711692248320564,-0.19968560466468235,-0.16284468609031386,0,1,1,0,0,0,1,0
0.03545915729608479,-1.2996489061890784,0.9365549369196151,0.5020745373359545,2.26,-1.2277857222859143,0.5355355069056852,0.47698001188652356,-0.19968560466468235,-0.16284468609031386,0,1,0,1,0,1,0,0
0.5302380963112232,-1.053192097177243,1.4219662696847641,0.9208577473474083,2.79,0.1469218743953056,-1.5319474151966916,0.12711692248320564,0.5071660932633963,-0.16284468609031386,0,1,0,0,1,0,1,0
-0.9540987207341916,-0.9053180117701416,-0.9357459180316736,0.9208577473474083,2.17,1.3497910214913724,-0.8427864411625662,1.5265692800964776,0.8605919422274357,-0.16284468609031386,1,0,0,1,0,1,0,0
-0.9540987207341916,-1.4968143533985465,0.5204880802637735,-0.05630307601265096,2.76,-1.7433010710413717,1.5692769679568737,0.47698001188652356,1.5674436401555145,-0.16284468609031386,0,1,1,0,0,0,1,0
1.0250170353263615,1.5592500783482117,0.5898325563730802,0.08329132732450051,3.13,1.6934679206616772,0.5355355069056852,1.1767061906931597,0.5071660932633963,-0.16284468609031386,0,1,0,1,0,0,0,1
-1.4488776597493298,-0.8067352881654076,-0.9357459180316736,0.641668940673106,3.81,-0.5404319239453045,0.1909550198886223,0.12711692248320564,1.5674436401555145,-0.16284468609031386,0,1,0,0,1,0,1,0
0.03545915729608479,1.5099587165458443,-1.4905017269061294,1.3396409573588626,2.51,-1.2277857222859143,-0.8427864411625662,1.1767061906931597,1.5674436401555145,-0.16284468609031386,0,1,0,0,1,0,0,1
1.0250170353263615,0.5734228423008704,1.3526217935754574,0.9208577473474083,2.84,-0.5404319239453045,-0.15362546712844055,-0.5726092563234305,1.2140177911914751,-0.16284468609031386,0,1,1,0,0,0,1,0
1.5197959743414997,-1.6446884388056477,-1.0050903941409803,-0.33549188268695374,2.09,-0.7122703735304569,-0.15362546712844055,-1.2723354351300666,-1.6133890005208393,-0.16284468609031386,0,1,0,0,1,0,0,1
0.03545915729608479,-1.053192097177243,-0.17295668082929627,-0.19589747934980217,2.38,-1.7433010710413717,0.8801159939227479,-0.5726092563234305,1.5674436401555145,-0.16284468609031386,1,0,1,0,0,0,0,1
0.5302380963112232,0.8198796513127057,-0.9357459180316736,0.36248013399880297,3.82,1.1779525719062198,0.5355355069056852,-0.9224723457267486,-0.19968560466468235,-0.16284468609031386,1,0,1,0,0,0,0,1
-0.9540987207341916,0.08050922427719948,-0.9357459180316736,0.641668940673106,2.03,0.1469218743953056,-1.1873669281796289,1.5265692800964776,0.5071660932633963,-0.16284468609031386,1,0,0,1,0,0,0,1
1.5197959743414997,0.3762573950914019,0.17376569971723863,-1.4522471093841647,3.59,1.3497910214913724,-0.49820595414550334,0.8268431012898416,0.8605919422274357,-0.16284468609031386,0,1,0,1,0,1,0,0
1.5197959743414997,0.7212969277079714,-0.31164563304791043,-1.4522471093841647,3.29,0.6624372231507626,-0.49820595414550334,-0.22274616692011243,-1.6133890005208393,-0.16284468609031386,1,0,0,0,1,0,1,0
0.03545915729608479,1.6085414401505784,-1.2131238224689012,0.5020745373359545,2.48,1.6934679206616772,0.8801159939227479,-0.9224723457267486,-1.6133890005208393,-0.16284468609031386,1,0,0,0,1,0,1,0
-0.9540987207341916,-0.06736486112990164,-1.559846203015436,1.2000465540217111,2.28,0.4905987735656104,0.8801159939227479,1.5265692800964776,-0.5531114536287215,-0.16284468609031386,1,0,1,0,0,0,0,1
0.5302380963112232,1.066336460324541,0.797865984701001,0.9208577473474083,3.59,-1.0559472727007617,1.2246964809398109,-0.22274616692011243,-0.19968560466468235,-0.16284468609031386,0,1,0,1,0,0,0,1
-1.4488776597493298,1.3127932693363764,0.6591770324823875,0.641668940673106,3.42,-1.5714626214562193,0.8801159939227479,1.1767061906931597,0.15374024429935695,-0.16284468609031386,1,0,0,0,1,0,1,0
1.0250170353263615,0.7705882895103383,-1.421157250796822,0.5020745373359545,2.23,-0.02491657518984685,0.8801159939227479,-1.2723354351300666,-0.19968560466468235,-0.16284468609031386,0,1,1,0,0,0,1,0
0.03545915729608479,0.4255487568937692,1.5606552219033776,0.22288573066165163,2.67,0.4905987735656104,-1.5319474151966916,-0.22274616692011243,0.5071660932633963,-0.16284468609031386,0,1,0,0,1,0,1,0
1.5197959743414997,-0.9053180117701416,0.8672104608103083,-1.4522471093841647,2.22,-1.0559472727007617,1.5692769679568737,0.8268431012898416,0.5071660932633963,-0.16284468609031386,0,1,1,0,0,0,0,1
-1.4488776597493298,1.6578328019529458,0.5204880802637735,-0.33549188268695374,2.36,-1.399624171871067,-1.1873669281796289,0.12711692248320564,0.8605919422274357,-0.16284468609031386,1,0,0,1,0,0,0,1
-1.4488776597493298,0.031217862474832114,0.5898325563730802,-0.19589747934980217,2.91,-1.0559472727007617,1.5692769679568737,-0.22274616692011243,0.5071660932633963,-0.16284468609031386,0,1,0,0,1,0,1,0
-1.4488776597493298,0.524131480498503,-1.2824682985782085,0.22288573066165163,2.54,-1.5714626214562193,-0.15362546712844055,-0.22274616692011243,0.15374024429935695,-0.16284468609031386,0,1,0,1,0,0,1,0
0.5302380963112232,0.9677537367198067,-0.03426772861068207,-1.4522471093841647,3.57,0.1469218743953056,-1.1873669281796289,1.1767061906931597,0.15374024429935695,-0.16284468609031386,1,0,0,0,1,0,1,0
1.5197959743414997,0.6720055659056046,0.5204880802637735,-1.1730583027098618,3.99,1.1779525719062198,0.5355355069056852,1.1767061906931597,-0.9065373025927609,-0.16284468609031386,0,1,1,0,0,0,1,0
1.5197959743414997,-1.6939798006080147,-0.9357459180316736,0.641668940673106,2.13,-0.1967550247749994,0.5355355069056852,0.47698001188652356,-1.2599631515568002,-0.16284468609031386,1,0,0,0,1,0,1,0
1.0250170353263615,-0.6588612027583064,-0.9357459180316736,-0.7542750926984079,3.54,0.4905987735656104,0.1909550198886223,-1.2723354351300666,0.8605919422274357,-0.16284468609031386,0,1,0,0,1,0,1,0
-0.9540987207341916,0.9677537367198067,-0.7970569658130595,1.3396409573588626,3.79,-0.36859347436015183,0.8801159939227479,0.12711692248320564,-0.5531114536287215,-0.16284468609031386,0,1,0,1,0,0,1,0
0.5302380963112232,1.3620846311387431,-0.17295668082929627,-1.0334638993727105,2.02,-1.399624171871067,-1.5319474151966916,0.12711692248320564,-0.9065373025927609,-0.16284468609031386,1,0,0,1,0,0,1,0
0.5302380963112232,-1.4968143533985465,-0.6583680135944454,-0.05630307601265096,2.93,-0.5404319239453045,-0.49820595414550334,1.1767061906931597,1.2140177911914751,-0.16284468609031386,0,1,0,0,1,0,1,0
0.03545915729608479,-0.3631130319441041,0.24311017582654537,0.9208577473474083,3.1,1.0061141223210677,0.1909550198886223,1.5265692800964776,-0.5531114536287215,-0.16284468609031386,0,1,0,1,0,0,1,0
-1.4488776597493298,-0.4616957555488381,1.4913107457940709,1.4792353606960136,3.28,-0.5404319239453045,1.5692769679568737,-0.9224723457267486,-0.19968560466468235,-0.16284468609031386,1,0,0,0,1,1,0,0
-0.45931978171905347,-0.4616957555488381,-1.4905017269061294,1.618829764033165,2.2,-0.02491657518984685,1.5692769679568737,1.1767061906931597,0.5071660932633963,-0.16284468609031386,0,1,0,0,1,1,0,0
0.5302380963112232,0.3762573950914019,0.6591770324823875,-0.7542750926984079,3.41,0.1469218743953056,0.1909550198886223,-0.9224723457267486,0.5071660932633963,-0.16284468609031386,1,0,0,1,0,1,0,0
1.5197959743414997,-0.06736486112990164,-1.4905017269061294,-1.3126527060470132,2.44,-0.02491657518984685,1.2246964809398109,1.1767061906931597,0.5071660932633963,-0.16284468609031386,0,1,0,0,1,1,0,0
1.0250170353263615,1.5592500783482117,-1.2131238224689012,-0.47508628602410524,3.04,-0.7122703735304569,1.2246964809398109,0.12711692248320564,0.15374024429935695,-0.16284468609031386,0,1,0,0,1,0,0,1
-0.9540987207341916,1.263501907534009,-1.3518127746875153,0.9208577473474083,3.53,-1.0559472727007617,-0.8427864411625662,-0.5726092563234305,-0.5531114536287215,-0.16284468609031386,1,0,0,0,1,1,0,0
0.03545915729608479,0.17909194788193372,0.24311017582654537,-1.0334638993727105,3.18,1.5216294710765246,0.5355355069056852,-0.5726092563234305,0.8605919422274357,-0.16284468609031386,0,1,0,1,0,1,0,0
1.5197959743414997,0.031217862474832114,1.6993441741219921,0.22288573066165163,2.5,-1.0559472727007617,0.8801159939227479,-1.6221985245333848,-0.9065373025927609,-0.16284468609031386,0,1,1,0,0,0,0,1
1.5197959743414997,-1.3489402679914455,0.03507674749862466,1.2000465540217111,2.75,1.1779525719062198,0.5355355069056852,0.12711692248320564,-1.6133890005208393,-0.16284468609031386,0,1,0,1,0,1,0,0
0.03545915729608479,-0.16594758473463583,-0.5196790613758313,-1.0334638993727105,2.77,-1.5714626214562193,1.5692769679568737,-0.22274616692011243,1.2140177911914751,-0.16284468609031386,0,1,1,0,0,1,0,0
0.03545915729608479,-1.4968143533985465,0.17376569971723863,-1.7314359160584674,2.78,0.3187603239804578,-1.5319474151966916,1.1767061906931597,0.15374024429935695,-0.16284468609031386,0,1,0,0,1,0,1,0
1.5197959743414997,1.214210545731642,1.6993441741219921,1.4792353606960136,2.84,-1.0559472727007617,0.1909550198886223,0.8268431012898416,0.15374024429935695,-0.16284468609031386,0,1,0,1,0,1,0,0
-0.9540987207341916,0.9677537367198067,0.9365549369196151,-0.33549188268695374,3.26,-0.36859347436015183,1.2246964809398109,-1.2723354351300666,-0.9065373025927609,-0.16284468609031386,1,0,1,0,0,0,0,1
1.5197959743414997,-0.11665622293226896,-0.38099010915721715,0.5020745373359545,2.85,1.1779525719062198,1.2246964809398109,1.1767061906931597,0.8605919422274357,-0.16284468609031386,1,0,0,1,0,1,0,0
0.03545915729608479,1.3127932693363764,0.8672104608103083,1.0604521506845597,2.56,1.1779525719062198,0.8801159939227479,0.47698001188652356,0.15374024429935695,-0.16284468609031386,0,1,1,0,0,1,0,0
-1.4488776597493298,1.214210545731642,-1.6291906791247435,0.22288573066165163,2.3,-1.2277857222859143,-0.8427864411625662,1.5265692800964776,0.15374024429935695,-0.16284468609031386,0,1,1,0,0,0,0,1
1.0250170353263615,-0.3631130319441041,-0.7277124897037521,-0.05630307601265096,3.06,1.5216294710765246,-0.15362546712844055,1.5265692800964776,-0.9065373025927609,-0.16284468609031386,1,0,1,0,0,0,0,1
0.5302380963112232,-0.7574439263630406,0.31245465193585265,0.7812633440102569,3.34,-0.7122703735304569,-0.15362546712844055,-1.2723354351300666,1.2140177911914751,-0.16284468609031386,1,0,0,1,0,0,1,0
-0.9540987207341916,1.214210545731642,0.9365549369196151,-0.893869496035559,3.81,0.6624372231507626,1.5692769679568737,-0.5726092563234305,-1.2599631515568002,-0.16284468609031386,1,0,0,0,1,0,0,1
-1.4488776597493298,0.031217862474832114,-0.7970569658130595,0.7812633440102569,2.42,-1.399624171871067,-0.15362546712844055,1.1767061906931597,-0.19968560466468235,-0.16284468609031386,0,1,0,0,1,0,1,0
0.03545915729608479,-0.5602784791535723,1.6993441741219921,1.2000465540217111,2.54,1.3497910214913724,0.1909550198886223,-1.2723354351300666,-0.19968560466468235,-0.16284468609031386,0,1,1,0,0,1,0,0
1.5197959743414997,-0.5109871173512053,0.17376569971723863,1.3396409573588626,3.4,0.3187603239804578,-0.49820595414550334,0.12711692248320564,0.5071660932633963,-0.16284468609031386,1,0,0,0,1,0,1,0
-0.9540987207341916,-0.06736486112990164,0.5898325563730802,1.3396409573588626,3.3,0.1469218743953056,-1.1873669281796289,-1.6221985245333848,1.2140177911914751,-0.16284468609031386,1,0,1,0,0,0,1,0
-0.9540987207341916,-1.3489402679914455,1.2139328413568427,0.641668940673106,3.36,1.1779525719062198,1.2246964809398109,-0.22274616692011243,1.5674436401555145,-0.16284468609031386,1,0,1,0,0,1,0,0
0.5302380963112232,-0.313821670141737,0.8672104608103083,-1.0334638993727105,2.1,1.3497910214913724,0.5355355069056852,-0.5726092563234305,-0.19968560466468235,-0.16284468609031386,0,1,1,0,0,1,0,0
-0.9540987207341916,-0.06736486112990164,-0.5196790613758313,-1.0334638993727105,3.2,1.5216294710765246,-0.49820595414550334,-1.2723354351300666,-1.2599631515568002,-0.16284468609031386,1,0,0,0,1,1,0,0
-1.4488776597493298,-1.2503575443867112,1.5606552219033776,0.22288573066165163,2.28,0.3187603239804578,0.5355355069056852,0.47698001188652356,1.2140177911914751,-0.16284468609031386,1,0,0,1,0,0,0,1
0.5302380963112232,1.3127932693363764,1.6299996980126854,1.0604521506845597,3.97,1.5216294710765246,-1.5319474151966916,-0.9224723457267486,1.2140177911914751,-0.16284468609031386,0,1,0,0,1,0,1,0
1.5197959743414997,-0.06736486112990164,-0.03426772861068207,-1.1730583027098618,2.72,-1.399624171871067,0.1909550198886223,1.1767061906931597,0.8605919422274357,-0.16284468609031386,0,1,1,0,0,0,0,1
-0.9540987207341916,1.3127932693363764,-1.1437793463595944,-0.47508628602410524,2.36,-1.5714626214562193,-0.15362546712844055,0.47698001188652356,-1.6133890005208393,-0.16284468609031386,0,1,0,0,1,0,1,0
-1.4488776597493298,0.4255487568937692,0.03507674749862466,-1.3126527060470132,3.17,-1.2277857222859143,1.5692769679568737,-0.9224723457267486,-0.9065373025927609,-0.16284468609031386,0,1,0,1,0,0,0,1
0.03545915729608479,-1.4968143533985465,-1.6291906791247435,-0.6146806893612563,3.67,0.3187603239804578,1.5692769679568737,0.12711692248320564,0.15374024429935695,-0.16284468609031386,0,1,0,0,1,1,0,0
-0.45931978171905347,-1.3489402679914455,1.0752438891382292,1.4792353606960136,3.49,-0.7122703735304569,1.2246964809398109,0.8268431012898416,0.8605919422274357,-0.16284468609031386,1,0,0,1,0,0,1,0
0.5302380963112232,-0.41240439374647103,-0.7970569658130595,-1.4522471093841647,2.09,-0.36859347436015183,0.8801159939227479,0.8268431012898416,1.5674436401555145,-0.16284468609031386,1,0,0,0,1,1,0,0
-1.4488776597493298,0.9184623749174399,1.2832773174661505,-0.6146806893612563,2.21,0.3187603239804578,-0.49820595414550334,-0.22274616692011243,1.2140177911914751,-0.16284468609031386,0,1,1,0,0,1,0,0
1.5197959743414997,0.9184623749174399,0.17376569971723863,0.9208577473474083,2.2,0.4905987735656104,-0.15362546712844055,-1.2723354351300666,-1.2599631515568002,-0.16284468609031386,0,1,1,0,0,0,1,0
0.5302380963112232,-1.6939798006080147,1.768688650231299,1.618829764033165,2.74,-0.02491657518984685,-1.1873669281796289,0.8268431012898416,-1.2599631515568002,-0.16284468609031386,1,0,0,1,0,0,0,1
-1.4488776597493298,-1.5953970770032808,0.9365549369196151,1.2000465540217111,3.01,-1.2277857222859143,-1.1873669281796289,1.1767061906931597,1.5674436401555145,-0.16284468609031386,0,1,0,0,1,0,1,0
0.5302380963112232,-0.06736486112990164,-0.31164563304791043,-0.7542750926984079,2.48,-0.1967550247749994,0.1909550198886223,-1.2723354351300666,0.15374024429935695,-0.16284468609031386,1,0,0,1,0,0,0,1
-1.4488776597493298,1.6085414401505784,-1.0050903941409803,0.08329132732450051,3.57,0.8342756727359152,0.8801159939227479,1.5265692800964776,-0.9065373025927609,6.140820581921837,0,1,0,1,0,0,0,1
-0.9540987207341916,1.1649191839292752,-0.03426772861068207,-1.1730583027098618,2.04,0.4905987735656104,-0.15362546712844055,-0.22274616692011243,1.2140177911914751,-0.16284468609031386,1,0,0,0,1,0,0,1
-0.9540987207341916,0.1298005860795664,0.24311017582654537,-1.3126527060470132,3.0,-0.1967550247749994,-0.49820595414550334,-0.9224723457267486,-0.5531114536287215,-0.16284468609031386,1,0,0,1,0,0,1,0
-1.4488776597493298,1.4606673547434774,1.4913107457940709,0.22288573066165163,3.33,-0.1967550247749994,0.5355355069056852,-0.9224723457267486,1.5674436401555145,-0.16284468609031386,0,1,0,1,0,0,0,1
-0.45931978171905347,1.066336460324541,0.38179912804515936,0.641668940673106,2.61,-0.5404319239453045,-1.1873669281796289,0.47698001188652356,0.8605919422274357,-0.16284468609031386,1,0,0,1,0,1,0,0
-0.9540987207341916,-0.3631130319441041,-1.1437793463595944,0.22288573066165163,3.97,-1.399624171871067,-0.49820595414550334,0.12711692248320564,0.15374024429935695,-0.16284468609031386,0,1,0,1,0,1,0,0
-0.45931978171905347,-0.7574439263630406,1.4913107457940709,-0.33549188268695374,3.27,-0.36859347436015183,1.5692769679568737,1.5265692800964776,-0.5531114536287215,-0.16284468609031386,0,1,0,1,0,0,0,1
0.5302380963112232,1.6085414401505784,0.45114360415446614,-1.3126527060470132,2.79,0.6624372231507626,1.2246964809398109,-0.5726092563234305,-1.2599631515568002,-0.16284468609031386,0,1,0,0,1,0,0,1
-0.9540987207341916,1.6085414401505784,-1.4905017269061294,1.2000465540217111,3.33,1.6934679206616772,-0.8427864411625662,0.47698001188652356,-0.9065373025927609,-0.16284468609031386,1,0,0,1,0,1,0,0
-0.45931978171905347,1.0170450985221737,1.768688650231299,-0.33549188268695374,3.04,0.8342756727359152,-0.49820595414550334,-1.2723354351300666,0.5071660932633963,-0.16284468609031386,1,0,0,0,1,0,1,0
-1.4488776597493298,1.3620846311387431,-0.03426772861068207,0.7812633440102569,2.53,-0.5404319239453045,1.2246964809398109,1.1767061906931597,-0.5531114536287215,-0.16284468609031386,1,0,0,1,0,0,1,0
1.5197959743414997,1.0170450985221737,-1.421157250796822,-0.893869496035559,2.29,-0.02491657518984685,0.1909550198886223,0.8268431012898416,-0.19968560466468235,-0.16284468609031386,0,1,0,1,0,0,1,0
1.5197959743414997,0.524131480498503,1.144588365247536,1.7584241673703165,2.75,-0.5404319239453045,0.1909550198886223,-0.9224723457267486,-0.5531114536287215,-0.16284468609031386,1,0,0,0,1,0,0,1
-1.4488776597493298,1.7071241637553127,-0.7277124897037521,1.4792353606960136,3.1,1.5216294710765246,0.1909550198886223,1.5265692800964776,1.5674436401555145,-0.16284468609031386,1,0,0,1,0,1,0,0
-1.4488776597493298,-1.5953970770032808,1.6993441741219921,1.2000465540217111,3.54,0.3187603239804578,0.8801159939227479,-0.22274616692011243,-1.2599631515568002,-0.16284468609031386,1,0,0,1,0,1,0,0
-0.45931978171905347,0.6720055659056046,0.31245465193585265,-0.47508628602410524,3.62,0.8342756727359152,-0.8427864411625662,1.1767061906931597,-1.6133890005208393,-0.16284468609031386,1,0,1,0,0,0,0,1
-0.9540987207341916,-1.2503575443867112,1.6299996980126854,-1.1730583027098618,3.61,-0.5404319239453045,1.5692769679568737,-1.2723354351300666,-0.9065373025927609,-0.16284468609031386,1,0,0,1,0,1,0,0
1.5197959743414997,-1.5461057152009137,0.1044212236079314,0.08329132732450051,3.07,-1.7433010710413717,-0.15362546712844055,-1.2723354351300666,0.15374024429935695,-0.16284468609031386,1,0,0,1,0,0,1,0
-1.4488776597493298,0.9184623749174399,0.17376569971723863,-1.3126527060470132,3.9,1.5216294710765246,-0.8427864411625662,-0.9224723457267486,1.5674436401555145,-0.16284468609031386,1,0,1,0,0,1,0,0
-0.45931978171905347,1.5099587165458443,1.0058994130289225,-1.3126527060470132,3.55,1.5216294710765246,1.5692769679568737,0.8268431012898416,0.15374024429935695,-0.16284468609031386,0,1,0,0,1,1,0,0
0.03545915729608479,1.6578328019529458,-0.6583680135944454,-1.591841512721316,3.65,0.6624372231507626,-1.5319474151966916,-0.5726092563234305,-1.6133890005208393,-0.16284468609031386,0,1,1,0,0,0,1,0
-0.45931978171905347,0.2776746714866677,-1.6291906791247435,1.4792353606960136,3.79,-0.36859347436015183,1.2246964809398109,0.47698001188652356,-0.9065373025927609,6.140820581921837,0,1,0,1,0,0,0,1
1.0250170353263615,0.9184623749174399,0.6591770324823875,-0.33549188268695374,2.92,-0.7122703735304569,1.2246964809398109,-1.2723354351300666,-0.19968560466468235,-0.16284468609031386,0,1,0,0,1,0,1,0
-1.4488776597493298,1.3127932693363764,0.17376569971723863,-1.1730583027098618,2.36,-0.7122703735304569,0.8801159939227479,0.8268431012898416,-1.6133890005208393,-0.16284468609031386,1,0,1,0,0,0,1,0
1.0250170353263615,-0.8067352881654076,-1.2824682985782085,0.7812633440102569,3.03,-1.2277857222859143,0.1909550198886223,-1.6221985245333848,1.2140177911914751,-0.16284468609031386,1,0,1,0,0,0,1,0
1.5197959743414997,-1.4968143533985465,0.5898325563730802,1.3396409573588626,2.61,-0.1967550247749994,-0.15362546712844055,0.47698001188652356,1.5674436401555145,-0.16284468609031386,0,1,0,1,0,0,1,0
-0.9540987207341916,0.4255487568937692,1.144588365247536,0.08329132732450051,2.53,-0.1967550247749994,-0.15362546712844055,0.8268431012898416,0.8605919422274357,-0.16284468609031386,0,1,1,0,0,0,0,1
-1.4488776597493298,1.3127932693363764,-1.6291906791247435,-0.6146806893612563,2.49,1.3497910214913724,-0.15362546712844055,-0.22274616692011243,-0.5531114536287215,-0.16284468609031386,0,1,0,0,1,0,0,1
-0.45931978171905347,1.214210545731642,-0.38099010915721715,-0.6146806893612563,2.91,0.3187603239804578,1.5692769679568737,-1.2723354351300666,0.15374024429935695,-0.16284468609031386,1,0,0,1,0,0,1,0
0.5302380963112232,1.4606673547434774,0.17376569971723863,-0.893869496035559,3.77,-0.7122703735304569,-0.8427864411625662,0.8268431012898416,0.15374024429935695,-0.16284468609031386,1,0,0,0,1,1,0,0
-0.9540987207341916,-1.5461057152009137,0.38179912804515936,0.08329132732450051,2.69,-0.1967550247749994,1.5692769679568737,-0.5726092563234305,-1.2599631515568002,-0.16284468609031386,0,1,1,0,0,0,1,0
0.03545915729608479,0.7705882895103383,1.144588365247536,-0.47508628602410524,3.27,1.0061141223210677,1.5692769679568737,-1.6221985245333848,-0.5531114536287215,-0.16284468609031386,1,0,0,1,0,0,1,0
0.03545915729608479,-1.5461057152009137,-0.8664014419223662,-0.05630307601265096,3.82,-0.5404319239453045,1.5692769679568737,-0.5726092563234305,-0.9065373025927609,-0.16284468609031386,1,0,1,0,0,0,1,0
-1.4488776597493298,0.4255487568937692,-1.6291906791247435,0.36248013399880297,3.82,1.5216294710765246,0.1909550198886223,1.5265692800964776,0.8605919422274357,-0.16284468609031386,0,1,0,1,0,0,0,1
-1.4488776597493298,-1.201066182584344,1.2139328413568427,-1.1730583027098618,2.48,-0.8841088231156093,-1.1873669281796289,0.47698001188652356,0.15374024429935695,-0.16284468609031386,1,0,0,1,0,1,0,0
-0.9540987207341916,0.22838330968430062,-1.4905017269061294,-0.893869496035559,3.8,-1.0559472727007617,1.2246964809398109,-0.5726092563234305,1.5674436401555145,-0.16284468609031386,0,1,1,0,0,0,0,1
-1.4488776597493298,-0.06736486112990164,-1.4905017269061294,0.22288573066165163,3.51,-0.1967550247749994,0.8801159939227479,-0.5726092563234305,-0.9065373025927609,-0.16284468609031386,1,0,0,1,0,0,0,1
-1.4488776597493298,-0.5602784791535723,1.4913107457940709,-1.3126527060470132,3.08,-1.0559472727007617,0.5355355069056852,1.5265692800964776,0.15374024429935695,-0.16284468609031386,0,1,1,0,0,0,1,0
1.0250170353263615,-1.6446884388056477,-0.03426772861068207,-0.6146806893612563,3.03,-0.02491657518984685,-0.15362546712844055,1.1767061906931597,1.5674436401555145,-0.16284468609031386,0,1,0,1,0,0,1,0
-0.9540987207341916,0.47484011869613607,0.5898325563730802,-0.47508628602410524,2.61,0.3187603239804578,-0.15362546712844055,0.47698001188652356,-1.6133890005208393,-0.16284468609031386,0,1,0,0,1,1,0,0
-0.45931978171905347,-1.1024834589796102,0.9365549369196151,1.7584241673703165,2.3,0.6624372231507626,-0.49820595414550334,1.1767061906931597,1.5674436401555145,-0.16284468609031386,0,1,1,0,0,0,0,1
-1.4488776597493298,-1.5461057152009137,0.6591770324823875,-1.7314359160584674,2.32,0.4905987735656104,-0.8427864411625662,-1.2723354351300666,0.15374024429935695,-0.16284468609031386,1,0,1,0,0,0,1,0
-1.4488776597493298,-0.7574439263630406,0.38179912804515936,-1.1730583027098618,2.73,1.1779525719062198,-0.15362546712844055,0.12711692248320564,1.2140177911914751,-0.16284468609031386,1,0,0,1,0,1,0,0
-0.9540987207341916,-0.8560266499677748,-1.0050903941409803,1.0604521506845597,3.92,1.3497910214913724,-1.5319474151966916,-0.9224723457267486,-0.5531114536287215,-0.16284468609031386,0,1,0,1,0,1,0,0
-0.9540987207341916,1.214210545731642,0.31245465193585265,-1.0334638993727105,3.93,0.1469218743953056,1.2246964809398109,-0.9224723457267486,0.5071660932633963,-0.16284468609031386,0,1,0,0,1,1,0,0
-1.4488776597493298,-1.4475229915961794,1.3526217935754574,-0.47508628602410524,3.47,-1.5714626214562193,-1.5319474151966916,0.12711692248320564,0.15374024429935695,-0.16284468609031386,1,0,1,0,0,0,0,1
-0.45931978171905347,-0.16594758473463583,1.3526217935754574,-0.7542750926984079,2.61,-1.7433010710413717,-0.8427864411625662,1.5265692800964776,-1.2599631515568002,-0.16284468609031386,1,0,0,1,0,0,0,1
0.5302380963112232,0.17909194788193372,1.4913107457940709,1.7584241673703165,3.62,0.3187603239804578,0.1909550198886223,0.12711692248320564,1.2140177911914751,-0.16284468609031386,0,1,0,1,0,0,1,0
-0.9540987207341916,-0.4616957555488381,-1.6291906791247435,1.618829764033165,2.83,-0.8841088231156093,1.5692769679568737,0.12711692248320564,0.5071660932633963,-0.16284468609031386,1,0,0,1,0,0,0,1
1.5197959743414997,-1.3489402679914455,-0.31164563304791043,0.7812633440102569,3.22,-0.02491657518984685,-0.15362546712844055,0.12711692248320564,0.8605919422274357,-0.16284468609031386,0,1,0,0,1,0,0,1
0.5302380963112232,-0.9053180117701416,-0.7277124897037521,1.2000465540217111,2.07,-1.7433010710413717,0.1909550198886223,-0.22274616692011243,0.15374024429935695,-0.16284468609031386,1,0,0,1,0,0,0,1
-0.45931978171905347,-1.6446884388056477,-0.8664014419223662,-1.0334638993727105,2.78,0.4905987735656104,-0.15362546712844055,0.8268431012898416,1.5674436401555145,-0.16284468609031386,1,0,0,1,0,1,0,0
1.0250170353263615,0.8198796513127057,0.17376569971723863,-0.47508628602410524,3.42,-0.1967550247749994,0.1909550198886223,0.8268431012898416,0.15374024429935695,-0.16284468609031386,1,0,1,0,0,0,1,0
1.0250170353263615,-1.4475229915961794,-0.17295668082929627,0.22288573066165163,2.05,-1.2277857222859143,0.8801159939227479,1.1767061906931597,1.2140177911914751,-0.16284468609031386,0,1,0,0,1,0,1,0
1.0250170353263615,0.2776746714866677,0.6591770324823875,-0.6146806893612563,3.5,1.0061141223210677,-1.5319474151966916,-0.22274616692011243,-0.19968560466468235,-0.16284468609031386,1,0,0,0,1,1,0,0
-1.4488776597493298,0.326966033289035,1.2139328413568427,1.4792353606960136,2.12,0.6624372231507626,-1.5319474151966916,0.8268431012898416,-1.6133890005208393,-0.16284468609031386,1,0,0,0,1,0,0,1
-0.9540987207341916,-0.21523894653700315,-0.9357459180316736,0.36248013399880297,3.51,-0.5404319239453045,-1.1873669281796289,1.1767061906931597,-1.6133890005208393,-0.16284468609031386,0,1,0,0,1,1,0,0
1.5197959743414997,0.4255487568937692,-1.421157250796822,0.7812633440102569,3.34,-1.0559472727007617,-0.8427864411625662,-0.9224723457267486,0.8605919422274357,-0.16284468609031386,1,0,0,0,1,1,0,0
-1.4488776597493298,-1.053192097177243,1.3526217935754574,-0.19589747934980217,2.82,0.1469218743953056,-1.5319474151966916,-0.9224723457267486,-1.2599631515568002,-0.16284468609031386,0,1,0,0,1,0,1,0
1.0250170353263615,-1.3982316297938124,-0.5890235374851387,-0.47508628602410524,2.85,-0.02491657518984685,-0.8427864411625662,-0.9224723457267486,0.5071660932633963,-0.16284468609031386,0,1,1,0,0,1,0,0
1.0250170353263615,0.7212969277079714,-0.24230115693860363,-1.1730583027098618,2.68,-1.2277857222859143,-1.1873669281796289,1.5265692800964776,1.5674436401555145,-0.16284468609031386,0,1,1,0,0,0,0,1
0.5302380963112232,1.3127932693363764,-0.24230115693860363,-1.3126527060470132,3.9,-1.399624171871067,0.8801159939227479,-0.9224723457267486,0.5071660932633963,-0.16284468609031386,0,1,1,0,0,0,1,0
1.0250170353263615,-0.5109871173512053,-0.10361220471998943,1.618829764033165,3.35,1.0061141223210677,-1.5319474151966916,-0.5726092563234305,-1.2599631515568002,-0.16284468609031386,0,1,0,0,1,1,0,0
-0.45931978171905347,-0.3631130319441041,-1.421157250796822,0.22288573066165163,2.04,-0.8841088231156093,-0.49820595414550334,1.1767061906931597,0.5071660932633963,-0.16284468609031386,1,0,0,1,0,0,0,1
1.0250170353263615,-0.018073499327534777,1.0752438891382292,-0.33549188268695374,3.45,-0.02491657518984685,-0.49820595414550334,-0.9224723457267486,1.2140177911914751,-0.16284468609031386,1,0,1,0,0,0,1,0
0.03545915729608479,1.3620846311387431,0.5204880802637735,-1.7314359160584674,2.78,1.5216294710765246,0.5355355069056852,-0.9224723457267486,1.2140177911914751,-0.16284468609031386,1,0,1,0,0,0,1,0
1.0250170353263615,0.9184623749174399,0.8672104608103083,-1.7314359160584674,3.05,0.3187603239804578,-0.8427864411625662,-1.6221985245333848,-1.2599631515568002,-0.16284468609031386,1,0,0,1,0,0,1,0
0.03545915729608479,0.3762573950914019,1.3526217935754574,0.641668940673106,2.81,-0.7122703735304569,-1.1873669281796289,0.8268431012898416,0.8605919422274357,-0.16284468609031386,0,1,0,0,1,1,0,0
-1.4488776597493298,-1.053192097177243,0.45114360415446614,-1.4522471093841647,3.64,0.1469218743953056,0.1909550198886223,-0.22274616692011243,-0.19968560466468235,-0.16284468609031386,0,1,0,1,0,1,0,0
-1.4488776597493298,1.7071241637553127,1.6993441741219921,0.641668940673106,3.82,0.3187603239804578,0.8801159939227479,0.8268431012898416,-0.5531114536287215,-0.16284468609031386,0,1,1,0,0,0,1,0
-0.45931978171905347,1.3620846311387431,-1.421157250796822,0.7812633440102569,2.76,1.3497910214913724,-0.49820595414550334,0.12711692248320564,1.2140177911914751,-0.16284468609031386,0,1,1,0,0,0,0,1
0.5302380963112232,-0.018073499327534777,0.5898325563730802,-1.1730583027098618,2.34,-0.1967550247749994,0.5355355069056852,-0.9224723457267486,0.8605919422274357,-0.16284468609031386,1,0,1,0,0,0,0,1
1.5197959743414997,0.22838330968430062,1.768688650231299,0.9208577473474083,2.53,-1.0559472727007617,0.5355355069056852,-1.2723354351300666,1.5674436401555145,-0.16284468609031386,0,1,1,0,0,0,0,1
0.03545915729608479,0.5734228423008704,-1.559846203015436,-0.47508628602410524,2.56,-1.5714626214562193,-0.49820595414550334,-0.9224723457267486,-1.6133890005208393,-0.16284468609031386,1,0,1,0,0,1,0,0
1.0250170353263615,-0.8067352881654076,1.3526217935754574,1.2000465540217111,2.57,1.3497910214913724,-0.49820595414550334,-1.6221985245333848,-0.9065373025927609,-0.16284468609031386,1,0,0,1,0,0,0,1
-1.4488776597493298,1.6578328019529458,1.6299996980126854,0.7812633440102569,3.39,-0.8841088231156093,-1.5319474151966916,1.1767061906931597,-0.9065373025927609,-0.16284468609031386,0,1,0,1,0,0,1,0
1.5197959743414997,0.1298005860795664,-1.0050903941409803,1.2000465540217111,3.25,1.0061141223210677,-0.49820595414550334,0.12711692248320564,-1.6133890005208393,-0.16284468609031386,0,1,0,0,1,0,1,0
-1.4488776597493298,-0.7574439263630406,-0.31164563304791043,-1.0334638993727105,2.63,-1.5714626214562193,-0.15362546712844055,1.5265692800964776,1.2140177911914751,-0.16284468609031386,1,0,1,0,0,0,1,0
-0.9540987207341916,-0.21523894653700315,-0.03426772861068207,0.36248013399880297,3.69,0.8342756727359152,0.5355355069056852,0.47698001188652356,1.2140177911914751,-0.16284468609031386,1,0,1,0,0,0,0,1
1.5197959743414997,1.1649191839292752,-1.0050903941409803,-0.7542750926984079,2.56,1.0061141223210677,-0.8427864411625662,1.5265692800964776,0.8605919422274357,-0.16284468609031386,0,1,0,1,0,1,0,0
0.5302380963112232,-0.6588612027583064,-0.17295668082929627,0.641668940673106,2.96,1.0061141223210677,0.8801159939227479,1.5265692800964776,1.2140177911914751,-0.16284468609031386,1,0,0,1,0,0,1,0
1.0250170353263615,-1.5953970770032808,-1.074434870250287,-1.1730583027098618,3.86,-1.7433010710413717,-0.49820595414550334,1.1767061906931597,0.8605919422274357,-0.16284468609031386,1,0,1,0,0,0,0,1
-0.45931978171905347,-0.16594758473463583,0.24311017582654537,-0.893869496035559,3.37,-0.5404319239453045,-0.8427864411625662,0.12711692248320564,0.8605919422274357,-0.16284468609031386,1,0,0,0,1,1,0,0
1.5197959743414997,1.0170450985221737,-0.31164563304791043,0.5020745373359545,2.84,0.8342756727359152,1.2246964809398109,-0.5726092563234305,-0.19968560466468235,-0.16284468609031386,0,1,1,0,0,0,1,0
-1.4488776597493298,1.4606673547434774,-1.1437793463595944,-1.4522471093841647,2.91,1.6934679206616772,1.5692769679568737,1.1767061906931597,-1.6133890005208393,6.140820581921837,0,1,0,0,1,1,0,0
-0.45931978171905347,1.214210545731642,1.5606552219033776,1.7584241673703165,2.84,0.6624372231507626,-0.15362546712844055,-0.9224723457267486,-1.2599631515568002,-0.16284468609031386,0,1,1,0,0,0,0,1
-0.45931978171905347,1.066336460324541,-1.0050903941409803,-1.591841512721316,2.75,0.8342756727359152,0.5355355069056852,-0.5726092563234305,0.8605919422274357,-0.16284468609031386,1,0,1,0,0,0,0,1
-0.45931978171905347,-1.1024834589796102,-0.5890235374851387,1.618829764033165,2.72,-0.02491657518984685,0.1909550198886223,0.12711692248320564,-1.2599631515568002,-0.16284468609031386,1,0,0,1,0,1,0,0
-0.9540987207341916,0.3762573950914019,1.768688650231299,1.4792353606960136,3.1,1.0061141223210677,1.5692769679568737,0.47698001188652356,0.15374024429935695,-0.16284468609031386,0,1,1,0,0,1,0,0
-1.4488776597493298,-0.9053180117701416,0.03507674749862466,-0.33549188268695374,2.58,-1.0559472727007617,-1.5319474151966916,-1.6221985245333848,0.15374024429935695,-0.16284468609031386,1,0,0,0,1,1,0,0
-1.4488776597493298,0.4255487568937692,0.9365549369196151,0.08329132732450051,3.46,-0.02491657518984685,-0.49820595414550334,0.47698001188652356,0.5071660932633963,-0.16284468609031386,0,1,0,1,0,1,0,0
0.5302380963112232,1.3127932693363764,1.0752438891382292,0.22288573066165163,2.66,0.6624372231507626,-0.15362546712844055,0.8268431012898416,0.15374024429935695,-0.16284468609031386,0,1,0,1,0,0,0,1
1.5197959743414997,-1.4968143533985465,0.24311017582654537,1.0604521506845597,2.13,-1.399624171871067,1.2246964809398109,0.8268431012898416,1.5674436401555145,-0.16284468609031386,0,1,0,0,1,0,0,1
-1.4488776597493298,-0.2645303083393699,-1.559846203015436,-1.7314359160584674,2.46,-0.7122703735304569,-1.1873669281796289,1.1767061906931597,1.2140177911914751,-0.16284468609031386,0,1,1,0,0,0,1,0
-0.45931978171905347,-0.16594758473463583,0.45114360415446614,0.5020745373359545,2.21,1.3497910214913724,-0.49820595414550334,-1.6221985245333848,-0.9065373025927609,-0.16284468609031386,1,0,1,0,0,0,0,1
1.5197959743414997,-1.3489402679914455,0.8672104608103083,0.641668940673106,3.77,-1.2277857222859143,-0.49820595414550334,0.12711692248320564,0.5071660932633963,-0.16284468609031386,0,1,0,0,1,0,0,1
0.5302380963112232,-0.6095698409559395,1.4913107457940709,-0.893869496035559,2.62,-1.0559472727007617,-0.49820595414550334,0.47698001188652356,1.2140177911914751,-0.16284468609031386,1,0,0,1,0,0,1,0
-0.9540987207341916,-1.7432711624103818,0.1044212236079314,-0.47508628602410524,2.02,1.5216294710765246,0.1909550198886223,-0.22274616692011243,-0.19968560466468235,-0.16284468609031386,1,0,1,0,0,0,1,0
-1.4488776597493298,-1.6446884388056477,1.0752438891382292,1.4792353606960136,2.18,0.1469218743953056,-0.15362546712844055,0.8268431012898416,-0.19968560466468235,-0.16284468609031386,1,0,0,0,1,1,0,0
1.5197959743414997,-1.2503575443867112,-1.6291906791247435,-0.6146806893612563,3.71,1.0061141223210677,0.5355355069056852,0.47698001188652356,0.8605919422274357,-0.16284468609031386,0,1,0,1,0,0,1,0
-1.4488776597493298,1.263501907534009,0.03507674749862466,-0.19589747934980217,2.03,-1.2277857222859143,-1.5319474151966916,1.5265692800964776,0.15374024429935695,-0.16284468609031386,1,0,1,0,0,0,0,1
-0.45931978171905347,0.47484011869613607,0.9365549369196151,-0.33549188268695374,2.79,-0.5404319239453045,1.2246964809398109,1.5265692800964776,0.5071660932633963,-0.16284468609031386,1,0,0,0,1,1,0,0
0.5302380963112232,1.5592500783482117,-1.2131238224689012,1.4792353606960136,3.5,0.8342756727359152,0.8801159939227479,-0.5726092563234305,0.8605919422274357,-0.16284468609031386,0,1,0,0,1,0,1,0
0.5302380963112232,1.5099587165458443,-0.38099010915721715,0.36248013399880297,2.52,0.8342756727359152,-1.5319474151966916,-0.22274616692011243,-1.6133890005208393,-0.16284468609031386,1,0,0,1,0,0,0,1
-1.4488776597493298,1.7071241637553127,0.31245465193585265,1.0604521506845597,2.45,1.1779525719062198,1.5692769679568737,-1.6221985245333848,-0.9065373025927609,-0.16284468609031386,0,1,0,1,0,0,0,1
0.03545915729608479,-0.11665622293226896,-0.31164563304791043,-0.47508628602410524,2.98,1.1779525719062198,0.8801159939227479,0.47698001188652356,-0.5531114536287215,-0.16284468609031386,1,0,0,1,0,0,1,0
-1.4488776597493298,-0.3631130319441041,-0.7970569658130595,1.0604521506845597,3.48,-0.02491657518984685,0.1909550198886223,0.47698001188652356,0.5071660932633963,-0.16284468609031386,0,1,1,0,0,0,1,0
0.03545915729608479,-0.8067352881654076,-0.10361220471998943,1.7584241673703165,2.6,-1.0559472727007617,1.2246964809398109,0.47698001188652356,-0.9065373025927609,-0.16284468609031386,1,0,0,0,1,0,0,1
-1.4488776597493298,0.3762573950914019,0.03507674749862466,-0.893869496035559,3.48,1.3497910214913724,1.2246964809398109,-0.22274616692011243,-0.5531114536287215,-0.16284468609031386,1,0,0,0,1,0,1,0
-0.45931978171905347,0.5734228423008704,0.7285215085916943,0.9208577473474083,2.84,0.4905987735656104,1.5692769679568737,1.5265692800964776,-1.2599631515568002,-0.16284468609031386,1,0,0,1,0,0,0,1
1.0250170353263615,-0.8560266499677748,0.6591770324823875,-1.0334638993727105,3.73,1.5216294710765246,0.5355355069056852,-0.9224723457267486,0.15374024429935695,-0.16284468609031386,1,0,0,1,0,0,1,0
-0.45931978171905347,-0.8560266499677748,-0.24230115693860363,1.618829764033165,2.98,1.3497910214913724,0.1909550198886223,-0.9224723457267486,0.5071660932633963,-0.16284468609031386,0,1,0,0,1,0,0,1
-1.4488776597493298,-1.6939798006080147,0.38179912804515936,0.22288573066165163,4.0,-0.1967550247749994,-1.1873669281796289,1.1767061906931597,0.15374024429935695,-0.16284468609031386,1,0,0,1,0,0,0,1
-0.9540987207341916,-1.2503575443867112,-1.0050903941409803,1.2000465540217111,2.71,1.6934679206616772,-0.15362546712844055,-0.5726092563234305,-0.9065373025927609,-0.16284468609031386,1,0,1,0,0,0,1,0
0.03545915729608479,0.9677537367198067,-0.7970569658130595,0.08329132732450051,2.29,-1.399624171871067,-0.49820595414550334,1.5265692800964776,-1.2599631515568002,-0.16284468609031386,1,0,0,0,1,1,0,0
0.03545915729608479,1.4606673547434774,0.9365549369196151,-0.6146806893612563,2.73,0.8342756727359152,-0.49820595414550334,-0.22274616692011243,0.8605919422274357,-0.16284468609031386,1,0,0,0,1,0,0,1
0.03545915729608479,-0.7081525645606734,1.0058994130289225,-0.7542750926984079,2.85,-0.5404319239453045,-1.1873669281796289,-1.2723354351300666,-0.19968560466468235,-0.16284468609031386,1,0,0,1,0,1,0,0
1.5197959743414997,0.6720055659056046,0.38179912804515936,0.7812633440102569,3.0,1.0061141223210677,-0.8427864411625662,-0.22274616692011243,1.5674436401555145,-0.16284468609031386,0,1,1,0,0,0,1,0
-0.45931978171905347,1.6578328019529458,-1.6291906791247435,-1.4522471093841647,2.33,0.3187603239804578,-0.8427864411625662,0.8268431012898416,-1.6133890005208393,-0.16284468609031386,0,1,0,0,1,0,0,1
-0.45931978171905347,0.2776746714866677,0.6591770324823875,-1.4522471093841647,2.64,-1.399624171871067,-0.15362546712844055,0.8268431012898416,-1.6133890005208393,-0.16284468609031386,0,1,0,1,0,0,0,1
0.03545915729608479,-1.2996489061890784,-0.45033458526652453,0.5020745373359545,2.27,-0.7122703735304569,-0.8427864411625662,-0.9224723457267486,-1.2599631515568002,-0.16284468609031386,0,1,1,0,0,0,0,1
0.5302380963112232,1.7071241637553127,1.5606552219033776,-0.33549188268695374,3.7,1.6934679206616772,1.5692769679568737,1.1767061906931597,-0.19968560466468235,-0.16284468609031386,0,1,0,1,0,1,0,0
1.5197959743414997,-0.8067352881654076,-1.6985351552340502,-1.7314359160584674,3.16,-1.399624171871067,0.5355355069056852,0.12711692248320564,-0.9065373025927609,-0.16284468609031386,0,1,1,0,0,1,0,0
-0.9540987207341916,-0.11665622293226896,1.3526217935754574,-1.1730583027098618,3.2,1.0061141223210677,1.5692769679568737,1.5265692800964776,-1.6133890005208393,-0.16284468609031386,0,1,0,1,0,1,0,0
0.03545915729608479,-1.6939798006080147,-0.03426772861068207,1.7584241673703165,2.51,-1.5714626214562193,0.8801159939227479,0.12711692248320564,1.2140177911914751,-0.16284468609031386,0,1,0,1,0,0,0,1
0.03545915729608479,0.17909194788193372,-0.5196790613758313,-0.7542750926984079,2.07,-1.5714626214562193,0.8801159939227479,-1.2723354351300666,-1.6133890005208393,-0.16284468609031386,0,1,0,1,0,0,0,1
-0.9540987207341916,0.7705882895103383,0.797865984701001,-0.47508628602410524,2.72,-0.1967550247749994,1.2246964809398109,-0.9224723457267486,-0.9065373025927609,-0.16284468609031386,0,1,1,0,0,0,1,0
-0.45931978171905347,-0.9053180117701416,0.03507674749862466,-0.19589747934980217,2.14,-1.0559472727007617,0.1909550198886223,0.12711692248320564,0.15374024429935695,-0.16284468609031386,1,0,1,0,0,1,0,0
0.03545915729608479,1.6085414401505784,0.6591770324823875,-1.4522471093841647,2.54,0.3187603239804578,1.5692769679568737,-0.5726092563234305,1.2140177911914751,-0.16284468609031386,1,0,1,0,0,0,0,1
1.0250170353263615,-0.16594758473463583,0.03507674749862466,-0.47508628602410524,2.91,0.8342756727359152,-0.15362546712844055,0.12711692248320564,-0.5531114536287215,-0.16284468609031386,0,1,0,0,1,0,1,0
-1.4488776597493298,-0.06736486112990164,-0.6583680135944454,1.3396409573588626,3.17,-1.2277857222859143,-0.15362546712844055,-1.6221985245333848,-0.19968560466468235,-0.16284468609031386,1,0,0,1,0,0,1,0
-1.4488776597493298,-1.5461057152009137,0.9365549369196151,-1.591841512721316,3.42,1.0061141223210677,1.5692769679568737,-0.5726092563234305,0.15374024429935695,-0.16284468609031386,1,0,1,0,0,0,0,1
0.5302380963112232,-0.41240439374647103,0.5204880802637735,-1.591841512721316,3.34,1.3497910214913724,-1.1873669281796289,0.12711692248320564,-1.2599631515568002,-0.16284468609031386,0,1,0,0,1,1,0,0
-0.9540987207341916,-0.3631130319441041,1.6993441741219921,0.22288573066165163,2.77,-1.399624171871067,0.1909550198886223,-1.2723354351300666,-1.2599631515568002,-0.16284468609031386,0,1,0,1,0,0,0,1
-0.45931978171905347,0.4255487568937692,0.38179912804515936,0.08329132732450051,2.54,-1.5714626214562193,-1.5319474151966916,-0.5726092563234305,-0.5531114536287215,-0.16284468609031386,1,0,0,0,1,0,1,0
0.5302380963112232,-0.2645303083393699,-1.4905017269061294,0.08329132732450051,2.17,-0.1967550247749994,0.8801159939227479,0.8268431012898416,-0.9065373025927609,-0.16284468609031386,0,1,1,0,0,1,0,0
1.5197959743414997,-0.5109871173512053,-0.45033458526652453,0.08329132732450051,3.3,-0.1967550247749994,0.5355355069056852,0.12711692248320564,1.2140177911914751,-0.16284468609031386,0,1,0,0,1,0,1,0
0.5302380963112232,-1.5953970770032808,1.2832773174661505,-1.0334638993727105,3.95,0.3187603239804578,-0.49820595414550334,-1.6221985245333848,-1.6133890005208393,-0.16284468609031386,0,1,1,0,0,0,0,1
-0.9540987207341916,0.524131480498503,1.6299996980126854,-1.1730583027098618,3.03,1.6934679206616772,0.8801159939227479,1.5265692800964776,-0.9065373025927609,-0.16284468609031386,0,1,0,1,0,0,1,0
-1.4488776597493298,-1.053192097177243,-0.6583680135944454,-1.591841512721316,3.56,1.0061141223210677,-0.49820595414550334,0.8268431012898416,0.5071660932633963,-0.16284468609031386,1,0,0,1,0,0,0,1
0.03545915729608479,-1.2503575443867112,0.9365549369196151,1.4792353606960136,2.1,-0.7122703735304569,-1.1873669281796289,0.12711692248320564,0.8605919422274357,-0.16284468609031386,0,1,1,0,0,0,0,1
-0.45931978171905347,1.0170450985221737,1.4913107457940709,-0.33549188268695374,2.63,0.1469218743953056,-1.5319474151966916,1.1767061906931597,1.2140177911914751,-0.16284468609031386,0,1,0,1,0,0,1,0
0.5302380963112232,-1.1024834589796102,-0.03426772861068207,0.9208577473474083,3.61,-0.7122703735304569,-1.1873669281796289,-1.6221985245333848,-1.6133890005208393,-0.16284468609031386,1,0,0,0,1,0,0,1
0.03545915729608479,0.9184623749174399,-0.7277124897037521,-0.47508628602410524,2.42,1.5216294710765246,-0.49820595414550334,1.1767061906931597,-0.19968560466468235,-0.16284468609031386,0,1,0,0,1,0,0,1
1.0250170353263615,-0.5109871173512053,-0.38099010915721715,-0.6146806893612563,3.68,1.6934679206616772,0.5355355069056852,-0.5726092563234305,1.5674436401555145,-0.16284468609031386,1,0,1,0,0,0,0,1
1.0250170353263615,-1.3982316297938124,1.4219662696847641,-1.0334638993727105,3.32,0.4905987735656104,-1.5319474151966916,-1.6221985245333848,0.5071660932633963,-0.16284468609031386,1,0,0,1,0,0,0,1
-0.9540987207341916,-0.21523894653700315,1.2139328413568427,-0.05630307601265096,2.32,0.6624372231507626,1.2246964809398109,-1.2723354351300666,-0.5531114536287215,-0.16284468609031386,0,1,0,1,0,1,0,0
-0.9540987207341916,-0.6095698409559395,0.03507674749862466,-1.3126527060470132,2.54,-0.36859347436015183,-1.5319474151966916,-1.2723354351300666,-0.9065373025927609,-0.16284468609031386,0,1,0,1,0,0,1,0
-0.9540987207341916,0.22838330968430062,-1.074434870250287,1.2000465540217111,3.82,1.5216294710765246,-0.8427864411625662,1.5265692800964776,1.5674436401555145,-0.16284468609031386,1,0,0,0,1,0,0,1
1.5197959743414997,-1.4968143533985465,1.3526217935754574,1.7584241673703165,2.46,0.8342756727359152,-1.5319474151966916,0.47698001188652356,0.15374024429935695,-0.16284468609031386,1,0,0,1,0,1,0,0
0.5302380963112232,-0.6095698409559395,1.3526217935754574,0.5020745373359545,3.4,-1.399624171871067,-1.5319474151966916,-0.9224723457267486,1.5674436401555145,-0.16284468609031386,1,0,0,0,1,1,0,0
-1.4488776597493298,0.9184623749174399,-1.6291906791247435,-0.6146806893612563,2.77,0.4905987735656104,1.5692769679568737,0.12711692248320564,-1.6133890005208393,-0.16284468609031386,0,1,1,0,0,0,1,0
0.5302380963112232,1.7071241637553127,1.144588365247536,-0.7542750926984079,2.13,-0.02491657518984685,-1.5319474151966916,0.8268431012898416,0.5071660932633963,-0.16284468609031386,1,0,0,1,0,0,1,0
0.03545915729608479,-1.7432711624103818,-1.6291906791247435,-0.6146806893612563,2.22,-1.0559472727007617,-1.1873669281796289,-1.6221985245333848,0.8605919422274357,-0.16284468609031386,1,0,1,0,0,0,1,0
1.0250170353263615,-0.16594758473463583,-0.7277124897037521,-0.893869496035559,2.31,-1.2277857222859143,-0.49820595414550334,1.1767061906931597,-1.6133890005208393,-0.16284468609031386,1,0,0,1,0,0,1,0
1.0250170353263615,0.031217862474832114,0.5898325563730802,1.4792353606960136,3.22,-0.7122703735304569,-1.5319474151966916,-0.9224723457267486,0.15374024429935695,-0.16284468609031386,1,0,0,0,1,1,0,0
0.5302380963112232,-0.8560266499677748,-0.17295668082929627,0.9208577473474083,2.58,-1.0559472727007617,-0.49820595414550334,1.5265692800964776,1.2140177911914751,-0.16284468609031386,1,0,1,0,0,1,0,0
0.03545915729608479,0.8691710131150725,0.31245465193585265,-0.6146806893612563,2.15,0.6624372231507626,1.2246964809398109,-1.2723354351300666,1.5674436401555145,-0.16284468609031386,1,0,0,1,0,0,1,0
0.5302380963112232,1.3127932693363764,0.38179912804515936,-0.6146806893612563,3.86,-0.1967550247749994,0.5355355069056852,0.8268431012898416,-0.5531114536287215,-0.16284468609031386,1,0,0,0,1,0,1,0
-1.4488776597493298,-0.018073499327534777,0.17376569971723863,0.641668940673106,3.73,-1.2277857222859143,-0.8427864411625662,-0.22274616692011243,1.5674436401555145,-0.16284468609031386,0,1,1,0,0,0,1,0
1.0250170353263615,0.3762573950914019,-0.9357459180316736,-0.7542750926984079,3.32,1.3497910214913724,0.5355355069056852,-0.9224723457267486,0.8605919422274357,-0.16284468609031386,0,1,1,0,0,0,1,0
-1.4488776597493298,0.326966033289035,0.17376569971723863,1.0604521506845597,3.82,-0.1967550247749994,0.8801159939227479,0.8268431012898416,0.15374024429935695,-0.16284468609031386,0,1,0,0,1,0,0,1
-1.4488776597493298,1.6578328019529458,-0.31164563304791043,1.3396409573588626,2.85,-1.2277857222859143,1.2246964809398109,1.5265692800964776,-0.9065373025927609,-0.16284468609031386,0,1,0,0,1,0,1,0
1.5197959743414997,1.1649191839292752,1.4219662696847641,-0.33549188268695374,3.55,0.4905987735656104,-0.15362546712844055,0.12711692248320564,-1.6133890005208393,-0.16284468609031386,0,1,0,0,1,0,1,0
0.5302380963112232,0.6227142041032372,-1.6291906791247435,1.618829764033165,2.33,-1.0559472727007617,1.2246964809398109,0.12711692248320564,0.8605919422274357,-0.16284468609031386,1,0,0,1,0,1,0,0
1.5197959743414997,1.214210545731642,1.2832773174661505,0.5020745373359545,3.09,0.8342756727359152,1.2246964809398109,0.47698001188652356,-0.9065373025927609,-0.16284468609031386,0,1,0,1,0,0,1,0
-0.9540987207341916,-0.7574439263630406,1.2832773174661505,1.3396409573588626,3.9,-0.5404319239453045,-0.8427864411625662,-1.6221985245333848,-0.19968560466468235,-0.16284468609031386,1,0,0,0,1,1,0,0
1.0250170353263615,0.8691710131150725,1.0058994130289225,-0.05630307601265096,2.85,-1.2277857222859143,-1.5319474151966916,-1.6221985245333848,-1.2599631515568002,-0.16284468609031386,0,1,1,0,0,0,0,1
0.5302380963112232,0.47484011869613607,-1.074434870250287,1.2000465540217111,3.64,-0.36859347436015183,0.1909550198886223,0.8268431012898416,-0.9065373025927609,-0.16284468609031386,1,0,0,1,0,0,0,1
0.5302380963112232,-1.1517748207819771,0.7285215085916943,0.641668940673106,2.95,1.0061141223210677,1.2246964809398109,0.47698001188652356,-0.5531114536287215,-0.16284468609031386,1,0,1,0,0,0,1,0
-0.9540987207341916,-1.5461057152009137,-1.3518127746875153,-0.47508628602410524,3.17,1.1779525719062198,1.2246964809398109,1.5265692800964776,1.2140177911914751,-0.16284468609031386,0,1,1,0,0,1,0,0
1.0250170353263615,-0.018073499327534777,-1.421157250796822,0.22288573066165163,2.26,-1.7433010710413717,0.5355355069056852,0.8268431012898416,1.5674436401555145,-0.16284468609031386,0,1,0,1,0,0,1,0
-0.9540987207341916,0.7705882895103383,-0.5196790613758313,0.36248013399880297,3.9,-0.02491657518984685,0.8801159939227479,-0.5726092563234305,0.15374024429935695,-0.16284468609031386,1,0,0,1,0,0,1,0
0.5302380963112232,-0.6095698409559395,-0.5196790613758313,0.36248013399880297,3.71,-1.5714626214562193,0.1909550198886223,0.12711692248320564,0.8605919422274357,-0.16284468609031386,0,1,0,0,1,0,1,0
-0.45931978171905347,0.326966033289035,-0.5890235374851387,-0.893869496035559,2.88,-1.5714626214562193,-0.49820595414550334,0.8268431012898416,0.5071660932633963,-0.16284468609031386,0,1,1,0,0,0,0,1
1.0250170353263615,0.22838330968430062,-0.45033458526652453,-0.6146806893612563,2.12,-1.5714626214562193,-1.5319474151966916,1.1767061906931597,-1.2599631515568002,-0.16284468609031386,0,1,1,0,0,0,1,0
0.5302380963112232,-1.3489402679914455,-0.38099010915721715,0.22288573066165163,2.89,-0.7122703735304569,0.8801159939227479,0.8268431012898416,-0.19968560466468235,-0.16284468609031386,1,0,0,0,1,0,1,0
-1.4488776597493298,-1.1024834589796102,-1.3518127746875153,-1.4522471093841647,2.71,-1.399624171871067,0.1909550198886223,-0.9224723457267486,0.5071660932633963,-0.16284468609031386,0,1,0,0,1,0,1,0
-0.9540987207341916,-0.9053180117701416,-0.10361220471998943,-1.591841512721316,3.88,-1.2277857222859143,0.1909550198886223,0.12711692248320564,0.15374024429935695,-0.16284468609031386,0,1,1,0,0,0,0,1
0.03545915729608479,1.4113759929411105,0.7285215085916943,-0.05630307601265096,3.16,1.3497910214913724,-1.1873669281796289,-0.9224723457267486,-1.2599631515568002,-0.16284468609031386,0,1,0,0,1,0,0,1
-0.45931978171905347,0.8198796513127057,-1.2824682985782085,-0.893869496035559,2.94,1.3497910214913724,-0.49820595414550334,-1.2723354351300666,-0.9065373025927609,-0.16284468609031386,0,1,0,0,1,1,0,0
0.03545915729608479,-1.1024834589796102,1.6299996980126854,-1.0334638993727105,2.51,1.6934679206616772,0.1909550198886223,1.5265692800964776,1.5674436401555145,-0.16284468609031386,0,1,0,0,1,0,0,1
1.0250170353263615,-1.3489402679914455,-0.8664014419223662,-0.47508628602410524,2.68,-1.5714626214562193,0.1909550198886223,-1.2723354351300666,1.5674436401555145,-0.16284468609031386,0,1,0,0,1,1,0,0
0.03545915729608479,-1.5953970770032808,-1.074434870250287,1.2000465540217111,2.89,-1.399624171871067,-1.1873669281796289,-0.22274616692011243,-1.2599631515568002,-0.16284468609031386,1,0,0,1,0,0,1,0
-0.45931978171905347,-1.201066182584344,-1.421157250796822,0.5020745373359545,3.43,1.5216294710765246,0.1909550198886223,0.12711692248320564,0.5071660932633963,-0.16284468609031386,0,1,0,1,0,0,1,0
-0.9540987207341916,-0.313821670141737,0.8672104608103083,-0.47508628602410524,2.86,1.1779525719062198,-0.8427864411625662,-0.22274616692011243,-1.6133890005208393,-0.16284468609031386,0,1,0,1,0,1,0,0
1.0250170353263615,-0.3631130319441041,-1.3518127746875153,-0.6146806893612563,3.06,-1.2277857222859143,0.5355355069056852,0.8268431012898416,-1.6133890005208393,-0.16284468609031386,1,0,1,0,0,0,0,1
-0.45931978171905347,0.9184623749174399,0.9365549369196151,-1.4522471093841647,2.6,-0.5404319239453045,-0.49820595414550334,-0.5726092563234305,-1.2599631515568002,-0.16284468609031386,0,1,0,1,0,1,0,0
1.5197959743414997,-0.6588612027583064,-0.17295668082929627,1.2000465540217111,3.72,1.5216294710765246,1.2246964809398109,-0.22274616692011243,0.5071660932633963,-0.16284468609031386,0,1,0,1,0,1,0,0
-1.4488776597493298,-0.06736486112990164,1.2139328413568427,-0.33549188268695374,3.98,0.6624372231507626,1.2246964809398109,0.12711692248320564,0.15374024429935695,-0.16284468609031386,0,1,1,0,0,1,0,0
-0.45931978171905347,-1.5953970770032808,0.7285215085916943,-0.6146806893612563,2.99,0.6624372231507626,-1.5319474151966916,-0.22274616692011243,-1.2599631515568002,-0.16284468609031386,0,1,0,0,1,0,1,0
1.0250170353263615,0.5734228423008704,-0.17295668082929627,-1.7314359160584674,3.98,1.1779525719062198,0.5355355069056852,0.12711692248320564,-0.9065373025927609,-0.16284468609031386,1,0,0,0,1,0,0,1
-1.4488776597493298,-0.2645303083393699,-1.0050903941409803,1.618829764033165,3.84,-1.5714626214562193,0.5355355069056852,0.8268431012898416,1.5674436401555145,-0.16284468609031386,0,1,0,0,1,0,1,0
0.03545915729608479,0.1298005860795664,0.17376569971723863,-0.47508628602410524,2.44,-1.2277857222859143,-1.5319474151966916,-0.9224723457267486,-1.6133890005208393,-0.16284468609031386,1,0,0,1,0,0,1,0
1.5197959743414997,0.6227142041032372,0.7285215085916943,0.22288573066165163,2.08,-1.5714626214562193,-1.1873669281796289,-1.6221985245333848,-0.9065373025927609,-0.16284468609031386,0,1,1,0,0,1,0,0
0.03545915729608479,0.6227142041032372,1.6993441741219921,-0.893869496035559,2.08,1.5216294710765246,0.8801159939227479,-0.22274616692011243,1.2140177911914751,-0.16284468609031386,0,1,1,0,0,0,0,1
-1.4488776597493298,-0.6588612027583064,-0.9357459180316736,-0.19589747934980217,2.87,1.3497910214913724,-0.49820595414550334,1.1767061906931597,0.8605919422274357,-0.16284468609031386,0,1,0,0,1,0,0,1
0.03545915729608479,0.326966033289035,-1.6985351552340502,0.9208577473474083,2.35,1.0061141223210677,1.5692769679568737,-0.22274616692011243,-1.2599631515568002,-0.16284468609031386,1,0,1,0,0,0,1,0
0.5302380963112232,-1.053192097177243,-0.31164563304791043,-1.4522471093841647,3.67,0.8342756727359152,0.5355355069056852,1.1767061906931597,-1.2599631515568002,-0.16284468609031386,0,1,0,0,1,0,1,0
-0.45931978171905347,1.4113759929411105,-0.38099010915721715,1.2000465540217111,2.89,1.5216294710765246,0.5355355069056852,-0.9224723457267486,0.8605919422274357,-0.16284468609031386,0,1,1,0,0,0,0,1
1.0250170353263615,1.263501907534009,-1.1437793463595944,0.5020745373359545,2.51,-0.1967550247749994,-1.5319474151966916,-1.6221985245333848,1.5674436401555145,-0.16284468609031386,1,0,0,1,0,1,0,0
0.03545915729608479,0.9677537367198067,0.6591770324823875,0.22288573066165163,2.22,0.1469218743953056,1.5692769679568737,1.5265692800964776,-1.2599631515568002,-0.16284468609031386,0,1,0,0,1,0,0,1
-1.4488776597493298,1.4113759929411105,0.38179912804515936,0.08329132732450051,2.17,0.6624372231507626,1.2246964809398109,1.5265692800964776,-0.19968560466468235,-0.16284468609031386,0,1,1,0,0,0,0,1
-0.45931978171905347,-0.313821670141737,-0.03426772861068207,-0.05630307601265096,2.87,1.3497910214913724,0.1909550198886223,0.12711692248320564,0.15374024429935695,-0.16284468609031386,1,0,0,1,0,1,0,0
-0.45931978171905347,0.031217862474832114,1.4913107457940709,0.36248013399880297,3.01,-1.7433010710413717,-1.5319474151966916,0.8268431012898416,-0.9065373025927609,-0.16284468609031386,1,0,1,0,0,0,1,0
1.5197959743414997,-1.4968143533985465,0.17376569971723863,-1.0334638993727105,3.9,-1.0559472727007617,-0.49820595414550334,-0.9224723457267486,-0.9065373025927609,-0.16284468609031386,0,1,0,0,1,0,1,0
-0.45931978171905347,0.6227142041032372,0.45114360415446614,-0.893869496035559,3.72,0.8342756727359152,1.2246964809398109,0.12711692248320564,0.15374024429935695,-0.16284468609031386,1,0,0,1,0,0,1,0
0.5302380963112232,0.9184623749174399,-1.074434870250287,0.5020745373359545,2.78,-0.02491657518984685,-1.1873669281796289,-1.2723354351300666,0.15374024429935695,-0.16284468609031386,1,0,0,0,1,1,0,0
0.03545915729608479,-1.201066182584344,1.2139328413568427,0.9208577473474083,3.25,-1.5714626214562193,-1.5319474151966916,-1.6221985245333848,0.8605919422274357,-0.16284468609031386,1,0,0,0,1,1,0,0
0.5302380963112232,-1.1517748207819771,0.03507674749862466,1.7584241673703165,2.49,-1.399624171871067,-0.15362546712844055,0.8268431012898416,-0.5531114536287215,-0.16284468609031386,1,0,0,0,1,0,0,1
-0.9540987207341916,0.47484011869613607,0.6591770324823875,1.618829764033165,3.54,0.1469218743953056,0.8801159939227479,-0.5726092563234305,1.5674436401555145,-0.16284468609031386,0,1,0,0,1,1,0,0
0.5302380963112232,1.0170450985221737,0.6591770324823875,0.641668940673106,2.63,-0.7122703735304569,0.5355355069056852,-0.5726092563234305,1.2140177911914751,-0.16284468609031386,1,0,1,0,0,1,0,0
1.5197959743414997,0.326966033289035,0.1044212236079314,-0.19589747934980217,2.36,0.6624372231507626,-1.1873669281796289,0.12711692248320564,1.5674436401555145,-0.16284468609031386,1,0,0,1,0,0,1,0
0.5302380963112232,0.08050922427719948,-0.9357459180316736,0.36248013399880297,2.35,1.3497910214913724,0.8801159939227479,1.1767061906931597,-1.6133890005208393,-0.16284468609031386,0,1,0,0,1,0,1,0
1.5197959743414997,1.263501907534009,-0.10361220471998943,0.641668940673106,3.88,-0.36859347436015183,1.5692769679568737,-0.5726092563234305,1.2140177911914751,-0.16284468609031386,1,0,1,0,0,1,0,0
1.5197959743414997,-0.16594758473463583,1.144588365247536,-0.47508628602410524,2.66,1.5216294710765246,1.2246964809398109,-0.5726092563234305,-1.2599631515568002,-0.16284468609031386,1,0,1,0,0,0,1,0
0.5302380963112232,-1.5953970770032808,-0.9357459180316736,0.641668940673106,3.44,-0.7122703735304569,0.5355355069056852,0.8268431012898416,0.15374024429935695,-0.16284468609031386,1,0,0,1,0,1,0,0
1.0250170353263615,-0.9546093735725087,0.9365549369196151,0.22288573066165163,3.15,-1.0559472727007617,0.8801159939227479,-0.9224723457267486,-1.2599631515568002,-0.16284468609031386,0,1,1,0,0,0,0,1
-0.45931978171905347,0.8198796513127057,1.144588365247536,0.7812633440102569,3.46,0.4905987735656104,-0.15362546712844055,-0.5726092563234305,1.2140177911914751,-0.16284468609031386,0,1,0,1,0,0,1,0
-0.9540987207341916,0.8198796513127057,-0.9357459180316736,-0.33549188268695374,3.85,-1.399624171871067,-0.8427864411625662,-0.5726092563234305,1.5674436401555145,-0.16284468609031386,1,0,0,0,1,1,0,0
1.0250170353263615,0.1298005860795664,1.4219662696847641,1.4792353606960136,3.77,0.4905987735656104,-0.15362546712844055,-0.5726092563234305,-0.9065373025927609,-0.16284468609031386,0,1,0,0,1,0,1,0
1.0250170353263615,-0.7574439263630406,-1.2824682985782085,0.36248013399880297,2.24,0.8342756727359152,1.5692769679568737,-1.2723354351300666,-0.19968560466468235,-0.16284468609031386,1,0,1,0,0,0,0,1
0.03545915729608479,0.08050922427719948,1.2139328413568427,1.3396409573588626,3.04,-1.2277857222859143,-1.5319474151966916,-0.9224723457267486,-0.5531114536287215,-0.16284468609031386,0,1,0,1,0,1,0,0
1.0250170353263615,-0.06736486112990164,-0.9357459180316736,-0.47508628602410524,2.33,-0.7122703735304569,-1.1873669281796289,0.47698001188652356,-0.5531114536287215,-0.16284468609031386,1,0,1,0,0,0,1,0
-0.9540987207341916,-1.1024834589796102,0.5898325563730802,0.7812633440102569,2.8,0.8342756727359152,-0.49820595414550334,0.12711692248320564,-0.19968560466468235,-0.16284468609031386,1,0,0,0,1,0,0,1
-0.9540987207341916,-0.7081525645606734,0.31245465193585265,0.22288573066165163,2.2,0.3187603239804578,-0.8427864411625662,-0.5726092563234305,-1.2599631515568002,-0.16284468609031386,1,0,0,1,0,0,0,1
1.0250170353263615,-0.8067352881654076,0.7285215085916943,-1.591841512721316,2.25,-0.02491657518984685,-0.49820595414550334,0.47698001188652356,-0.5531114536287215,-0.16284468609031386,0,1,0,0,1,1,0,0
-1.4488776597493298,-1.3489402679914455,-1.421157250796822,-1.591841512721316,3.48,1.1779525719062198,-0.8427864411625662,-1.6221985245333848,1.5674436401555145,-0.16284468609031386,0,1,0,1,0,0,0,1
-0.45931978171905347,-1.2503575443867112,-1.2131238224689012,-0.6146806893612563,3.55,0.4905987735656104,-1.1873669281796289,0.12711692248320564,-0.19968560466468235,-0.16284468609031386,1,0,0,1,0,0,1,0
-1.4488776597493298,-0.16594758473463583,1.0058994130289225,1.3396409573588626,3.76,-1.5714626214562193,1.5692769679568737,0.47698001188652356,-1.2599631515568002,-0.16284468609031386,1,0,0,1,0,0,0,1
0.5302380963112232,1.066336460324541,1.0058994130289225,-0.47508628602410524,3.91,-1.0559472727007617,-0.8427864411625662,-0.9224723457267486,-1.6133890005208393,-0.16284468609031386,1,0,1,0,0,1,0,0
0.5302380963112232,-1.1517748207819771,0.5204880802637735,-1.7314359160584674,2.38,0.3187603239804578,1.5692769679568737,-0.5726092563234305,0.8605919422274357,-0.16284468609031386,1,0,1,0,0,0,0,1
0.5302380963112232,-1.6939798006080147,0.24311017582654537,-1.591841512721316,2.28,1.0061141223210677,1.2246964809398109,-0.9224723457267486,0.5071660932633963,-0.16284468609031386,1,0,0,0,1,0,0,1
0.03545915729608479,0.9184623749174399,-0.38099010915721715,1.4792353606960136,3.81,0.4905987735656104,-1.5319474151966916,-0.9224723457267486,0.5071660932633963,-0.16284468609031386,1,0,0,0,1,1,0,0
1.5197959743414997,-0.8560266499677748,-0.38099010915721715,-0.33549188268695374,2.85,-0.7122703735304569,1.5692769679568737,1.1767061906931597,-0.5531114536287215,-0.16284468609031386,1,0,0,1,0,1,0,0
-1.4488776597493298,-1.1517748207819771,-0.45033458526652453,0.36248013399880297,3.63,1.5216294710765246,-0.49820595414550334,-0.5726092563234305,1.5674436401555145,-0.16284468609031386,0,1,1,0,0,0,1,0
1.5197959743414997,0.5734228423008704,-1.1437793463595944,0.641668940673106,3.66,-0.1967550247749994,-0.8427864411625662,0.47698001188652356,-0.19968560466468235,-0.16284468609031386,0,1,0,1,0,0,1,0
-0.45931978171905347,0.3762573950914019,0.5898325563730802,0.22288573066165163,2.51,0.6624372231507626,1.5692769679568737,-0.5726092563234305,-1.2599631515568002,-0.16284468609031386,0,1,1,0,0,1,0,0
-0.9540987207341916,-0.7081525645606734,1.6299996980126854,-0.33549188268695374,3.91,-0.7122703735304569,-0.49820595414550334,1.1767061906931597,0.15374024429935695,-0.16284468609031386,0,1,0,0,1,0,0,1
0.03545915729608479,-1.3982316297938124,-1.074434870250287,-1.591841512721316,3.38,0.1469218743953056,1.5692769679568737,-0.5726092563234305,0.15374024429935695,-0.16284468609031386,0,1,0,0,1,0,0,1
1.5197959743414997,1.066336460324541,0.5898325563730802,1.4792353606960136,2.26,0.6624372231507626,0.5355355069056852,0.12711692248320564,0.8605919422274357,-0.16284468609031386,1,0,0,1,0,1,0,0
-1.4488776597493298,1.6085414401505784,0.6591770324823875,-0.05630307601265096,2.76,0.1469218743953056,1.5692769679568737,-1.6221985245333848,-0.5531114536287215,-0.16284468609031386,1,0,0,1,0,0,1,0
1.0250170353263615,-1.201066182584344,0.17376569971723863,-1.1730583027098618,3.73,-0.5404319239453045,-0.8427864411625662,-0.22274616692011243,0.5071660932633963,-0.16284468609031386,1,0,1,0,0,0,1,0
0.5302380963112232,0.2776746714866677,1.4913107457940709,0.22288573066165163,3.33,0.1469218743953056,-1.5319474151966916,0.47698001188652356,0.8605919422274357,-0.16284468609031386,1,0,0,0,1,0,1,0
1.0250170353263615,-0.4616957555488381,-0.7277124897037521,-1.1730583027098618,3.45,-0.8841088231156093,-1.5319474151966916,1.5265692800964776,-1.2599631515568002,-0.16284468609031386,1,0,0,1,0,0,0,1
1.0250170353263615,0.22838330968430062,0.797865984701001,0.36248013399880297,3.94,-0.8841088231156093,-0.49820595414550334,-0.9224723457267486,-0.9065373025927609,-0.16284468609031386,0,1,1,0,0,0,1,0
0.5302380963112232,-1.3982316297938124,1.4913107457940709,-1.1730583027098618,2.36,1.1779525719062198,1.2246964809398109,-1.6221985245333848,-0.9065373025927609,-0.16284468609031386,0,1,1,0,0,0,1,0
0.5302380963112232,1.115627822126908,-1.2131238224689012,-1.591841512721316,3.4,-0.1967550247749994,-0.8427864411625662,1.1767061906931597,0.5071660932633963,-0.16284468609031386,0,1,0,1,0,0,1,0
-0.9540987207341916,-0.3631130319441041,0.7285215085916943,-1.7314359160584674,2.18,-0.02491657518984685,-0.15362546712844055,-1.2723354351300666,-1.2599631515568002,-0.16284468609031386,0,1,1,0,0,0,0,1
0.03545915729608479,-1.201066182584344,0.8672104608103083,-0.893869496035559,2.27,0.1469218743953056,-0.8427864411625662,-1.2723354351300666,-0.5531114536287215,-0.16284468609031386,0,1,0,1,0,0,0,1
-0.45931978171905347,-0.6588612027583064,-1.6985351552340502,0.36248013399880297,3.25,-0.5404319239453045,0.8801159939227479,-0.5726092563234305,0.8605919422274357,-0.16284468609031386,1,0,0,1,0,0,1,0
1.0250170353263615,-1.2996489061890784,-0.5890235374851387,0.7812633440102569,2.8,1.5216294710765246,0.8801159939227479,-1.6221985245333848,0.8605919422274357,-0.16284468609031386,0,1,0,1,0,0,0,1
-1.4488776597493298,-0.5109871173512053,0.24311017582654537,-0.33549188268695374,2.35,1.3497910214913724,0.5355355069056852,-0.9224723457267486,-1.2599631515568002,-0.16284468609031386,1,0,0,1,0,0,0,1
-0.45931978171905347,-0.018073499327534777,0.8672104608103083,-1.1730583027098618,2.61,0.1469218743953056,1.2246964809398109,1.5265692800964776,-0.5531114536287215,-0.16284468609031386,1,0,0,1,0,0,0,1
-1.4488776597493298,0.7212969277079714,-1.0050903941409803,1.0604521506845597,2.55,1.3497910214913724,-0.49820595414550334,1.1767061906931597,-1.2599631515568002,-0.16284468609031386,1,0,0,0,1,1,0,0
-1.4488776597493298,-0.4616957555488381,-1.1437793463595944,0.641668940673106,3.58,0.3187603239804578,-0.49820595414550334,-0.5726092563234305,0.5071660932633963,-0.16284468609031386,1,0,0,0,1,0,0,1
1.5197959743414997,0.326966033289035,0.31245465193585265,0.7812633440102569,2.09,-1.399624171871067,0.1909550198886223,-0.5726092563234305,0.8605919422274357,-0.16284468609031386,0,1,0,0,1,1,0,0
-1.4488776597493298,-0.9053180117701416,0.31245465193585265,-0.47508628602410524,2.87,0.8342756727359152,-1.1873669281796289,0.12711692248320564,-0.9065373025927609,-0.16284468609031386,0,1,1,0,0,0,1,0
0.03545915729608479,-0.8560266499677748,0.45114360415446614,-0.47508628602410524,3.85,-1.0559472727007617,0.5355355069056852,1.1767061906931597,0.8605919422274357,-0.16284468609031386,1,0,0,0,1,1,0,0
-0.9540987207341916,0.524131480498503,0.38179912804515936,0.22288573066165163,2.58,-1.0559472727007617,-0.15362546712844055,0.47698001188652356,-0.9065373025927609,-0.16284468609031386,0,1,0,1,0,0,1,0
0.03545915729608479,-0.9053180117701416,0.5204880802637735,-1.591841512721316,3.98,1.1779525719062198,0.1909550198886223,-1.6221985245333848,-0.19968560466468235,-0.16284468609031386,0,1,1,0,0,0,1,0
-0.9540987207341916,-0.16594758473463583,0.38179912804515936,-0.893869496035559,2.12,-0.1967550247749994,-0.49820595414550334,0.8268431012898416,-1.6133890005208393,-0.16284468609031386,0,1,1,0,0,1,0,0
1.0250170353263615,0.2776746714866677,1.2139328413568427,1.4792353606960136,2.18,-0.8841088231156093,0.8801159939227479,0.8268431012898416,0.8605919422274357,-0.16284468609031386,1,0,0,0,1,1,0,0
-0.45931978171905347,0.5734228423008704,-0.24230115693860363,-1.4522471093841647,3.08,-0.7122703735304569,-0.15362546712844055,1.1767061906931597,0.5071660932633963,-0.16284468609031386,1,0,0,1,0,0,0,1
-1.4488776597493298,-1.4968143533985465,1.0058994130289225,0.08329132732450051,2.85,0.1469218743953056,-0.15362546712844055,0.47698001188652356,-1.6133890005208393,-0.16284468609031386,1,0,1,0,0,0,0,1
-0.45931978171905347,1.1649191839292752,1.2832773174661505,0.9208577473474083,3.34,0.3187603239804578,-1.1873669281796289,-0.5726092563234305,1.2140177911914751,-0.16284468609031386,1,0,0,0,1,1,0,0
-0.9540987207341916,0.08050922427719948,1.0058994130289225,1.618829764033165,2.54,-0.5404319239453045,-0.15362546712844055,0.8268431012898416,0.5071660932633963,-0.16284468609031386,0,1,0,0,1,1,0,0
-0.45931978171905347,-0.9053180117701416,1.4219662696847641,-1.3126527060470132,2.91,0.4905987735656104,0.1909550198886223,-0.9224723457267486,-1.6133890005208393,-0.16284468609031386,1,0,1,0,0,0,1,0
-1.4488776597493298,0.7705882895103383,-0.03426772861068207,1.4792353606960136,2.51,1.5216294710765246,0.1909550198886223,-1.6221985245333848,1.2140177911914751,-0.16284468609031386,1,0,1,0,0,0,1,0
0.5302380963112232,0.22838330968430062,0.5898325563730802,0.22288573066165163,3.83,-1.0559472727007617,0.8801159939227479,1.1767061906931597,1.2140177911914751,-0.16284468609031386,1,0,0,0,1,1,0,0
0.5302380963112232,0.3762573950914019,0.24311017582654537,0.22288573066165163,3.39,1.0061141223210677,1.5692769679568737,0.12711692248320564,0.8605919422274357,-0.16284468609031386,1,0,1,0,0,0,1,0
1.5197959743414997,1.3127932693363764,0.1044212236079314,1.618829764033165,2.74,-1.2277857222859143,-1.5319474151966916,1.5265692800964776,1.2140177911914751,-0.16284468609031386,0,1,0,0,1,0,0,1
-0.45931978171905347,-1.1024834589796102,-0.5196790613758313,1.4792353606960136,2.79,1.5216294710765246,-0.49820595414550334,-1.6221985245333848,-0.5531114536287215,-0.16284468609031386,0,1,1,0,0,0,0,1
0.5302380963112232,1.3620846311387431,0.9365549369196151,-0.893869496035559,2.03,0.1469218743953056,-0.8427864411625662,1.5265692800964776,0.15374024429935695,-0.16284468609031386,1,0,1,0,0,0,1,0
0.03545915729608479,-1.4968143533985465,1.0752438891382292,-1.4522471093841647,2.18,-0.7122703735304569,-0.49820595414550334,0.47698001188652356,-0.19968560466468235,-0.16284468609031386,1,0,0,1,0,0,0,1
1.0250170353263615,-1.1517748207819771,0.03507674749862466,0.22288573066165163,3.79,-1.399624171871067,-1.5319474151966916,0.12711692248320564,-1.2599631515568002,-0.16284468609031386,1,0,0,1,0,0,1,0
-1.4488776597493298,0.47484011869613607,0.17376569971723863,-0.19589747934980217,3.09,1.1779525719062198,1.5692769679568737,-1.6221985245333848,0.15374024429935695,-0.16284468609031386,1,0,1,0,0,1,0,0
1.5197959743414997,-1.201066182584344,-0.8664014419223662,1.0604521506845597,3.1,-1.2277857222859143,1.2246964809398109,1.1767061906931597,-0.9065373025927609,-0.16284468609031386,0,1,0,0,1,0,1,0
-0.45931978171905347,-0.018073499327534777,-0.7277124897037521,-0.7542750926984079,3.76,1.1779525719062198,-1.5319474151966916,0.8268431012898416,0.5071660932633963,-0.16284468609031386,1,0,1,0,0,1,0,0
-1.4488776597493298,-0.313821670141737,-0.45033458526652453,-1.4522471093841647,2.77,0.4905987735656104,1.5692769679568737,-0.9224723457267486,-1.6133890005208393,-0.16284468609031386,0,1,1,0,0,0,0,1
-0.9540987207341916,0.6227142041032372,-0.9357459180316736,1.2000465540217111,2.06,0.8342756727359152,0.5355355069056852,-0.22274616692011243,-1.2599631515568002,-0.16284468609031386,0,1,0,1,0,0,0,1
-1.4488776597493298,1.3127932693363764,-1.559846203015436,1.0604521506845597,2.65,1.0061141223210677,1.5692769679568737,1.1767061906931597,-0.9065373025927609,6.140820581921837,1,0,1,0,0,0,1,0
0.5302380963112232,-0.8067352881654076,0.7285215085916943,-0.47508628602410524,3.42,1.1779525719062198,-0.15362546712844055,0.12711692248320564,-0.9065373025927609,-0.16284468609031386,1,0,1,0,0,0,1,0
0.5302380963112232,0.8198796513127057,0.6591770324823875,-1.591841512721316,3.38,0.8342756727359152,-0.49820595414550334,0.47698001188652356,1.2140177911914751,-0.16284468609031386,0,1,0,1,0,0,1,0
1.0250170353263615,-1.6939798006080147,-1.074434870250287,1.2000465540217111,2.43,0.4905987735656104,1.2246964809398109,0.47698001188652356,0.15374024429935695,-0.16284468609031386,1,0,1,0,0,1,0,0
1.5197959743414997,0.326966033289035,-1.4905017269061294,-0.6146806893612563,2.29,0.4905987735656104,1.5692769679568737,0.8268431012898416,1.5674436401555145,6.140820581921837,0,1,0,1,0,0,0,1
-0.45931978171905347,0.22838330968430062,0.797865984701001,0.08329132732450051,2.52,0.6624372231507626,-1.5319474151966916,-0.5726092563234305,-0.9065373025927609,-0.16284468609031386,1,0,0,1,0,1,0,0
-1.4488776597493298,-1.1024834589796102,1.5606552219033776,-0.7542750926984079,3.25,0.8342756727359152,1.2246964809398109,1.1767061906931597,-1.6133890005208393,-0.16284468609031386,1,0,0,0,1,1,0,0
-0.45931978171905347,0.326966033289035,-0.5890235374851387,-0.33549188268695374,3.13,-1.5714626214562193,0.5355355069056852,1.1767061906931597,-0.5531114536287215,6.140820581921837,1,0,0,0,1,0,1,0
-1.4488776597493298,-0.5109871173512053,1.5606552219033776,-0.47508628602410524,3.5,0.4905987735656104,1.2246964809398109,-0.5726092563234305,-0.19968560466468235,-0.16284468609031386,1,0,1,0,0,1,0,0
0.03545915729608479,-0.5109871173512053,-1.559846203015436,-0.33549188268695374,3.98,-1.0559472727007617,-1.5319474151966916,0.47698001188652356,-1.2599631515568002,-0.16284468609031386,1,0,1,0,0,0,0,1
1.5197959743414997,1.5592500783482117,-1.559846203015436,1.2000465540217111,2.2,1.3497910214913724,0.8801159939227479,1.1767061906931597,-0.5531114536287215,6.140820581921837,0,1,0,1,0,0,1,0
1.0250170353263615,-1.2503575443867112,1.4913107457940709,0.641668940673106,3.53,1.5216294710765246,-1.1873669281796289,-0.22274616692011243,0.8605919422274357,-0.16284468609031386,1,0,1,0,0,0,1,0
-1.4488776597493298,0.2776746714866677,-1.3518127746875153,1.3396409573588626,2.54,0.6624372231507626,-1.1873669281796289,-0.9224723457267486,1.5674436401555145,-0.16284468609031386,1,0,0,0,1,1,0,0
0.03545915729608479,-1.2503575443867112,1.0058994130289225,0.9208577473474083,2.81,1.5216294710765246,1.5692769679568737,0.12711692248320564,0.15374024429935695,-0.16284468609031386,0,1,0,1,0,0,1,0
-0.45931978171905347,0.08050922427719948,1.3526217935754574,0.22288573066165163,3.9,-0.02491657518984685,-0.49820595414550334,1.5265692800964776,0.15374024429935695,-0.16284468609031386,0,1,0,1,0,1,0,0
0.5302380963112232,1.1649191839292752,-0.24230115693860363,0.9208577473474083,3.77,0.1469218743953056,1.2246964809398109,-0.5726092563234305,1.2140177911914751,-0.16284468609031386,1,0,0,0,1,0,0,1
1.0250170353263615,0.6720055659056046,-1.421157250796822,1.3396409573588626,2.09,1.3497910214913724,-1.5319474151966916,0.12711692248320564,0.15374024429935695,-0.16284468609031386,0,1,0,1,0,1,0,0
1.5197959743414997,-0.9053180117701416,-0.10361220471998943,-0.6146806893612563,3.91,0.3187603239804578,0.5355355069056852,-0.22274616692011243,0.5071660932633963,-0.16284468609031386,0,1,0,1,0,1,0,0
0.03545915729608479,1.6578328019529458,1.0752438891382292,-0.19589747934980217,3.47,0.8342756727359152,-0.8427864411625662,-0.22274616692011243,0.15374024429935695,-0.16284468609031386,0,1,0,0,1,1,0,0
0.03545915729608479,1.4113759929411105,-0.6583680135944454,0.08329132732450051,2.13,-1.2277857222859143,0.5355355069056852,1.1767061906931597,1.2140177911914751,6.140820581921837,1,0,0,0,1,1,0,0
0.5302380963112232,-1.1024834589796102,-1.074434870250287,-0.05630307601265096,2.07,-1.2277857222859143,-0.8427864411625662,0.47698001188652356,0.5071660932633963,-0.16284468609031386,1,0,0,1,0,0,0,1
-1.4488776597493298,1.263501907534009,-0.5196790613758313,0.5020745373359545,3.52,1.1779525719062198,-1.5319474151966916,-1.6221985245333848,-0.9065373025927609,-0.16284468609031386,0,1,1,0,0,0,1,0
0.03545915729608479,1.1649191839292752,0.24311017582654537,-0.893869496035559,3.33,-0.02491657518984685,0.5355355069056852,1.1767061906931597,-0.5531114536287215,-0.16284468609031386,0,1,0,1,0,0,0,1
0.03545915729608479,0.524131480498503,1.0058994130289225,0.36248013399880297,3.91,-0.7122703735304569,0.5355355069056852,-0.9224723457267486,1.5674436401555145,-0.16284468609031386,1,0,0,0,1,0,0,1
0.03545915729608479,0.326966033289035,1.144588365247536,0.5020745373359545,2.67,1.1779525719062198,1.2246964809398109,1.5265692800964776,1.5674436401555145,-0.16284468609031386,1,0,0,0,1,0,0,1
0.5302380963112232,-0.018073499327534777,-1.074434870250287,-1.7314359160584674,3.44,0.3187603239804578,-0.15362546712844055,-0.9224723457267486,-1.6133890005208393,-0.16284468609031386,0,1,1,0,0,0,0,1
-0.9540987207341916,-0.4616957555488381,-1.6985351552340502,-0.47508628602410524,3.83,-0.8841088231156093,-1.5319474151966916,-0.22274616692011243,-1.2599631515568002,-0.16284468609031386,0,1,0,0,1,0,0,1
1.5197959743414997,1.3127932693363764,-1.0050903941409803,0.641668940673106,2.5,-0.5404319239453045,0.1909550198886223,1.1767061906931597,-1.2599631515568002,-0.16284468609031386,0,1,0,1,0,1,0,0
0.5302380963112232,0.9184623749174399,1.4913107457940709,0.7812633440102569,2.57,0.4905987735656104,1.2246964809398109,1.5265692800964776,-0.19968560466468235,-0.16284468609031386,0,1,0,0,1,0,1,0
-0.45931978171905347,1.263501907534009,0.03507674749862466,-1.4522471093841647,3.94,-1.399624171871067,-0.49820595414550334,0.47698001188652356,-1.6133890005208393,-0.16284468609031386,0,1,1,0,0,0,0,1
1.0250170353263615,-1.6446884388056477,-1.6291906791247435,-0.893869496035559,3.04,1.0061141223210677,-1.5319474151966916,-0.9224723457267486,0.15374024429935695,-0.16284468609031386,0,1,1,0,0,0,1,0
1.5197959743414997,1.0170450985221737,1.6299996980126854,-1.1730583027098618,3.84,-1.2277857222859143,1.5692769679568737,1.5265692800964776,0.15374024429935695,-0.16284468609031386,0,1,0,0,1,1,0,0
1.5197959743414997,0.9677537367198067,-0.03426772861068207,-0.893869496035559,3.71,0.3187603239804578,0.8801159939227479,1.1767061906931597,0.8605919422274357,-0.16284468609031386,1,0,0,0,1,0,1,0
0.03545915729608479,-1.2503575443867112,-1.421157250796822,-1.4522471093841647,2.68,-0.36859347436015183,-1.5319474151966916,-0.5726092563234305,1.5674436401555145,-0.16284468609031386,0,1,0,0,1,0,0,1
-1.4488776597493298,-1.003900735374876,-0.7970569658130595,-1.3126527060470132,3.12,-1.0559472727007617,-0.8427864411625662,-0.22274616692011243,-0.9065373025927609,-0.16284468609031386,0,1,0,1,0,1,0,0
1.5197959743414997,-1.201066182584344,1.6299996980126854,0.7812633440102569,2.22,0.3187603239804578,-0.15362546712844055,-0.22274616692011243,-0.9065373025927609,-0.16284468609031386,0,1,0,1,0,1,0,0
0.03545915729608479,1.263501907534009,1.6299996980126854,0.08329132732450051,3.99,-0.36859347436015183,0.1909550198886223,1.5265692800964776,0.8605919422274357,-0.16284468609031386,1,0,0,0,1,0,1,0
1.5197959743414997,1.115627822126908,-1.421157250796822,0.5020745373359545,3.69,-1.0559472727007617,-0.8427864411625662,-1.2723354351300666,0.8605919422274357,-0.16284468609031386,1,0,1,0,0,1,0,0
-1.4488776597493298,0.326966033289035,-0.7277124897037521,-1.3126527060470132,2.39,1.6934679206616772,0.8801159939227479,-0.9224723457267486,1.5674436401555145,-0.16284468609031386,0,1,1,0,0,0,1,0
1.5197959743414997,1.214210545731642,-1.3518127746875153,0.7812633440102569,3.26,1.1779525719062198,1.2246964809398109,1.5265692800964776,-0.9065373025927609,6.140820581921837,0,1,0,0,1,1,0,0
1.5197959743414997,1.115627822126908,1.3526217935754574,0.36248013399880297,2.6,0.8342756727359152,0.5355355069056852,-1.2723354351300666,-1.2599631515568002,-0.16284468609031386,0,1,0,0,1,0,1,0
0.03545915729608479,-0.3631130319441041,-0.7970569658130595,-0.33549188268695374,2.04,0.8342756727359152,-0.15362546712844055,1.5265692800964776,-0.19968560466468235,-0.16284468609031386,1,0,0,0,1,1,0,0
-0.9540987207341916,-0.8067352881654076,0.5204880802637735,0.36248013399880297,3.96,0.8342756727359152,1.2246964809398109,1.5265692800964776,-0.5531114536287215,-0.16284468609031386,0,1,0,1,0,0,0,1
0.03545915729608479,-0.4616957555488381,0.1044212236079314,-1.4522471093841647,2.25,1.5216294710765246,-0.49820595414550334,-1.6221985245333848,0.8605919422274357,-0.16284468609031386,0,1,0,1,0,0,1,0
-1.4488776597493298,-0.2645303083393699,1.2832773174661505,-1.591841512721316,3.71,-1.5714626214562193,-1.1873669281796289,0.12711692248320564,-1.6133890005208393,-0.16284468609031386,0,1,1,0,0,0,1,0
0.5302380963112232,1.4606673547434774,-1.2131238224689012,0.5020745373359545,2.55,-1.5714626214562193,-0.8427864411625662,1.1767061906931597,-1.6133890005208393,-0.16284468609031386,1,0,1,0,0,1,0,0
0.03545915729608479,0.7212969277079714,1.5606552219033776,-0.33549188268695374,3.76,-1.5714626214562193,-1.1873669281796289,-0.22274616692011243,-0.5531114536287215,-0.16284468609031386,1,0,1,0,0,0,0,1
0.03545915729608479,-0.4616957555488381,-0.24230115693860363,1.4792353606960136,3.8,-1.5714626214562193,-1.1873669281796289,-1.6221985245333848,0.5071660932633963,-0.16284468609031386,1,0,0,1,0,1,0,0
1.5197959743414997,0.08050922427719948,1.2139328413568427,-0.7542750926984079,2.83,0.3187603239804578,-0.15362546712844055,1.1767061906931597,1.2140177911914751,-0.16284468609031386,0,1,1,0,0,1,0,0
-1.4488776597493298,-1.2503575443867112,0.1044212236079314,-1.1730583027098618,3.34,0.8342756727359152,-0.15362546712844055,1.1767061906931597,-0.5531114536287215,-0.16284468609031386,0,1,0,1,0,1,0,0
-1.4488776597493298,1.6085414401505784,0.5204880802637735,-0.6146806893612563,3.31,-0.36859347436015183,1.2246964809398109,-1.2723354351300666,-0.5531114536287215,-0.16284468609031386,0,1,0,0,1,1,0,0
1.5197959743414997,0.6720055659056046,0.6591770324823875,-1.4522471093841647,3.27,1.1779525719062198,-1.5319474151966916,1.1767061906931597,1.2140177911914751,-0.16284468609031386,0,1,0,0,1,1,0,0
1.5197959743414997,1.5592500783482117,1.3526217935754574,1.4792353606960136,3.43,-1.399624171871067,0.5355355069056852,0.12711692248320564,0.15374024429935695,-0.16284468609031386,0,1,0,0,1,0,0,1
-1.4488776597493298,-1.1517748207819771,-0.7277124897037521,-0.7542750926984079,2.33,-0.36859347436015183,1.5692769679568737,-0.9224723457267486,-0.5531114536287215,-0.16284468609031386,0,1,0,0,1,0,0,1
1.0250170353263615,1.5592500783482117,0.797865984701001,1.618829764033165,3.81,-0.8841088231156093,1.5692769679568737,-0.9224723457267486,0.15374024429935695,-0.16284468609031386,1,0,0,0,1,1,0,0
1.0250170353263615,-0.6588612027583064,-0.31164563304791043,-0.33549188268695374,3.36,0.8342756727359152,1.2246964809398109,0.47698001188652356,1.5674436401555145,-0.16284468609031386,0,1,0,1,0,1,0,0
0.03545915729608479,-1.2503575443867112,0.9365549369196151,-1.7314359160584674,2.81,0.6624372231507626,1.5692769679568737,-1.2723354351300666,-0.5531114536287215,-0.16284468609031386,0,1,0,0,1,1,0,0
-0.45931978171905347,0.8198796513127057,-0.8664014419223662,-1.0334638993727105,3.94,0.6624372231507626,-0.15362546712844055,-1.2723354351300666,0.5071660932633963,-0.16284468609031386,1,0,1,0,0,0,1,0
1.5197959743414997,-1.053192097177243,1.5606552219033776,-0.19589747934980217,2.4,-1.5714626214562193,-1.1873669281796289,1.1767061906931597,0.5071660932633963,-0.16284468609031386,1,0,0,1,0,0,0,1
-0.45931978171905347,-0.5602784791535723,1.0752438891382292,-1.0334638993727105,2.31,-0.02491657518984685,-0.49820595414550334,0.47698001188652356,0.15374024429935695,-0.16284468609031386,0,1,1,0,0,1,0,0
1.5197959743414997,0.7212969277079714,-1.559846203015436,-1.1730583027098618,2.41,-0.36859347436015183,0.5355355069056852,1.1767061906931597,1.2140177911914751,6.140820581921837,0,1,0,1,0,0,0,1
0.03545915729608479,0.3762573950914019,-0.5890235374851387,1.0604521506845597,2.73,0.4905987735656104,0.5355355069056852,1.5265692800964776,-0.5531114536287215,6.140820581921837,1,0,1,0,0,0,0,1
0.5302380963112232,0.47484011869613607,-0.10361220471998943,-1.3126527060470132,2.59,1.0061141223210677,0.1909550198886223,0.8268431012898416,0.5071660932633963,-0.16284468609031386,1,0,0,1,0,1,0,0
0.5302380963112232,-0.4616957555488381,-0.24230115693860363,1.4792353606960136,2.39,-0.7122703735304569,0.1909550198886223,0.8268431012898416,-0.19968560466468235,-0.16284468609031386,0,1,1,0,0,0,1,0
0.5302380963112232,-0.41240439374647103,-0.10361220471998943,-0.6146806893612563,2.7,0.1469218743953056,-1.1873669281796289,0.12711692248320564,1.2140177911914751,-0.16284468609031386,1,0,0,1,0,0,0,1
0.03545915729608479,1.4113759929411105,0.6591770324823875,-1.1730583027098618,3.7,0.4905987735656104,1.5692769679568737,0.12711692248320564,-1.2599631515568002,-0.16284468609031386,1,0,0,1,0,0,0,1
-1.4488776597493298,0.3762573950914019,-0.31164563304791043,-1.0334638993727105,2.92,-0.5404319239453045,-0.8427864411625662,0.8268431012898416,-0.19968560466468235,-0.16284468609031386,0,1,0,1,0,1,0,0
1.0250170353263615,0.1298005860795664,-0.6583680135944454,0.08329132732450051,2.9,-0.7122703735304569,0.1909550198886223,-1.2723354351300666,-0.19968560466468235,-0.16284468609031386,1,0,0,1,0,0,1,0
-1.4488776597493298,-0.5602784791535723,-1.3518127746875153,-1.7314359160584674,3.71,-0.02491657518984685,-1.5319474151966916,1.5265692800964776,-1.6133890005208393,-0.16284468609031386,0,1,0,0,1,0,0,1
0.5302380963112232,1.214210545731642,1.6993441741219921,-1.591841512721316,3.67,-1.399624171871067,1.2246964809398109,-1.2723354351300666,-0.5531114536287215,-0.16284468609031386,1,0,0,0,1,0,0,1
-0.45931978171905347,0.4255487568937692,0.5204880802637735,-0.7542750926984079,3.32,0.4905987735656104,0.5355355069056852,0.8268431012898416,-1.6133890005208393,-0.16284468609031386,0,1,0,1,0,1,0,0
0.5302380963112232,0.3762573950914019,-0.03426772861068207,1.618829764033165,2.42,0.1469218743953056,-0.8427864411625662,0.8268431012898416,-0.9065373025927609,-0.16284468609031386,0,1,0,1,0,0,1,0
-0.9540987207341916,-1.3489402679914455,-0.9357459180316736,1.3396409573588626,3.47,-1.399624171871067,0.8801159939227479,-0.5726092563234305,0.15374024429935695,-0.16284468609031386,0,1,1,0,0,0,1,0
-0.45931978171905347,-0.018073499327534777,-0.17295668082929627,1.4792353606960136,2.74,-1.5714626214562193,-1.1873669281796289,-0.9224723457267486,-0.19968560466468235,-0.16284468609031386,0,1,0,0,1,1,0,0
0.5302380963112232,0.4255487568937692,0.45114360415446614,1.0604521506845597,2.68,1.0061141223210677,-0.8427864411625662,-0.22274616692011243,0.5071660932633963,-0.16284468609031386,1,0,0,0,1,0,1,0
-1.4488776597493298,-0.4616957555488381,1.4913107457940709,-1.4522471093841647,2.42,-1.399624171871067,-1.1873669281796289,0.12711692248320564,0.8605919422274357,-0.16284468609031386,0,1,0,1,0,0,0,1
-0.9540987207341916,0.5734228423008704,1.6993441741219921,-1.4522471093841647,2.17,0.4905987735656104,1.5692769679568737,-0.5726092563234305,-0.9065373025927609,-0.16284468609031386,1,0,0,1,0,1,0,0
-0.45931978171905347,0.47484011869613607,0.5898325563730802,1.0604521506845597,3.67,-0.8841088231156093,-0.49820595414550334,-0.9224723457267486,0.15374024429935695,-0.16284468609031386,1,0,1,0,0,0,1,0
-0.9540987207341916,0.3762573950914019,-1.2131238224689012,-0.893869496035559,3.68,1.3497910214913724,1.5692769679568737,0.8268431012898416,1.5674436401555145,6.140820581921837,1,0,1,0,0,1,0,0
-0.45931978171905347,-0.9053180117701416,-0.7277124897037521,-0.19589747934980217,2.34,-1.2277857222859143,-1.1873669281796289,0.12711692248320564,0.8605919422274357,-0.16284468609031386,0,1,0,1,0,1,0,0
-0.9540987207341916,0.9184623749174399,-0.5890235374851387,-1.3126527060470132,4.0,1.5216294710765246,-0.15362546712844055,-1.6221985245333848,-0.9065373025927609,-0.16284468609031386,0,1,0,1,0,0,0,1
0.03545915729608479,0.22838330968430062,-0.10361220471998943,1.7584241673703165,3.72,1.0061141223210677,-0.15362546712844055,1.5265692800964776,-0.9065373025927609,-0.16284468609031386,0,1,0,0,1,0,0,1
-1.4488776597493298,-1.003900735374876,-1.2824682985782085,-0.19589747934980217,3.22,-0.1967550247749994,0.1909550198886223,-0.5726092563234305,-0.9065373025927609,-0.16284468609031386,1,0,0,1,0,0,0,1
1.0250170353263615,-1.1517748207819771,-1.3518127746875153,0.36248013399880297,2.49,-0.36859347436015183,-1.5319474151966916,0.47698001188652356,0.15374024429935695,-0.16284468609031386,0,1,1,0,0,1,0,0
0.03545915729608479,-0.21523894653700315,-0.6583680135944454,0.22288573066165163,2.65,0.8342756727359152,-0.15362546712844055,0.47698001188652356,1.2140177911914751,-0.16284468609031386,0,1,1,0,0,0,1,0
0.03545915729608479,-0.8560266499677748,0.6591770324823875,0.36248013399880297,3.4,1.0061141223210677,-0.49820595414550334,-1.6221985245333848,-1.6133890005208393,-0.16284468609031386,1,0,0,0,1,0,1,0
0.5302380963112232,-1.6939798006080147,1.2139328413568427,1.3396409573588626,2.84,-1.399624171871067,-1.1873669281796289,-0.5726092563234305,-1.6133890005208393,-0.16284468609031386,1,0,0,0,1,1,0,0
-1.4488776597493298,1.214210545731642,-0.5196790613758313,-0.19589747934980217,3.45,0.3187603239804578,0.5355355069056852,-1.6221985245333848,1.5674436401555145,-0.16284468609031386,0,1,1,0,0,0,0,1
1.0250170353263615,-0.9546093735725087,1.0058994130289225,0.7812633440102569,2.43,-1.5714626214562193,-0.15362546712844055,-1.6221985245333848,0.15374024429935695,-0.16284468609031386,0,1,0,0,1,1,0,0
-1.4488776597493298,-0.9546093735725087,-0.24230115693860363,-0.47508628602410524,2.11,-1.0559472727007617,0.5355355069056852,-0.22274616692011243,1.5674436401555145,-0.16284468609031386,1,0,0,0,1,1,0,0
-0.9540987207341916,-0.5602784791535723,-1.2824682985782085,0.36248013399880297,2.27,1.5216294710765246,0.5355355069056852,1.5265692800964776,0.15374024429935695,-0.16284468609031386,0,1,0,1,0,1,0,0
-0.9540987207341916,1.6578328019529458,-0.5196790613758313,-0.19589747934980217,3.67,-0.7122703735304569,-0.49820595414550334,-0.9224723457267486,-0.5531114536287215,-0.16284468609031386,0,1,0,1,0,0,0,1
-1.4488776597493298,0.2776746714866677,-0.7970569658130595,1.2000465540217111,2.95,0.3187603239804578,-1.1873669281796289,0.12711692248320564,1.5674436401555145,-0.16284468609031386,0,1,0,0,1,0,0,1
-1.4488776597493298,-0.8560266499677748,-0.03426772861068207,-0.47508628602410524,2.38,0.6624372231507626,-0.49820595414550334,0.8268431012898416,1.5674436401555145,-0.16284468609031386,1,0,1,0,0,0,0,1
1.5197959743414997,-0.5602784791535723,-1.4905017269061294,-1.4522471093841647,2.17,-0.5404319239453045,-0.8427864411625662,-1.6221985245333848,-0.5531114536287215,-0.16284468609031386,1,0,0,0,1,1,0,0
1.0250170353263615,0.8691710131150725,0.31245465193585265,-1.0334638993727105,3.22,-0.36859347436015183,-0.49820595414550334,0.12711692248320564,-1.6133890005208393,-0.16284468609031386,0,1,1,0,0,0,0,1
0.5302380963112232,-1.6939798006080147,-1.2824682985782085,1.0604521506845597,3.93,-1.2277857222859143,1.5692769679568737,0.12711692248320564,-1.2599631515568002,-0.16284468609031386,1,0,0,0,1,1,0,0
1.5197959743414997,-0.3631130319441041,0.45114360415446614,1.0604521506845597,3.81,-0.1967550247749994,0.1909550198886223,1.1767061906931597,-0.5531114536287215,-0.16284468609031386,0,1,0,1,0,0,1,0
-1.4488776597493298,-1.201066182584344,-1.6291906791247435,-0.19589747934980217,2.12,1.3497910214913724,1.5692769679568737,1.1767061906931597,0.15374024429935695,-0.16284468609031386,0,1,0,1,0,1,0,0
0.5302380963112232,0.8198796513127057,-0.24230115693860363,0.9208577473474083,3.05,1.3497910214913724,-0.8427864411625662,0.12711692248320564,0.8605919422274357,-0.16284468609031386,1,0,1,0,0,1,0,0
1.5197959743414997,1.115627822126908,1.3526217935754574,0.5020745373359545,3.15,1.6934679206616772,-0.49820595414550334,1.5265692800964776,-1.6133890005208393,-0.16284468609031386,0,1,0,1,0,0,0,1
-0.9540987207341916,0.326966033289035,-0.6583680135944454,-0.19589747934980217,3.08,-0.8841088231156093,-0.8427864411625662,0.8268431012898416,-1.6133890005208393,-0.16284468609031386,0,1,0,1,0,0,0,1
-0.45931978171905347,-0.41240439374647103,-1.6985351552340502,-1.1730583027098618,3.0,0.6624372231507626,-1.5319474151966916,0.8268431012898416,1.5674436401555145,-0.16284468609031386,0,1,1,0,0,0,0,1
1.5197959743414997,-1.053192097177243,0.7285215085916943,0.08329132732450051,2.35,0.6624372231507626,-0.8427864411625662,0.8268431012898416,0.15374024429935695,-0.16284468609031386,0,1,1,0,0,0,1,0
-1.4488776597493298,-1.201066182584344,-0.45033458526652453,1.3396409573588626,3.83,1.5216294710765246,-0.49820595414550334,0.12711692248320564,0.15374024429935695,-0.16284468609031386,0,1,0,0,1,0,1,0
0.5302380963112232,-0.9546093735725087,-1.559846203015436,-1.4522471093841647,3.02,1.0061141223210677,0.5355355069056852,-0.5726092563234305,0.5071660932633963,-0.16284468609031386,1,0,0,0,1,0,1,0
1.5197959743414997,0.9677537367198067,-0.31164563304791043,-0.33549188268695374,2.12,1.1779525719062198,0.8801159939227479,-0.22274616692011243,0.5071660932633963,-0.16284468609031386,0,1,0,1,0,0,0,1
0.03545915729608479,-0.5602784791535723,-0.7970569658130595,0.08329132732450051,3.33,-1.2277857222859143,1.2246964809398109,-1.2723354351300666,-0.5531114536287215,-0.16284468609031386,1,0,0,1,0,0,1,0
0.03545915729608479,-1.3982316297938124,-1.4905017269061294,-0.47508628602410524,3.27,0.3187603239804578,1.5692769679568737,-0.5726092563234305,1.5674436401555145,-0.16284468609031386,0,1,1,0,0,0,0,1
-1.4488776597493298,0.524131480498503,-1.421157250796822,1.618829764033165,3.19,-0.1967550247749994,0.1909550198886223,-0.9224723457267486,-0.5531114536287215,-0.16284468609031386,0,1,1,0,0,0,0,1
-0.45931978171905347,1.7071241637553127,-0.5196790613758313,-0.6146806893612563,3.54,-1.5714626214562193,1.2246964809398109,0.47698001188652356,-0.19968560466468235,6.140820581921837,1,0,1,0,0,1,0,0
-0.45931978171905347,0.5734228423008704,1.3526217935754574,-0.6146806893612563,2.48,-0.1967550247749994,-0.15362546712844055,-1.2723354351300666,-0.5531114536287215,-0.16284468609031386,1,0,0,1,0,1,0,0
0.03545915729608479,-0.2645303083393699,-0.7277124897037521,1.3396409573588626,2.88,0.3187603239804578,-0.49820595414550334,1.5265692800964776,-1.6133890005208393,-0.16284468609031386,1,0,0,0,1,0,0,1
-1.4488776597493298,-0.5109871173512053,-0.7970569658130595,-0.05630307601265096,2.2,-0.36859347436015183,0.1909550198886223,1.5265692800964776,0.8605919422274357,-0.16284468609031386,1,0,0,1,0,1,0,0
-0.45931978171905347,-0.16594758473463583,-0.6583680135944454,-0.6146806893612563,3.49,-0.8841088231156093,-1.1873669281796289,-0.22274616692011243,-1.2599631515568002,-0.16284468609031386,1,0,0,0,1,0,1,0
1.5197959743414997,-0.313821670141737,0.6591770324823875,1.0604521506845597,3.74,-1.2277857222859143,-0.15362546712844055,0.8268431012898416,-0.9065373025927609,-0.16284468609031386,1,0,0,0,1,0,0,1
0.5302380963112232,1.066336460324541,-1.4905017269061294,-1.591841512721316,3.76,-1.7433010710413717,-1.1873669281796289,-1.6221985245333848,0.5071660932633963,-0.16284468609031386,1,0,0,1,0,0,1,0
-0.45931978171905347,1.066336460324541,-1.4905017269061294,0.08329132732450051,3.69,-0.5404319239453045,-1.1873669281796289,0.8268431012898416,0.5071660932633963,-0.16284468609031386,0,1,1,0,0,1,0,0
-0.9540987207341916,-0.5602784791535723,-0.5890235374851387,-0.05630307601265096,3.38,-1.2277857222859143,1.2246964809398109,-0.9224723457267486,-1.6133890005208393,-0.16284468609031386,1,0,0,1,0,1,0,0
0.03545915729608479,0.22838330968430062,-1.4905017269061294,-1.4522471093841647,3.68,0.3187603239804578,0.1909550198886223,-1.2723354351300666,-0.5531114536287215,-0.16284468609031386,0,1,0,0,1,0,1,0
1.0250170353263615,-0.3631130319441041,-0.38099010915721715,-1.0334638993727105,2.22,-0.7122703735304569,1.2246964809398109,1.5265692800964776,1.2140177911914751,-0.16284468609031386,1,0,0,1,0,0,1,0
-0.45931978171905347,1.3620846311387431,0.5898325563730802,1.4792353606960136,2.46,-1.2277857222859143,-1.1873669281796289,0.47698001188652356,-0.19968560466468235,-0.16284468609031386,1,0,0,0,1,0,1,0
1.0250170353263615,1.3127932693363764,-1.0050903941409803,-0.47508628602410524,3.65,0.1469218743953056,0.8801159939227479,0.8268431012898416,-0.5531114536287215,6.140820581921837,1,0,0,0,1,0,1,0
-0.45931978171905347,-0.7081525645606734,-1.559846203015436,0.5020745373359545,3.21,0.1469218743953056,0.8801159939227479,-1.2723354351300666,1.5674436401555145,-0.16284468609031386,1,0,1,0,0,0,0,1
-0.45931978171905347,1.7071241637553127,-1.421157250796822,-1.4522471093841647,2.62,1.0061141223210677,0.1909550198886223,0.47698001188652356,-1.2599631515568002,-0.16284468609031386,1,0,0,1,0,1,0,0
-0.45931978171905347,-0.11665622293226896,0.7285215085916943,-0.893869496035559,2.06,1.3497910214913724,-0.15362546712844055,0.47698001188652356,-1.2599631515568002,-0.16284468609031386,0,1,0,1,0,0,0,1
-0.9540987207341916,-0.2645303083393699,-0.9357459180316736,-0.893869496035559,3.98,0.4905987735656104,-0.15362546712844055,-0.5726092563234305,1.2140177911914751,-0.16284468609031386,1,0,0,0,1,0,0,1
-0.45931978171905347,1.1649191839292752,-0.5890235374851387,-0.47508628602410524,2.09,-0.5404319239453045,1.2246964809398109,-0.22274616692011243,1.2140177911914751,-0.16284468609031386,0,1,0,0,1,0,1,0
-1.4488776597493298,1.214210545731642,-1.421157250796822,-1.1730583027098618,3.67,-1.0559472727007617,-0.15362546712844055,-0.9224723457267486,0.15374024429935695,-0.16284468609031386,0,1,0,0,1,0,1,0
-1.4488776597493298,0.8198796513127057,1.4913107457940709,0.08329132732450051,2.19,-0.5404319239453045,0.8801159939227479,-0.5726092563234305,0.5071660932633963,-0.16284468609031386,0,1,0,1,0,1,0,0
-0.45931978171905347,1.5592500783482117,1.0752438891382292,-0.6146806893612563,3.78,0.1469218743953056,-1.5319474151966916,0.12711692248320564,-0.19968560466468235,-0.16284468609031386,0,1,0,1,0,0,0,1
1.5197959743414997,0.2776746714866677,-0.10361220471998943,0.7812633440102569,2.55,1.6934679206616772,0.1909550198886223,1.1767061906931597,0.5071660932633963,-0.16284468609031386,1,0,1,0,0,0,0,1
-0.45931978171905347,-1.7432711624103818,1.4219662696847641,0.36248013399880297,3.77,1.5216294710765246,-0.49820595414550334,-1.6221985245333848,0.5071660932633963,-0.16284468609031386,0,1,0,0,1,1,0,0
-0.45931978171905347,-1.6939798006080147,-1.2824682985782085,0.08329132732450051,2.35,0.1469218743953056,1.5692769679568737,0.12711692248320564,0.15374024429935695,-0.16284468609031386,1,0,0,1,0,0,0,1
-1.4488776597493298,1.214210545731642,-1.074434870250287,-0.7542750926984079,3.61,-1.399624171871067,-1.1873669281796289,-0.9224723457267486,-0.19968560466468235,-0.16284468609031386,1,0,0,1,0,0,0,1
-0.45931978171905347,-0.9053180117701416,0.9365549369196151,0.08329132732450051,3.9,0.6624372231507626,-0.15362546712844055,0.8268431012898416,1.2140177911914751,-0.16284468609031386,1,0,1,0,0,0,1,0
1.0250170353263615,-1.003900735374876,-1.559846203015436,-0.47508628602410524,3.9,-0.5404319239453045,-0.15362546712844055,-1.2723354351300666,-0.9065373025927609,-0.16284468609031386,0,1,0,1,0,1,0,0
1.0250170353263615,-1.1024834589796102,-1.4905017269061294,-1.1730583027098618,3.27,-1.5714626214562193,-0.15362546712844055,1.1767061906931597,1.5674436401555145,-0.16284468609031386,1,0,0,0,1,1,0,0
0.5302380963112232,-0.9053180117701416,0.1044212236079314,-0.19589747934980217,3.36,1.0061141223210677,-0.8427864411625662,-1.6221985245333848,-1.2599631515568002,-0.16284468609031386,1,0,0,0,1,1,0,0
-0.9540987207341916,-0.6588612027583064,-0.7277124897037521,1.2000465540217111,3.18,-0.1967550247749994,1.2246964809398109,-1.6221985245333848,0.5071660932633963,-0.16284468609031386,0,1,0,1,0,0,1,0
1.0250170353263615,-0.3631130319441041,-0.7970569658130595,0.7812633440102569,3.42,-1.0559472727007617,-0.49820595414550334,0.8268431012898416,-1.2599631515568002,-0.16284468609031386,1,0,1,0,0,0,1,0
-0.9540987207341916,-0.21523894653700315,-0.7277124897037521,0.9208577473474083,2.71,0.4905987735656104,1.2246964809398109,-0.22274616692011243,1.5674436401555145,-0.16284468609031386,1,0,0,0,1,0,1,0
-1.4488776597493298,-1.1024834589796102,0.1044212236079314,-0.47508628602410524,3.74,0.8342756727359152,0.1909550198886223,1.5265692800964776,-1.6133890005208393,-0.16284468609031386,1,0,0,0,1,0,0,1
-0.45931978171905347,1.7071241637553127,-1.2131238224689012,-1.591841512721316,3.01,1.3497910214913724,-1.1873669281796289,1.1767061906931597,1.5674436401555145,-0.16284468609031386,0,1,0,1,0,0,0,1
-0.45931978171905347,-0.8067352881654076,-0.03426772861068207,-1.4522471093841647,3.41,1.0061141223210677,-0.8427864411625662,1.5265692800964776,0.5071660932633963,-0.16284468609031386,1,0,0,0,1,0,1,0
1.5197959743414997,-0.06736486112990164,-1.0050903941409803,1.4792353606960136,2.69,-1.0559472727007617,-0.8427864411625662,0.8268431012898416,0.8605919422274357,-0.16284468609031386,1,0,1,0,0,1,0,0
1.0250170353263615,-0.7081525645606734,0.24311017582654537,0.36248013399880297,3.77,0.6624372231507626,-1.5319474151966916,-0.9224723457267486,-0.5531114536287215,-0.16284468609031386,1,0,1,0,0,0,1,0
1.0250170353263615,1.6578328019529458,0.7285215085916943,0.36248013399880297,2.77,-0.1967550247749994,1.5692769679568737,-0.5726092563234305,-0.5531114536287215,-0.16284468609031386,0,1,0,0,1,0,1,0
-0.9540987207341916,-1.6446884388056477,0.38179912804515936,0.641668940673106,3.83,-0.36859347436015183,0.1909550198886223,1.5265692800964776,-0.19968560466468235,-0.16284468609031386,1,0,1,0,0,0,1,0
1.5197959743414997,-0.2645303083393699,0.6591770324823875,1.3396409573588626,3.41,0.6624372231507626,1.2246964809398109,-0.5726092563234305,0.5071660932633963,-0.16284468609031386,1,0,1,0,0,0,0,1
1.0250170353263615,-1.7432711624103818,0.45114360415446614,-1.3126527060470132,2.47,1.5216294710765246,-0.49820595414550334,-1.2723354351300666,-0.5531114536287215,-0.16284468609031386,0,1,0,1,0,1,0,0
1.5197959743414997,1.6578328019529458,-0.5196790613758313,0.9208577473474083,3.59,1.5216294710765246,-1.5319474151966916,1.1767061906931597,1.2140177911914751,-0.16284468609031386,1,0,0,1,0,1,0,0
-0.9540987207341916,0.8198796513127057,-1.421157250796822,-1.4522471093841647,3.45,-0.8841088231156093,1.2246964809398109,1.5265692800964776,-0.9065373025927609,6.140820581921837,0,1,0,0,1,0,0,1
0.03545915729608479,-1.003900735374876,-0.7277124897037521,0.7812633440102569,3.43,-0.8841088231156093,1.2246964809398109,-1.6221985245333848,-1.2599631515568002,-0.16284468609031386,1,0,0,1,0,1,0,0
0.03545915729608479,0.08050922427719948,1.2139328413568427,1.2000465540217111,3.05,-0.02491657518984685,-0.49820595414550334,0.47698001188652356,-1.2599631515568002,-0.16284468609031386,0,1,1,0,0,0,0,1
0.03545915729608479,0.8691710131150725,0.03507674749862466,-1.0334638993727105,2.52,-1.0559472727007617,-1.5319474151966916,1.5265692800964776,0.15374024429935695,-0.16284468609031386,0,1,0,1,0,0,1,0
0.5302380963112232,1.4606673547434774,-0.7277124897037521,0.7812633440102569,3.44,-1.0559472727007617,0.5355355069056852,1.1767061906931597,0.5071660932633963,6.140820581921837,1,0,0,0,1,0,0,1
1.0250170353263615,-1.2503575443867112,1.3526217935754574,-0.33549188268695374,2.83,0.3187603239804578,1.2246964809398109,-0.5726092563234305,-0.19968560466468235,-0.16284468609031386,0,1,0,0,1,0,1,0
-1.4488776597493298,0.8691710131150725,1.3526217935754574,-0.19589747934980217,2.03,0.8342756727359152,-0.15362546712844055,-0.9224723457267486,1.2140177911914751,-0.16284468609031386,1,0,0,1,0,0,0,1
0.03545915729608479,1.0170450985221737,1.6993441741219921,0.36248013399880297,3.44,1.1779525719062198,1.5692769679568737,1.1767061906931597,-0.9065373025927609,-0.16284468609031386,0,1,1,0,0,0,1,0
1.5197959743414997,-0.4616957555488381,-0.5890235374851387,-0.05630307601265096,3.57,0.8342756727359152,1.5692769679568737,-0.5726092563234305,-0.9065373025927609,-0.16284468609031386,1,0,1,0,0,0,1,0
0.03545915729608479,-0.6588612027583064,-1.2824682985782085,1.0604521506845597,2.62,1.3497910214913724,1.2246964809398109,-0.22274616692011243,-1.6133890005208393,-0.16284468609031386,1,0,1,0,0,0,1,0
-1.4488776597493298,-0.7081525645606734,-0.03426772861068207,-0.19589747934980217,3.69,-0.1967550247749994,-1.5319474151966916,-1.2723354351300666,-1.6133890005208393,-0.16284468609031386,1,0,0,1,0,0,0,1
1.0250170353263615,1.066336460324541,1.6299996980126854,0.22288573066165163,2.55,-0.02491657518984685,-0.15362546712844055,0.8268431012898416,-0.9065373025927609,-0.16284468609031386,0,1,0,1,0,0,1,0
0.5302380963112232,1.0170450985221737,1.2139328413568427,-1.4522471093841647,2.88,-0.36859347436015183,-1.5319474151966916,0.47698001188652356,0.5071660932633963,-0.16284468609031386,0,1,0,0,1,0,1,0
-0.9540987207341916,1.214210545731642,-1.3518127746875153,-0.19589747934980217,2.83,-1.0559472727007617,0.8801159939227479,-1.6221985245333848,0.5071660932633963,-0.16284468609031386,1,0,0,1,0,0,0,1
0.03545915729608479,0.1298005860795664,-0.9357459180316736,0.5020745373359545,2.49,1.0061141223210677,-0.49820595414550334,1.1767061906931597,-1.6133890005208393,-0.16284468609031386,1,0,1,0,0,0,1,0
-1.4488776597493298,0.6227142041032372,-0.10361220471998943,-0.893869496035559,3.09,-0.1967550247749994,0.8801159939227479,-0.5726092563234305,1.2140177911914751,-0.16284468609031386,1,0,0,1,0,0,0,1
1.5197959743414997,0.7212969277079714,-0.10361220471998943,1.4792353606960136,3.98,1.6934679206616772,-1.1873669281796289,0.12711692248320564,-1.2599631515568002,-0.16284468609031386,1,0,1,0,0,0,0,1
-0.45931978171905347,-0.2645303083393699,-0.8664014419223662,0.08329132732450051,3.3,-0.5404319239453045,1.5692769679568737,-0.22274616692011243,-1.6133890005208393,-0.16284468609031386,0,1,1,0,0,0,0,1
-0.9540987207341916,0.6227142041032372,-1.1437793463595944,1.2000465540217111,2.08,-0.36859347436015183,0.1909550198886223,-0.5726092563234305,1.2140177911914751,-0.16284468609031386,1,0,1,0,0,0,0,1
1.5197959743414997,0.326966033289035,0.797865984701001,-0.6146806893612563,3.89,0.8342756727359152,-0.49820595414550334,-0.22274616692011243,0.8605919422274357,-0.16284468609031386,0,1,0,1,0,1,0,0
0.5302380963112232,-0.8067352881654076,0.17376569971723863,-0.33549188268695374,3.62,-0.36859347436015183,1.5692769679568737,0.12711692248320564,-0.5531114536287215,-0.16284468609031386,0,1,1,0,0,0,0,1
1.0250170353263615,1.4606673547434774,0.7285215085916943,-0.47508628602410524,3.14,1.6934679206616772,-1.1873669281796289,1.1767061906931597,-1.2599631515568002,-0.16284468609031386,1,0,0,0,1,0,1,0
-1.4488776597493298,0.6227142041032372,-0.24230115693860363,-0.7542750926984079,3.81,1.3497910214913724,0.1909550198886223,1.5265692800964776,0.15374024429935695,-0.16284468609031386,1,0,0,1,0,0,0,1
-0.9540987207341916,1.5099587165458443,-0.45033458526652453,0.22288573066165163,3.49,1.1779525719062198,1.5692769679568737,-1.6221985245333848,-0.9065373025927609,-0.16284468609031386,0,1,0,1,0,1,0,0
-0.45931978171905347,-1.5953970770032808,0.797865984701001,-1.591841512721316,3.46,1.5216294710765246,-1.5319474151966916,-1.6221985245333848,-0.5531114536287215,-0.16284468609031386,1,0,0,0,1,0,1,0
-0.45931978171905347,-0.41240439374647103,-0.5196790613758313,-0.6146806893612563,3.24,-1.399624171871067,-0.49820595414550334,1.1767061906931597,1.5674436401555145,-0.16284468609031386,0,1,1,0,0,0,1,0
1.0250170353263615,-0.4616957555488381,-1.2131238224689012,1.0604521506845597,2.73,0.3187603239804578,1.2246964809398109,0.47698001188652356,0.15374024429935695,-0.16284468609031386,0,1,0,1,0,0,0,1
-0.45931978171905347,0.9184623749174399,0.31245465193585265,1.618829764033165,2.48,-0.1967550247749994,0.8801159939227479,-0.5726092563234305,0.8605919422274357,-0.16284468609031386,0,1,0,0,1,0,1,0
-1.4488776597493298,0.7212969277079714,-1.1437793463595944,1.2000465540217111,2.74,1.0061141223210677,0.1909550198886223,1.5265692800964776,0.8605919422274357,-0.16284468609031386,0,1,0,0,1,1,0,0
-0.9540987207341916,-1.5953970770032808,0.8672104608103083,0.22288573066165163,2.27,0.8342756727359152,0.5355355069056852,-1.2723354351300666,-1.2599631515568002,-0.16284468609031386,1,0,0,0,1,0,1,0
1.0250170353263615,-0.41240439374647103,0.38179912804515936,-0.47508628602410524,2.05,-1.0559472727007617,1.5692769679568737,1.1767061906931597,-0.19968560466468235,-0.16284468609031386,0,1,0,1,0,0,0,1
1.0250170353263615,1.7071241637553127,-1.4905017269061294,-1.3126527060470132,3.44,-0.36859347436015183,-0.8427864411625662,-0.5726092563234305,-0.5531114536287215,-0.16284468609031386,1,0,0,0,1,0,0,1
1.5197959743414997,-0.21523894653700315,0.7285215085916943,1.3396409573588626,2.66,1.0061141223210677,-0.15362546712844055,1.5265692800964776,-0.19968560466468235,-0.16284468609031386,1,0,1,0,0,1,0,0
-1.4488776597493298,-0.313821670141737,1.5606552219033776,-0.33549188268695374,2.71,-0.5404319239453045,0.5355355069056852,-1.6221985245333848,-0.5531114536287215,-0.16284468609031386,0,1,1,0,0,0,1,0
-0.45931978171905347,0.9184623749174399,-0.38099010915721715,-0.19589747934980217,3.97,-0.02491657518984685,1.5692769679568737,-1.2723354351300666,0.15374024429935695,-0.16284468609031386,1,0,0,1,0,1,0,0
1.5197959743414997,-1.5953970770032808,0.03507674749862466,0.5020745373359545,3.68,0.1469218743953056,0.5355355069056852,-1.6221985245333848,1.2140177911914751,-0.16284468609031386,1,0,0,0,1,1,0,0
1.0250170353263615,0.22838330968430062,0.1044212236079314,0.08329132732450051,3.87,0.3187603239804578,-0.8427864411625662,-0.5726092563234305,-1.2599631515568002,-0.16284468609031386,1,0,0,1,0,1,0,0
1.0250170353263615,0.47484011869613607,-0.8664014419223662,-0.47508628602410524,3.24,-0.1967550247749994,1.5692769679568737,-0.22274616692011243,0.5071660932633963,-0.16284468609031386,0,1,1,0,0,0,0,1
-1.4488776597493298,1.5099587165458443,1.0058994130289225,1.7584241673703165,2.54,0.3187603239804578,0.8801159939227479,0.8268431012898416,-1.6133890005208393,-0.16284468609031386,1,0,0,1,0,1,0,0
1.5197959743414997,0.8691710131150725,-0.5196790613758313,0.7812633440102569,2.16,1.5216294710765246,0.1909550198886223,-0.9224723457267486,0.15374024429935695,-0.16284468609031386,1,0,1,0,0,1,0,0
1.0250170353263615,-1.2503575443867112,-0.38099010915721715,1.618829764033165,3.52,0.1469218743953056,0.8801159939227479,0.12711692248320564,1.5674436401555145,-0.16284468609031386,1,0,0,1,0,1,0,0
-0.45931978171905347,-0.2645303083393699,-1.3518127746875153,0.22288573066165163,3.22,-1.399624171871067,-0.49820595414550334,-0.22274616692011243,-0.9065373025927609,-0.16284468609031386,0,1,0,0,1,0,0,1
-0.9540987207341916,0.17909194788193372,-0.6583680135944454,-0.19589747934980217,2.85,-1.0559472727007617,0.8801159939227479,-1.6221985245333848,0.8605919422274357,-0.16284468609031386,0,1,0,1,0,0,1,0
-0.9540987207341916,1.1649191839292752,1.0752438891382292,-0.19589747934980217,2.64,-1.5714626214562193,-0.8427864411625662,-0.9224723457267486,-0.9065373025927609,-0.16284468609031386,1,0,0,0,1,0,0,1
-0.45931978171905347,0.4255487568937692,-1.559846203015436,0.08329132732450051,2.15,-1.2277857222859143,-1.5319474151966916,1.5265692800964776,-0.19968560466468235,-0.16284468609031386,0,1,0,0,1,0,0,1
-1.4488776597493298,-0.3631130319441041,1.6993441741219921,1.0604521506845597,2.29,-0.7122703735304569,1.2246964809398109,1.1767061906931597,0.5071660932633963,-0.16284468609031386,1,0,1,0,0,1,0,0
-0.45931978171905347,1.6085414401505784,0.24311017582654537,-1.591841512721316,3.2,1.1779525719062198,-1.5319474151966916,0.47698001188652356,-0.19968560466468235,-0.16284468609031386,0,1,1,0,0,0,0,1
-0.45931978171905347,-0.5109871173512053,1.6299996980126854,0.08329132732450051,3.5,-0.36859347436015183,-0.8427864411625662,0.12711692248320564,-0.9065373025927609,-0.16284468609031386,0,1,1,0,0,0,1,0
1.5197959743414997,0.4255487568937692,0.5898325563730802,0.36248013399880297,3.98,-0.1967550247749994,0.1909550198886223,0.12711692248320564,-1.6133890005208393,-0.16284468609031386,1,0,0,1,0,0,0,1
0.5302380963112232,-0.3631130319441041,-0.5196790613758313,0.36248013399880297,3.01,-0.02491657518984685,-1.5319474151966916,-0.9224723457267486,-1.6133890005208393,-0.16284468609031386,0,1,1,0,0,0,1,0
0.5302380963112232,1.7071241637553127,0.31245465193585265,0.641668940673106,2.36,1.0061141223210677,-0.49820595414550334,-1.2723354351300666,0.8605919422274357,-0.16284468609031386,0,1,0,1,0,0,1,0
-0.9540987207341916,-0.41240439374647103,-0.5196790613758313,-0.05630307601265096,2.88,-1.399624171871067,1.2246964809398109,1.5265692800964776,-0.9065373025927609,-0.16284468609031386,1,0,0,0,1,0,1,0
1.5197959743414997,0.22838330968430062,-0.10361220471998943,1.618829764033165,2.04,-0.8841088231156093,-0.15362546712844055,-1.2723354351300666,-1.2599631515568002,-0.16284468609031386,1,0,0,1,0,0,0,1
1.5197959743414997,-0.16594758473463583,0.45114360415446614,1.0604521506845597,3.91,0.8342756727359152,0.1909550198886223,0.8268431012898416,1.2140177911914751,-0.16284468609031386,1,0,0,1,0,1,0,0
0.03545915729608479,0.031217862474832114,1.2139328413568427,-0.33549188268695374,2.13,-0.02491657518984685,-0.8427864411625662,-1.2723354351300666,-1.2599631515568002,-0.16284468609031386,0,1,0,1,0,0,1,0
1.0250170353263615,0.47484011869613607,-1.0050903941409803,-1.1730583027098618,2.93,0.1469218743953056,-0.49820595414550334,1.5265692800964776,1.5674436401555145,-0.16284468609031386,0,1,0,1,0,0,1,0
1.5197959743414997,-1.3489402679914455,-1.3518127746875153,1.4792353606960136,3.22,1.0061141223210677,-0.15362546712844055,-0.9224723457267486,1.5674436401555145,-0.16284468609031386,1,0,0,1,0,0,0,1
-0.9540987207341916,1.0170450985221737,-0.17295668082929627,0.08329132732450051,2.36,1.1779525719062198,-0.49820595414550334,-1.6221985245333848,0.8605919422274357,-0.16284468609031386,1,0,0,0,1,1,0,0
-0.45931978171905347,-0.06736486112990164,-0.7970569658130595,-1.1730583027098618,3.75,-0.8841088231156093,1.5692769679568737,-0.22274616692011243,-0.19968560466468235,-0.16284468609031386,1,0,0,0,1,1,0,0
-0.9540987207341916,0.08050922427719948,-1.421157250796822,0.5020745373359545,3.92,-0.1967550247749994,1.5692769679568737,-1.6221985245333848,-0.5531114536287215,-0.16284468609031386,1,0,0,0,1,0,1,0
1.0250170353263615,1.263501907534009,-0.5196790613758313,-1.591841512721316,2.9,1.1779525719062198,-0.8427864411625662,-1.6221985245333848,0.15374024429935695,-0.16284468609031386,1,0,0,1,0,0,0,1
0.5302380963112232,-0.2645303083393699,1.4219662696847641,-1.0334638993727105,2.16,-1.5714626214562193,-1.5319474151966916,0.47698001188652356,-0.19968560466468235,-0.16284468609031386,0,1,1,0,0,0,1,0
1.0250170353263615,0.47484011869613607,-0.7970569658130595,1.2000465540217111,3.09,1.6934679206616772,0.8801159939227479,0.12711692248320564,-0.9065373025927609,-0.16284468609031386,1,0,0,1,0,0,1,0
1.5197959743414997,0.524131480498503,0.03507674749862466,-0.47508628602410524,3.19,-1.7433010710413717,1.2246964809398109,1.1767061906931597,0.5071660932633963,-0.16284468609031386,0,1,0,0,1,1,0,0
-0.9540987207341916,-0.41240439374647103,0.45114360415446614,-0.05630307601265096,2.5,1.3497910214913724,1.5692769679568737,-0.5726092563234305,-0.19968560466468235,-0.16284468609031386,1,0,1,0,0,0,0,1
0.03545915729608479,-1.3489402679914455,0.6591770324823875,0.7812633440102569,3.76,-0.36859347436015183,1.2246964809398109,-0.22274616692011243,0.8605919422274357,-0.16284468609031386,0,1,0,0,1,0,1,0
0.03545915729608479,1.5099587165458443,-1.559846203015436,1.4792353606960136,3.87,-0.5404319239453045,1.5692769679568737,-1.2723354351300666,1.2140177911914751,-0.16284468609031386,1,0,0,0,1,1,0,0
1.0250170353263615,0.5734228423008704,1.0752438891382292,1.0604521506845597,3.4,-1.5714626214562193,-0.15362546712844055,-1.2723354351300666,-1.6133890005208393,-0.16284468609031386,0,1,0,0,1,0,1,0
-0.9540987207341916,0.7705882895103383,0.38179912804515936,1.3396409573588626,3.97,-0.02491657518984685,-1.5319474151966916,0.8268431012898416,0.8605919422274357,-0.16284468609031386,1,0,0,1,0,0,0,1
-1.4488776597493298,0.7212969277079714,0.5204880802637735,-1.591841512721316,2.11,0.1469218743953056,-1.5319474151966916,-0.9224723457267486,0.15374024429935695,-0.16284468609031386,1,0,0,1,0,0,1,0
-0.45931978171905347,-0.7081525645606734,-1.559846203015436,0.9208577473474083,3.41,-1.399624171871067,-0.8427864411625662,0.47698001188652356,-0.19968560466468235,-0.16284468609031386,1,0,0,0,1,0,1,0
0.5302380963112232,1.5099587165458443,-0.31164563304791043,0.36248013399880297,3.82,0.8342756727359152,0.8801159939227479,1.1767061906931597,0.5071660932633963,-0.16284468609031386,0,1,0,1,0,0,1,0
0.5302380963112232,0.7212969277079714,-0.7970569658130595,1.3396409573588626,3.2,0.6624372231507626,0.8801159939227479,-1.2723354351300666,-0.5531114536287215,-0.16284468609031386,0,1,1,0,0,0,0,1
-1.4488776597493298,-0.5109871173512053,-0.7970569658130595,1.3396409573588626,3.7,-0.8841088231156093,-0.8427864411625662,0.47698001188652356,-1.2599631515568002,-0.16284468609031386,1,0,0,1,0,0,1,0
-0.9540987207341916,-1.5953970770032808,0.7285215085916943,-0.47508628602410524,3.85,1.0061141223210677,1.5692769679568737,0.8268431012898416,0.5071660932633963,-0.16284468609031386,1,0,0,0,1,0,0,1
1.0250170353263615,-0.8560266499677748,0.38179912804515936,1.618829764033165,3.91,0.1469218743953056,1.2246964809398109,1.1767061906931597,-1.6133890005208393,-0.16284468609031386,1,0,0,0,1,0,0,1
-0.9540987207341916,-0.313821670141737,-1.1437793463595944,-1.3126527060470132,3.32,-1.2277857222859143,-0.15362546712844055,-1.2723354351300666,-0.19968560466468235,-0.16284468609031386,0,1,1,0,0,1,0,0
1.5197959743414997,-0.313821670141737,-1.1437793463595944,1.4792353606960136,3.98,1.5216294710765246,0.5355355069056852,-0.22274616692011243,-0.9065373025927609,-0.16284468609031386,0,1,1,0,0,0,0,1
-0.9540987207341916,1.4113759929411105,1.6993441741219921,0.9208577473474083,2.29,0.1469218743953056,1.5692769679568737,-0.5726092563234305,0.8605919422274357,-0.16284468609031386,0,1,0,1,0,0,1,0
1.5197959743414997,0.4255487568937692,0.6591770324823875,-0.05630307601265096,2.88,-0.7122703735304569,0.1909550198886223,1.5265692800964776,1.2140177911914751,-0.16284468609031386,1,0,0,0,1,0,1,0
1.5197959743414997,1.0170450985221737,0.24311017582654537,-1.3126527060470132,2.64,0.8342756727359152,-0.15362546712844055,-0.5726092563234305,0.15374024429935695,-0.16284468609031386,1,0,1,0,0,0,1,0
0.5302380963112232,0.6720055659056046,0.6591770324823875,-0.05630307601265096,2.5,-0.5404319239453045,0.1909550198886223,0.47698001188652356,-1.6133890005208393,-0.16284468609031386,0,1,0,1,0,1,0,0
0.5302380963112232,-0.6095698409559395,-0.8664014419223662,0.08329132732450051,2.1,0.3187603239804578,-1.1873669281796289,-0.9224723457267486,1.2140177911914751,-0.16284468609031386,0,1,1,0,0,0,1,0
-0.45931978171905347,-0.8560266499677748,0.8672104608103083,-1.0334638993727105,3.73,-0.8841088231156093,0.1909550198886223,1.5265692800964776,-1.6133890005208393,-0.16284468609031386,1,0,0,1,0,0,0,1
-0.9540987207341916,1.3620846311387431,1.6299996980126854,1.0604521506845597,2.12,-0.8841088231156093,1.5692769679568737,1.5265692800964776,-1.6133890005208393,-0.16284468609031386,1,0,0,0,1,1,0,0
1.0250170353263615,-0.8560266499677748,0.31245465193585265,0.7812633440102569,3.11,-1.5714626214562193,0.5355355069056852,-1.6221985245333848,1.2140177911914751,-0.16284468609031386,0,1,0,1,0,0,0,1
1.0250170353263615,1.3127932693363764,0.8672104608103083,-0.7542750926984079,3.7,-1.5714626214562193,0.1909550198886223,-0.9224723457267486,1.2140177911914751,-0.16284468609031386,1,0,0,0,1,0,1,0
1.5197959743414997,1.263501907534009,-0.10361220471998943,-1.3126527060470132,3.66,-0.8841088231156093,-0.8427864411625662,0.47698001188652356,0.5071660932633963,-0.16284468609031386,1,0,0,0,1,1,0,0
-1.4488776597493298,-0.11665622293226896,-1.421157250796822,-1.1730583027098618,2.35,0.8342756727359152,-0.8427864411625662,-1.6221985245333848,0.5071660932633963,-0.16284468609031386,1,0,0,0,1,1,0,0
1.5197959743414997,-1.4475229915961794,-1.421157250796822,-0.47508628602410524,2.03,0.1469218743953056,-1.1873669281796289,1.1767061906931597,-0.19968560466468235,-0.16284468609031386,0,1,1,0,0,1,0,0
1.5197959743414997,-1.5461057152009137,1.0752438891382292,1.0604521506845597,3.54,1.3497910214913724,-0.49820595414550334,0.8268431012898416,-0.9065373025927609,-0.16284468609031386,1,0,1,0,0,0,1,0
1.0250170353263615,-0.6588612027583064,0.24311017582654537,0.7812633440102569,3.16,1.3497910214913724,-0.49820595414550334,0.8268431012898416,-0.19968560466468235,-0.16284468609031386,1,0,0,1,0,0,1,0
0.5302380963112232,-1.4968143533985465,1.0752438891382292,-1.7314359160584674,3.01,-1.0559472727007617,1.5692769679568737,-1.2723354351300666,-0.9065373025927609,-0.16284468609031386,0,1,1,0,0,0,0,1
1.0250170353263615,1.4606673547434774,-0.9357459180316736,1.2000465540217111,3.82,-0.5404319239453045,0.5355355069056852,-0.9224723457267486,0.8605919422274357,-0.16284468609031386,0,1,0,0,1,0,1,0
-0.9540987207341916,-0.5109871173512053,-1.2824682985782085,-1.4522471093841647,2.74,-0.02491657518984685,-1.1873669281796289,0.47698001188652356,0.8605919422274357,-0.16284468609031386,1,0,0,1,0,0,1,0
0.5302380963112232,-0.06736486112990164,1.2139328413568427,1.3396409573588626,3.13,-1.2277857222859143,-0.8427864411625662,-1.6221985245333848,-1.2599631515568002,-0.16284468609031386,0,1,1,0,0,0,0,1
0.5302380963112232,0.031217862474832114,-0.9357459180316736,1.0604521506845597,2.13,-0.02491657518984685,-1.1873669281796289,-0.22274616692011243,0.15374024429935695,-0.16284468609031386,0,1,0,0,1,0,0,1
-1.4488776597493298,0.6720055659056046,0.1044212236079314,1.2000465540217111,3.58,1.0061141223210677,0.5355355069056852,0.47698001188652356,1.5674436401555145,-0.16284468609031386,0,1,0,0,1,0,0,1
0.03545915729608479,1.6085414401505784,-1.2131238224689012,-0.893869496035559,3.53,1.6934679206616772,1.2246964809398109,-0.9224723457267486,0.8605919422274357,-0.16284468609031386,1,0,0,0,1,0,0,1
-0.45931978171905347,0.1298005860795664,0.5898325563730802,0.22288573066165163,2.76,-0.1967550247749994,-1.1873669281796289,1.5265692800964776,-1.6133890005208393,-0.16284468609031386,1,0,0,0,1,1,0,0
0.03545915729608479,1.4113759929411105,-1.2824682985782085,-1.0334638993727105,2.23,0.1469218743953056,-1.1873669281796289,-0.5726092563234305,-0.19968560466468235,-0.16284468609031386,1,0,0,0,1,0,1,0
1.0250170353263615,-0.9053180117701416,1.0058994130289225,-0.7542750926984079,2.75,1.5216294710765246,-0.15362546712844055,0.8268431012898416,-0.9065373025927609,-0.16284468609031386,0,1,0,1,0,0,0,1
-1.4488776597493298,0.3762573950914019,-0.03426772861068207,-0.893869496035559,3.32,1.5216294710765246,0.8801159939227479,-0.22274616692011243,1.5674436401555145,-0.16284468609031386,1,0,0,0,1,0,0,1
0.03545915729608479,-0.4616957555488381,-1.421157250796822,0.9208577473474083,2.53,-0.5404319239453045,-1.5319474151966916,0.47698001188652356,-0.19968560466468235,-0.16284468609031386,1,0,1,0,0,0,0,1
1.0250170353263615,-1.003900735374876,-0.5196790613758313,0.5020745373359545,3.33,-0.7122703735304569,0.8801159939227479,-0.5726092563234305,0.15374024429935695,-0.16284468609031386,0,1,1,0,0,0,1,0
-0.45931978171905347,-0.018073499327534777,0.38179912804515936,-0.33549188268695374,3.16,1.1779525719062198,-0.49820595414550334,0.47698001188652356,1.5674436401555145,-0.16284468609031386,0,1,1,0,0,0,0,1
1.0250170353263615,-1.2996489061890784,-0.9357459180316736,1.618829764033165,2.62,-0.02491657518984685,-0.49820595414550334,-0.9224723457267486,-1.2599631515568002,-0.16284468609031386,1,0,1,0,0,0,1,0
0.5302380963112232,-0.3631130319441041,0.8672104608103083,-1.4522471093841647,3.45,-0.02491657518984685,-1.1873669281796289,0.8268431012898416,1.2140177911914751,-0.16284468609031386,0,1,0,1,0,0,1,0
1.0250170353263615,-0.313821670141737,-1.6985351552340502,0.08329132732450051,2.19,0.6624372231507626,-1.5319474151966916,-1.2723354351300666,-0.19968560466468235,-0.16284468609031386,1,0,1,0,0,1,0,0
0.5302380963112232,-1.6939798006080147,1.5606552219033776,0.5020745373359545,3.01,-0.5404319239453045,-1.5319474151966916,-1.6221985245333848,-0.9065373025927609,-0.16284468609031386,1,0,1,0,0,0,0,1
-0.45931978171905347,-0.313821670141737,1.5606552219033776,-0.893869496035559,2.82,-1.2277857222859143,-0.15362546712844055,1.5265692800964776,0.15374024429935695,-0.16284468609031386,1,0,1,0,0,1,0,0
0.03545915729608479,1.7071241637553127,1.144588365247536,1.0604521506845597,2.7,1.1779525719062198,-0.49820595414550334,-0.22274616692011243,0.5071660932633963,-0.16284468609031386,0,1,0,1,0,0,0,1
-0.9540987207341916,-1.6446884388056477,1.4219662696847641,0.7812633440102569,3.91,1.3497910214913724,-1.5319474151966916,0.8268431012898416,-1.6133890005208393,-0.16284468609031386,1,0,0,0,1,1,0,0
-0.45931978171905347,-1.1517748207819771,-0.24230115693860363,-1.1730583027098618,3.81,-1.5714626214562193,-1.1873669281796289,0.47698001188652356,-0.9065373025927609,-0.16284468609031386,0,1,0,1,0,1,0,0
-0.45931978171905347,-0.16594758473463583,0.24311017582654537,-0.47508628602410524,2.01,-0.02491657518984685,0.1909550198886223,0.12711692248320564,-0.5531114536287215,-0.16284468609031386,1,0,0,0,1,0,1,0
1.5197959743414997,0.7212969277079714,-0.5890235374851387,-0.893869496035559,2.43,1.1779525719062198,-1.5319474151966916,-0.9224723457267486,-0.9065373025927609,-0.16284468609031386,0,1,1,0,0,0,0,1
1.5197959743414997,0.4255487568937692,-1.074434870250287,-1.591841512721316,3.17,-1.7433010710413717,-0.15362546712844055,0.12711692248320564,1.5674436401555145,-0.16284468609031386,0,1,0,1,0,0,1,0
-0.45931978171905347,-0.9053180117701416,0.797865984701001,1.0604521506845597,2.37,1.5216294710765246,-1.5319474151966916,0.8268431012898416,0.5071660932633963,-0.16284468609031386,1,0,0,0,1,1,0,0
1.5197959743414997,-1.2996489061890784,-0.17295668082929627,-1.1730583027098618,2.47,0.6624372231507626,-0.15362546712844055,0.12711692248320564,0.5071660932633963,-0.16284468609031386,1,0,1,0,0,0,1,0
-0.9540987207341916,-1.4968143533985465,0.24311017582654537,-1.3126527060470132,3.14,-1.7433010710413717,-0.49820595414550334,-0.22274616692011243,0.8605919422274357,-0.16284468609031386,0,1,1,0,0,0,0,1
0.5302380963112232,-0.9546093735725087,-1.1437793463595944,-1.4522471093841647,2.52,1.3497910214913724,1.2246964809398109,0.12711692248320564,0.15374024429935695,-0.16284468609031386,1,0,0,0,1,0,0,1
0.03545915729608479,-1.6446884388056477,0.5898325563730802,-1.0334638993727105,2.36,0.1469218743953056,-0.15362546712844055,-0.9224723457267486,0.15374024429935695,-0.16284468609031386,0,1,0,1,0,0,0,1
1.0250170353263615,-1.3489402679914455,0.9365549369196151,0.36248013399880297,2.67,-0.36859347436015183,-0.49820595414550334,0.12711692248320564,-0.9065373025927609,-0.16284468609031386,1,0,1,0,0,0,1,0
1.5197959743414997,0.1298005860795664,0.7285215085916943,-1.0334638993727105,2.68,0.8342756727359152,1.2246964809398109,-0.5726092563234305,0.15374024429935695,-0.16284468609031386,0,1,1,0,0,0,1,0
1.5197959743414997,-1.201066182584344,-0.5890235374851387,0.9208577473474083,3.56,-0.02491657518984685,1.2246964809398109,-0.9224723457267486,-0.5531114536287215,-0.16284468609031386,0,1,1,0,0,1,0,0
-0.45931978171905347,-0.06736486112990164,-0.31164563304791043,-1.7314359160584674,3.33,-0.5404319239453045,-1.5319474151966916,0.12711692248320564,1.5674436401555145,-0.16284468609031386,0,1,0,1,0,0,0,1
-0.9540987207341916,-0.8560266499677748,-1.4905017269061294,1.7584241673703165,2.14,1.5216294710765246,1.2246964809398109,-0.9224723457267486,0.5071660932633963,-0.16284468609031386,0,1,1,0,0,0,0,1
-0.45931978171905347,-0.5109871173512053,-1.3518127746875153,1.3396409573588626,2.47,0.6624372231507626,-1.5319474151966916,-0.22274616692011243,1.5674436401555145,-0.16284468609031386,0,1,0,0,1,0,1,0
-0.45931978171905347,1.115627822126908,0.1044212236079314,0.5020745373359545,3.43,1.1779525719062198,1.5692769679568737,1.5265692800964776,0.8605919422274357,-0.16284468609031386,0,1,1,0,0,0,1,0
-0.9540987207341916,1.214210545731642,-0.8664014419223662,-0.47508628602410524,3.27,1.1779525719062198,-0.15362546712844055,0.47698001188652356,0.8605919422274357,-0.16284468609031386,0,1,0,1,0,0,0,1
0.5302380963112232,1.4606673547434774,1.144588365247536,1.4792353606960136,2.58,-0.8841088231156093,-1.1873669281796289,-1.2723354351300666,-0.9065373025927609,-0.16284468609031386,1,0,1,0,0,0,0,1
0.5302380963112232,-1.003900735374876,-1.421157250796822,0.36248013399880297,3.29,-0.5404319239453045,-0.49820595414550334,0.12711692248320564,-0.19968560466468235,-0.16284468609031386,1,0,0,1,0,0,1,0
-0.45931978171905347,0.9677537367198067,-0.7277124897037521,0.5020745373359545,3.44,1.3497910214913724,0.5355355069056852,-0.9224723457267486,0.15374024429935695,-0.16284468609031386,0,1,0,0,1,0,1,0
-1.4488776597493298,1.5592500783482117,-1.421157250796822,0.36248013399880297,3.09,-0.02491657518984685,0.8801159939227479,0.47698001188652356,0.8605919422274357,6.140820581921837,0,1,0,1,0,1,0,0
1.0250170353263615,-0.6588612027583064,0.9365549369196151,-1.4522471093841647,3.46,0.4905987735656104,-0.15362546712844055,1.5265692800964776,0.15374024429935695,-0.16284468609031386,1,0,1,0,0,0,1,0
0.03545915729608479,0.3762573950914019,-1.4905017269061294,-0.33549188268695374,2.54,-1.2277857222859143,0.5355355069056852,0.47698001188652356,1.5674436401555145,6.140820581921837,1,0,0,0,1,1,0,0
-0.9540987207341916,0.22838330968430062,-0.8664014419223662,-1.7314359160584674,3.55,-1.0559472727007617,1.5692769679568737,0.12711692248320564,0.8605919422274357,-0.16284468609031386,0,1,0,0,1,0,1,0
1.5197959743414997,0.7705882895103383,0.45114360415446614,0.7812633440102569,3.22,-0.8841088231156093,-0.49820595414550334,-0.9224723457267486,0.5071660932633963,-0.16284468609031386,0,1,0,1,0,0,1,0
0.5302380963112232,-0.16594758473463583,0.5898325563730802,1.2000465540217111,3.2,-1.399624171871067,0.5355355069056852,-1.6221985245333848,-0.9065373025927609,-0.16284468609031386,0,1,0,0,1,1,0,0
-0.45931978171905347,0.08050922427719948,1.2139328413568427,0.7812633440102569,3.35,-0.7122703735304569,0.1909550198886223,-1.2723354351300666,-0.19968560466468235,-0.16284468609031386,0,1,0,1,0,0,1,0
1.0250170353263615,-1.4475229915961794,-0.45033458526652453,-1.591841512721316,3.63,0.1469218743953056,0.1909550198886223,1.1767061906931597,0.5071660932633963,-0.16284468609031386,0,1,0,0,1,1,0,0
-0.9540987207341916,-1.3982316297938124,0.03507674749862466,1.3396409573588626,2.06,-1.5714626214562193,1.2246964809398109,-0.22274616692011243,1.2140177911914751,-0.16284468609031386,1,0,0,0,1,0,0,1
1.0250170353263615,0.031217862474832114,-1.6291906791247435,-0.47508628602410524,2.28,-1.0559472727007617,-0.49820595414550334,1.5265692800964776,1.5674436401555145,-0.16284468609031386,0,1,0,1,0,0,0,1
-1.4488776597493298,-1.003900735374876,0.24311017582654537,1.4792353606960136,2.77,-0.8841088231156093,-1.1873669281796289,0.12711692248320564,1.5674436401555145,-0.16284468609031386,1,0,0,0,1,0,1,0
0.03545915729608479,-0.16594758473463583,-0.10361220471998943,-0.7542750926984079,3.72,1.5216294710765246,-0.15362546712844055,-0.9224723457267486,0.5071660932633963,-0.16284468609031386,1,0,0,0,1,0,1,0
1.5197959743414997,-1.6446884388056477,-1.1437793463595944,-0.05630307601265096,2.16,-0.7122703735304569,1.5692769679568737,1.5265692800964776,1.5674436401555145,-0.16284468609031386,1,0,0,0,1,0,0,1
-0.45931978171905347,-0.9053180117701416,0.5204880802637735,1.618829764033165,3.27,-0.36859347436015183,-0.15362546712844055,-1.2723354351300666,1.2140177911914751,-0.16284468609031386,0,1,0,1,0,0,0,1
-1.4488776597493298,-1.4968143533985465,-0.8664014419223662,-1.3126527060470132,2.16,-0.1967550247749994,1.5692769679568737,0.12711692248320564,0.8605919422274357,-0.16284468609031386,0,1,1,0,0,0,0,1
-0.45931978171905347,-0.6588612027583064,-0.5890235374851387,-1.4522471093841647,3.1,0.8342756727359152,0.1909550198886223,-0.9224723457267486,-1.6133890005208393,-0.16284468609031386,0,1,0,1,0,1,0,0
1.5197959743414997,1.3620846311387431,0.6591770324823875,-0.33549188268695374,2.84,-0.02491657518984685,1.2246964809398109,0.8268431012898416,-0.19968560466468235,-0.16284468609031386,1,0,1,0,0,0,0,1
0.03545915729608479,-1.2503575443867112,1.2139328413568427,-1.0334638993727105,3.15,-0.1967550247749994,1.2246964809398109,0.47698001188652356,1.5674436401555145,-0.16284468609031386,0,1,0,1,0,0,0,1
1.5197959743414997,-1.003900735374876,0.45114360415446614,0.22288573066165163,2.35,0.1469218743953056,-0.49820595414550334,-0.5726092563234305,0.8605919422274357,-0.16284468609031386,0,1,0,0,1,0,1,0
0.03545915729608479,1.5592500783482117,-1.2131238224689012,1.618829764033165,2.17,0.3187603239804578,-0.15362546712844055,0.47698001188652356,0.15374024429935695,-0.16284468609031386,1,0,0,1,0,0,0,1
1.5197959743414997,-0.313821670141737,1.0058994130289225,0.5020745373359545,3.52,-0.7122703735304569,-0.8427864411625662,-1.2723354351300666,-0.5531114536287215,-0.16284468609031386,1,0,1,0,0,1,0,0
0.03545915729608479,-0.5109871173512053,-0.24230115693860363,1.3396409573588626,3.83,-1.5714626214562193,-0.49820595414550334,-0.22274616692011243,1.5674436401555145,-0.16284468609031386,1,0,0,0,1,0,0,1
0.5302380963112232,0.17909194788193372,-0.03426772861068207,1.0604521506845597,2.64,1.5216294710765246,0.1909550198886223,-1.2723354351300666,1.5674436401555145,-0.16284468609031386,0,1,0,1,0,0,0,1
-0.9540987207341916,-0.5602784791535723,-0.45033458526652453,1.7584241673703165,3.32,-0.7122703735304569,-1.5319474151966916,-0.5726092563234305,-0.5531114536287215,-0.16284468609031386,0,1,1,0,0,0,0,1
1.0250170353263615,-1.003900735374876,-1.2824682985782085,0.641668940673106,2.05,-0.5404319239453045,1.2246964809398109,-0.22274616692011243,1.5674436401555145,-0.16284468609031386,0,1,0,0,1,0,0,1
0.03545915729608479,0.1298005860795664,-0.7277124897037521,-1.1730583027098618,2.06,1.5216294710765246,0.8801159939227479,-0.9224723457267486,-1.2599631515568002,-0.16284468609031386,0,1,1,0,0,0,1,0
1.5197959743414997,1.4113759929411105,-0.24230115693860363,-0.893869496035559,2.15,1.0061141223210677,-0.49820595414550334,-0.5726092563234305,-1.6133890005208393,-0.16284468609031386,0,1,0,0,1,1,0,0
0.03545915729608479,-1.201066182584344,-1.1437793463595944,-0.6146806893612563,2.29,1.3497910214913724,0.1909550198886223,1.1767061906931597,-1.2599631515568002,-0.16284468609031386,1,0,0,1,0,1,0,0
1.5197959743414997,-1.201066182584344,0.24311017582654537,0.641668940673106,2.33,-0.02491657518984685,0.5355355069056852,0.12711692248320564,0.5071660932633963,-0.16284468609031386,0,1,0,0,1,0,0,1
0.03545915729608479,-1.3489402679914455,-1.074434870250287,0.7812633440102569,2.67,0.6624372231507626,-0.8427864411625662,0.8268431012898416,0.15374024429935695,-0.16284468609031386,0,1,0,1,0,0,0,1
1.0250170353263615,1.115627822126908,-0.7277124897037521,-1.1730583027098618,2.64,-1.2277857222859143,1.2246964809398109,-1.6221985245333848,0.8605919422274357,-0.16284468609031386,0,1,1,0,0,1,0,0
1.0250170353263615,1.6578328019529458,-1.6291906791247435,1.4792353606960136,3.25,0.6624372231507626,-0.49820595414550334,-1.2723354351300666,-0.5531114536287215,-0.16284468609031386,0,1,0,1,0,1,0,0
-0.45931978171905347,1.5099587165458443,-0.31164563304791043,1.618829764033165,2.72,1.3497910214913724,-1.5319474151966916,1.1767061906931597,0.15374024429935695,-0.16284468609031386,0,1,1,0,0,1,0,0
1.0250170353263615,0.7705882895103383,-0.45033458526652453,0.08329132732450051,3.59,-1.399624171871067,-1.1873669281796289,-0.22274616692011243,-0.5531114536287215,-0.16284468609031386,0,1,0,0,1,0,1,0
0.03545915729608479,-1.5461057152009137,-0.5196790613758313,0.08329132732450051,2.0,0.6624372231507626,-0.49820595414550334,0.8268431012898416,0.5071660932633963,-0.16284468609031386,1,0,1,0,0,0,1,0
1.5197959743414997,0.8691710131150725,-0.5196790613758313,-0.47508628602410524,2.03,0.1469218743953056,-0.49820595414550334,0.12711692248320564,-1.6133890005208393,-0.16284468609031386,0,1,0,0,1,0,1,0
-1.4488776597493298,-1.5953970770032808,-0.5196790613758313,-0.893869496035559,3.74,0.4905987735656104,1.2246964809398109,-0.22274616692011243,1.5674436401555145,-0.16284468609031386,0,1,0,1,0,0,1,0
0.5302380963112232,0.2776746714866677,-0.9357459180316736,1.618829764033165,3.99,-0.7122703735304569,-0.49820595414550334,-1.2723354351300666,1.2140177911914751,-0.16284468609031386,0,1,0,0,1,0,0,1
1.5197959743414997,-0.2645303083393699,1.2139328413568427,-0.47508628602410524,3.63,0.4905987735656104,-0.15362546712844055,-0.9224723457267486,1.5674436401555145,-0.16284468609031386,1,0,0,1,0,0,1,0
0.5302380963112232,1.5099587165458443,0.5898325563730802,0.22288573066165163,3.05,0.1469218743953056,1.5692769679568737,0.8268431012898416,-1.6133890005208393,-0.16284468609031386,1,0,0,1,0,0,0,1
1.5197959743414997,-0.3631130319441041,0.6591770324823875,1.2000465540217111,2.25,-0.8841088231156093,0.5355355069056852,-0.5726092563234305,0.8605919422274357,-0.16284468609031386,0,1,0,0,1,0,1,0
0.5302380963112232,0.326966033289035,-1.2131238224689012,0.9208577473474083,2.77,0.4905987735656104,1.2246964809398109,0.12711692248320564,1.2140177911914751,-0.16284468609031386,0,1,0,1,0,1,0,0
-1.4488776597493298,0.22838330968430062,1.4913107457940709,-1.4522471093841647,2.99,0.8342756727359152,-0.8427864411625662,0.8268431012898416,-0.9065373025927609,-0.16284468609031386,0,1,1,0,0,0,1,0
1.5197959743414997,1.4113759929411105,1.2832773174661505,-0.47508628602410524,3.64,-1.0559472727007617,0.1909550198886223,1.1767061906931597,0.15374024429935695,-0.16284468609031386,1,0,1,0,0,0,1,0
0.03545915729608479,0.7705882895103383,0.24311017582654537,-1.3126527060470132,2.61,-0.1967550247749994,1.5692769679568737,1.5265692800964776,-0.5531114536287215,-0.16284468609031386,0,1,0,0,1,0,1,0
-1.4488776597493298,1.4113759929411105,0.17376569971723863,0.36248013399880297,2.42,0.8342756727359152,1.5692769679568737,-1.6221985245333848,-1.6133890005208393,-0.16284468609031386,1,0,1,0,0,0,1,0
0.03545915729608479,-0.5109871173512053,-1.421157250796822,-0.33549188268695374,2.7,-0.36859347436015183,-1.1873669281796289,1.5265692800964776,0.8605919422274357,-0.16284468609031386,0,1,1,0,0,1,0,0
-0.9540987207341916,0.2776746714866677,-0.10361220471998943,-0.19589747934980217,2.7,-1.5714626214562193,0.5355355069056852,-1.2723354351300666,0.5071660932633963,-0.16284468609031386,0,1,0,1,0,0,0,1
0.5302380963112232,0.1298005860795664,-0.31164563304791043,0.5020745373359545,2.39,1.3497910214913724,-0.15362546712844055,0.8268431012898416,0.5071660932633963,-0.16284468609031386,0,1,0,0,1,1,0,0
-0.9540987207341916,1.4606673547434774,0.797865984701001,1.4792353606960136,3.1,-0.5404319239453045,-0.8427864411625662,-1.6221985245333848,-1.2599631515568002,-0.16284468609031386,0,1,1,0,0,0,0,1
1.5197959743414997,0.08050922427719948,1.5606552219033776,0.36248013399880297,3.23,1.1779525719062198,-0.49820595414550334,1.5265692800964776,-0.9065373025927609,-0.16284468609031386,0,1,1,0,0,0,1,0
1.5197959743414997,-0.6095698409559395,1.4219662696847641,-0.7542750926984079,3.29,-0.8841088231156093,0.1909550198886223,-1.2723354351300666,1.2140177911914751,-0.16284468609031386,0,1,0,0,1,0,0,1
0.03545915729608479,1.1649191839292752,-0.45033458526652453,-1.591841512721316,3.65,-0.8841088231156093,1.5692769679568737,0.8268431012898416,1.5674436401555145,6.140820581921837,1,0,0,1,0,1,0,0
-0.45931978171905347,0.4255487568937692,-1.559846203015436,-0.33549188268695374,2.72,-1.0559472727007617,-1.5319474151966916,0.12711692248320564,-0.19968560466468235,-0.16284468609031386,0,1,0,1,0,1,0,0
-1.4488776597493298,0.326966033289035,0.8672104608103083,1.3396409573588626,2.84,-0.36859347436015183,-1.1873669281796289,-0.22274616692011243,-0.19968560466468235,-0.16284468609031386,1,0,1,0,0,1,0,0
-0.45931978171905347,-0.6095698409559395,0.03507674749862466,-0.6146806893612563,2.44,-1.2277857222859143,0.5355355069056852,0.12711692248320564,0.5071660932633963,-0.16284468609031386,1,0,0,1,0,0,0,1
-0.45931978171905347,1.3620846311387431,0.797865984701001,0.22288573066165163,2.31,-0.36859347436015183,0.8801159939227479,0.47698001188652356,-0.19968560466468235,-0.16284468609031386,1,0,1,0,0,0,0,1
0.5302380963112232,1.5099587165458443,-1.074434870250287,-1.591841512721316,2.56,-0.36859347436015183,-0.49820595414550334,-1.6221985245333848,1.2140177911914751,-0.16284468609031386,0,1,1,0,0,0,1,0
0.5302380963112232,-1.3982316297938124,0.38179912804515936,-1.3126527060470132,3.39,-0.1967550247749994,0.5355355069056852,0.47698001188652356,1.5674436401555145,-0.16284468609031386,0,1,1,0,0,1,0,0
1.0250170353263615,-1.4968143533985465,-0.5890235374851387,1.618829764033165,2.57,-0.7122703735304569,-0.15362546712844055,0.8268431012898416,-0.5531114536287215,-0.16284468609031386,0,1,1,0,0,1,0,0
0.5302380963112232,1.3620846311387431,1.4219662696847641,-0.33549188268695374,3.54,0.3187603239804578,-0.8427864411625662,-0.9224723457267486,0.5071660932633963,-0.16284468609031386,0,1,1,0,0,0,1,0
-0.9540987207341916,-0.8560266499677748,-0.17295668082929627,-0.7542750926984079,3.21,-0.02491657518984685,-0.8427864411625662,1.5265692800964776,0.15374024429935695,-0.16284468609031386,0,1,1,0,0,0,1,0
-0.45931978171905347,-1.6446884388056477,0.6591770324823875,1.3396409573588626,2.92,0.6624372231507626,-0.8427864411625662,0.47698001188652356,-0.5531114536287215,-0.16284468609031386,0,1,1,0,0,0,1,0
0.03545915729608479,-1.003900735374876,1.6993441741219921,-0.7542750926984079,3.33,0.8342756727359152,-0.49820595414550334,-0.5726092563234305,1.5674436401555145,-0.16284468609031386,1,0,0,0,1,1,0,0
0.5302380963112232,0.1298005860795664,-0.5890235374851387,-0.19589747934980217,2.0,0.4905987735656104,-0.8427864411625662,0.8268431012898416,-0.5531114536287215,-0.16284468609031386,0,1,0,0,1,0,1,0
1.0250170353263615,0.9184623749174399,-1.559846203015436,-0.893869496035559,2.68,-1.2277857222859143,1.5692769679568737,1.1767061906931597,-0.5531114536287215,6.140820581921837,1,0,1,0,0,1,0,0
0.03545915729608479,1.0170450985221737,-0.24230115693860363,-0.05630307601265096,2.67,1.3497910214913724,1.5692769679568737,0.8268431012898416,-1.2599631515568002,-0.16284468609031386,1,0,0,1,0,0,1,0
-0.9540987207341916,-0.5109871173512053,-0.5196790613758313,0.9208577473474083,3.46,-0.1967550247749994,0.8801159939227479,-0.5726092563234305,1.5674436401555145,-0.16284468609031386,1,0,1,0,0,0,1,0
-0.9540987207341916,-1.053192097177243,-0.10361220471998943,1.4792353606960136,2.41,-0.5404319239453045,1.2246964809398109,-0.22274616692011243,-1.2599631515568002,-0.16284468609031386,1,0,0,0,1,0,1,0
-1.4488776597493298,0.6720055659056046,-1.4905017269061294,-1.3126527060470132,3.41,0.1469218743953056,-0.49820595414550334,-0.9224723457267486,-1.2599631515568002,-0.16284468609031386,0,1,0,1,0,0,0,1
1.5197959743414997,1.4113759929411105,-1.0050903941409803,0.36248013399880297,2.68,0.3187603239804578,-1.5319474151966916,0.12711692248320564,0.8605919422274357,-0.16284468609031386,1,0,0,1,0,0,1,0
-0.45931978171905347,0.031217862474832114,-0.7970569658130595,1.7584241673703165,3.25,-1.399624171871067,-1.5319474151966916,0.8268431012898416,0.5071660932633963,-0.16284468609031386,1,0,0,0,1,0,1,0
0.5302380963112232,1.3620846311387431,-0.45033458526652453,1.618829764033165,3.93,-0.1967550247749994,0.1909550198886223,-1.2723354351300666,1.2140177911914751,-0.16284468609031386,0,1,0,1,0,0,0,1
0.5302380963112232,-0.8067352881654076,-1.3518127746875153,-1.1730583027098618,3.71,-1.5714626214562193,-1.5319474151966916,0.12711692248320564,-0.5531114536287215,-0.16284468609031386,1,0,0,0,1,0,1,0
1.5197959743414997,0.3762573950914019,1.3526217935754574,-1.591841512721316,3.08,-1.0559472727007617,1.2246964809398109,-0.5726092563234305,0.15374024429935695,-0.16284468609031386,0,1,0,0,1,0,0,1
0.5302380963112232,1.3127932693363764,1.2139328413568427,1.618829764033165,3.69,-0.02491657518984685,0.1909550198886223,-1.2723354351300666,-0.19968560466468235,-0.16284468609031386,1,0,0,0,1,1,0,0
-0.45931978171905347,-0.9546093735725087,1.0058994130289225,0.08329132732450051,3.91,-0.8841088231156093,-0.49820595414550334,-0.22274616692011243,0.15374024429935695,-0.16284468609031386,1,0,1,0,0,0,0,1
-0.45931978171905347,-0.4616957555488381,-1.1437793463595944,-1.0334638993727105,3.71,0.1469218743953056,-0.15362546712844055,0.47698001188652356,-0.5531114536287215,-0.16284468609031386,0,1,0,1,0,0,0,1
1.5197959743414997,-0.4616957555488381,0.03507674749862466,-0.893869496035559,3.65,0.1469218743953056,-0.15362546712844055,1.1767061906931597,1.5674436401555145,-0.16284468609031386,0,1,0,1,0,0,1,0
-0.45931978171905347,-1.3489402679914455,-0.6583680135944454,-0.19589747934980217,3.29,0.4905987735656104,0.1909550198886223,-0.22274616692011243,1.2140177911914751,-0.16284468609031386,1,0,0,1,0,0,0,1
-0.9540987207341916,-1.3489402679914455,0.797865984701001,-0.7542750926984079,2.84,0.1469218743953056,1.5692769679568737,-1.6221985245333848,-0.9065373025927609,-0.16284468609031386,1,0,0,1,0,1,0,0
-0.45931978171905347,1.4113759929411105,1.3526217935754574,0.22288573066165163,3.73,-0.36859347436015183,1.2246964809398109,1.1767061906931597,-0.5531114536287215,-0.16284468609031386,1,0,1,0,0,1,0,0
-0.45931978171905347,0.1298005860795664,-1.4905017269061294,0.641668940673106,2.5,-1.7433010710413717,-0.49820595414550334,-1.6221985245333848,-0.5531114536287215,-0.16284468609031386,0,1,1,0,0,0,0,1
1.0250170353263615,-1.053192097177243,0.24311017582654537,-1.0334638993727105,2.86,0.8342756727359152,1.2246964809398109,1.5265692800964776,0.8605919422274357,-0.16284468609031386,0,1,1,0,0,1,0,0
-0.45931978171905347,0.4255487568937692,-0.8664014419223662,-1.591841512721316,3.65,0.8342756727359152,0.5355355069056852,1.1767061906931597,1.5674436401555145,6.140820581921837,0,1,0,0,1,0,1,0
0.5302380963112232,-0.5109871173512053,1.4219662696847641,0.641668940673106,2.11,0.4905987735656104,0.8801159939227479,0.8268431012898416,-1.2599631515568002,-0.16284468609031386,1,0,1,0,0,0,0,1
1.0250170353263615,-0.7574439263630406,-1.0050903941409803,0.36248013399880297,2.45,0.3187603239804578,-1.5319474151966916,1.5265692800964776,0.5071660932633963,-0.16284468609031386,1,0,0,1,0,0,0,1
-1.4488776597493298,-0.6095698409559395,0.6591770324823875,-1.1730583027098618,2.53,-1.399624171871067,-0.49820595414550334,1.5265692800964776,0.15374024429935695,-0.16284468609031386,1,0,1,0,0,0,0,1
1.5197959743414997,0.47484011869613607,-0.9357459180316736,1.3396409573588626,2.56,0.6624372231507626,-1.1873669281796289,-0.9224723457267486,0.5071660932633963,-0.16284468609031386,0,1,0,0,1,0,1,0
-0.45931978171905347,-0.3631130319441041,1.2832773174661505,1.2000465540217111,3.19,1.6934679206616772,-1.5319474151966916,-1.2723354351300666,-1.2599631515568002,-0.16284468609031386,0,1,1,0,0,0,0,1
0.5302380963112232,0.5734228423008704,1.5606552219033776,0.36248013399880297,3.14,1.1779525719062198,-1.5319474151966916,1.1767061906931597,0.8605919422274357,-0.16284468609031386,0,1,0,0,1,0,1,0
-1.4488776597493298,0.08050922427719948,1.0752438891382292,-0.893869496035559,2.37,-1.399624171871067,-0.15362546712844055,1.5265692800964776,0.15374024429935695,-0.16284468609031386,1,0,0,0,1,0,1,0
0.5302380963112232,-0.2645303083393699,0.17376569971723863,-1.591841512721316,2.51,0.8342756727359152,1.2246964809398109,0.8268431012898416,-0.19968560466468235,-0.16284468609031386,1,0,0,1,0,1,0,0
0.03545915729608479,0.3762573950914019,0.24311017582654537,-1.4522471093841647,3.9,0.8342756727359152,-0.15362546712844055,0.8268431012898416,-0.9065373025927609,-0.16284468609031386,0,1,0,0,1,0,1,0
0.5302380963112232,-0.3631130319441041,-1.2131238224689012,-0.7542750926984079,3.7,0.6624372231507626,-1.1873669281796289,-1.2723354351300666,-0.19968560466468235,-0.16284468609031386,0,1,0,1,0,1,0,0
0.03545915729608479,0.7212969277079714,-1.6291906791247435,0.9208577473474083,2.61,0.1469218743953056,-1.5319474151966916,0.12711692248320564,-0.9065373025927609,-0.16284468609031386,1,0,1,0,0,1,0,0
-0.45931978171905347,-1.1517748207819771,-1.3518127746875153,-0.6146806893612563,2.63,1.1779525719062198,1.5692769679568737,-1.2723354351300666,0.15374024429935695,-0.16284468609031386,0,1,1,0,0,0,1,0
1.0250170353263615,-0.11665622293226896,1.3526217935754574,0.5020745373359545,2.69,-1.399624171871067,-1.5319474151966916,1.5265692800964776,0.8605919422274357,-0.16284468609031386,0,1,0,0,1,0,1,0
1.5197959743414997,1.4606673547434774,-1.3518127746875153,1.3396409573588626,2.41,-0.02491657518984685,-0.8427864411625662,-1.2723354351300666,0.15374024429935695,-0.16284468609031386,1,0,0,0,1,1,0,0
-0.9540987207341916,0.3762573950914019,0.24311017582654537,1.618829764033165,2.18,-0.36859347436015183,1.5692769679568737,-1.6221985245333848,0.15374024429935695,-0.16284468609031386,0,1,0,1,0,0,0,1
-0.9540987207341916,1.214210545731642,0.31245465193585265,0.5020745373359545,3.42,0.1469218743953056,1.5692769679568737,-0.9224723457267486,0.15374024429935695,-0.16284468609031386,1,0,0,1,0,1,0,0
0.03545915729608479,-1.201066182584344,-1.2824682985782085,0.36248013399880297,2.55,1.3497910214913724,-0.15362546712844055,-0.5726092563234305,-0.5531114536287215,-0.16284468609031386,1,0,1,0,0,1,0,0
1.0250170353263615,1.3620846311387431,0.5898325563730802,1.4792353606960136,3.3,-1.0559472727007617,-1.5319474151966916,0.8268431012898416,-1.6133890005208393,-0.16284468609031386,1,0,1,0,0,0,1,0
0.5302380963112232,-0.9546093735725087,0.03507674749862466,-0.33549188268695374,3.8,-1.399624171871067,0.8801159939227479,0.12711692248320564,-1.6133890005208393,-0.16284468609031386,1,0,0,1,0,1,0,0
0.5302380963112232,0.4255487568937692,-1.074434870250287,-0.33549188268695374,3.4,-1.7433010710413717,-1.1873669281796289,-1.2723354351300666,-1.6133890005208393,-0.16284468609031386,0,1,1,0,0,0,0,1
-0.45931978171905347,1.1649191839292752,-0.17295668082929627,-1.591841512721316,2.37,-1.399624171871067,-0.8427864411625662,-1.6221985245333848,-0.5531114536287215,-0.16284468609031386,0,1,0,1,0,0,1,0
1.5197959743414997,-0.7574439263630406,-0.6583680135944454,0.5020745373359545,3.08,-0.5404319239453045,1.2246964809398109,-0.9224723457267486,-0.19968560466468235,-0.16284468609031386,1,0,0,1,0,0,1,0
1.0250170353263615,-1.5953970770032808,-1.3518127746875153,0.7812633440102569,2.28,-0.02491657518984685,-1.1873669281796289,0.47698001188652356,0.8605919422274357,-0.16284468609031386,0,1,0,1,0,0,1,0
-0.45931978171905347,0.8198796513127057,-0.03426772861068207,-0.47508628602410524,3.34,-0.1967550247749994,0.8801159939227479,1.1767061906931597,1.2140177911914751,-0.16284468609031386,0,1,1,0,0,1,0,0
-0.45931978171905347,-0.4616957555488381,-0.6583680135944454,-0.7542750926984079,2.49,1.5216294710765246,-1.5319474151966916,-0.5726092563234305,1.2140177911914751,-0.16284468609031386,0,1,0,1,0,0,1,0
1.0250170353263615,0.9677537367198067,0.17376569971723863,1.0604521506845597,2.98,-1.5714626214562193,1.2246964809398109,0.47698001188652356,0.5071660932633963,-0.16284468609031386,1,0,1,0,0,1,0,0
0.5302380963112232,0.3762573950914019,0.1044212236079314,-1.591841512721316,3.04,-1.5714626214562193,-0.8427864411625662,0.47698001188652356,-1.6133890005208393,-0.16284468609031386,1,0,0,1,0,1,0,0
0.03545915729608479,0.031217862474832114,-0.7970569658130595,-0.6146806893612563,3.76,-0.8841088231156093,-0.8427864411625662,0.8268431012898416,0.8605919422274357,-0.16284468609031386,0,1,1,0,0,0,0,1
1.0250170353263615,1.5592500783482117,0.1044212236079314,-0.19589747934980217,4.0,1.5216294710765246,-0.8427864411625662,-0.9224723457267486,1.2140177911914751,-0.16284468609031386,0,1,1,0,0,1,0,0
1.5197959743414997,1.263501907534009,1.3526217935754574,0.08329132732450051,2.93,0.4905987735656104,-1.5319474151966916,0.12711692248320564,0.8605919422274357,-0.16284468609031386,0,1,0,0,1,0,0,1
0.03545915729608479,-0.313821670141737,0.7285215085916943,0.5020745373359545,3.24,-0.1967550247749994,-0.49820595414550334,-0.9224723457267486,-1.2599631515568002,-0.16284468609031386,0,1,0,0,1,0,1,0
1.5197959743414997,1.4606673547434774,1.4913107457940709,-1.1730583027098618,2.25,1.0061141223210677,1.2246964809398109,0.8268431012898416,-0.5531114536287215,-0.16284468609031386,1,0,0,0,1,1,0,0
1.0250170353263615,0.6227142041032372,0.7285215085916943,0.641668940673106,3.65,0.6624372231507626,-0.49820595414550334,-0.5726092563234305,0.8605919422274357,-0.16284468609031386,0,1,0,0,1,0,0,1
0.5302380963112232,1.5099587165458443,0.5898325563730802,1.618829764033165,2.99,0.3187603239804578,-0.49820595414550334,0.8268431012898416,1.5674436401555145,-0.16284468609031386,1,0,0,1,0,1,0,0
1.5197959743414997,-0.06736486112990164,0.6591770324823875,1.4792353606960136,3.28,0.8342756727359152,0.5355355069056852,-0.22274616692011243,-0.5531114536287215,-0.16284468609031386,1,0,0,1,0,0,0,1
1.5197959743414997,0.031217862474832114,-1.2824682985782085,1.0604521506845597,2.4,-0.02491657518984685,1.5692769679568737,1.5265692800964776,0.8605919422274357,-0.16284468609031386,0,1,1,0,0,1,0,0
1.0250170353263615,1.214210545731642,1.6993441741219921,-1.4522471093841647,2.79,-1.0559472727007617,-1.1873669281796289,1.5265692800964776,0.8605919422274357,-0.16284468609031386,1,0,1,0,0,0,0,1
0.03545915729608479,-0.4616957555488381,1.6299996980126854,-0.7542750926984079,2.32,-0.8841088231156093,-1.1873669281796289,-0.5726092563234305,-0.19968560466468235,-0.16284468609031386,1,0,0,0,1,0,1,0
-0.45931978171905347,-0.7574439263630406,0.1044212236079314,-1.1730583027098618,2.69,1.3497910214913724,-1.5319474151966916,-1.2723354351300666,-1.2599631515568002,-0.16284468609031386,1,0,0,0,1,0,0,1
1.5197959743414997,1.3127932693363764,-0.03426772861068207,1.618829764033165,3.82,-0.02491657518984685,-0.15362546712844055,-0.5726092563234305,-0.19968560466468235,-0.16284468609031386,1,0,0,1,0,0,0,1
-0.45931978171905347,0.524131480498503,-0.38099010915721715,0.36248013399880297,2.97,-0.7122703735304569,1.2246964809398109,-0.9224723457267486,-0.9065373025927609,-0.16284468609031386,1,0,1,0,0,0,1,0
-0.9540987207341916,-1.2503575443867112,-1.2131238224689012,-0.893869496035559,2.51,-1.7433010710413717,-1.1873669281796289,1.1767061906931597,-0.5531114536287215,-0.16284468609031386,1,0,0,1,0,1,0,0
-0.9540987207341916,-0.06736486112990164,-0.9357459180316736,1.4792353606960136,2.22,-0.8841088231156093,-0.15362546712844055,-0.5726092563234305,-1.6133890005208393,-0.16284468609031386,1,0,0,0,1,1,0,0
-1.4488776597493298,-0.5109871173512053,-0.45033458526652453,-0.7542750926984079,2.44,0.8342756727359152,-0.49820595414550334,-1.6221985245333848,0.8605919422274357,-0.16284468609031386,0,1,0,0,1,0,0,1
-1.4488776597493298,0.9677537367198067,0.03507674749862466,-0.33549188268695374,2.05,-0.8841088231156093,-0.8427864411625662,1.1767061906931597,-0.5531114536287215,-0.16284468609031386,0,1,0,1,0,0,1,0
-0.9540987207341916,-0.06736486112990164,1.6299996980126854,0.7812633440102569,2.73,-1.2277857222859143,1.2246964809398109,-1.2723354351300666,-1.2599631515568002,-0.16284468609031386,0,1,0,1,0,0,0,1
0.5302380963112232,-0.7081525645606734,-1.559846203015436,-1.3126527060470132,2.28,1.0061141223210677,-0.49820595414550334,1.1767061906931597,0.15374024429935695,-0.16284468609031386,1,0,0,0,1,0,0,1
-0.45931978171905347,1.6085414401505784,-1.559846203015436,0.5020745373359545,3.42,-1.7433010710413717,1.5692769679568737,0.47698001188652356,1.2140177911914751,6.140820581921837,0,1,1,0,0,0,1,0
1.5197959743414997,-1.201066182584344,-1.421157250796822,0.641668940673106,2.47,-0.5404319239453045,1.2246964809398109,-0.22274616692011243,0.15374024429935695,-0.16284468609031386,1,0,1,0,0,1,0,0
-0.9540987207341916,0.47484011869613607,-0.5196790613758313,0.7812633440102569,3.05,0.4905987735656104,0.5355355069056852,0.8268431012898416,-0.19968560466468235,6.140820581921837,1,0,1,0,0,0,0,1
-0.45931978171905347,0.5734228423008704,0.5204880802637735,0.9208577473474083,2.18,1.0061141223210677,-0.15362546712844055,-1.6221985245333848,0.5071660932633963,-0.16284468609031386,1,0,0,1,0,0,0,1
-0.45931978171905347,0.22838330968430062,-0.10361220471998943,-0.33549188268695374,2.67,0.1469218743953056,0.1909550198886223,-1.2723354351300666,-0.19968560466468235,-0.16284468609031386,1,0,0,0,1,1,0,0
0.03545915729608479,1.4606673547434774,-1.6985351552340502,-1.7314359160584674,3.72,0.1469218743953056,-0.49820595414550334,-0.22274616692011243,0.5071660932633963,-0.16284468609031386,1,0,1,0,0,0,0,1
0.5302380963112232,-1.1517748207819771,0.45114360415446614,-0.893869496035559,2.5,0.8342756727359152,-1.1873669281796289,-1.6221985245333848,-1.2599631515568002,-0.16284468609031386,0,1,0,0,1,0,1,0
-0.45931978171905347,1.3620846311387431,-1.6291906791247435,0.5020745373359545,2.87,-1.0559472727007617,1.5692769679568737,1.5265692800964776,-1.6133890005208393,6.140820581921837,1,0,0,1,0,0,1,0
0.5302380963112232,-0.9053180117701416,0.7285215085916943,-0.33549188268695374,3.23,0.6624372231507626,-0.15362546712844055,0.47698001188652356,-0.9065373025927609,-0.16284468609031386,0,1,0,1,0,0,1,0
1.0250170353263615,-1.4475229915961794,1.4913107457940709,1.2000465540217111,3.53,-1.5714626214562193,0.8801159939227479,0.8268431012898416,1.5674436401555145,-0.16284468609031386,0,1,0,1,0,0,0,1
-0.9540987207341916,-0.2645303083393699,-1.074434870250287,1.3396409573588626,2.3,-0.8841088231156093,0.5355355069056852,0.8268431012898416,0.15374024429935695,-0.16284468609031386,0,1,0,0,1,1,0,0
1.0250170353263615,0.8691710131150725,-1.2131238224689012,0.9208577473474083,2.3,-0.1967550247749994,0.1909550198886223,-1.6221985245333848,0.15374024429935695,-0.16284468609031386,1,0,1,0,0,0,0,1
0.03545915729608479,1.115627822126908,0.45114360415446614,1.618829764033165,3.26,-0.7122703735304569,0.1909550198886223,1.5265692800964776,-0.5531114536287215,-0.16284468609031386,1,0,0,0,1,0,1,0
1.0250170353263615,1.0170450985221737,1.144588365247536,0.36248013399880297,3.59,1.0061141223210677,1.2246964809398109,-0.5726092563234305,-0.9065373025927609,-0.16284468609031386,1,0,1,0,0,0,1,0
-1.4488776597493298,-0.2645303083393699,-1.559846203015436,-1.1730583027098618,2.75,-0.02491657518984685,-0.15362546712844055,-0.5726092563234305,0.8605919422274357,-0.16284468609031386,0,1,0,1,0,1,0,0
-1.4488776597493298,-1.4475229915961794,-1.0050903941409803,1.3396409573588626,2.31,1.5216294710765246,0.8801159939227479,1.1767061906931597,-0.19968560466468235,-0.16284468609031386,0,1,0,0,1,0,1,0
1.0250170353263615,0.3762573950914019,1.2139328413568427,0.22288573066165163,3.87,1.5216294710765246,-1.1873669281796289,1.1767061906931597,0.8605919422274357,-0.16284468609031386,0,1,1,0,0,0,1,0
1.5197959743414997,1.4113759929411105,-1.421157250796822,-0.47508628602410524,3.78,0.1469218743953056,1.2246964809398109,0.47698001188652356,-0.19968560466468235,6.140820581921837,1,0,1,0,0,0,1,0
1.0250170353263615,-1.1024834589796102,1.5606552219033776,-1.591841512721316,2.76,1.5216294710765246,-0.49820595414550334,0.8268431012898416,0.5071660932633963,-0.16284468609031386,1,0,0,1,0,1,0,0
0.03545915729608479,1.5099587165458443,-0.24230115693860363,-1.3126527060470132,3.09,0.4905987735656104,0.8801159939227479,-0.5726092563234305,-0.5531114536287215,-0.16284468609031386,0,1,1,0,0,0,1,0
0.03545915729608479,1.5099587165458443,0.797865984701001,0.9208577473474083,2.24,0.1469218743953056,-1.5319474151966916,-0.22274616692011243,-0.19968560466468235,-0.16284468609031386,1,0,0,0,1,0,0,1
0.5302380963112232,-0.5602784791535723,-1.2131238224689012,-1.7314359160584674,2.91,1.6934679206616772,-1.1873669281796289,0.8268431012898416,-1.6133890005208393,-0.16284468609031386,1,0,1,0,0,1,0,0
1.0250170353263615,-1.1024834589796102,-1.559846203015436,-1.1730583027098618,3.84,0.4905987735656104,0.1909550198886223,0.12711692248320564,1.5674436401555145,-0.16284468609031386,1,0,0,1,0,1,0,0
1.0250170353263615,0.22838330968430062,-1.4905017269061294,-0.893869496035559,2.22,-1.5714626214562193,0.5355355069056852,-1.2723354351300666,-1.2599631515568002,-0.16284468609031386,0,1,0,1,0,1,0,0
-0.45931978171905347,-0.3631130319441041,0.45114360415446614,-1.7314359160584674,3.08,-1.399624171871067,-1.1873669281796289,1.1767061906931597,0.5071660932633963,-0.16284468609031386,0,1,0,0,1,0,0,1
0.03545915729608479,-0.41240439374647103,0.797865984701001,-0.7542750926984079,3.2,-0.02491657518984685,-0.49820595414550334,0.8268431012898416,0.15374024429935695,-0.16284468609031386,0,1,0,1,0,0,0,1
-1.4488776597493298,-1.5461057152009137,1.4913107457940709,0.9208577473474083,3.31,-0.5404319239453045,-1.1873669281796289,0.12711692248320564,-1.2599631515568002,-0.16284468609031386,0,1,1,0,0,0,1,0
1.0250170353263615,-1.3489402679914455,-1.074434870250287,1.3396409573588626,2.12,-1.399624171871067,-1.5319474151966916,-0.9224723457267486,0.8605919422274357,-0.16284468609031386,0,1,1,0,0,0,1,0
1.5197959743414997,-1.4968143533985465,-0.45033458526652453,-0.893869496035559,3.29,1.1779525719062198,0.1909550198886223,-0.5726092563234305,-1.2599631515568002,-0.16284468609031386,0,1,0,0,1,1,0,0
1.0250170353263615,0.47484011869613607,-0.6583680135944454,0.08329132732450051,2.24,-1.7433010710413717,-0.8427864411625662,-0.5726092563234305,1.5674436401555145,-0.16284468609031386,1,0,1,0,0,1,0,0
-0.45931978171905347,0.17909194788193372,-0.8664014419223662,-1.4522471093841647,2.55,-1.5714626214562193,1.5692769679568737,0.12711692248320564,-0.5531114536287215,-0.16284468609031386,0,1,1,0,0,0,1,0
-0.9540987207341916,1.3127932693363764,0.38179912804515936,0.7812633440102569,3.74,-0.5404319239453045,0.8801159939227479,-0.5726092563234305,0.5071660932633963,-0.16284468609031386,1,0,1,0,0,0,1,0
0.03545915729608479,1.115627822126908,0.5204880802637735,-0.893869496035559,2.29,1.5216294710765246,0.8801159939227479,-0.22274616692011243,1.2140177911914751,-0.16284468609031386,1,0,0,1,0,0,1,0
-1.4488776597493298,-1.1517748207819771,0.8672104608103083,0.5020745373359545,2.33,1.1779525719062198,-1.1873669281796289,0.8268431012898416,0.5071660932633963,-0.16284468609031386,1,0,1,0,0,0,1,0
0.03545915729608479,0.6720055659056046,0.38179912804515936,-1.3126527060470132,2.29,1.0061141223210677,0.1909550198886223,0.8268431012898416,-1.6133890005208393,-0.16284468609031386,1,0,0,0,1,0,1,0
-0.45931978171905347,-1.1517748207819771,0.7285215085916943,-0.47508628602410524,3.19,1.3497910214913724,0.1909550198886223,-1.6221985245333848,0.5071660932633963,-0.16284468609031386,1,0,0,1,0,0,1,0
1.5197959743414997,-1.053192097177243,-1.559846203015436,-0.7542750926984079,3.87,0.4905987735656104,-1.5319474151966916,1.1767061906931597,-0.19968560466468235,-0.16284468609031386,1,0,0,1,0,0,1,0
-0.45931978171905347,-0.21523894653700315,0.797865984701001,-1.0334638993727105,2.17,0.1469218743953056,-0.49820595414550334,-0.22274616692011243,-1.6133890005208393,-0.16284468609031386,0,1,0,1,0,0,1,0
1.0250170353263615,-0.018073499327534777,0.38179912804515936,1.3396409573588626,2.89,1.3497910214913724,-1.5319474151966916,-1.6221985245333848,-1.2599631515568002,-0.16284468609031386,1,0,0,1,0,1,0,0
-0.9540987207341916,0.031217862474832114,-0.38099010915721715,-0.47508628602410524,2.15,-1.2277857222859143,-0.8427864411625662,1.5265692800964776,-1.2599631515568002,-0.16284468609031386,1,0,0,1,0,1,0,0
0.5302380963112232,-0.018073499327534777,-0.24230115693860363,1.4792353606960136,3.38,0.3187603239804578,1.5692769679568737,-0.5726092563234305,-1.2599631515568002,-0.16284468609031386,1,0,1,0,0,0,1,0
-1.4488776597493298,0.22838330968430062,-0.8664014419223662,1.2000465540217111,2.04,1.1779525719062198,-0.49820595414550334,-0.5726092563234305,-0.19968560466468235,-0.16284468609031386,0,1,0,1,0,0,0,1
1.5197959743414997,-0.21523894653700315,-0.03426772861068207,-0.47508628602410524,2.26,1.0061141223210677,-1.1873669281796289,-0.9224723457267486,0.15374024429935695,-0.16284468609031386,1,0,1,0,0,1,0,0
1.0250170353263615,1.4606673547434774,0.797865984701001,0.08329132732450051,3.19,1.1779525719062198,-1.1873669281796289,0.12711692248320564,0.15374024429935695,-0.16284468609031386,0,1,0,0,1,1,0,0
1.0250170353263615,-0.16594758473463583,-0.6583680135944454,0.08329132732450051,3.83,1.5216294710765246,-0.8427864411625662,0.8268431012898416,0.8605919422274357,-0.16284468609031386,0,1,0,1,0,0,1,0
-0.9540987207341916,1.3127932693363764,-1.0050903941409803,1.618829764033165,3.76,-1.0559472727007617,0.5355355069056852,-0.5726092563234305,-1.2599631515568002,-0.16284468609031386,1,0,1,0,0,0,0,1
-1.4488776597493298,0.1298005860795664,-0.31164563304791043,-1.591841512721316,2.41,-1.7433010710413717,-0.8427864411625662,0.12711692248320564,1.2140177911914751,-0.16284468609031386,0,1,0,1,0,1,0,0
0.5302380963112232,1.3620846311387431,0.17376569971723863,-1.0334638993727105,3.41,1.1779525719062198,0.1909550198886223,-0.22274616692011243,-1.2599631515568002,-0.16284468609031386,1,0,0,1,0,0,0,1
-1.4488776597493298,-0.313821670141737,-1.3518127746875153,-0.19589747934980217,2.02,-0.7122703735304569,0.1909550198886223,0.12711692248320564,-0.19968560466468235,-0.16284468609031386,0,1,1,0,0,1,0,0
-0.45931978171905347,0.47484011869613607,-1.6985351552340502,0.9208577473474083,3.01,-0.1967550247749994,1.5692769679568737,-0.9224723457267486,-1.2599631515568002,-0.16284468609031386,1,0,1,0,0,0,1,0
-0.45931978171905347,1.4606673547434774,-0.10361220471998943,1.4792353606960136,3.04,1.3497910214913724,-1.5319474151966916,-0.22274616692011243,0.8605919422274357,-0.16284468609031386,0,1,1,0,0,0,1,0
0.5302380963112232,-1.3489402679914455,0.31245465193585265,1.3396409573588626,2.53,1.1779525719062198,-1.1873669281796289,-1.2723354351300666,0.5071660932633963,-0.16284468609031386,0,1,0,1,0,1,0,0
0.03545915729608479,-0.9546093735725087,-0.9357459180316736,-1.1730583027098618,2.57,0.6624372231507626,0.8801159939227479,-0.22274616692011243,0.8605919422274357,-0.16284468609031386,0,1,0,1,0,0,0,1
0.5302380963112232,0.47484011869613607,-0.31164563304791043,1.4792353606960136,3.4,-1.7433010710413717,-1.1873669281796289,-0.9224723457267486,0.8605919422274357,-0.16284468609031386,1,0,1,0,0,0,0,1
-0.45931978171905347,-0.4616957555488381,0.45114360415446614,-1.1730583027098618,2.84,-1.2277857222859143,-1.5319474151966916,1.1767061906931597,-0.5531114536287215,-0.16284468609031386,1,0,0,0,1,0,1,0
1.5197959743414997,1.5099587165458443,-0.7277124897037521,0.22288573066165163,2.56,0.6624372231507626,-1.1873669281796289,0.47698001188652356,1.2140177911914751,-0.16284468609031386,1,0,1,0,0,0,1,0
-1.4488776597493298,1.6578328019529458,0.45114360415446614,-1.4522471093841647,2.8,-1.2277857222859143,0.1909550198886223,0.8268431012898416,0.8605919422274357,-0.16284468609031386,0,1,0,1,0,0,0,1
-0.45931978171905347,-0.9546093735725087,0.24311017582654537,-0.05630307601265096,2.06,-1.0559472727007617,0.8801159939227479,0.12711692248320564,0.15374024429935695,-0.16284468609031386,0,1,1,0,0,0,0,1
1.5197959743414997,0.5734228423008704,-0.03426772861068207,-1.1730583027098618,3.57,0.8342756727359152,-0.8427864411625662,0.47698001188652356,-1.2599631515568002,-0.16284468609031386,0,1,0,0,1,1,0,0
-1.4488776597493298,1.263501907534009,-0.5196790613758313,-0.7542750926984079,3.83,1.6934679206616772,-1.1873669281796289,0.8268431012898416,0.5071660932633963,-0.16284468609031386,1,0,0,1,0,0,0,1
-1.4488776597493298,-1.5953970770032808,1.5606552219033776,-1.1730583027098618,4.0,-1.5714626214562193,1.5692769679568737,1.1767061906931597,1.2140177911914751,-0.16284468609031386,1,0,0,0,1,0,1,0
-1.4488776597493298,-1.6939798006080147,0.17376569971723863,0.36248013399880297,3.63,-1.399624171871067,-0.8427864411625662,1.5265692800964776,-0.19968560466468235,-0.16284468609031386,1,0,1,0,0,0,0,1
-1.4488776597493298,-0.6095698409559395,1.768688650231299,-1.4522471093841647,2.49,-0.7122703735304569,-0.8427864411625662,0.12711692248320564,-0.5531114536287215,-0.16284468609031386,1,0,0,0,1,0,0,1
0.03545915729608479,1.4113759929411105,0.5204880802637735,0.08329132732450051,2.11,0.6624372231507626,-0.8427864411625662,0.47698001188652356,-0.9065373025927609,-0.16284468609031386,0,1,1,0,0,0,0,1
-1.4488776597493298,0.6227142041032372,1.2832773174661505,1.4792353606960136,2.63,-0.7122703735304569,-0.15362546712844055,-0.9224723457267486,0.5071660932633963,-0.16284468609031386,0,1,0,0,1,1,0,0
1.0250170353263615,0.031217862474832114,0.24311017582654537,-0.33549188268695374,2.4,0.6624372231507626,-0.15362546712844055,1.5265692800964776,-1.2599631515568002,-0.16284468609031386,1,0,0,0,1,0,0,1
1.0250170353263615,-1.003900735374876,0.45114360415446614,-0.19589747934980217,3.97,-0.5404319239453045,1.5692769679568737,0.47698001188652356,-0.9065373025927609,-0.16284468609031386,1,0,0,0,1,0,0,1
1.0250170353263615,-0.2645303083393699,1.0752438891382292,0.36248013399880297,3.04,0.6624372231507626,-0.8427864411625662,-1.6221985245333848,0.8605919422274357,-0.16284468609031386,0,1,1,0,0,1,0,0
0.5302380963112232,1.0170450985221737,1.0752438891382292,0.22288573066165163,2.86,-1.0559472727007617,-0.49820595414550334,0.8268431012898416,-0.19968560466468235,-0.16284468609031386,1,0,1,0,0,0,0,1
-0.9540987207341916,-0.8067352881654076,-0.45033458526652453,-0.19589747934980217,3.34,0.1469218743953056,0.1909550198886223,1.5265692800964776,-0.9065373025927609,-0.16284468609031386,1,0,0,0,1,0,0,1
-0.9540987207341916,1.3127932693363764,-0.5196790613758313,1.3396409573588626,2.76,-1.0559472727007617,0.5355355069056852,-0.9224723457267486,0.5071660932633963,-0.16284468609031386,0,1,0,0,1,0,1,0
-1.4488776597493298,-0.8067352881654076,-0.7970569658130595,-1.0334638993727105,3.89,1.1779525719062198,1.2246964809398109,-1.2723354351300666,-0.5531114536287215,-0.16284468609031386,1,0,0,1,0,1,0,0
-0.45931978171905347,1.3620846311387431,-0.5196790613758313,1.618829764033165,3.48,1.3497910214913724,-1.1873669281796289,0.47698001188652356,0.8605919422274357,-0.16284468609031386,1,0,1,0,0,0,0,1
0.03545915729608479,-0.41240439374647103,1.768688650231299,-0.33549188268695374,3.37,1.5216294710765246,-0.49820595414550334,-0.9224723457267486,-1.6133890005208393,-0.16284468609031386,1,0,0,0,1,0,1,0
0.03545915729608479,1.214210545731642,-1.1437793463595944,-0.05630307601265096,2.9,-1.2277857222859143,-0.49820595414550334,-1.6221985245333848,0.8605919422274357,-0.16284468609031386,0,1,0,1,0,0,1,0
-0.45931978171905347,-0.2645303083393699,1.3526217935754574,0.7812633440102569,2.52,-0.1967550247749994,-0.49820595414550334,-0.22274616692011243,-0.9065373025927609,-0.16284468609031386,0,1,0,0,1,0,1,0
0.03545915729608479,-0.9053180117701416,0.7285215085916943,1.4792353606960136,3.53,-0.1967550247749994,-0.8427864411625662,-1.6221985245333848,-0.19968560466468235,-0.16284468609031386,0,1,1,0,0,0,0,1
-0.45931978171905347,1.3127932693363764,-0.5196790613758313,-1.4522471093841647,3.89,-0.02491657518984685,-1.5319474151966916,-0.9224723457267486,0.15374024429935695,-0.16284468609031386,0,1,1,0,0,0,0,1
1.0250170353263615,1.6578328019529458,0.38179912804515936,1.3396409573588626,3.9,-0.02491657518984685,-1.5319474151966916,-1.2723354351300666,1.5674436401555145,-0.16284468609031386,0,1,1,0,0,0,0,1
-0.9540987207341916,0.2776746714866677,-0.7970569658130595,0.7812633440102569,2.31,-1.399624171871067,-0.8427864411625662,-0.9224723457267486,0.15374024429935695,-0.16284468609031386,1,0,0,1,0,1,0,0
-0.45931978171905347,0.9184623749174399,0.8672104608103083,-1.4522471093841647,3.86,0.8342756727359152,1.5692769679568737,-1.2723354351300666,0.5071660932633963,-0.16284468609031386,1,0,1,0,0,1,0,0
0.03545915729608479,-0.06736486112990164,-1.559846203015436,0.36248013399880297,3.89,0.1469218743953056,-1.1873669281796289,1.1767061906931597,0.8605919422274357,-0.16284468609031386,1,0,1,0,0,0,0,1
0.03545915729608479,1.214210545731642,0.6591770324823875,1.2000465540217111,2.92,-0.02491657518984685,1.5692769679568737,0.12711692248320564,-0.9065373025927609,-0.16284468609031386,0,1,0,0,1,0,0,1
0.5302380963112232,1.6085414401505784,-0.5196790613758313,-0.7542750926984079,3.72,0.3187603239804578,1.5692769679568737,-1.2723354351300666,0.15374024429935695,-0.16284468609031386,1,0,0,0,1,1,0,0
-0.9540987207341916,0.22838330968430062,-0.17295668082929627,-1.0334638993727105,2.0,0.8342756727359152,-0.15362546712844055,0.12711692248320564,-1.6133890005208393,-0.16284468609031386,1,0,0,1,0,0,1,0
0.5302380963112232,1.0170450985221737,-0.7970569658130595,-0.893869496035559,3.5,1.1779525719062198,-1.5319474151966916,1.5265692800964776,0.5071660932633963,-0.16284468609031386,0,1,0,0,1,0,0,1
1.0250170353263615,-0.9546093735725087,1.4913107457940709,1.3396409573588626,3.28,-0.36859347436015183,-0.15362546712844055,-0.5726092563234305,0.15374024429935695,-0.16284468609031386,0,1,1,0,0,1,0,0
-1.4488776597493298,0.6227142041032372,-1.421157250796822,0.08329132732450051,3.8,-0.02491657518984685,-1.1873669281796289,-1.2723354351300666,-1.6133890005208393,-0.16284468609031386,1,0,0,1,0,1,0,0
-0.9540987207341916,0.524131480498503,0.24311017582654537,0.7812633440102569,2.66,0.1469218743953056,0.5355355069056852,0.12711692248320564,-1.2599631515568002,-0.16284468609031386,1,0,0,0,1,1,0,0
1.0250170353263615,0.031217862474832114,-1.4905017269061294,1.618829764033165,2.95,-0.7122703735304569,0.5355355069056852,1.1767061906931597,0.8605919422274357,-0.16284468609031386,0,1,1,0,0,0,0,1
1.5197959743414997,-1.5461057152009137,-1.2131238224689012,-1.7314359160584674,3.57,1.1779525719062198,-1.5319474151966916,-0.22274616692011243,0.15374024429935695,-0.16284468609031386,0,1,1,0,0,1,0,0
-1.4488776597493298,-0.8067352881654076,1.2139328413568427,0.7812633440102569,2.48,-0.1967550247749994,-0.15362546712844055,0.8268431012898416,1.2140177911914751,-0.16284468609031386,1,0,1,0,0,0,1,0
0.03545915729608479,1.6578328019529458,-0.10361220471998943,1.3396409573588626,2.88,-1.399624171871067,-1.1873669281796289,0.47698001188652356,-0.19968560466468235,-0.16284468609031386,1,0,0,1,0,1,0,0
-1.4488776597493298,-0.5109871173512053,0.24311017582654537,0.7812633440102569,2.28,-0.02491657518984685,0.5355355069056852,-1.2723354351300666,0.15374024429935695,-0.16284468609031386,0,1,1,0,0,0,1,0
-0.9540987207341916,-0.3631130319441041,1.0058994130289225,-0.7542750926984079,3.24,1.0061141223210677,0.1909550198886223,1.5265692800964776,-0.19968560466468235,-0.16284468609031386,1,0,0,1,0,1,0,0
1.5197959743414997,-0.8067352881654076,1.5606552219033776,-1.1730583027098618,2.99,-0.36859347436015183,0.5355355069056852,0.8268431012898416,-1.2599631515568002,-0.16284468609031386,0,1,0,1,0,0,0,1
0.5302380963112232,-0.5109871173512053,-1.2824682985782085,-1.4522471093841647,3.9,-0.7122703735304569,0.5355355069056852,-0.9224723457267486,-1.6133890005208393,-0.16284468609031386,0,1,1,0,0,1,0,0
0.03545915729608479,0.1298005860795664,1.4913107457940709,0.08329132732450051,2.44,1.1779525719062198,0.8801159939227479,0.47698001188652356,-0.9065373025927609,-0.16284468609031386,0,1,0,1,0,1,0,0
-1.4488776597493298,0.6227142041032372,0.5204880802637735,-0.893869496035559,2.69,-1.0559472727007617,0.5355355069056852,-0.9224723457267486,0.5071660932633963,-0.16284468609031386,0,1,0,0,1,0,1,0
0.03545915729608479,0.7705882895103383,0.7285215085916943,1.0604521506845597,3.14,-0.8841088231156093,1.2246964809398109,0.12711692248320564,1.5674436401555145,-0.16284468609031386,1,0,1,0,0,0,1,0
-0.9540987207341916,-0.11665622293226896,0.9365549369196151,-1.7314359160584674,3.92,-0.5404319239453045,-0.8427864411625662,-0.5726092563234305,0.8605919422274357,-0.16284468609031386,1,0,1,0,0,1,0,0
-0.45931978171905347,1.6085414401505784,-1.2824682985782085,1.7584241673703165,2.44,0.6624372231507626,0.8801159939227479,1.5265692800964776,0.15374024429935695,6.140820581921837,1,0,0,1,0,0,0,1
-0.45931978171905347,0.326966033289035,0.7285215085916943,-0.893869496035559,3.61,-1.5714626214562193,-0.49820595414550334,0.12711692248320564,0.5071660932633963,-0.16284468609031386,1,0,0,0,1,0,1,0
0.5302380963112232,-0.5109871173512053,-1.4905017269061294,0.641668940673106,3.19,-0.02491657518984685,-0.49820595414550334,-0.22274616692011243,1.2140177911914751,-0.16284468609031386,0,1,0,1,0,1,0,0
0.03545915729608479,0.9677537367198067,-1.2824682985782085,0.08329132732450051,2.2,0.3187603239804578,0.5355355069056852,-0.5726092563234305,-0.5531114536287215,-0.16284468609031386,1,0,0,0,1,0,1,0
0.5302380963112232,0.08050922427719948,0.5204880802637735,1.3396409573588626,2.06,0.6624372231507626,-0.8427864411625662,-1.6221985245333848,-0.5531114536287215,-0.16284468609031386,0,1,0,0,1,0,1,0
-1.4488776597493298,-1.003900735374876,-0.10361220471998943,0.08329132732450051,2.2,-1.5714626214562193,1.2246964809398109,-0.9224723457267486,1.2140177911914751,-0.16284468609031386,0,1,0,1,0,1,0,0
1.5197959743414997,0.47484011869613607,0.6591770324823875,0.36248013399880297,2.8,1.3497910214913724,1.2246964809398109,0.8268431012898416,1.5674436401555145,-0.16284468609031386,1,0,0,0,1,1,0,0
-0.45931978171905347,-0.5109871173512053,1.0752438891382292,0.22288573066165163,3.45,0.8342756727359152,1.5692769679568737,-0.5726092563234305,-1.6133890005208393,-0.16284468609031386,1,0,0,1,0,1,0,0
-0.9540987207341916,0.031217862474832114,0.38179912804515936,-0.19589747934980217,2.74,-0.1967550247749994,-0.8427864411625662,-1.2723354351300666,1.2140177911914751,-0.16284468609031386,1,0,0,0,1,0,1,0
-1.4488776597493298,-0.5109871173512053,0.31245465193585265,-0.19589747934980217,2.08,-0.5404319239453045,1.2246964809398109,1.1767061906931597,1.2140177911914751,-0.16284468609031386,1,0,0,1,0,0,1,0
1.5197959743414997,-1.4475229915961794,1.4913107457940709,-0.47508628602410524,2.69,1.0061141223210677,-0.49820595414550334,-0.9224723457267486,-0.5531114536287215,-0.16284468609031386,0,1,0,0,1,0,0,1
-1.4488776597493298,-0.6588612027583064,-0.38099010915721715,-1.4522471093841647,3.98,-0.36859347436015183,0.1909550198886223,0.8268431012898416,-1.6133890005208393,-0.16284468609031386,1,0,1,0,0,0,1,0
1.5197959743414997,-1.3982316297938124,0.38179912804515936,1.3396409573588626,2.07,-0.8841088231156093,0.1909550198886223,-0.5726092563234305,1.5674436401555145,-0.16284468609031386,1,0,1,0,0,1,0,0
-0.9540987207341916,0.9184623749174399,-1.4905017269061294,0.7812633440102569,3.99,0.1469218743953056,0.5355355069056852,-0.5726092563234305,-0.9065373025927609,-0.16284468609031386,0,1,0,1,0,0,1,0
-1.4488776597493298,-0.6095698409559395,-0.03426772861068207,-1.0334638993727105,2.49,-0.02491657518984685,1.2246964809398109,-1.2723354351300666,-0.5531114536287215,-0.16284468609031386,1,0,0,0,1,0,1,0
1.0250170353263615,-1.6446884388056477,0.24311017582654537,1.2000465540217111,2.85,1.3497910214913724,-0.49820595414550334,-0.9224723457267486,1.2140177911914751,-0.16284468609031386,0,1,1,0,0,0,0,1
-1.4488776597493298,-1.003900735374876,0.9365549369196151,-0.47508628602410524,3.43,-0.1967550247749994,-1.5319474151966916,-0.5726092563234305,0.15374024429935695,-0.16284468609031386,1,0,1,0,0,0,0,1
0.03545915729608479,-1.1517748207819771,-0.9357459180316736,0.7812633440102569,3.6,-0.02491657518984685,-0.49820595414550334,0.47698001188652356,0.15374024429935695,-0.16284468609031386,0,1,0,0,1,1,0,0
1.0250170353263615,0.326966033289035,0.45114360415446614,0.22288573066165163,2.87,1.1779525719062198,-0.15362546712844055,0.8268431012898416,0.15374024429935695,-0.16284468609031386,1,0,1,0,0,0,0,1
0.03545915729608479,1.6578328019529458,1.5606552219033776,1.0604521506845597,2.29,-0.5404319239453045,0.5355355069056852,0.47698001188652356,-0.5531114536287215,-0.16284468609031386,0,1,0,1,0,1,0,0
1.0250170353263615,0.524131480498503,1.0752438891382292,0.9208577473474083,2.95,-1.7433010710413717,-1.1873669281796289,1.5265692800964776,-0.9065373025927609,-0.16284468609031386,0,1,1,0,0,0,1,0
0.03545915729608479,-0.313821670141737,-1.559846203015436,0.5020745373359545,2.28,0.1469218743953056,0.1909550198886223,-0.22274616692011243,0.5071660932633963,-0.16284468609031386,0,1,0,0,1,0,0,1
1.0250170353263615,-1.3489402679914455,-0.24230115693860363,1.3396409573588626,2.86,0.1469218743953056,-0.49820595414550334,-1.2723354351300666,-0.5531114536287215,-0.16284468609031386,1,0,0,0,1,0,1,0
1.0250170353263615,0.6227142041032372,-0.9357459180316736,-0.7542750926984079,3.24,-1.0559472727007617,-0.15362546712844055,1.1767061906931597,-1.2599631515568002,-0.16284468609031386,1,0,1,0,0,1,0,0
1.0250170353263615,-1.1517748207819771,-1.421157250796822,-0.05630307601265096,2.86,0.1469218743953056,0.8801159939227479,1.1767061906931597,0.5071660932633963,-0.16284468609031386,1,0,0,1,0,1,0,0
0.5302380963112232,1.1649191839292752,-1.2824682985782085,1.0604521506845597,2.04,-0.36859347436015183,1.5692769679568737,1.1767061906931597,-1.2599631515568002,6.140820581921837,0,1,1,0,0,1,0,0
-0.9540987207341916,0.5734228423008704,0.17376569971723863,1.2000465540217111,2.35,1.3497910214913724,1.5692769679568737,1.5265692800964776,0.5071660932633963,-0.16284468609031386,1,0,0,1,0,1,0,0
0.5302380963112232,1.4606673547434774,-0.5890235374851387,0.7812633440102569,2.37,-1.7433010710413717,-0.8427864411625662,1.5265692800964776,0.8605919422274357,-0.16284468609031386,0,1,0,0,1,1,0,0
-1.4488776597493298,0.326966033289035,-0.03426772861068207,1.0604521506845597,3.13,-1.2277857222859143,0.8801159939227479,0.12711692248320564,0.5071660932633963,-0.16284468609031386,0,1,1,0,0,0,0,1
0.03545915729608479,1.3127932693363764,0.31245465193585265,0.5020745373359545,2.32,0.1469218743953056,-0.8427864411625662,-0.5726092563234305,1.5674436401555145,-0.16284468609031386,0,1,1,0,0,0,1,0
1.5197959743414997,-1.2503575443867112,-1.4905017269061294,-1.3126527060470132,3.4,-0.5404319239453045,0.8801159939227479,-1.6221985245333848,-1.6133890005208393,-0.16284468609031386,0,1,0,0,1,0,1,0
-1.4488776597493298,0.08050922427719948,0.24311017582654537,-0.47508628602410524,3.91,-0.36859347436015183,1.5692769679568737,0.12711692248320564,1.2140177911914751,-0.16284468609031386,1,0,1,0,0,1,0,0
-0.9540987207341916,0.524131480498503,-1.3518127746875153,-0.47508628602410524,2.44,0.3187603239804578,-0.15362546712844055,1.5265692800964776,1.2140177911914751,-0.16284468609031386,0,1,1,0,0,0,1,0
1.0250170353263615,-0.018073499327534777,-1.6985351552340502,1.618829764033165,3.15,1.5216294710765246,0.8801159939227479,0.12711692248320564,-0.19968560466468235,-0.16284468609031386,1,0,0,1,0,0,0,1
-0.45931978171905347,-1.6939798006080147,1.768688650231299,-0.7542750926984079,2.9,1.3497910214913724,-0.15362546712844055,1.5265692800964776,-1.2599631515568002,-0.16284468609031386,1,0,0,1,0,0,0,1
1.0250170353263615,0.3762573950914019,-1.2824682985782085,-0.33549188268695374,2.54,-0.7122703735304569,-0.49820595414550334,-0.9224723457267486,-0.5531114536287215,-0.16284468609031386,1,0,1,0,0,0,0,1
-0.9540987207341916,-0.5109871173512053,-0.7970569658130595,1.0604521506845597,2.29,-0.5404319239453045,-1.5319474151966916,1.5265692800964776,-0.9065373025927609,-0.16284468609031386,1,0,1,0,0,0,1,0
-0.45931978171905347,0.9677537367198067,-0.17295668082929627,-0.7542750926984079,3.19,-1.7433010710413717,0.1909550198886223,-0.22274616692011243,-1.2599631515568002,-0.16284468609031386,0,1,1,0,0,0,0,1
-0.9540987207341916,1.214210545731642,0.17376569971723863,0.22288573066165163,2.48,0.4905987735656104,0.5355355069056852,-1.6221985245333848,-0.19968560466468235,-0.16284468609031386,0,1,1,0,0,0,1,0
-0.9540987207341916,-0.2645303083393699,-1.6291906791247435,-1.1730583027098618,2.99,1.5216294710765246,-1.1873669281796289,1.1767061906931597,1.5674436401555145,-0.16284468609031386,1,0,0,0,1,0,1,0
-0.45931978171905347,-1.3982316297938124,-0.7970569658130595,-0.33549188268695374,3.6,0.8342756727359152,0.1909550198886223,-0.5726092563234305,-0.9065373025927609,-0.16284468609031386,1,0,0,1,0,1,0,0
-0.9540987207341916,1.6085414401505784,-1.2131238224689012,0.641668940673106,3.53,-0.7122703735304569,-0.15362546712844055,0.8268431012898416,-1.2599631515568002,-0.16284468609031386,1,0,0,0,1,0,1,0
-0.45931978171905347,0.326966033289035,0.17376569971723863,1.7584241673703165,3.18,-0.7122703735304569,1.2246964809398109,0.47698001188652356,1.2140177911914751,-0.16284468609031386,1,0,0,1,0,0,1,0
1.5197959743414997,1.6578328019529458,-0.45033458526652453,0.5020745373359545,3.91,0.6624372231507626,0.5355355069056852,-1.6221985245333848,1.5674436401555145,-0.16284468609031386,1,0,0,0,1,1,0,0
0.5302380963112232,0.6720055659056046,0.1044212236079314,-0.6146806893612563,2.11,0.6624372231507626,1.5692769679568737,-0.5726092563234305,1.2140177911914751,-0.16284468609031386,0,1,1,0,0,0,1,0
-1.4488776597493298,-0.9546093735725087,1.4219662696847641,0.22288573066165163,3.06,1.5216294710765246,-0.15362546712844055,0.47698001188652356,0.15374024429935695,-0.16284468609031386,1,0,0,0,1,1,0,0
1.0250170353263615,0.8691710131150725,-1.1437793463595944,-0.7542750926984079,2.91,0.4905987735656104,1.2246964809398109,1.5265692800964776,-0.9065373025927609,6.140820581921837,1,0,0,0,1,0,0,1
1.5197959743414997,-0.018073499327534777,1.3526217935754574,0.5020745373359545,2.62,1.6934679206616772,-0.15362546712844055,1.5265692800964776,-0.19968560466468235,-0.16284468609031386,1,0,0,0,1,0,1,0
1.5197959743414997,0.3762573950914019,-1.2131238224689012,1.4792353606960136,2.82,-1.2277857222859143,-1.5319474151966916,1.1767061906931597,0.15374024429935695,-0.16284468609031386,0,1,0,1,0,1,0,0
-1.4488776597493298,0.326966033289035,0.6591770324823875,1.0604521506845597,3.93,-0.36859347436015183,-0.49820595414550334,-0.5726092563234305,0.8605919422274357,-0.16284468609031386,1,0,1,0,0,0,1,0
-0.45931978171905347,-0.6095698409559395,-0.24230115693860363,-0.7542750926984079,2.56,0.6624372231507626,0.8801159939227479,0.12711692248320564,-0.9065373025927609,-0.16284468609031386,0,1,1,0,0,0,1,0
-0.9540987207341916,-1.6939798006080147,-0.7277124897037521,-0.19589747934980217,3.34,0.8342756727359152,-0.49820595414550334,-0.22274616692011243,0.8605919422274357,-0.16284468609031386,1,0,1,0,0,0,0,1
0.5302380963112232,0.22838330968430062,0.5898325563730802,-0.7542750926984079,3.39,-0.5404319239453045,1.2246964809398109,1.5265692800964776,0.8605919422274357,-0.16284468609031386,1,0,0,1,0,0,0,1
-0.45931978171905347,1.4113759929411105,1.4913107457940709,-0.47508628602410524,2.19,1.3497910214913724,1.5692769679568737,1.5265692800964776,-1.6133890005208393,-0.16284468609031386,1,0,0,0,1,0,1,0
-0.45931978171905347,1.4113759929411105,1.6993441741219921,1.618829764033165,3.39,0.1469218743953056,-0.49820595414550334,1.1767061906931597,-1.6133890005208393,-0.16284468609031386,1,0,0,0,1,1,0,0
0.5302380963112232,1.0170450985221737,-0.8664014419223662,0.641668940673106,2.98,-0.36859347436015183,0.1909550198886223,0.8268431012898416,0.5071660932633963,-0.16284468609031386,0,1,0,0,1,1,0,0
-1.4488776597493298,1.263501907534009,0.5204880802637735,-0.893869496035559,3.69,-0.02491657518984685,-0.49820595414550334,0.12711692248320564,-0.9065373025927609,-0.16284468609031386,1,0,1,0,0,0,1,0
-0.45931978171905347,-1.6939798006080147,1.4913107457940709,0.7812633440102569,3.68,-0.8841088231156093,-1.5319474151966916,-1.2723354351300666,0.5071660932633963,-0.16284468609031386,1,0,0,0,1,0,1,0
-1.4488776597493298,-0.4616957555488381,1.5606552219033776,-1.3126527060470132,2.41,0.4905987735656104,-0.49820595414550334,0.12711692248320564,0.8605919422274357,-0.16284468609031386,1,0,0,0,1,0,1,0
0.03545915729608479,0.2776746714866677,-1.2824682985782085,-0.893869496035559,2.75,0.8342756727359152,0.1909550198886223,-0.9224723457267486,0.15374024429935695,-0.16284468609031386,0,1,0,0,1,0,0,1
1.5197959743414997,1.3620846311387431,0.9365549369196151,-1.0334638993727105,2.91,-0.36859347436015183,1.2246964809398109,0.47698001188652356,-0.19968560466468235,-0.16284468609031386,1,0,0,1,0,0,0,1
-1.4488776597493298,1.5592500783482117,0.7285215085916943,-0.47508628602410524,2.24,-1.5714626214562193,-0.15362546712844055,-0.9224723457267486,-0.9065373025927609,-0.16284468609031386,1,0,1,0,0,0,1,0
-1.4488776597493298,1.6578328019529458,-1.6291906791247435,-0.19589747934980217,2.74,-0.1967550247749994,1.2246964809398109,-0.9224723457267486,-0.19968560466468235,-0.16284468609031386,1,0,0,0,1,0,0,1
0.03545915729608479,0.47484011869613607,-0.45033458526652453,1.0604521506845597,2.34,-0.02491657518984685,-0.15362546712844055,-1.2723354351300666,0.8605919422274357,-0.16284468609031386,1,0,1,0,0,0,1,0
1.5197959743414997,-0.2645303083393699,0.9365549369196151,-1.591841512721316,3.61,1.1779525719062198,-1.1873669281796289,0.47698001188652356,1.2140177911914751,-0.16284468609031386,0,1,0,1,0,1,0,0
-0.45931978171905347,1.6578328019529458,-1.2131238224689012,-0.33549188268695374,3.3,-1.7433010710413717,-0.15362546712844055,0.8268431012898416,-0.19968560466468235,-0.16284468609031386,1,0,0,0,1,0,1,0
1.0250170353263615,0.47484011869613607,1.2139328413568427,-1.7314359160584674,3.15,0.3187603239804578,0.8801159939227479,0.47698001188652356,0.5071660932633963,-0.16284468609031386,1,0,1,0,0,0,0,1
0.5302380963112232,1.5099587165458443,0.45114360415446614,-0.893869496035559,2.07,1.5216294710765246,-0.8427864411625662,-1.2723354351300666,0.15374024429935695,-0.16284468609031386,1,0,1,0,0,1,0,0
-1.4488776597493298,-1.5953970770032808,-1.421157250796822,-1.1730583027098618,2.99,-1.7433010710413717,0.8801159939227479,-1.2723354351300666,-0.19968560466468235,-0.16284468609031386,0,1,0,0,1,1,0,0
0.03545915729608479,1.3620846311387431,0.38179912804515936,0.641668940673106,2.07,-0.02491657518984685,-0.8427864411625662,0.47698001188652356,-1.6133890005208393,-0.16284468609031386,0,1,0,0,1,0,0,1
1.0250170353263615,-0.11665622293226896,0.17376569971723863,1.0604521506845597,3.19,-0.02491657518984685,-0.15362546712844055,-0.22274616692011243,-0.19968560466468235,-0.16284468609031386,0,1,0,1,0,1,0,0
0.03545915729608479,1.263501907534009,0.8672104608103083,0.22288573066165163,2.24,-0.7122703735304569,0.8801159939227479,1.5265692800964776,-0.19968560466468235,-0.16284468609031386,0,1,0,0,1,1,0,0
-0.9540987207341916,0.5734228423008704,-0.03426772861068207,0.22288573066165163,3.3,0.4905987735656104,0.1909550198886223,0.8268431012898416,-0.19968560466468235,-0.16284468609031386,1,0,0,0,1,1,0,0
1.0250170353263615,0.326966033289035,0.5898325563730802,-0.05630307601265096,3.33,-0.1967550247749994,0.5355355069056852,-0.5726092563234305,1.2140177911914751,-0.16284468609031386,1,0,1,0,0,0,1,0
0.5302380963112232,-0.7081525645606734,0.8672104608103083,0.641668940673106,3.72,0.6624372231507626,-1.5319474151966916,-0.22274616692011243,0.8605919422274357,-0.16284468609031386,0,1,0,0,1,0,0,1
-1.4488776597493298,-0.7574439263630406,-0.17295668082929627,-1.3126527060470132,3.96,0.1469218743953056,1.2246964809398109,1.5265692800964776,-0.9065373025927609,-0.16284468609031386,0,1,1,0,0,0,1,0
0.5302380963112232,0.7212969277079714,-1.559846203015436,0.641668940673106,2.27,-0.8841088231156093,-1.5319474151966916,-0.5726092563234305,-0.19968560466468235,-0.16284468609031386,1,0,1,0,0,0,0,1
-1.4488776597493298,0.6720055659056046,1.4913107457940709,0.22288573066165163,3.88,-1.399624171871067,-1.5319474151966916,0.12711692248320564,1.2140177911914751,-0.16284468609031386,0,1,0,1,0,0,0,1
-0.45931978171905347,0.2776746714866677,-0.6583680135944454,-1.4522471093841647,2.13,-0.8841088231156093,0.1909550198886223,1.5265692800964776,0.8605919422274357,-0.16284468609031386,0,1,0,0,1,0,0,1
1.5197959743414997,-0.5109871173512053,-1.074434870250287,-1.7314359160584674,3.68,1.1779525719062198,0.8801159939227479,-0.5726092563234305,-0.9065373025927609,-0.16284468609031386,1,0,0,1,0,1,0,0
0.03545915729608479,0.3762573950914019,-0.7970569658130595,0.9208577473474083,3.01,1.0061141223210677,-1.1873669281796289,1.1767061906931597,-1.6133890005208393,-0.16284468609031386,0,1,0,0,1,0,0,1
-1.4488776597493298,-0.21523894653700315,0.7285215085916943,-0.05630307601265096,3.12,1.6934679206616772,-1.5319474151966916,-0.5726092563234305,1.2140177911914751,-0.16284468609031386,1,0,0,1,0,0,0,1
1.0250170353263615,-0.21523894653700315,0.17376569971723863,0.5020745373359545,2.5,-1.5714626214562193,0.8801159939227479,-1.6221985245333848,-0.19968560466468235,-0.16284468609031386,0,1,0,1,0,0,0,1
-0.45931978171905347,0.8691710131150725,0.24311017582654537,0.08329132732450051,2.59,1.5216294710765246,1.5692769679568737,-0.22274616692011243,-0.19968560466468235,-0.16284468609031386,0,1,0,0,1,1,0,0
1.5197959743414997,1.0170450985221737,1.768688650231299,1.618829764033165,2.47,1.1779525719062198,-0.8427864411625662,0.47698001188652356,1.2140177911914751,-0.16284468609031386,1,0,1,0,0,0,0,1
1.5197959743414997,-1.5461057152009137,-1.3518127746875153,0.7812633440102569,3.9,-1.7433010710413717,-1.1873669281796289,0.8268431012898416,1.5674436401555145,-0.16284468609031386,0,1,1,0,0,0,0,1
1.5197959743414997,-1.053192097177243,1.768688650231299,0.9208577473474083,3.13,-0.8841088231156093,-0.15362546712844055,-0.9224723457267486,-0.9065373025927609,-0.16284468609031386,0,1,0,0,1,1,0,0
1.0250170353263615,-1.4475229915961794,-0.7277124897037521,0.36248013399880297,3.2,1.3497910214913724,0.8801159939227479,0.8268431012898416,-0.9065373025927609,-0.16284468609031386,0,1,1,0,0,0,1,0
1.0250170353263615,-1.2503575443867112,1.6993441741219921,-1.3126527060470132,2.96,-0.8841088231156093,0.1909550198886223,-1.2723354351300666,-1.2599631515568002,-0.16284468609031386,0,1,0,1,0,0,0,1
0.5302380963112232,1.4113759929411105,0.6591770324823875,0.36248013399880297,3.76,1.1779525719062198,1.5692769679568737,-1.6221985245333848,-0.5531114536287215,-0.16284468609031386,1,0,0,1,0,1,0,0
-0.9540987207341916,-1.4475229915961794,-1.1437793463595944,0.9208577473474083,2.97,1.5216294710765246,1.2246964809398109,1.1767061906931597,1.5674436401555145,-0.16284468609031386,1,0,0,0,1,0,1,0
0.5302380963112232,-0.3631130319441041,1.3526217935754574,-1.1730583027098618,3.6,1.5216294710765246,-1.5319474151966916,-1.2723354351300666,-1.2599631515568002,-0.16284468609031386,1,0,0,1,0,1,0,0
1.5197959743414997,1.7071241637553127,-1.2131238224689012,-1.7314359160584674,2.18,-0.7122703735304569,0.8801159939227479,0.8268431012898416,0.15374024429935695,6.140820581921837,0,1,0,0,1,0,0,1
-1.4488776597493298,1.6085414401505784,-0.38099010915721715,-0.33549188268695374,3.31,1.5216294710765246,1.5692769679568737,-1.6221985245333848,1.5674436401555145,-0.16284468609031386,0,1,0,0,1,1,0,0
-1.4488776597493298,1.3127932693363764,1.144588365247536,0.5020745373359545,2.52,-1.0559472727007617,-0.8427864411625662,-0.9224723457267486,0.5071660932633963,-0.16284468609031386,1,0,0,1,0,0,0,1
0.5302380963112232,-1.2503575443867112,-1.3518127746875153,-0.05630307601265096,2.65,-1.7433010710413717,1.2246964809398109,-0.5726092563234305,-1.2599631515568002,-0.16284468609031386,0,1,1,0,0,0,0,1
1.0250170353263615,1.115627822126908,0.1044212236079314,0.36248013399880297,2.76,-0.02491657518984685,-0.8427864411625662,-0.5726092563234305,-0.5531114536287215,-0.16284468609031386,1,0,0,1,0,0,1,0
0.03545915729608479,-1.1024834589796102,1.0752438891382292,0.22288573066165163,2.12,-1.0559472727007617,0.5355355069056852,-0.5726092563234305,-0.5531114536287215,-0.16284468609031386,0,1,1,0,0,1,0,0
-0.9540987207341916,-1.3982316297938124,1.5606552219033776,-1.4522471093841647,3.98,-0.36859347436015183,-1.5319474151966916,-1.6221985245333848,-1.6133890005208393,-0.16284468609031386,1,0,1,0,0,1,0,0
-0.45931978171905347,-0.313821670141737,1.4219662696847641,0.5020745373359545,3.19,-0.7122703735304569,0.5355355069056852,1.1767061906931597,1.2140177911914751,-0.16284468609031386,0,1,1,0,0,1,0,0
0.03545915729608479,0.08050922427719948,0.03507674749862466,-1.0334638993727105,2.91,-0.1967550247749994,-0.15362546712844055,0.47698001188652356,-0.9065373025927609,-0.16284468609031386,1,0,0,0,1,0,0,1
