student_id,age,gaming_hours,study_hours,sleep_hours,attendance,social_activity,device_usage,reaction_time_ms,addiction_score,stress_level,grades,gender_Female,gender_Male,gender_Other,gaming_genre_Casual,gaming_genre_FPS,gaming_genre_RPG
1,22,7.23,8.78,6.96,91.44,3.25,9.36,235.84,14.69,0,86.45955466333767,0,1,0,0,1,0
2,19,0.07,8.72,7.63,63.63,1.02,3.21,328.71,2.47,1,98.23,0,1,0,1,0,0
3,23,1.73,9.56,4.4,83.26,3.46,5.56,313.61,4.73,2,90.56,1,0,0,1,0,0
4,20,6.62,1.68,7.83,75.04,1.46,11.78,241.84,14.54,0,32.67,1,0,0,0,0,1
5,22,5.36,5.83,5.55,65.57,1.01,8.23,249.31,12.48,0,58.71,1,0,0,0,1,0
6,18,7.16,6.84,8.03,68.11,3.74,10.9,242.75,18.75,0,57.52,0,1,0,0,0,1
7,22,0.46,7.4,6.55,91.25,1.81,2.86,320.2,1.74,1,94.0,1,0,0,1,0,0
8,23,4.78,6.79,5.37,66.46,2.85,9.96,271.21,11.75,1,62.11,1,0,0,0,1,0
9,20,4.55,7.93,8.76,72.5,1.0,9.48,272.39,11.04,1,80.94,1,0,0,0,1,0
10,19,0.29,4.24,7.83,71.39,3.07,5.39,318.59,4.72,1,82.34923549620179,0,1,0,1,0,0
11,23,4.11,2.61,8.93,61.95,1.04,5.4,273.33,10.57,1,52.31,1,0,0,0,0,1
12,23,4.88,2.84,5.82,78.49,0.83,8.31,268.46,9.32,1,42.02,1,0,0,0,0,1
13,18,1.53,1.11,7.25,90.64,1.93,3.21,287.14,3.55,1,63.05,0,1,0,0,1,0
14,21,2.19,4.15,7.06,60.89,3.95,6.56,307.02,8.78,1,73.28,1,0,0,1,0,0
15,20,5.12,1.83,7.44,64.5,0.88,7.68,263.06,10.85,0,37.13,0,1,0,0,1,0
16,17,3.75,3.89,4.19,88.81,0.59,8.62,266.54,12.72,1,57.02,0,1,0,1,0,0
17,23,6.86,6.65,5.46,83.74,0.16,8.19,239.53,15.76,0,62.09,0,1,0,0,1,0
18,21,2.74,9.05,8.55,88.61,2.08,6.31,300.31,10.78,1,100.0,1,0,0,1,0,0
19,17,2.13,8.56,6.12,69.2,1.41,3.75,297.34,4.45,1,91.13,0,1,0,0,1,0
20,20,7.88,3.27,8.8,92.15,1.46,11.67,218.12,19.06,0,42.31,0,1,0,0,0,1
21,16,7.29,2.21,5.07,79.19,4.91,11.33,219.78,18.07,0,18.54,1,0,0,1,0,0
22,21,0.23,2.74,8.99,84.41,0.97,3.54,341.89,4.27,1,76.12,0,1,0,0,1,0
23,24,6.17,9.74,7.49,63.69,2.29,8.57,228.57,14.25,0,100.81507527205808,1,0,0,0,1,0
24,16,0.88,5.95,7.88,68.2,4.93,2.04,312.81,4.57,1,92.02,1,0,0,1,0,0
25,18,0.22,2.64,5.98,90.93,0.15,4.53,311.49,1.33,1,56.32,1,0,0,0,1,0
26,22,2.19,8.57,8.54,68.96,3.48,7.54,304.14,6.94,1,100.0,1,0,0,1,0,0
27,19,2.15,4.56,6.73,63.7,1.86,6.82,282.04,3.66,1,75.09,1,0,0,0,1,0
28,24,6.55,9.09,7.4,83.89,4.53,12.02,257.48,15.3,0,88.42652901676423,0,1,0,0,0,1
29,18,5.69,3.35,4.47,81.92,4.56,11.34,250.47,12.5,0,39.16,1,0,0,0,1,0
30,20,7.85,4.54,7.16,84.32,1.94,11.1,223.6,17.99,0,44.94,0,1,0,1,0,0
31,18,5.69,5.54,8.4,84.73,1.11,10.18,248.59,15.6,0,69.53,1,0,0,0,1,0
32,22,3.35,9.03,4.89,80.01,2.14,6.34,273.87,9.32,2,88.37,0,1,0,0,0,1
33,20,5.59,8.82,7.69,79.75,4.83,11.19,249.23,15.54,0,88.78828867430884,1,0,0,0,1,0
34,24,8.0,6.17,4.13,96.97,1.41,11.81,231.18,18.1,0,40.92761123181735,1,0,0,0,0,1
35,22,5.68,3.0,8.63,81.36,4.91,10.44,234.62,13.46,0,42.99,1,0,0,0,1,0
36,17,6.09,4.63,8.91,84.69,4.1,7.16,239.43,10.37,0,62.63,0,1,0,0,1,0
37,19,7.51,9.78,5.77,70.68,1.34,11.39,244.83,13.11,2,71.67337105144001,0,1,0,0,0,1
38,24,0.91,6.47,4.54,94.84,3.96,5.62,308.18,1.16,1,83.48,1,0,0,0,1,0
39,17,5.64,8.03,7.29,60.97,0.25,7.93,246.6,11.1,0,74.54685540039097,1,0,0,1,0,0
40,24,6.81,5.05,4.15,82.29,2.74,7.88,225.53,15.98,0,30.39,0,1,0,1,0,0
41,20,7.64,5.79,6.41,75.35,1.79,12.36,216.62,15.18,0,38.94,0,0,1,0,0,1
42,17,1.69,4.86,5.36,84.16,2.13,4.38,309.54,3.08,1,79.96,1,0,0,0,1,0
43,19,4.03,7.33,6.37,74.41,2.36,7.17,263.41,8.69,1,86.79,0,1,0,0,0,1
44,22,5.44,8.66,4.09,88.71,2.51,9.25,262.77,15.36,2,77.6456270607162,1,0,0,0,1,0
45,23,1.98,5.57,4.26,60.81,3.28,3.53,286.43,4.66,1,69.57,1,0,0,1,0,0
46,18,4.8,5.33,4.08,76.24,3.48,6.32,261.14,10.63,1,55.77,0,1,0,0,1,0
47,16,2.06,4.06,7.1,93.25,4.88,7.86,294.59,7.84,1,74.5,0,1,0,0,1,0
48,19,2.67,2.59,6.8,70.01,3.81,5.36,280.42,9.47,1,56.86,1,0,0,0,1,0
49,17,3.53,9.45,5.17,62.11,3.44,5.81,278.41,8.37,2,86.86,1,0,0,1,0,0
50,23,4.23,3.84,7.23,79.86,1.96,5.47,248.08,5.55,1,64.03,0,1,0,1,0,0
51,19,3.59,8.21,8.42,99.06,0.59,5.46,276.03,8.37,1,99.32,1,0,0,0,1,0
52,17,3.95,7.44,5.39,62.57,0.29,7.1,277.05,12.36,2,66.87,1,0,0,1,0,0
53,21,2.39,8.12,8.16,62.8,2.39,5.1,282.97,7.42,1,93.83,1,0,0,0,1,0
54,21,1.27,9.43,7.31,83.8,3.34,4.39,306.89,4.53,1,100.0,0,1,0,1,0,0
55,19,0.38,6.61,4.17,70.0,3.25,4.9,316.97,3.73,1,78.34,1,0,0,0,0,1
56,21,1.57,9.08,5.88,76.41,4.76,5.78,303.1,1.57,2,100.0,0,1,0,1,0,0
57,17,4.66,2.51,6.54,93.22,1.91,8.13,250.63,7.1,1,57.56,0,1,0,0,1,0
58,17,6.29,6.64,7.66,67.95,3.14,11.36,245.47,16.9,0,63.94,0,1,0,0,0,1
59,19,1.35,7.95,5.44,88.77,4.44,6.64,286.58,7.92,2,85.12,1,0,0,0,0,1
60,23,0.87,3.44,8.91,80.18,2.02,4.82,303.27,2.46,1,85.67,1,0,0,0,1,0
61,22,5.99,7.67,7.42,96.2,2.39,7.58,248.08,13.16,0,96.57122032899532,0,1,0,0,1,0
62,24,2.44,8.01,5.86,98.92,4.61,5.47,292.8,7.64,2,88.95,1,0,0,1,0,0
63,23,7.61,8.48,4.49,79.4,2.75,11.78,216.59,20.63,2,54.03650726930501,0,1,0,0,0,1
64,20,5.71,3.82,4.91,83.39,4.0,7.02,248.64,11.92,0,47.48,0,1,0,0,0,1
65,17,2.61,7.13,6.44,89.83,4.68,3.71,296.63,7.25,1,87.33,0,0,1,0,1,0
66,20,2.32,3.74,6.47,72.75,2.86,8.06,282.36,11.5,1,60.14,1,0,0,0,1,0
67,23,4.19,7.65,7.84,69.07,0.55,8.84,248.18,10.14,1,77.07,0,1,0,1,0,0
68,24,0.63,5.17,7.63,98.59,4.11,2.4,317.74,2.27,1,100.0,1,0,0,1,0,0
69,24,0.94,6.38,5.01,77.3,4.09,4.17,299.3,1.28,1,83.62,0,1,0,1,0,0
70,16,1.41,4.74,6.97,60.06,0.57,3.38,296.69,1.69,1,74.6,0,1,0,1,0,0
71,24,6.2,2.46,4.1,93.51,2.74,7.25,246.91,14.68,0,35.48,1,0,0,1,0,0
72,22,4.11,2.6,5.99,83.99,2.44,7.07,271.45,12.09,1,47.64,1,0,0,0,1,0
73,24,0.08,1.7,7.82,66.74,4.24,4.32,329.26,4.61,1,67.51,0,1,0,0,1,0
74,23,5.39,6.56,6.0,61.21,1.37,11.16,252.9,11.6,0,59.6,1,0,0,1,0,0
75,16,3.39,8.64,8.18,71.66,2.13,8.24,280.0,8.79,1,91.88,1,0,0,0,1,0
76,23,4.09,1.19,8.88,97.12,3.02,6.24,253.99,10.21,1,66.67188190516212,0,1,0,1,0,0
77,23,1.71,1.6,7.04,97.34,2.59,4.39,305.76,0.21,1,70.18,1,0,0,1,0,0
78,18,4.41,5.12,4.73,72.44,4.78,8.01,260.17,11.53,1,56.85,1,0,0,0,0,1
79,16,7.83,7.64,5.9,93.44,4.8,9.79,258.35,20.4,2,70.03082865031259,1,0,0,0,1,0
80,23,0.59,2.42,4.05,77.67,0.41,5.75,310.78,6.03,1,72.47994815879551,1,0,0,0,0,1
81,18,2.27,3.44,7.01,86.17,1.49,4.11,297.0,0.64,1,69.75,1,0,0,1,0,0
82,18,1.94,3.09,8.11,73.38,0.04,4.39,303.1,5.9,1,63.05,0,1,0,1,0,0
83,16,1.99,4.59,7.15,80.64,2.09,5.88,295.23,6.36,1,84.1,1,0,0,0,1,0
84,20,3.03,3.02,7.93,71.75,3.31,4.65,288.01,7.41,1,59.51,1,0,0,1,0,0
85,22,6.54,4.17,8.0,62.44,2.36,10.66,264.07,15.35,0,33.85,0,1,0,0,0,1
86,24,7.3,7.56,8.26,65.58,0.34,13.02,224.86,16.81,0,75.84021103153083,1,0,0,0,1,0
87,22,1.62,6.5,5.33,71.63,0.98,6.08,278.13,0.82,1,84.88,1,0,0,0,1,0
88,24,4.34,1.73,8.36,99.05,0.87,9.4,254.89,11.83,1,51.42,1,0,0,0,0,1
89,23,5.1,6.74,7.27,98.63,2.56,8.29,268.77,13.05,0,70.14,0,1,0,0,1,0
90,17,4.17,5.29,5.45,93.11,3.39,7.0,265.17,8.64,1,71.42,0,1,0,0,1,0
91,16,3.47,9.41,8.94,69.3,1.58,6.11,301.68,10.78,1,108.77322825666388,1,0,0,0,1,0
92,22,1.54,3.6,8.75,77.66,0.65,5.84,308.79,1.95,1,77.12,0,1,0,1,0,0
93,22,3.91,7.54,6.87,77.59,3.99,7.5,266.55,6.16,1,83.85,1,0,0,0,1,0
94,23,3.21,7.58,8.22,75.48,4.29,6.57,273.69,8.27,1,87.4,0,1,0,0,1,0
95,20,6.36,2.99,5.31,61.8,1.38,7.86,239.22,12.11,0,28.37,0,1,0,0,1,0
96,18,6.11,9.13,6.08,81.38,2.1,10.48,226.04,16.35,0,89.86994366733958,0,1,0,1,0,0
97,23,1.07,5.42,4.92,62.91,0.41,5.7,309.94,3.6,1,61.04,0,1,0,1,0,0
98,21,0.71,7.11,6.6,92.08,1.14,2.69,318.42,5.13,1,96.03,1,0,0,1,0,0
99,18,7.27,2.31,6.48,87.65,3.84,12.07,223.09,15.5,0,26.04,0,1,0,0,0,1
100,16,4.28,3.32,5.06,74.11,1.83,9.68,253.12,11.55,1,40.98,0,1,0,0,0,1
101,18,6.86,6.27,7.36,85.89,3.02,8.73,228.57,10.69,0,50.57,0,1,0,0,0,1
102,20,0.47,3.87,4.59,69.32,4.73,3.73,324.33,2.46,1,60.64,1,0,0,0,0,1
103,18,4.21,5.5,4.31,70.61,3.62,9.59,277.51,11.26,1,52.38,0,1,0,0,1,0
104,16,4.32,4.37,5.92,72.57,2.27,7.76,270.31,12.78,1,56.97,1,0,0,0,0,1
105,20,6.89,6.76,6.05,91.88,1.83,11.97,253.74,13.3,0,55.43,1,0,0,0,1,0
106,22,0.78,5.38,5.6,68.43,0.95,2.86,293.75,2.03,1,74.27,1,0,0,1,0,0
107,22,1.92,1.04,5.29,82.51,3.78,3.24,294.88,7.41,1,53.47,1,0,0,0,0,1
108,24,3.25,6.85,5.69,68.02,0.56,4.55,286.6,10.32,1,70.23,1,0,0,0,0,1
109,18,6.93,4.8,4.82,71.4,0.31,12.79,244.74,15.12,0,28.03,1,0,0,0,0,1
110,22,7.51,4.08,6.02,69.42,0.52,9.33,237.92,14.56,0,39.29,0,1,0,1,0,0
111,16,7.94,1.85,8.52,85.8,1.21,13.26,231.96,15.14,0,25.78,0,1,0,0,0,1
112,19,7.67,2.98,5.12,81.07,3.14,10.25,241.15,12.38,0,19.15,0,1,0,0,0,1
113,19,0.05,3.01,7.42,88.85,4.31,1.25,327.01,-0.08,1,81.44,1,0,0,0,1,0
114,20,0.38,9.42,4.71,68.8,4.96,2.58,303.9,0.57,2,100.0,0,0,1,0,1,0
115,22,1.18,4.89,5.77,60.37,3.66,4.71,301.29,8.25,1,87.7929048115807,1,0,0,0,1,0
116,22,2.79,1.38,5.61,87.22,0.73,4.32,269.57,7.04,1,45.61,0,1,0,0,1,0
117,19,6.64,2.25,8.69,64.59,1.39,12.25,250.28,15.67,0,41.83028579191895,1,0,0,1,0,0
118,22,7.14,1.71,6.14,69.85,0.66,12.64,246.27,18.34,0,20.54,0,1,0,1,0,0
119,18,1.49,6.3,7.45,72.23,0.58,3.24,289.92,5.91,1,100.0,0,1,0,0,1,0
120,21,4.96,2.68,7.01,89.87,2.84,9.65,256.68,14.69,1,51.09,0,1,0,0,1,0
121,17,7.34,5.49,4.71,85.04,4.53,10.64,214.37,16.85,0,39.84,0,1,0,0,0,1
122,24,3.71,4.33,8.7,67.37,3.42,9.62,274.27,10.33,1,61.63,1,0,0,0,0,1
123,20,0.83,8.23,5.73,83.92,4.0,2.11,301.77,2.62,2,95.807341272612,0,1,0,1,0,0
124,21,3.66,3.88,4.22,88.33,2.54,7.02,264.4,8.88,1,59.43,0,1,0,0,0,1
125,19,3.01,5.12,5.5,75.56,2.38,5.44,283.63,6.18,1,66.67,1,0,0,1,0,0
126,22,4.62,7.49,5.68,69.84,4.69,9.25,283.38,13.64,2,70.99,1,0,0,0,1,0
127,24,3.51,4.9,4.46,87.16,3.61,5.07,285.83,7.41,1,65.6,1,0,0,0,1,0
128,22,0.14,8.14,7.1,84.44,2.3,4.28,315.8,0.32,1,109.08473630488844,0,1,0,1,0,0
129,16,7.95,6.96,5.73,63.12,1.66,13.69,224.11,18.81,0,42.39,1,0,0,0,1,0
130,16,4.35,4.69,7.15,86.67,0.47,7.62,286.58,11.77,1,67.78,1,0,0,0,1,0
131,24,3.79,5.54,4.03,79.54,4.1,7.06,287.11,6.3,1,59.16,0,1,0,0,1,0
132,24,7.64,9.7,8.91,90.13,0.85,11.12,225.21,16.48,0,91.92017996885592,1,0,0,0,0,1
133,19,1.25,6.95,4.85,67.63,2.58,4.33,310.01,2.44,1,88.17,0,1,0,0,1,0
134,24,1.51,9.14,7.3,70.33,3.19,4.75,291.89,9.01,1,100.0,0,1,0,1,0,0
135,18,6.46,2.61,7.58,81.73,3.72,9.78,242.73,14.76,0,32.41,1,0,0,1,0,0
136,22,2.09,5.35,4.86,79.27,0.42,8.08,302.56,10.28,1,69.69,1,0,0,1,0,0
137,21,6.39,9.18,4.56,75.45,0.05,7.97,253.52,14.06,2,78.39667652392087,0,1,0,0,1,0
138,23,2.17,3.9,4.76,89.84,3.53,4.6,287.56,6.22,1,66.62,1,0,0,1,0,0
139,24,0.27,9.71,5.23,82.59,2.27,2.32,326.78,1.44,2,105.98646178855331,1,0,0,1,0,0
140,20,4.14,1.87,4.84,88.41,0.91,7.86,271.8,9.69,1,36.37,1,0,0,0,1,0
141,16,1.57,9.12,7.37,66.13,4.91,2.58,298.27,3.5,1,100.0,0,1,0,0,1,0
142,18,6.06,5.01,6.1,89.16,3.96,11.67,266.37,13.61,0,58.11,1,0,0,0,0,1
143,23,5.13,1.66,6.69,78.46,2.89,8.79,254.84,12.07,0,38.84,0,1,0,1,0,0
144,21,7.39,8.92,4.24,61.35,3.51,12.87,220.24,14.27,2,46.6012417873633,1,0,0,0,1,0
145,23,6.26,3.27,8.31,69.38,0.78,8.98,238.16,14.23,0,43.73,0,1,0,0,0,1
146,24,1.45,1.2,4.85,61.03,4.81,3.2,309.86,1.37,1,36.76,0,1,0,1,0,0
147,19,6.4,2.22,5.8,78.27,4.98,8.36,233.33,13.97,0,27.41,1,0,0,0,1,0
148,16,5.13,6.93,4.36,73.04,3.24,8.48,266.73,12.58,0,47.64,0,1,0,0,1,0
149,16,5.35,9.8,4.68,99.5,3.34,6.55,247.27,14.13,2,93.1874744469936,0,1,0,1,0,0
150,19,6.66,2.0,7.33,94.74,3.52,11.57,239.33,16.41,0,37.92,0,1,0,0,1,0
151,22,4.59,5.16,7.46,93.03,3.33,9.54,287.02,11.12,1,67.61,1,0,0,1,0,0
152,17,3.73,2.63,7.38,80.04,2.19,8.24,266.41,8.46,1,60.65,0,1,0,1,0,0
153,18,5.09,7.71,6.76,92.28,2.7,10.57,238.72,14.35,0,88.72625736509066,1,0,0,0,1,0
154,16,2.38,2.06,8.76,70.67,1.41,6.13,305.11,6.44,1,55.64,0,1,0,0,1,0
155,20,1.46,3.16,6.54,82.43,2.23,4.86,288.48,3.12,1,75.82,0,1,0,0,1,0
156,16,4.93,2.77,6.25,75.72,2.18,8.58,252.72,11.99,1,45.89,0,1,0,0,1,0
157,23,1.87,5.97,5.24,66.85,1.44,3.78,304.85,0.98,1,89.36176029714849,1,0,0,1,0,0
158,16,0.64,8.86,4.49,62.9,3.93,4.2,319.21,3.22,2,92.51,0,1,0,0,0,1
159,16,0.0,5.6,6.74,82.33,2.05,3.71,296.26,0.29,1,87.61,0,1,0,1,0,0
160,17,4.87,1.52,5.57,63.91,2.76,9.69,258.13,11.5,1,24.11,0,0,1,0,0,1
161,17,2.9,6.07,6.62,88.72,0.78,5.64,293.72,11.16,1,83.7,1,0,0,0,0,1
162,21,6.02,8.18,5.03,96.86,2.37,7.48,268.05,11.8,2,79.88433064435151,0,1,0,1,0,0
163,22,3.0,2.19,8.19,66.48,3.81,6.99,271.61,9.57,1,65.00348539565958,0,1,0,1,0,0
164,20,3.89,1.65,9.0,78.84,2.22,8.83,284.0,12.35,1,65.36,1,0,0,1,0,0
165,16,3.26,2.69,5.61,89.55,2.79,9.11,274.26,11.15,1,59.71,0,1,0,0,1,0
166,16,5.2,7.71,8.21,71.47,3.51,6.65,268.02,11.87,0,87.54960154278523,0,1,0,1,0,0
167,18,2.85,6.33,8.36,96.83,1.94,7.58,275.4,5.85,1,91.21,1,0,0,0,0,1
168,17,7.71,5.87,8.98,95.54,1.77,11.69,225.18,16.11,0,54.9,1,0,0,1,0,0
169,20,7.49,3.25,5.71,64.15,0.43,8.57,233.99,13.19,0,8.97,1,0,0,0,0,1
170,21,6.78,3.99,7.78,61.1,2.91,11.37,248.18,15.15,0,38.31,0,1,0,0,1,0
171,22,7.36,9.69,5.14,99.06,3.53,8.49,237.38,14.6,2,76.60309521096231,0,1,0,0,1,0
172,19,3.59,3.17,7.12,98.26,2.91,8.52,272.63,7.82,1,64.98,1,0,0,0,1,0
173,22,4.29,9.11,7.52,76.89,1.42,8.9,263.5,11.98,1,87.45,0,1,0,0,1,0
174,23,5.94,6.22,7.71,62.02,1.31,10.38,266.51,13.11,0,58.92,1,0,0,0,0,1
175,16,5.57,2.11,5.04,84.76,0.8,7.17,255.93,11.21,0,38.19,1,0,0,1,0,0
176,21,7.13,5.21,8.24,71.74,0.23,12.73,229.69,13.92,0,48.45,0,1,0,0,1,0
177,23,5.73,9.54,6.1,97.47,2.13,11.22,256.62,14.34,0,85.6199900584634,1,0,0,0,1,0
178,20,7.98,4.77,5.08,91.79,0.8,13.48,230.47,18.52,0,27.24,1,0,0,1,0,0
179,19,2.79,8.77,6.71,85.98,3.45,5.59,272.99,5.78,1,99.39,1,0,0,0,1,0
180,17,6.66,3.31,8.32,71.38,4.81,10.12,244.94,15.81,0,43.94,0,1,0,1,0,0
181,21,5.58,6.14,8.84,88.05,0.37,7.15,237.98,12.18,0,76.8165965307675,0,1,0,0,1,0
182,21,5.53,8.59,7.74,71.57,4.46,6.79,247.19,12.87,0,88.5609535265387,1,0,0,0,0,1
183,16,2.61,9.29,4.03,61.51,3.29,3.9,278.82,7.13,2,86.4,0,1,0,0,1,0
184,24,6.28,5.37,4.67,80.34,4.3,10.12,243.35,15.91,0,52.13,0,0,1,1,0,0
185,21,7.2,6.76,4.38,79.55,0.77,9.81,229.23,19.04,0,44.19,0,1,0,1,0,0
186,18,1.75,1.03,4.51,90.52,4.53,5.65,297.0,5.71,1,58.84461279165568,1,0,0,1,0,0
187,19,5.0,3.28,5.92,94.63,4.79,8.96,241.05,10.09,1,47.54,0,1,0,0,1,0
188,19,3.14,3.51,5.69,74.18,4.53,8.68,281.56,8.19,1,55.66,1,0,0,1,0,0
189,18,7.92,1.84,4.57,77.98,3.93,13.33,213.95,17.74,0,15.08,0,1,0,1,0,0
190,18,3.83,3.52,8.41,78.82,0.45,8.42,296.88,8.12,1,64.14,0,1,0,0,0,1
191,18,1.83,3.89,7.08,72.97,1.1,6.92,294.04,1.18,1,76.1,0,1,0,0,0,1
192,19,3.05,9.72,7.98,89.74,4.57,4.07,280.82,7.07,1,99.4,1,0,0,1,0,0
193,22,5.23,7.02,5.86,80.88,1.15,6.31,264.19,11.07,2,81.77816661012079,0,1,0,0,0,1
194,19,0.61,4.83,6.05,96.56,1.74,3.9,325.9,6.69,1,87.88,1,0,0,0,1,0
195,24,4.83,9.89,5.59,86.01,0.25,9.1,250.26,15.5,2,84.79,1,0,0,1,0,0
196,16,7.45,2.38,6.19,68.48,3.14,12.42,236.33,18.74,0,25.109089330088054,0,1,0,0,0,1
197,23,6.8,5.28,7.05,66.59,2.82,10.04,248.06,16.35,0,50.29,1,0,0,1,0,0
198,22,0.54,6.82,6.46,74.9,4.81,6.24,315.37,2.27,1,100.0,0,1,0,0,0,1
199,17,7.95,1.5,8.19,73.88,4.46,13.02,226.25,18.81,0,10.67,0,0,1,0,1,0
200,23,5.59,7.45,8.5,76.29,2.53,7.1,247.8,11.7,0,80.40250608471575,1,0,0,0,0,1
201,16,1.3,1.9,6.35,67.34,3.05,4.5,301.18,4.49,1,57.07,0,1,0,1,0,0
202,24,0.1,2.26,5.2,99.13,2.07,6.07,317.72,1.65,1,69.24,0,1,0,0,1,0
203,24,1.37,2.44,8.73,65.83,0.66,4.42,299.3,5.1,1,72.87,0,1,0,0,0,1
204,17,6.71,9.36,7.68,86.11,4.34,9.64,248.36,12.15,0,83.66114802329601,0,0,1,0,1,0
205,22,0.17,7.15,7.2,60.52,2.75,2.64,309.24,7.65,1,82.63,0,1,0,0,0,1
206,18,1.87,6.9,7.73,76.28,2.13,5.3,306.11,8.35,1,108.89931594795696,1,0,0,1,0,0
207,22,6.06,6.0,4.38,72.37,0.34,10.71,260.56,17.1,0,44.39,0,1,0,0,0,1
208,24,4.69,3.64,4.34,75.28,3.33,5.93,267.42,7.45,1,35.68,1,0,0,0,0,1
209,19,6.26,6.59,4.77,79.92,2.0,11.44,226.99,11.87,0,47.86,0,1,0,0,1,0
210,16,5.97,4.69,4.74,84.02,1.27,11.56,254.48,15.28,0,41.01,1,0,0,0,0,1
211,17,0.4,2.31,6.1,83.34,4.38,5.31,308.76,2.65,1,61.26,1,0,0,0,0,1
212,16,7.14,7.21,4.79,85.23,0.92,12.72,229.04,20.77,2,51.617656377514194,1,0,0,1,0,0
213,20,1.82,2.17,8.27,93.78,2.58,3.29,301.78,5.63,1,75.94975519720927,0,1,0,1,0,0
214,20,4.43,2.72,6.89,95.47,3.98,7.68,277.89,10.4,1,65.72,0,1,0,0,0,1
215,22,5.15,8.36,5.84,89.49,4.25,6.51,241.59,13.94,2,85.86751605822991,0,1,0,1,0,0
216,24,1.35,6.94,4.35,63.16,4.09,6.53,304.38,5.65,1,77.79,1,0,0,1,0,0
217,24,7.81,6.68,6.96,98.45,4.48,13.57,246.2,18.96,0,55.69,0,1,0,0,1,0
218,18,3.91,4.76,4.58,97.9,0.71,6.4,262.09,11.15,1,61.59,1,0,0,0,0,1
219,18,0.46,4.57,7.72,88.47,4.7,4.14,312.48,1.41,1,79.68,0,1,0,1,0,0
220,18,7.5,7.21,8.01,80.7,0.05,9.99,223.84,18.28,0,63.16524500862786,1,0,0,1,0,0
221,19,4.69,7.66,6.72,70.02,1.28,7.58,270.75,11.96,1,70.88,1,0,0,0,1,0
222,23,5.59,5.59,4.75,90.25,0.42,8.97,240.42,11.03,0,52.27,1,0,0,1,0,0
223,21,4.2,9.72,7.93,95.11,4.73,9.15,253.9,14.79,1,108.06139606676896,0,1,0,0,0,1
224,23,6.68,9.6,5.54,86.61,2.12,8.41,248.16,13.31,2,71.60454711361115,0,1,0,0,1,0
225,16,0.27,4.71,5.11,85.16,1.58,2.06,319.15,-1.83,1,86.37,0,1,0,1,0,0
226,23,2.15,8.39,6.35,67.72,0.84,4.16,282.34,3.75,1,100.0,0,1,0,1,0,0
227,19,3.76,5.89,8.61,74.31,0.78,5.03,274.2,6.08,1,79.72,1,0,0,0,0,1
228,16,0.61,5.61,5.49,88.93,3.07,4.83,299.86,3.72,1,81.47,1,0,0,0,1,0
229,23,5.65,1.49,8.53,60.68,0.24,7.6,261.42,15.52,0,31.58,1,0,0,1,0,0
230,19,3.15,6.17,4.27,85.65,2.97,6.34,284.98,8.39,1,71.51,0,1,0,0,0,1
231,21,2.18,9.11,4.42,90.67,3.87,6.61,286.69,9.75,2,92.52,1,0,0,0,1,0
232,23,0.03,8.02,7.49,73.39,3.01,3.27,313.84,3.81,1,100.0,1,0,0,0,1,0
233,19,5.76,8.08,4.95,63.05,4.13,11.29,246.29,8.95,2,75.26141396754363,1,0,0,0,1,0
234,18,6.67,2.44,5.58,92.76,1.33,11.52,229.21,17.56,0,26.08,0,1,0,0,0,1
235,24,3.16,4.23,4.68,65.67,0.39,5.53,295.48,6.34,1,49.13,0,1,0,0,1,0
236,18,4.51,3.1,5.66,74.83,3.6,6.16,277.51,10.87,1,49.38,0,1,0,0,1,0
237,24,1.82,3.84,5.4,88.29,4.14,7.29,294.15,6.26,1,74.69,1,0,0,1,0,0
238,17,4.98,6.22,7.68,92.68,2.51,7.96,257.09,17.02,1,68.05,1,0,0,1,0,0
239,17,0.1,4.28,7.51,94.5,4.1,3.01,307.57,2.53,1,81.72,0,1,0,0,1,0
240,17,3.91,6.05,8.77,81.22,2.29,8.96,271.47,11.51,1,79.51,0,1,0,0,1,0
241,21,5.15,4.95,7.62,79.03,0.99,6.2,263.09,12.98,0,60.33,1,0,0,0,0,1
242,18,7.35,3.58,7.47,93.93,2.37,10.61,243.61,13.35,0,39.33,1,0,0,0,1,0
243,24,3.05,1.86,7.47,82.52,1.08,7.62,274.44,10.55,1,59.64,0,1,0,0,1,0
244,19,6.12,9.03,8.41,83.15,2.36,11.36,229.71,14.43,0,93.92768602159194,1,0,0,0,1,0
245,16,4.78,1.1,5.48,77.36,0.74,10.21,252.57,10.89,1,31.23,0,0,1,1,0,0
246,19,7.42,1.01,5.5,74.91,0.93,10.75,236.52,18.15,0,6.33,1,0,0,1,0,0
247,16,3.19,8.44,7.71,79.22,4.41,8.43,281.28,6.02,1,94.69,0,1,0,1,0,0
248,20,2.55,9.97,5.14,74.59,0.58,3.73,299.32,7.57,2,94.47,1,0,0,0,0,1
249,19,7.1,7.54,8.56,73.74,1.12,9.63,235.22,15.15,0,77.56969391708812,1,0,0,1,0,0
250,23,0.39,1.14,6.67,99.75,4.98,1.44,331.48,1.1,1,57.2,0,1,0,0,0,1
251,23,1.09,3.04,5.5,73.45,2.88,2.92,291.06,-1.39,1,71.38,1,0,0,0,0,1
252,22,0.66,9.75,7.88,70.26,2.93,5.28,287.18,5.43,1,100.0,1,0,0,0,0,1
253,18,6.74,8.28,5.56,74.16,4.22,7.76,252.65,14.49,2,65.39178514870629,1,0,0,1,0,0
254,16,0.08,6.1,8.82,83.63,2.62,3.7,311.08,1.04,1,100.0,0,1,0,0,1,0
255,16,6.89,3.13,8.91,96.44,1.11,9.96,238.7,13.46,0,48.33,1,0,0,0,1,0
256,18,3.61,1.13,7.33,91.51,2.11,5.22,278.02,9.59,1,42.9,1,0,0,1,0,0
257,21,0.03,1.19,4.57,93.69,3.78,4.46,322.91,2.97,1,55.02,0,1,0,0,1,0
258,22,3.21,6.51,5.32,94.36,4.36,7.68,276.74,8.67,1,75.45,1,0,0,0,1,0
259,21,1.49,1.2,6.58,96.82,1.37,6.12,292.6,3.32,1,66.31,1,0,0,0,0,1
260,21,5.0,9.94,8.26,69.4,1.31,9.83,249.68,13.02,1,98.99,1,0,0,0,1,0
261,21,5.43,2.65,4.92,78.33,1.64,8.0,260.88,12.63,0,31.24,0,1,0,0,1,0
262,18,3.9,7.4,4.52,75.41,2.98,9.87,280.91,13.42,2,71.64,1,0,0,0,1,0
263,21,0.32,2.4,4.37,75.28,1.39,1.68,313.66,-1.07,1,58.41,0,1,0,0,0,1
264,23,5.25,5.86,6.53,86.09,4.47,9.49,251.03,11.19,0,69.82,0,1,0,0,1,0
265,17,6.74,1.73,8.42,76.07,4.89,12.59,244.81,20.29,0,45.54723404249764,1,0,0,0,0,1
266,20,5.76,7.9,4.21,84.65,3.4,7.88,236.06,12.96,2,62.45329605631551,0,1,0,0,1,0
267,16,6.64,6.26,5.06,75.29,4.85,9.03,259.82,14.98,0,40.59,1,0,0,0,1,0
268,16,1.6,1.78,7.47,72.45,1.44,5.48,305.32,7.07,1,73.36607638135598,0,1,0,1,0,0
269,20,7.11,8.64,8.13,74.12,4.08,12.02,233.09,20.3,0,80.06783136209714,0,1,0,1,0,0
270,18,2.58,5.92,8.04,92.15,3.39,5.22,297.34,4.16,1,82.12,0,1,0,0,0,1
271,19,0.11,9.29,7.93,84.04,1.32,5.29,324.99,7.17,1,100.0,0,0,1,0,1,0
272,18,6.75,9.25,4.65,98.96,1.59,8.96,241.35,14.52,2,72.96353862220805,1,0,0,0,1,0
273,16,7.53,9.28,5.99,93.31,2.44,12.9,210.74,18.27,2,81.5276491754453,1,0,0,1,0,0
274,16,5.24,1.7,8.92,79.43,3.96,7.5,261.23,11.73,0,43.52,0,1,0,0,1,0
275,20,1.85,2.09,8.94,69.7,4.36,5.94,312.36,8.74,1,74.46761425004254,0,1,0,1,0,0
276,21,2.01,9.89,7.01,86.96,3.17,4.8,290.33,7.33,1,106.27571102291984,0,0,1,0,0,1
277,18,3.73,5.39,7.55,89.07,3.61,6.34,284.83,8.48,1,78.64,0,1,0,1,0,0
278,24,7.18,3.14,8.76,78.57,1.32,9.95,242.33,13.49,0,40.44,0,1,0,0,0,1
279,20,1.2,7.93,6.25,69.2,3.71,4.7,308.54,3.66,1,100.0,1,0,0,0,0,1
280,23,6.61,3.38,4.68,82.29,3.02,11.84,242.38,13.16,0,30.56,0,1,0,0,1,0
281,16,2.33,7.54,7.34,70.15,1.11,7.13,297.64,8.84,1,87.65,1,0,0,0,0,1
282,20,6.47,8.54,8.8,97.6,4.75,9.72,246.52,13.21,0,104.4782459478344,1,0,0,1,0,0
283,18,7.36,8.06,7.49,85.16,2.56,9.77,250.59,15.72,0,79.98816052310234,0,1,0,0,1,0
284,16,3.42,3.47,8.02,71.68,3.97,8.69,288.63,11.82,1,59.69,0,1,0,0,1,0
285,19,2.92,4.61,6.11,68.63,2.63,8.27,292.03,10.13,1,70.3880198608261,0,1,0,0,1,0
286,20,6.42,4.72,4.48,88.67,4.66,9.69,253.53,15.24,0,41.4,1,0,0,0,0,1
287,22,4.24,5.42,4.84,88.31,0.71,8.72,276.2,9.13,1,59.88,1,0,0,0,1,0
288,16,5.48,2.51,8.91,83.89,2.73,8.33,233.43,13.36,0,51.12,0,1,0,1,0,0
289,18,4.98,5.07,6.47,84.57,0.13,6.73,259.07,9.24,1,53.01,0,1,0,0,0,1
290,17,1.22,5.6,4.06,84.15,0.99,3.83,299.16,4.73,1,75.61,1,0,0,1,0,0
291,24,6.76,5.79,8.78,74.4,1.41,11.17,242.16,13.11,0,59.18,1,0,0,1,0,0
292,21,1.57,8.38,6.49,97.5,2.36,6.42,295.59,7.98,1,100.0,0,1,0,0,1,0
293,18,7.46,5.66,8.18,79.17,4.1,12.72,236.39,17.95,0,45.22,0,1,0,0,1,0
294,23,2.0,3.08,6.74,60.81,2.33,3.09,291.79,4.52,1,62.82,0,1,0,1,0,0
295,23,5.87,6.97,4.51,73.93,2.81,9.3,266.54,14.24,0,51.23,1,0,0,0,0,1
296,17,2.28,8.18,7.08,65.21,4.62,4.65,309.14,5.51,1,83.47,0,0,1,0,1,0
297,21,2.54,3.87,8.99,74.54,3.78,6.96,275.05,7.43,1,66.96,0,1,0,1,0,0
298,22,2.48,6.81,4.17,84.33,0.25,4.71,293.47,8.66,1,77.07,1,0,0,0,0,1
299,17,5.98,2.32,8.21,60.91,0.88,9.81,243.62,15.99,0,36.24,0,1,0,0,1,0
300,17,4.45,4.08,5.18,94.81,0.19,9.01,269.12,12.61,1,56.44,0,1,0,0,0,1
301,16,7.06,9.18,5.97,84.41,0.35,11.91,241.15,17.05,2,70.80274440327398,0,1,0,1,0,0
302,23,2.46,9.2,5.86,71.81,1.69,4.81,277.69,5.46,2,94.34447456224008,1,0,0,0,1,0
303,16,5.54,6.18,8.49,72.45,3.64,6.98,243.78,13.95,0,62.33,1,0,0,0,1,0
304,24,6.02,7.32,6.52,78.63,1.22,8.11,239.27,11.26,0,73.87454030472726,1,0,0,0,1,0
305,21,1.21,8.69,6.24,69.92,1.96,5.21,299.97,7.99,1,107.24716422696136,0,1,0,1,0,0
306,22,3.2,9.63,8.09,60.17,1.97,4.4,276.38,8.42,1,88.0,0,1,0,1,0,0
307,22,3.86,5.41,4.24,61.06,2.95,5.65,281.65,10.98,1,41.01,0,1,0,0,0,1
308,18,2.85,6.05,4.43,74.31,4.46,8.83,288.02,9.63,1,73.93,1,0,0,0,0,1
309,17,2.58,4.74,4.11,64.97,4.92,5.49,280.33,6.37,1,59.07,0,1,0,0,1,0
310,24,5.49,1.65,7.44,60.89,3.02,8.97,250.92,14.62,0,27.82,1,0,0,0,0,1
311,23,1.73,4.81,6.63,94.37,2.53,2.79,275.54,1.18,1,82.97,0,1,0,1,0,0
312,22,5.68,8.12,8.38,70.97,3.41,9.64,272.04,12.16,0,84.50682558011331,0,1,0,0,0,1
313,24,7.48,8.24,6.49,80.12,3.34,10.11,230.42,15.89,0,68.61906311714304,0,1,0,1,0,0
314,19,4.52,9.03,5.11,67.18,2.62,8.17,275.69,8.1,2,73.02,0,1,0,1,0,0
315,19,4.89,1.46,8.03,61.87,3.68,8.52,269.25,12.87,1,32.07,0,1,0,0,1,0
316,16,0.55,5.74,5.47,89.79,2.46,6.39,313.04,6.55,1,84.89,0,1,0,1,0,0
317,23,6.92,1.97,8.68,65.0,4.98,9.26,213.14,11.59,0,48.53101538539005,1,0,0,0,1,0
318,18,2.28,2.81,5.25,61.03,0.24,6.13,287.06,5.65,1,51.93,1,0,0,0,0,1
319,22,4.92,9.1,4.84,83.49,2.22,7.83,264.5,10.96,2,77.56,0,1,0,0,0,1
320,17,7.83,5.47,6.47,60.54,1.99,10.94,226.65,17.86,0,39.66026183552589,0,1,0,1,0,0
321,17,4.76,7.83,4.25,77.45,3.85,6.04,273.28,11.87,2,62.5,0,1,0,0,1,0
322,22,5.8,1.58,4.18,71.55,0.95,10.24,250.38,13.26,0,17.69,0,1,0,1,0,0
323,21,3.56,4.75,6.48,72.78,2.17,5.54,295.7,9.99,1,64.78,0,1,0,1,0,0
324,18,0.48,7.07,5.08,60.16,3.49,3.82,303.64,2.81,2,86.06,1,0,0,0,1,0
325,24,6.38,2.2,4.05,98.57,3.02,9.55,248.62,13.14,0,32.9,0,1,0,1,0,0
326,21,0.28,3.93,5.48,80.68,2.73,3.62,306.35,2.69,1,70.26,0,1,0,0,1,0
327,21,5.61,1.58,6.39,82.9,2.17,8.49,261.82,10.13,0,41.96980279756957,0,1,0,0,1,0
328,16,0.18,6.86,5.97,86.64,3.76,2.39,310.31,0.96,1,91.14,0,1,0,1,0,0
329,19,6.9,9.74,4.68,91.9,3.23,10.14,219.63,15.07,2,81.31590848817952,1,0,0,0,1,0
330,21,1.26,8.44,6.9,84.32,4.37,2.49,290.02,1.93,1,100.0,0,1,0,0,0,1
331,21,4.11,9.77,7.55,90.49,3.66,6.32,265.96,14.39,1,99.62,0,1,0,0,0,1
332,20,4.78,8.61,7.38,77.95,0.7,9.7,278.23,14.62,1,79.36,1,0,0,0,1,0
333,16,3.66,8.7,5.97,74.85,3.1,8.87,283.49,10.32,2,80.11,0,1,0,0,0,1
334,23,2.73,6.19,4.69,92.93,0.22,7.31,291.71,8.61,1,79.15405590116468,1,0,0,0,1,0
335,20,3.74,5.66,6.5,94.61,1.94,7.9,274.47,10.59,1,75.08,1,0,0,0,1,0
336,20,2.49,4.66,8.45,65.51,2.06,7.55,278.86,8.76,1,77.72000012707593,0,1,0,1,0,0
337,22,3.5,8.36,6.34,81.71,4.27,5.14,268.67,10.94,1,99.85,1,0,0,1,0,0
338,19,2.87,2.64,4.98,87.35,0.9,6.5,280.04,9.41,1,54.18,0,1,0,0,0,1
339,21,4.53,1.51,4.47,63.34,3.22,6.11,259.22,5.88,1,43.75033814886476,1,0,0,0,1,0
340,19,1.9,9.53,8.72,97.18,0.96,6.79,290.63,7.91,1,100.0,0,1,0,0,0,1
341,18,7.91,1.03,7.72,80.8,4.74,11.51,215.57,15.95,0,18.93,0,1,0,1,0,0
342,22,4.01,9.79,5.56,85.82,2.65,9.06,271.94,9.44,2,90.46,1,0,0,0,1,0
343,23,1.55,7.56,5.48,67.13,3.54,6.55,293.89,7.56,2,84.06,1,0,0,0,1,0
344,19,3.82,3.96,8.48,70.58,3.23,7.15,285.48,5.58,1,60.91,0,0,1,1,0,0
345,17,6.93,7.28,4.89,64.84,1.52,10.41,248.06,19.03,2,56.92052959397775,1,0,0,0,0,1
346,18,0.17,8.36,6.68,70.56,4.51,1.31,323.97,2.54,1,99.26,0,1,0,0,1,0
347,16,5.44,3.21,7.57,79.7,3.14,9.06,259.58,13.36,0,44.86,0,1,0,0,1,0
348,23,4.38,7.94,5.98,93.35,2.55,8.77,251.92,12.62,2,80.19,0,1,0,1,0,0
349,18,1.36,8.24,4.2,81.35,2.64,3.53,326.59,6.1,2,94.12,0,1,0,0,0,1
350,22,6.54,3.24,5.14,69.78,4.45,12.47,238.7,16.49,0,27.61,0,1,0,0,1,0
351,20,2.95,1.38,8.51,61.78,0.3,8.82,292.54,10.38,1,49.53,1,0,0,1,0,0
352,20,2.35,2.84,6.62,84.88,1.95,4.76,300.13,3.95,1,61.51,0,1,0,1,0,0
353,22,6.63,2.81,8.08,76.81,4.21,11.19,230.03,17.16,0,26.0,0,1,0,0,1,0
354,24,5.11,1.59,6.78,99.37,0.19,6.26,252.4,12.01,0,43.46,0,1,0,0,0,1
355,20,7.19,7.53,8.72,91.19,3.2,11.52,237.7,19.42,0,78.11775480039478,1,0,0,0,1,0
356,16,5.04,4.42,8.55,92.33,2.02,9.16,244.06,12.49,0,67.61,1,0,0,0,0,1
357,16,5.93,8.96,6.41,60.49,1.02,11.04,247.95,15.03,0,76.05493862387472,1,0,0,0,1,0
358,17,6.69,3.27,5.59,91.11,3.06,9.21,215.77,12.79,0,45.79481183316601,0,1,0,0,1,0
359,21,0.44,5.08,7.01,67.78,4.16,5.83,314.82,3.57,1,82.06,1,0,0,0,0,1
360,24,6.21,6.75,7.37,83.43,2.34,11.5,259.23,16.29,0,72.66,0,1,0,0,0,1
361,23,4.91,8.9,6.49,77.9,0.73,9.26,261.06,13.41,1,71.05,1,0,0,0,1,0
362,20,0.56,5.72,8.11,82.86,1.53,3.92,298.65,6.23,1,90.15,1,0,0,0,1,0
363,16,4.07,4.36,4.92,65.34,4.91,8.16,265.63,11.11,1,38.82,0,1,0,1,0,0
364,22,0.66,8.8,5.67,78.28,0.56,5.31,318.23,3.46,2,100.0,1,0,0,0,1,0
365,20,5.89,3.79,7.43,61.48,0.8,11.77,250.99,15.83,0,41.48,1,0,0,0,0,1
366,21,4.37,1.71,5.23,61.64,4.95,5.98,272.08,8.43,1,29.05,0,1,0,0,1,0
367,22,7.63,5.01,6.2,86.31,4.41,10.2,226.72,19.2,0,39.94,1,0,0,0,0,1
368,18,1.47,8.07,8.82,98.07,3.54,6.37,294.7,4.0,1,100.0,0,1,0,0,1,0
369,18,4.85,1.28,7.13,91.1,0.75,7.9,263.05,10.41,1,51.41,0,1,0,0,1,0
370,20,1.69,6.27,8.75,78.77,1.2,6.05,300.4,3.41,1,95.63,0,1,0,0,0,1
371,21,4.91,6.35,7.61,62.23,0.9,6.58,271.35,10.82,1,65.83,0,1,0,0,1,0
372,24,5.78,9.36,7.62,61.8,3.15,10.33,245.94,15.13,0,83.61092876584584,1,0,0,0,0,1
373,20,5.78,3.58,6.96,66.32,1.99,10.15,251.13,17.05,0,46.04,0,1,0,0,1,0
374,16,6.52,3.51,4.71,99.03,0.24,10.45,240.31,14.89,0,30.3,1,0,0,0,1,0
375,19,6.83,4.96,6.6,75.95,1.46,11.66,260.78,15.63,0,47.39,0,1,0,1,0,0
376,20,0.62,4.21,5.26,93.74,4.3,6.02,305.03,-1.4,1,70.85,0,0,1,0,1,0
377,20,2.75,7.63,8.99,88.21,3.98,7.9,283.15,8.52,1,96.53,1,0,0,0,1,0
378,22,5.5,6.78,5.33,84.22,3.22,7.14,244.43,11.88,0,65.87,1,0,0,0,1,0
379,19,3.99,7.83,5.15,97.91,0.43,8.71,285.16,10.37,2,79.67,0,1,0,0,1,0
380,16,1.53,8.38,7.12,69.22,4.41,4.78,315.42,7.7,1,100.0,0,1,0,0,1,0
381,20,4.42,9.31,6.55,78.2,2.67,7.09,264.79,11.27,1,90.1,0,1,0,0,1,0
382,22,3.26,4.88,4.11,94.59,2.47,8.66,292.74,8.39,1,60.58,1,0,0,0,1,0
383,21,3.12,9.86,4.65,82.07,4.67,6.92,285.84,6.33,2,92.52,1,0,0,1,0,0
384,20,6.48,2.94,8.06,69.86,0.04,9.99,249.26,12.4,0,35.43,0,1,0,0,1,0
385,19,3.26,7.43,6.42,68.36,2.78,8.18,270.93,8.09,1,78.9,0,1,0,1,0,0
386,17,0.21,5.81,4.73,90.12,3.96,3.98,319.09,3.05,1,82.99,1,0,0,1,0,0
387,19,0.46,8.35,6.33,60.51,0.32,5.75,333.2,-0.65,1,88.17,0,1,0,0,1,0
388,18,6.85,5.29,5.27,96.57,1.79,8.36,252.57,14.18,0,48.14,1,0,0,0,1,0
389,16,7.68,8.06,5.12,60.74,4.89,12.56,235.89,19.4,2,54.76843732590896,1,0,0,0,1,0
390,23,5.51,9.37,8.79,85.24,1.06,7.33,263.39,9.86,0,90.76591705382256,1,0,0,0,0,1
391,20,2.91,7.59,5.81,84.19,2.66,5.04,309.41,6.53,2,80.38,0,1,0,0,0,1
392,19,7.51,7.98,4.23,83.14,3.73,9.41,237.74,13.99,2,53.24849641996617,0,1,0,0,0,1
393,23,5.3,1.6,8.85,78.97,1.95,7.49,249.78,6.28,0,42.07,1,0,0,0,0,1
394,22,6.75,2.84,7.97,94.1,2.04,11.41,251.13,14.23,0,37.3,1,0,0,0,1,0
395,17,6.13,9.77,5.27,86.37,0.32,10.41,245.7,12.27,2,85.34850533317113,0,1,0,1,0,0
396,16,3.03,7.24,6.04,91.27,0.95,5.18,288.53,8.69,1,89.74,0,1,0,0,1,0
397,19,3.83,6.05,8.31,64.62,4.4,6.18,275.22,9.8,1,70.0,1,0,0,1,0,0
398,23,1.49,4.3,5.79,62.0,4.09,2.99,295.03,1.65,1,63.15,1,0,0,0,1,0
399,17,2.34,1.4,6.84,61.14,1.52,5.41,295.01,8.8,1,46.88,1,0,0,0,1,0
400,18,6.23,4.32,6.67,65.89,1.91,9.12,254.91,15.36,0,47.92,0,0,1,1,0,0
401,16,7.15,5.49,6.01,86.68,2.2,8.88,241.59,14.65,0,55.52,0,1,0,0,0,1
402,16,5.8,2.9,7.2,79.76,1.73,10.97,255.2,14.85,0,38.82,0,1,0,1,0,0
403,18,3.72,2.56,6.37,90.09,3.27,8.98,273.35,8.18,1,42.14,1,0,0,0,0,1
404,20,0.69,5.58,4.11,67.67,0.06,2.24,295.13,-2.77,1,61.64,1,0,0,1,0,0
405,18,0.46,6.27,8.07,74.68,4.4,2.79,314.01,2.27,1,82.77,0,1,0,1,0,0
406,16,2.99,3.16,4.57,95.54,1.5,7.67,289.66,5.59,1,57.65,0,1,0,0,0,1
407,16,3.71,6.29,6.32,97.43,4.36,9.06,253.89,9.64,1,78.44,1,0,0,0,1,0
408,23,4.87,9.1,6.9,96.87,2.27,6.23,260.89,11.24,1,90.85,0,1,0,0,0,1
409,17,0.05,5.26,7.53,92.73,3.88,5.56,318.45,-1.03,1,101.01240878714766,0,1,0,1,0,0
410,18,7.92,8.72,6.05,87.53,4.13,9.23,215.81,16.91,0,77.49275493733883,1,0,0,0,0,1
411,17,2.91,9.35,7.68,96.55,1.51,7.08,292.68,9.56,1,100.0,1,0,0,1,0,0
412,18,6.78,1.83,4.66,88.57,3.2,7.89,248.08,9.96,0,24.56,1,0,0,0,1,0
413,22,4.28,1.86,7.27,98.16,3.04,9.92,286.78,12.79,1,44.61,0,1,0,1,0,0
414,16,1.04,5.28,8.13,60.99,2.38,3.81,307.24,7.26,1,82.83,1,0,0,0,1,0
415,23,6.38,6.29,8.45,96.87,2.35,10.62,256.36,14.37,0,75.3,1,0,0,0,1,0
416,17,5.68,4.83,6.9,82.23,1.53,7.6,243.65,13.8,0,51.43,1,0,0,0,0,1
417,18,4.22,3.94,5.56,64.47,1.55,6.83,265.65,7.74,1,53.41,1,0,0,0,0,1
418,24,4.12,6.77,4.82,68.6,2.74,8.86,277.35,12.45,1,64.37,0,1,0,0,1,0
419,22,0.7,1.02,5.73,94.09,0.16,6.56,305.04,5.35,1,60.01,0,1,0,1,0,0
420,19,5.25,9.71,6.7,80.24,4.67,11.21,255.38,13.92,0,88.12121322787581,0,1,0,1,0,0
421,20,7.29,3.09,4.98,99.31,3.25,12.34,240.92,17.43,0,32.7,0,1,0,1,0,0
422,17,0.75,9.25,8.76,64.7,2.22,5.99,310.94,4.91,1,100.0,1,0,0,0,1,0
423,23,2.11,1.98,8.49,76.5,0.31,7.96,285.48,7.02,1,63.81,1,0,0,0,1,0
424,19,7.22,3.14,4.16,73.27,3.15,8.42,227.46,13.09,0,18.52,1,0,0,0,0,1
425,24,2.27,3.11,6.81,80.65,0.09,4.12,290.03,5.17,1,69.21,1,0,0,1,0,0
426,20,5.23,9.97,7.95,85.34,3.4,6.49,263.12,10.99,0,112.16977415221528,0,1,0,0,1,0
427,24,4.28,1.04,5.23,86.47,0.36,7.79,265.39,7.97,1,26.56,0,1,0,0,0,1
428,19,4.77,6.76,6.62,60.05,3.28,10.56,238.27,12.21,1,60.17,0,1,0,0,0,1
429,20,3.33,8.83,6.03,63.56,2.03,7.24,287.9,8.49,1,80.84,0,1,0,1,0,0
430,24,2.4,7.05,4.98,61.4,3.31,6.18,297.65,5.65,2,76.66,0,1,0,0,0,1
431,23,0.39,4.26,7.07,94.58,0.69,5.52,304.66,4.05,1,79.25,1,0,0,0,0,1
432,18,5.95,9.62,8.97,72.53,0.59,11.59,237.27,15.9,0,87.02205718422184,0,0,1,0,1,0
433,16,5.97,9.04,5.83,74.68,1.24,10.46,261.87,12.86,2,69.74328788570688,0,1,0,0,1,0
434,18,5.37,4.91,6.76,78.01,2.06,10.85,253.15,13.78,0,58.65,0,1,0,1,0,0
435,19,5.15,6.16,5.64,93.97,1.27,7.03,265.74,13.06,0,53.97,1,0,0,0,1,0
436,17,1.95,9.71,8.38,60.57,0.41,5.47,289.66,3.64,1,100.0,0,1,0,1,0,0
437,16,0.18,9.84,8.32,64.74,1.63,3.0,324.39,-1.56,1,100.0,1,0,0,0,1,0
438,22,6.47,5.05,4.89,87.41,3.53,9.13,233.13,12.39,0,40.93,1,0,0,0,0,1
439,23,3.93,8.63,8.5,98.56,2.92,6.0,277.06,9.95,1,93.92,1,0,0,0,1,0
440,22,2.45,3.72,4.76,85.71,4.82,7.92,294.17,6.72,1,54.81,0,1,0,1,0,0
441,20,0.82,4.35,4.48,70.44,2.18,4.07,289.51,0.79,1,62.55,1,0,0,1,0,0
442,16,0.5,2.48,7.26,80.79,1.66,4.15,315.24,5.36,1,66.77,0,1,0,0,1,0
443,22,2.79,2.88,5.93,99.0,3.47,5.17,279.33,4.41,1,53.65,1,0,0,0,1,0
444,22,6.44,6.91,6.65,81.12,2.06,12.25,253.65,15.44,0,57.68,0,1,0,1,0,0
445,24,7.35,5.6,7.26,74.94,3.09,11.41,234.15,18.2,0,45.79,0,1,0,1,0,0
446,18,7.17,3.08,4.26,75.34,4.73,8.17,231.49,16.18,0,22.06,1,0,0,0,0,1
447,24,7.36,4.63,5.46,98.68,2.5,9.7,246.87,16.72,0,29.08,1,0,0,1,0,0
448,16,7.26,4.36,6.3,88.76,2.49,13.26,213.85,16.18,0,36.47,1,0,0,0,1,0
449,16,4.22,9.89,5.33,87.49,3.88,10.09,288.63,12.49,2,79.3,1,0,0,0,0,1
450,19,1.76,8.68,4.24,69.28,3.78,5.48,317.63,5.41,2,87.61,1,0,0,1,0,0
451,24,6.38,4.49,4.43,82.38,2.58,10.2,239.54,15.48,0,34.99,0,1,0,0,1,0
452,21,1.71,9.23,8.01,74.27,0.32,7.22,308.36,8.92,1,100.0,1,0,0,1,0,0
453,18,2.14,4.08,8.56,69.61,4.9,6.68,299.17,4.16,1,78.21,1,0,0,1,0,0
454,16,1.87,7.01,4.76,95.82,1.89,7.53,272.71,7.34,2,84.62,1,0,0,1,0,0
455,19,4.12,9.7,5.25,75.33,1.58,7.52,269.44,10.22,2,86.54,1,0,0,0,1,0
456,24,2.57,4.51,7.26,71.31,4.91,8.45,276.51,9.97,1,72.53,0,1,0,0,1,0
457,18,1.23,7.12,8.77,97.27,4.36,4.93,291.68,7.87,1,107.06897784285844,1,0,0,0,0,1
458,24,3.63,3.66,5.5,67.89,1.65,7.85,273.58,12.86,1,54.36,0,1,0,0,1,0
459,22,6.99,3.4,8.28,89.82,1.54,8.4,233.6,16.36,0,44.18,0,1,0,1,0,0
460,19,4.56,6.17,6.53,86.11,3.6,8.62,277.44,9.95,1,68.13,1,0,0,0,1,0
461,18,7.03,9.81,8.78,96.82,1.67,11.87,228.12,15.64,0,93.20214596741016,0,1,0,1,0,0
462,20,1.57,5.08,4.68,93.28,1.26,4.77,297.21,6.18,1,70.35,1,0,0,0,1,0
463,20,1.34,9.44,8.87,88.21,4.9,4.85,317.59,1.86,1,100.0,0,1,0,0,0,1
464,18,4.6,9.23,6.2,72.58,2.83,7.57,262.96,10.22,1,77.99,0,1,0,0,1,0
465,24,3.71,3.28,8.76,79.82,3.81,9.56,270.35,8.87,1,64.52,1,0,0,0,1,0
466,19,5.28,4.62,6.29,97.78,3.57,8.66,265.21,9.9,0,55.92,1,0,0,0,0,1
467,20,6.36,6.79,6.65,60.93,3.78,7.99,248.99,14.03,0,54.98,1,0,0,0,0,1
468,19,6.01,5.66,8.02,91.77,4.52,7.15,248.88,14.17,0,70.06,1,0,0,1,0,0
469,20,7.54,1.86,7.61,70.07,2.5,12.4,238.76,18.71,0,21.85,1,0,0,0,1,0
470,22,3.19,9.94,7.1,67.4,3.77,6.93,269.24,8.49,1,100.0,0,1,0,0,1,0
471,24,1.65,7.77,6.08,69.29,3.98,2.66,294.38,3.1,1,87.37,0,1,0,1,0,0
472,22,4.41,4.94,7.96,62.39,4.73,7.32,287.06,9.23,1,68.84,0,1,0,1,0,0
473,20,0.89,6.56,8.74,99.68,3.57,6.46,278.98,6.31,1,97.48,1,0,0,0,1,0
474,22,2.31,1.79,4.05,94.79,4.46,8.05,285.55,6.47,1,42.09,1,0,0,0,1,0
475,20,1.66,5.46,6.94,80.84,0.48,2.93,288.25,2.87,1,84.12,0,1,0,0,1,0
476,18,3.17,9.38,8.33,88.6,0.63,4.79,282.67,7.97,1,100.0,1,0,0,0,1,0
477,22,0.89,9.07,7.27,82.26,0.79,1.91,315.37,0.33,1,98.59,1,0,0,0,1,0
478,17,0.25,4.04,8.0,92.46,0.72,5.59,328.07,3.34,1,78.09,0,1,0,0,0,1
479,24,5.25,5.78,8.48,93.79,0.44,6.6,252.9,10.12,0,63.63310311255715,0,1,0,1,0,0
480,16,4.88,7.28,7.75,69.31,0.61,6.42,252.21,9.19,1,67.16,1,0,0,0,1,0
481,21,5.67,4.06,7.59,78.39,4.98,7.81,237.45,11.91,0,47.94,1,0,0,1,0,0
482,22,5.28,1.58,8.82,85.39,1.36,10.87,257.12,14.86,0,53.56,1,0,0,0,0,1
483,23,0.91,5.55,8.32,99.14,2.39,5.35,330.35,4.39,1,98.15,0,1,0,1,0,0
484,24,2.33,6.41,8.08,87.31,4.11,6.41,286.16,7.29,1,91.48,0,0,1,1,0,0
485,17,1.04,1.05,4.43,95.91,0.59,5.96,306.8,6.06,1,66.5,0,1,0,1,0,0
486,17,6.74,1.86,5.2,93.84,1.59,11.21,240.48,16.96,0,16.15,0,1,0,0,0,1
487,20,5.98,2.87,6.78,83.28,0.8,10.71,244.01,13.97,0,39.74,0,0,1,1,0,0
488,20,1.61,4.13,7.55,95.75,0.31,2.98,314.91,5.02,1,94.8,0,1,0,0,1,0
489,21,2.73,5.87,5.52,75.1,4.8,6.68,299.33,7.1,1,68.27,1,0,0,0,1,0
490,18,7.73,3.64,4.47,75.17,4.29,12.5,235.42,18.72,0,15.15,0,1,0,1,0,0
491,23,4.75,3.49,5.56,91.24,4.4,8.58,272.61,13.5,1,53.93,1,0,0,1,0,0
492,16,6.41,8.82,7.86,65.38,4.34,7.47,236.23,14.39,0,79.15443551761663,1,0,0,0,1,0
493,21,2.12,2.31,8.39,72.23,0.77,4.18,283.08,2.78,1,69.21,0,1,0,1,0,0
494,19,1.68,5.46,8.56,84.34,3.92,7.49,293.07,5.27,1,97.1,1,0,0,0,1,0
495,16,6.27,9.58,5.89,76.8,3.64,10.79,247.56,16.1,2,84.2048807656223,0,1,0,0,1,0
496,22,5.49,6.63,5.86,97.63,4.63,9.93,250.87,8.89,0,71.68,1,0,0,0,0,1
497,24,5.45,7.45,6.03,98.34,1.1,9.75,260.29,13.7,0,82.2905747090448,0,1,0,0,0,1
498,19,4.42,4.88,5.88,80.1,2.07,6.06,268.04,10.19,1,58.91,0,1,0,0,0,1
499,19,4.51,1.18,7.33,81.56,1.47,5.53,252.49,14.98,1,44.64,0,1,0,0,1,0
500,21,5.89,6.82,5.79,88.99,1.29,9.09,261.73,14.24,0,60.24,0,1,0,1,0,0
501,18,2.16,6.69,4.1,78.29,3.26,5.38,288.97,5.71,1,81.23,1,0,0,1,0,0
502,21,2.82,1.99,6.2,67.6,0.82,7.88,294.02,10.5,1,47.9,0,1,0,0,1,0
503,22,6.97,5.16,5.12,89.88,2.32,8.88,227.88,14.21,0,43.05,0,1,0,0,1,0
504,18,2.47,9.24,4.14,89.51,3.23,4.85,281.55,6.21,2,84.51,0,1,0,0,1,0
505,22,4.37,2.85,6.35,69.8,0.65,5.76,258.27,9.61,1,41.95,0,1,0,1,0,0
506,18,5.62,5.15,5.03,93.32,1.28,8.62,238.24,13.94,0,53.18,1,0,0,1,0,0
507,17,8.0,5.15,6.26,84.55,4.84,10.28,209.92,15.29,0,40.39,0,0,1,0,0,1
508,19,3.48,8.3,5.39,69.45,3.98,5.79,282.05,9.78,2,86.28,0,1,0,1,0,0
509,23,3.42,8.42,7.02,86.08,3.38,5.69,269.68,6.92,1,86.47,1,0,0,1,0,0
510,24,6.74,7.83,8.95,69.34,4.28,8.9,242.58,18.68,0,78.05368000881292,1,0,0,0,0,1
511,22,6.44,4.29,6.74,70.61,0.07,9.04,243.74,11.15,0,35.05,0,1,0,0,1,0
512,16,5.85,1.65,7.23,93.92,0.03,9.53,258.6,12.03,0,41.17,1,0,0,0,1,0
513,18,3.71,4.15,8.6,97.18,0.77,6.9,265.3,4.96,1,88.46493540595333,1,0,0,0,1,0
514,24,2.59,7.12,5.87,70.28,2.48,3.91,299.53,11.77,2,78.16,1,0,0,0,0,1
515,16,4.87,7.32,4.83,97.12,2.85,8.0,252.5,8.85,2,71.17,1,0,0,0,1,0
516,24,7.01,9.69,5.41,69.55,0.57,12.24,208.46,18.16,2,75.12566223462531,0,1,0,0,1,0
517,23,7.07,5.08,6.01,64.69,0.36,8.57,237.06,16.34,0,33.98,1,0,0,0,1,0
518,16,0.87,6.69,7.23,62.33,4.14,6.59,300.81,2.79,1,80.03,1,0,0,0,0,1
519,21,3.43,5.85,4.02,69.68,2.32,5.97,293.84,9.68,1,64.68,1,0,0,1,0,0
520,20,3.72,2.36,8.27,75.41,4.96,4.79,278.37,5.84,1,63.073548115314935,1,0,0,1,0,0
521,21,7.82,5.15,4.38,97.1,1.15,10.09,225.31,15.15,0,31.07,0,1,0,1,0,0
522,20,5.42,5.9,8.5,69.69,3.24,6.77,256.98,8.39,0,80.1,0,0,1,1,0,0
523,21,3.26,9.56,8.75,74.62,4.02,7.09,275.91,9.77,1,100.0,1,0,0,0,0,1
524,20,0.21,4.3,8.95,89.37,4.36,2.79,334.32,-2.21,1,79.66,0,1,0,0,1,0
525,20,4.52,9.82,8.05,72.08,1.53,9.55,260.28,12.34,1,96.8,0,1,0,0,1,0
526,19,0.77,5.88,4.71,87.37,0.97,5.43,315.39,3.62,1,69.77,1,0,0,0,1,0
527,18,6.68,3.18,7.53,77.28,1.13,10.02,231.65,18.52,0,40.18,0,1,0,0,0,1
528,18,6.02,2.72,5.02,67.86,3.33,9.82,247.78,14.01,0,29.41,0,1,0,0,1,0
529,19,3.68,2.28,8.49,89.36,2.61,7.72,263.47,11.08,1,67.23,0,1,0,1,0,0
530,24,3.43,5.08,5.58,61.08,2.99,5.78,281.13,9.06,1,53.41,0,1,0,0,1,0
531,17,7.18,1.2,5.63,71.69,0.1,8.88,234.49,15.0,0,11.28,0,1,0,0,1,0
532,24,2.31,5.01,8.59,74.25,1.95,5.19,297.77,8.29,1,79.33,0,1,0,1,0,0
533,16,1.99,9.9,4.07,78.33,1.55,3.46,300.8,5.47,2,100.0,0,1,0,0,1,0
534,16,7.51,7.03,4.97,87.19,4.32,10.08,230.17,18.1,2,55.61577247306304,1,0,0,0,0,1
535,20,6.47,7.84,6.11,78.38,3.88,10.23,262.75,12.96,0,71.52674068711406,1,0,0,0,1,0
536,21,6.57,2.07,7.5,83.77,2.15,10.27,240.98,16.05,0,39.96,0,1,0,0,1,0
537,21,1.56,5.26,7.24,83.83,3.15,3.16,301.67,5.52,1,85.66,0,1,0,0,0,1
538,18,1.15,3.58,7.35,74.93,0.24,2.19,305.35,0.64,1,83.21,1,0,0,0,0,1
539,22,0.21,9.05,8.4,97.36,3.19,1.65,319.51,0.99,1,100.0,0,1,0,0,1,0
540,24,1.9,2.63,4.61,98.23,0.49,3.08,294.34,0.91,1,67.93,0,1,0,1,0,0
541,23,6.19,5.13,6.61,83.27,3.57,9.19,242.04,10.71,0,48.92,0,1,0,1,0,0
542,21,1.92,6.29,7.63,62.87,2.87,4.87,304.48,5.2,1,89.78,1,0,0,0,1,0
543,23,5.83,5.63,7.18,79.65,1.5,8.04,249.56,16.37,0,64.03,1,0,0,0,1,0
544,20,2.02,8.47,6.24,67.38,1.85,4.1,306.3,8.84,1,84.84,1,0,0,1,0,0
545,23,3.16,3.08,4.09,79.33,0.45,6.14,263.14,7.2,1,52.13,1,0,0,1,0,0
546,19,7.87,4.4,4.3,67.54,1.61,9.3,240.79,14.55,0,27.48567673755596,1,0,0,0,1,0
547,23,1.96,8.13,4.59,88.15,4.83,4.03,305.43,6.81,2,100.0,0,1,0,0,1,0
548,17,3.01,5.75,5.72,63.22,2.43,6.04,283.37,3.53,1,64.58,1,0,0,0,1,0
549,20,2.41,4.62,4.59,98.13,2.37,3.88,290.3,4.75,1,69.5,0,1,0,0,1,0
550,24,0.88,1.26,6.13,67.82,3.15,6.08,315.85,2.86,1,49.99,1,0,0,0,1,0
551,19,3.92,7.78,4.89,86.43,2.42,8.3,262.7,9.86,2,87.84510869305112,1,0,0,1,0,0
552,21,3.03,9.75,7.9,96.68,1.78,5.95,284.02,10.27,1,97.64,1,0,0,1,0,0
553,16,5.56,6.58,8.36,69.92,0.7,7.31,254.83,6.82,0,60.62,0,1,0,1,0,0
554,24,6.54,8.71,5.95,97.37,3.15,8.51,221.08,14.69,2,83.73617330094483,0,1,0,0,1,0
555,16,4.35,5.65,6.56,75.55,3.74,5.95,271.28,10.19,1,64.79,1,0,0,0,1,0
556,20,0.26,3.09,8.77,98.42,4.62,2.06,303.36,1.3,1,72.86,1,0,0,0,1,0
557,19,4.95,1.13,6.68,98.85,0.02,8.06,271.43,12.04,1,37.96,1,0,0,0,0,1
558,18,0.44,6.88,8.98,67.52,0.33,2.67,328.1,3.02,1,94.91,0,1,0,0,1,0
559,21,4.93,5.44,4.71,93.24,4.5,10.35,275.95,12.89,1,55.13,1,0,0,0,1,0
560,17,5.48,8.04,8.31,67.74,3.16,11.28,251.02,9.79,0,95.0002909165002,1,0,0,0,1,0
561,18,1.58,7.25,6.49,69.06,4.79,6.04,297.68,3.61,1,97.49,1,0,0,1,0,0
562,20,6.55,9.89,4.11,63.37,2.15,11.59,221.64,18.82,2,59.67023462540532,1,0,0,0,0,1
563,24,7.29,5.59,8.86,66.26,2.08,9.57,239.32,13.39,0,56.71017531018326,1,0,0,0,1,0
564,17,6.5,4.84,8.83,85.29,1.72,10.83,226.91,15.33,0,57.37,1,0,0,1,0,0
565,23,2.44,3.58,5.92,77.97,0.71,3.73,276.23,4.08,1,53.52,1,0,0,1,0,0
566,17,4.69,5.29,8.77,91.64,1.89,10.49,260.68,13.47,1,80.26,0,0,1,0,1,0
567,20,7.32,8.86,4.71,73.28,0.07,11.67,221.1,16.41,2,69.9715172799615,0,1,0,0,1,0
568,22,2.57,1.38,7.4,98.74,2.55,5.15,279.54,7.74,1,63.51,0,1,0,1,0,0
569,23,6.56,9.8,4.96,61.99,4.24,11.43,241.75,16.32,2,67.14660399561133,1,0,0,0,1,0
570,16,0.08,9.94,5.23,62.52,1.61,1.16,327.85,-0.08,2,95.38,1,0,0,1,0,0
571,21,0.03,6.38,7.9,88.05,0.47,2.91,325.03,-2.96,1,93.44,1,0,0,0,1,0
572,16,6.08,3.98,5.89,95.5,4.87,11.56,248.93,13.17,0,45.56,1,0,0,0,0,1
573,17,6.09,3.01,4.04,91.82,0.64,8.41,258.39,10.93,0,29.58,0,1,0,0,1,0
574,16,6.31,3.49,6.07,79.59,2.64,10.65,245.56,12.36,0,41.92,1,0,0,0,0,1
575,20,7.44,1.45,5.14,70.79,4.05,10.24,225.45,17.29,0,23.24,1,0,0,1,0,0
576,24,0.94,5.28,7.42,60.54,1.26,3.9,301.02,7.41,1,80.61,0,1,0,0,0,1
577,21,1.86,1.52,4.97,80.38,4.21,6.59,303.2,1.15,1,43.3,0,1,0,0,1,0
578,16,7.23,7.47,8.21,79.03,2.79,12.78,222.23,14.22,0,75.12712682042016,1,0,0,0,1,0
579,16,1.42,4.35,5.34,73.77,1.66,3.25,306.45,4.22,1,65.27,0,1,0,1,0,0
580,17,5.46,2.79,5.97,83.12,4.33,7.84,250.2,11.6,0,47.26991472313569,1,0,0,1,0,0
581,24,4.24,5.9,5.49,89.15,3.11,7.68,260.74,11.11,1,66.47,0,1,0,0,1,0
582,18,0.67,9.76,7.22,88.04,3.08,4.74,303.41,3.28,1,100.0,1,0,0,1,0,0
583,16,2.28,7.26,4.51,70.53,2.52,5.62,302.29,8.87,2,70.7,1,0,0,0,0,1
584,20,4.16,5.43,6.39,83.41,1.37,9.19,261.5,11.98,1,68.8,1,0,0,0,1,0
585,22,6.82,7.99,5.67,65.95,1.52,11.66,235.37,17.81,2,54.48220060669546,0,1,0,0,0,1
586,21,5.66,7.64,8.42,64.86,0.44,8.69,247.39,14.87,0,80.71091769299122,1,0,0,0,0,1
587,16,4.98,9.03,4.37,91.43,1.22,6.18,270.83,8.17,2,72.35,0,1,0,1,0,0
588,20,3.97,2.84,8.15,87.75,1.39,5.94,287.74,10.1,1,61.54,0,1,0,0,1,0
589,20,2.39,8.73,4.84,90.72,0.29,5.82,300.41,7.78,2,93.3485808810224,0,0,1,1,0,0
590,21,0.95,3.71,4.44,66.1,0.55,6.59,304.84,4.04,1,59.16,1,0,0,1,0,0
591,18,3.27,9.47,5.01,96.58,1.35,7.11,284.18,7.76,2,100.0,1,0,0,0,0,1
592,20,0.23,3.53,4.51,65.32,3.39,3.88,308.14,1.64,1,63.50126464045791,0,1,0,0,1,0
593,22,1.69,9.34,6.6,94.8,0.92,6.31,301.82,3.93,1,100.0,0,1,0,1,0,0
594,20,3.46,9.67,8.94,74.1,2.61,5.22,260.91,5.04,1,100.0,0,1,0,0,0,1
595,20,3.35,2.31,4.17,64.22,2.54,5.08,282.15,11.86,1,38.6,1,0,0,1,0,0
596,20,0.35,9.77,6.31,71.47,4.17,3.08,315.25,4.23,1,97.98,1,0,0,0,1,0
597,18,4.71,1.77,5.93,67.26,3.05,10.68,267.89,12.46,1,39.61,1,0,0,1,0,0
598,16,4.4,2.97,5.7,79.63,4.58,9.78,267.08,8.56,1,50.09,1,0,0,1,0,0
599,20,0.62,5.0,5.66,97.99,3.14,5.02,320.91,4.53,1,87.47,0,1,0,1,0,0
600,24,7.55,9.94,8.48,73.11,0.13,10.51,221.77,15.85,0,92.5246279711659,0,1,0,0,1,0
601,16,0.8,5.4,4.09,84.48,1.91,4.57,317.96,3.17,1,82.11,0,1,0,0,0,1
602,18,6.84,5.95,7.87,95.67,3.5,9.36,242.64,19.44,0,50.74,0,1,0,0,1,0
603,19,0.0,7.25,5.26,85.2,2.38,4.37,330.89,5.98,2,97.72,0,1,0,0,1,0
604,16,7.06,9.71,5.92,74.49,2.1,10.15,246.85,10.93,2,72.97289917257869,1,0,0,0,1,0
605,16,0.16,8.05,6.1,99.63,3.36,1.76,308.56,1.85,1,99.74,0,1,0,1,0,0
606,23,6.06,3.02,5.52,67.5,1.43,8.14,252.45,13.49,0,27.04,1,0,0,0,0,1
607,17,2.89,3.73,4.47,80.93,4.54,6.93,273.66,8.51,1,66.53052453310427,0,1,0,0,1,0
608,23,5.91,1.88,4.57,91.87,2.07,10.38,260.68,12.94,0,32.39,0,0,1,1,0,0
609,22,3.21,6.8,5.49,60.03,3.16,4.69,272.95,7.17,1,72.99880801021058,1,0,0,1,0,0
610,17,0.57,2.63,8.11,88.08,4.91,5.61,309.36,1.47,1,75.15,1,0,0,1,0,0
611,21,6.14,3.32,4.67,70.66,3.93,11.26,248.5,16.92,0,43.19,0,1,0,1,0,0
612,21,0.57,8.99,7.71,66.79,2.66,5.19,320.54,5.46,1,100.0,1,0,0,1,0,0
613,18,7.38,3.94,5.44,70.97,4.3,11.8,235.15,20.25,0,24.62,1,0,0,0,1,0
614,17,0.41,6.1,8.42,98.67,2.8,2.57,322.74,0.35,1,100.0,0,1,0,1,0,0
615,16,3.83,4.58,6.14,95.68,2.21,9.43,274.16,11.0,1,57.88,0,1,0,0,1,0
616,21,5.78,1.67,4.86,68.55,4.37,8.12,253.08,16.82,0,23.46,0,1,0,0,0,1
617,20,3.15,4.27,8.93,64.68,0.14,5.06,264.53,5.9,1,57.49,1,0,0,1,0,0
618,24,1.74,4.67,4.88,74.57,2.04,5.93,309.38,3.56,1,63.42,1,0,0,0,1,0
619,16,6.07,9.06,6.84,83.69,1.71,8.89,244.25,14.15,0,84.17602926350791,1,0,0,0,0,1
620,22,6.27,3.92,6.85,94.69,3.57,11.94,240.46,17.71,0,43.54,0,1,0,0,1,0
621,20,7.38,4.41,5.86,98.64,0.06,10.68,250.81,15.08,0,33.16,0,1,0,0,1,0
622,20,3.01,8.05,8.76,90.05,3.3,4.83,256.79,10.8,1,100.0,1,0,0,0,1,0
623,17,4.05,7.83,8.22,83.96,1.73,9.84,272.35,9.16,1,95.75,0,1,0,1,0,0
624,18,2.91,8.18,8.15,65.69,0.49,6.49,262.68,8.93,1,100.0,1,0,0,0,1,0
625,22,2.06,9.58,8.87,62.96,4.9,5.65,298.68,4.56,1,100.0,1,0,0,1,0,0
626,21,6.01,8.16,6.29,83.84,1.06,8.94,240.89,12.55,0,84.85605763016744,0,1,0,0,0,1
627,17,2.72,4.67,4.49,81.56,1.75,7.9,258.02,9.68,1,67.52,1,0,0,0,0,1
628,21,3.43,8.39,7.83,93.84,1.04,5.87,289.73,7.66,1,97.71,0,1,0,1,0,0
629,17,3.23,5.58,5.9,72.9,3.31,4.3,268.34,3.96,1,70.88,1,0,0,0,0,1
630,17,5.7,3.5,4.95,61.59,3.91,9.19,261.09,11.55,0,34.36,0,1,0,0,1,0
631,17,7.34,3.73,6.42,76.95,4.3,12.97,222.17,18.94,0,33.67,1,0,0,0,1,0
632,18,5.33,3.01,8.63,98.77,1.55,7.7,251.4,12.64,0,53.92,0,1,0,0,0,1
633,17,3.77,2.3,4.86,91.82,2.62,6.1,251.92,10.16,1,42.77067476536303,0,1,0,0,0,1
634,19,6.23,2.66,8.24,61.35,3.32,10.92,249.49,13.6,0,43.97683657422223,1,0,0,0,1,0
635,24,5.13,1.57,6.09,94.99,3.15,10.01,252.7,10.58,0,35.2,0,1,0,0,0,1
636,21,0.48,9.0,4.68,78.87,3.58,3.66,310.57,0.91,2,94.33,1,0,0,0,0,1
637,16,0.77,9.38,8.24,74.59,3.85,5.94,309.81,2.62,1,100.0,0,1,0,1,0,0
638,23,0.3,6.28,8.85,73.87,0.49,2.16,299.92,1.44,1,100.0,1,0,0,0,0,1
639,22,3.65,8.56,5.46,83.81,0.84,6.49,283.11,6.35,2,85.15,0,1,0,1,0,0
640,18,6.61,2.65,5.52,81.22,3.67,9.63,235.04,16.86,0,29.537818650966003,1,0,0,0,0,1
641,16,2.5,9.12,5.95,86.27,2.38,5.06,312.95,7.31,2,94.55,0,1,0,1,0,0
642,20,3.07,5.56,8.07,82.95,2.14,5.16,278.36,5.46,1,75.9,0,1,0,0,0,1
643,19,7.28,1.6,4.05,65.76,2.28,9.97,228.74,15.51,0,6.86,0,1,0,0,0,1
644,23,6.7,2.27,5.12,70.29,1.86,7.79,226.03,12.17,0,18.17,1,0,0,0,1,0
645,16,5.32,3.78,7.53,93.64,2.96,9.84,240.02,12.6,0,60.86,0,1,0,0,0,1
646,16,2.13,1.39,6.03,86.53,1.62,6.55,303.22,4.8,1,47.96,1,0,0,1,0,0
647,19,0.94,3.78,5.65,77.94,3.18,4.19,319.33,7.79,1,77.76,1,0,0,0,1,0
648,23,0.13,1.54,8.36,67.3,1.01,2.74,312.79,-1.62,1,55.41,0,1,0,0,1,0
649,20,0.86,3.12,8.59,60.31,3.79,4.03,310.89,0.77,1,71.11,1,0,0,1,0,0
650,17,2.34,3.39,8.74,72.48,3.91,8.02,304.34,7.04,1,61.83,0,1,0,0,0,1
651,21,4.41,9.95,5.36,62.19,2.89,8.43,269.97,11.02,2,86.51,0,1,0,0,1,0
652,20,0.51,3.12,8.56,79.29,1.85,5.17,318.73,3.55,1,76.25,1,0,0,0,0,1
653,17,1.09,3.15,7.68,92.87,0.07,3.24,307.79,5.09,1,81.23,1,0,0,0,0,1
654,18,1.45,7.18,4.77,71.42,0.61,2.92,296.07,4.52,2,80.61,1,0,0,0,0,1
655,24,5.06,8.73,7.05,93.91,0.4,6.48,263.13,8.99,0,101.04093068234889,0,1,0,1,0,0
656,22,4.93,4.48,4.13,88.18,0.05,8.29,279.49,13.66,1,51.18,0,1,0,0,1,0
657,22,4.41,8.88,7.54,65.01,3.61,8.99,261.88,12.37,1,89.30741638792,0,1,0,0,0,1
658,21,2.0,4.06,7.67,85.78,4.78,6.87,304.67,9.21,1,80.03,1,0,0,1,0,0
659,23,2.97,2.77,7.95,66.07,0.06,7.57,286.17,8.34,1,53.55,1,0,0,1,0,0
660,19,0.77,3.97,4.86,86.19,0.56,6.33,304.86,6.5,1,62.92,1,0,0,0,1,0
661,23,1.81,6.48,7.14,65.71,4.3,3.07,307.23,-1.2,1,84.21,0,1,0,0,1,0
662,19,7.18,4.3,4.89,75.7,3.44,12.46,241.63,16.03,0,28.22,0,1,0,0,0,1
663,23,7.84,7.06,8.73,82.66,2.02,12.14,231.72,16.0,0,80.68287643578981,0,1,0,1,0,0
664,24,5.18,3.13,7.38,62.01,4.96,7.06,275.33,12.7,0,43.1,0,1,0,1,0,0
665,18,7.33,7.31,4.48,66.13,2.87,11.74,250.4,15.39,2,44.41031785517972,0,1,0,0,0,1
666,18,5.14,4.13,4.94,72.82,3.35,8.7,258.86,14.01,0,46.87,1,0,0,1,0,0
667,17,0.27,5.1,7.32,78.49,3.27,3.07,315.7,3.51,1,88.59,1,0,0,0,0,1
668,18,7.97,6.02,6.38,94.34,1.11,10.21,210.09,15.85,0,49.51,1,0,0,1,0,0
669,18,0.79,7.18,7.68,67.49,2.44,4.11,325.85,3.72,1,96.17,0,1,0,1,0,0
670,20,5.46,3.15,5.4,73.9,1.08,7.66,253.75,11.59,0,24.64,0,1,0,1,0,0
671,20,2.02,8.52,7.29,79.03,2.55,3.43,289.67,4.98,1,93.25,1,0,0,1,0,0
672,17,3.14,7.5,4.88,71.83,0.15,8.37,272.99,10.39,2,76.88534550896554,0,1,0,0,0,1
673,21,5.17,3.11,6.72,85.03,1.91,9.13,248.55,11.67,0,38.68,1,0,0,0,1,0
674,20,3.49,9.77,8.79,70.26,1.86,6.31,295.71,5.08,1,100.0,1,0,0,0,0,1
675,21,2.0,6.98,7.14,90.89,1.46,5.23,304.98,6.81,1,100.0,0,1,0,1,0,0
676,16,2.68,5.07,4.25,80.21,0.4,8.0,272.96,10.16,1,70.10109932514526,1,0,0,1,0,0
677,20,2.73,2.42,8.94,63.45,3.85,5.33,272.76,3.36,1,68.13040692113319,0,1,0,0,1,0
678,24,7.67,5.8,4.78,85.08,2.1,10.57,229.18,16.72,0,35.16,1,0,0,0,1,0
679,17,6.39,2.48,7.59,82.77,4.07,11.22,233.16,13.33,0,43.61,1,0,0,0,0,1
680,16,3.67,4.87,6.66,73.54,4.18,5.67,273.44,10.59,1,71.04179350629198,0,1,0,0,0,1
681,24,1.6,4.68,5.47,60.45,1.07,5.9,316.33,7.71,1,66.44,0,1,0,0,1,0
682,24,6.49,7.48,4.89,68.03,2.11,9.66,252.81,12.95,2,62.38011353837222,1,0,0,1,0,0
683,24,1.26,2.73,4.89,76.23,3.6,4.76,287.77,1.64,1,60.07,1,0,0,0,1,0
684,21,1.68,8.4,8.29,68.0,2.5,6.61,289.73,6.31,1,100.0,0,1,0,0,0,1
685,23,2.93,3.94,8.36,83.1,4.28,8.9,287.3,6.63,1,75.45,1,0,0,0,1,0
686,16,7.04,5.0,6.33,88.49,2.86,12.2,246.82,18.38,0,63.31,0,1,0,1,0,0
687,19,1.05,7.95,4.52,94.24,3.15,2.85,299.18,2.74,2,100.0,0,1,0,1,0,0
688,16,0.98,6.63,8.42,85.88,3.94,3.1,311.93,6.23,1,98.03,0,1,0,0,1,0
689,23,3.95,3.77,6.44,87.56,0.61,7.0,268.05,12.72,1,54.25,0,1,0,0,0,1
690,16,2.21,4.48,6.19,84.34,2.92,6.81,311.0,9.82,1,59.1,0,1,0,0,1,0
691,18,4.55,3.75,6.04,99.42,0.43,8.1,271.62,11.68,1,63.5,0,0,1,1,0,0
692,19,3.61,6.35,5.83,70.44,1.3,9.12,274.75,8.08,1,74.43,0,1,0,1,0,0
693,23,3.48,3.99,6.63,70.65,1.06,4.72,263.29,4.61,1,55.53,0,1,0,1,0,0
694,21,0.9,7.53,7.02,65.05,2.84,3.19,298.59,4.13,1,90.63,0,1,0,0,1,0
695,22,1.13,6.22,6.33,79.43,4.22,3.23,281.19,4.65,1,90.11,1,0,0,0,1,0
696,23,6.57,2.31,8.48,63.85,0.66,11.29,243.88,16.02,0,36.22,1,0,0,0,0,1
697,17,7.09,3.79,5.59,70.81,3.84,10.41,241.58,13.18,0,44.96475423600024,0,1,0,0,1,0
698,23,1.88,2.99,6.89,79.31,0.72,2.96,304.6,2.7,1,62.62,0,1,0,1,0,0
699,18,0.91,4.51,5.5,98.3,0.95,5.78,302.94,4.42,1,80.18,0,1,0,0,0,1
700,22,0.43,5.64,7.77,98.55,4.58,3.24,327.64,1.04,1,95.02,0,1,0,0,1,0
701,18,4.87,5.56,4.51,89.75,0.05,7.17,277.4,9.34,1,54.28,0,1,0,0,1,0
702,22,5.72,7.79,4.94,75.57,0.99,7.63,244.71,10.46,2,76.38071453885672,0,1,0,1,0,0
703,17,2.98,2.7,8.01,94.61,1.08,8.71,296.06,8.55,1,65.78,0,1,0,1,0,0
704,21,5.44,9.52,4.92,95.02,1.41,11.15,256.12,13.32,2,90.42625091219584,1,0,0,0,1,0
705,18,5.7,4.09,7.13,96.41,1.82,7.08,246.33,10.44,0,56.33,0,1,0,0,1,0
706,18,7.48,3.7,8.85,85.6,0.52,9.64,242.55,16.06,0,40.08,1,0,0,0,1,0
707,24,0.52,7.17,6.61,68.07,2.34,4.75,301.69,3.65,1,92.4,1,0,0,0,1,0
708,22,1.54,8.25,4.94,63.64,2.0,5.89,286.67,5.96,2,97.36755881512325,1,0,0,1,0,0
709,20,0.55,4.41,5.6,96.59,3.12,3.64,309.44,0.73,1,85.47,0,1,0,1,0,0
710,22,6.94,7.72,8.12,62.22,4.34,10.78,234.43,15.19,0,70.24934880652862,0,1,0,1,0,0
711,24,6.34,8.95,5.76,71.84,1.49,10.85,227.49,14.97,2,73.05305241888387,0,1,0,1,0,0
712,16,4.6,7.9,7.62,79.48,2.73,10.35,269.71,12.33,1,83.54,1,0,0,1,0,0
713,22,0.67,1.31,7.89,60.88,1.86,5.3,304.15,0.99,1,61.53,0,1,0,0,0,1
714,21,2.19,8.45,6.51,96.28,0.2,3.74,280.63,4.47,1,91.27,1,0,0,1,0,0
715,24,2.38,7.97,7.92,71.48,4.11,6.97,297.94,8.24,1,99.94,1,0,0,0,0,1
716,16,4.49,7.02,5.58,61.14,3.17,5.83,261.83,8.46,2,65.46,0,1,0,0,1,0
717,19,2.06,7.84,6.58,99.74,0.01,5.57,305.86,6.59,1,97.22,1,0,0,0,0,1
718,24,0.58,9.81,7.43,72.46,1.25,4.21,317.63,3.0,1,109.30571550263484,0,1,0,0,0,1
719,19,5.85,4.88,4.84,95.07,1.54,10.74,247.82,13.23,0,50.6,0,1,0,1,0,0
720,18,2.39,1.61,5.37,78.14,4.06,3.45,302.3,7.83,1,42.77,0,1,0,0,0,1
721,24,3.62,5.15,7.26,86.53,3.8,8.99,280.76,9.32,1,62.18,0,1,0,0,1,0
722,17,1.02,1.42,7.28,69.64,1.98,5.34,307.56,3.78,1,65.80361398516699,1,0,0,0,1,0
723,19,6.42,3.65,6.47,80.12,0.79,7.58,248.08,12.45,0,37.92,0,1,0,1,0,0
724,21,4.52,6.28,7.98,70.31,1.93,6.32,271.2,12.9,1,74.54,0,1,0,1,0,0
725,17,7.21,3.79,6.41,98.04,4.05,8.41,222.54,17.8,0,37.98,1,0,0,1,0,0
726,23,3.96,7.17,8.41,62.44,2.26,8.79,296.06,12.63,1,73.91,1,0,0,0,1,0
727,23,7.53,8.4,7.68,70.99,0.58,9.38,230.32,17.72,0,63.98963809238701,0,1,0,0,1,0
728,16,7.13,4.78,5.57,95.72,0.19,8.36,235.32,13.11,0,41.7,1,0,0,0,0,1
729,18,4.61,9.1,5.98,79.2,1.67,6.3,247.11,9.17,2,85.71,1,0,0,1,0,0
730,24,7.47,1.72,7.34,84.0,0.74,11.27,231.65,15.3,0,28.11,0,1,0,1,0,0
731,20,2.58,8.56,8.47,86.07,3.73,6.06,290.76,8.96,1,95.96,0,1,0,1,0,0
732,21,2.93,8.46,4.89,62.84,1.39,5.16,273.34,11.65,2,86.3925211678864,0,1,0,0,0,1
733,19,0.36,3.9,6.57,60.71,4.39,6.07,305.28,4.93,1,71.33,1,0,0,1,0,0
734,17,4.71,3.69,4.59,97.51,3.09,9.98,254.49,15.41,1,44.94,1,0,0,0,1,0
735,23,5.78,3.75,5.4,70.86,1.97,8.35,247.69,13.76,0,46.57,1,0,0,0,1,0
736,21,6.19,8.3,7.43,75.21,3.05,9.56,247.85,14.7,0,73.92048186023831,1,0,0,1,0,0
737,20,1.2,8.48,4.39,87.28,1.48,4.78,303.37,3.03,2,100.0,0,1,0,0,1,0
738,24,3.55,3.97,7.31,69.45,0.71,8.33,280.43,10.72,1,63.97,0,1,0,1,0,0
739,16,1.41,6.33,8.5,89.32,4.82,4.55,309.83,6.22,1,96.99,0,1,0,0,0,1
740,20,5.3,2.25,8.85,78.33,2.82,9.03,261.83,14.57,0,48.08,1,0,0,0,1,0
741,21,1.26,5.22,5.08,94.26,0.04,4.32,308.52,4.26,1,94.87186469891468,1,0,0,0,1,0
742,20,7.23,9.99,7.74,71.14,1.55,12.04,236.1,17.26,0,84.73095197262086,0,1,0,0,1,0
743,21,1.85,2.43,8.63,68.15,0.8,5.63,300.69,5.47,1,70.4,1,0,0,1,0,0
744,21,2.33,9.53,4.46,93.27,1.29,7.47,290.57,6.1,2,88.36,0,1,0,0,1,0
745,22,6.81,8.42,6.07,73.05,0.28,8.08,231.68,16.02,0,72.38503386250412,0,1,0,0,0,1
746,19,3.67,9.75,8.6,76.47,1.23,9.19,275.03,6.31,1,99.76,0,1,0,0,0,1
747,23,0.19,2.62,5.01,91.75,3.42,5.29,324.25,-0.41,1,65.74,0,1,0,0,1,0
748,22,3.96,2.92,8.67,85.42,4.1,9.05,278.95,9.37,1,57.84,0,1,0,0,1,0
749,24,0.68,1.15,6.64,77.67,1.74,2.38,316.92,-0.34,1,57.24,0,1,0,0,1,0
750,22,7.88,7.52,4.5,70.0,2.61,10.2,220.69,19.09,2,45.44068265234367,0,1,0,0,1,0
751,18,4.7,6.8,6.25,90.57,0.21,10.6,261.44,11.46,1,59.4,0,1,0,0,0,1
752,18,2.05,2.6,5.63,67.22,0.45,7.8,293.27,8.73,1,52.86,1,0,0,1,0,0
753,23,4.51,8.12,5.41,97.13,2.76,6.64,259.81,12.69,2,86.65,0,1,0,0,1,0
754,20,0.61,3.69,6.71,66.01,4.2,3.77,321.62,2.92,1,69.03228024504236,0,0,1,1,0,0
755,19,6.4,2.21,6.42,92.2,0.44,8.18,224.79,14.34,0,31.0,0,1,0,0,0,1
756,23,7.4,4.8,6.41,76.97,2.09,9.71,251.42,18.41,0,51.53483496713002,0,1,0,0,0,1
757,21,7.0,1.82,4.44,67.44,4.85,8.92,256.74,16.96,0,14.65,0,1,0,1,0,0
758,17,2.73,3.37,8.01,76.1,3.69,4.13,287.74,2.02,1,70.66508614136731,0,1,0,0,0,1
759,19,2.61,4.34,6.41,68.86,0.99,6.51,292.73,6.35,1,65.38,1,0,0,0,1,0
760,19,0.28,8.67,8.1,65.44,1.43,2.48,325.13,2.69,1,100.0,0,1,0,0,1,0
761,21,5.21,8.13,8.12,69.57,4.74,11.17,249.9,13.83,0,107.63555223728798,1,0,0,1,0,0
762,21,4.28,4.98,5.59,94.7,1.1,7.86,274.32,8.36,1,67.38,1,0,0,0,1,0
763,16,3.67,7.52,4.02,64.24,2.2,6.47,289.15,5.32,2,74.95,1,0,0,0,0,1
764,23,7.26,6.12,8.56,98.9,1.78,12.83,214.85,18.53,0,61.97,1,0,0,0,0,1
765,21,1.34,4.07,7.8,60.2,2.45,5.44,289.51,3.04,1,69.21,1,0,0,0,1,0
766,18,0.08,7.53,4.54,86.33,1.18,1.72,326.54,0.71,2,91.71,0,1,0,1,0,0
767,24,0.59,7.15,7.51,94.26,3.34,4.08,310.22,3.21,1,100.0,1,0,0,1,0,0
768,17,1.79,6.57,4.1,97.36,1.17,5.0,294.65,4.86,1,91.72,0,1,0,0,0,1
769,23,0.27,6.56,4.14,65.76,3.01,5.1,313.49,1.09,1,66.93,0,1,0,0,1,0
770,18,4.02,7.15,6.63,87.93,1.79,8.49,260.49,10.11,1,80.74,0,1,0,0,1,0
771,20,2.51,4.46,4.48,64.29,1.26,5.36,285.78,5.36,1,48.02,1,0,0,0,0,1
772,21,1.44,8.82,8.82,74.1,3.48,4.79,289.52,7.87,1,100.0,1,0,0,1,0,0
773,21,6.0,2.46,8.47,89.28,4.83,9.59,261.09,14.22,0,48.96,0,1,0,0,0,1
774,19,1.64,8.95,7.25,73.84,4.35,4.75,301.65,9.97,1,100.0,1,0,0,1,0,0
775,18,5.5,4.08,4.32,72.53,0.43,7.04,255.07,9.13,0,38.83,0,1,0,0,1,0
776,19,2.79,2.13,5.62,64.64,2.27,8.32,293.19,7.74,1,39.59,0,1,0,1,0,0
777,16,4.09,6.4,5.86,62.66,3.47,8.45,298.82,9.75,1,67.09,0,1,0,0,0,1
778,19,7.47,4.38,6.4,64.61,2.81,10.82,219.84,15.06,0,26.18,0,1,0,1,0,0
779,16,0.3,8.34,4.84,95.02,3.63,4.15,297.98,1.82,2,96.12,0,1,0,0,1,0
780,16,4.0,4.88,6.89,60.45,4.88,6.07,271.69,8.08,1,59.43,1,0,0,0,0,1
781,21,6.84,7.02,6.18,87.71,1.71,10.49,219.65,13.55,0,64.20655124113735,1,0,0,1,0,0
782,20,4.7,3.77,8.74,90.74,3.85,9.43,260.21,15.35,1,76.37253510905738,0,1,0,1,0,0
783,19,2.21,2.89,8.68,82.72,0.47,5.88,302.22,6.09,1,74.07,1,0,0,0,1,0
784,18,3.18,4.49,6.83,89.23,4.35,6.58,297.12,9.91,1,74.83,1,0,0,0,1,0
785,16,5.44,6.46,7.22,86.09,3.89,8.75,239.06,14.52,0,81.45693261182441,1,0,0,0,0,1
786,21,7.13,6.91,4.69,78.22,2.6,11.94,225.01,19.52,0,44.89,1,0,0,1,0,0
787,17,0.33,6.2,5.12,75.31,4.11,5.1,319.67,1.08,1,73.76,0,1,0,0,0,1
788,23,0.57,9.89,8.5,97.65,3.33,5.32,320.7,6.05,1,109.810609885052,1,0,0,0,1,0
789,20,2.6,7.22,7.5,98.88,2.76,4.83,296.91,6.17,1,100.0,1,0,0,1,0,0
790,22,1.86,9.38,4.95,86.05,4.73,5.95,312.43,9.84,2,100.0,0,1,0,0,0,1
791,17,2.12,2.06,6.85,67.89,0.65,7.01,301.85,7.73,1,60.65,0,1,0,0,1,0
792,23,1.77,1.55,8.67,77.92,4.96,5.58,297.56,3.14,1,64.72,1,0,0,0,1,0
793,17,1.57,3.8,5.73,79.86,0.77,6.46,311.78,8.1,1,79.18,0,1,0,1,0,0
794,19,1.04,2.23,4.93,90.32,2.4,6.31,308.22,7.03,1,62.23,0,0,1,0,1,0
795,16,7.47,5.73,8.71,86.71,1.16,9.34,233.11,13.29,0,56.12,0,1,0,0,1,0
796,20,1.15,5.67,6.31,80.59,1.36,3.68,301.26,5.05,1,90.1,1,0,0,0,0,1
797,24,1.64,6.18,6.09,87.21,3.16,5.65,301.89,8.49,1,94.71,0,1,0,0,1,0
798,16,1.97,7.71,5.34,60.96,0.17,4.42,280.06,6.12,2,88.08,1,0,0,0,1,0
799,24,7.46,9.74,8.46,91.07,4.7,13.17,240.83,15.83,0,100.19453843732995,1,0,0,0,0,1
800,23,6.05,8.9,8.23,68.47,1.4,8.02,237.31,15.11,0,89.37972250981585,0,1,0,1,0,0
801,21,6.32,2.07,6.01,86.26,1.36,9.1,235.28,15.36,0,29.55,1,0,0,0,1,0
802,22,0.84,4.05,4.15,64.56,4.32,6.81,286.65,4.2,1,57.13,0,1,0,0,1,0
803,18,6.69,3.3,6.23,64.58,3.82,8.64,231.49,13.43,0,23.74,0,1,0,0,0,1
804,16,3.27,2.59,4.9,61.43,3.36,6.51,271.18,9.48,1,27.75,0,1,0,0,1,0
805,20,2.1,5.9,4.71,96.41,0.73,4.67,296.97,3.66,1,82.28,1,0,0,0,0,1
806,17,4.61,5.98,5.97,84.18,3.85,9.66,251.73,12.15,1,64.05,0,1,0,1,0,0
807,20,6.58,3.05,4.5,74.48,1.8,9.1,236.6,16.82,0,28.6,0,1,0,0,0,1
808,23,6.23,7.41,8.79,91.51,4.97,8.04,238.44,16.4,0,93.4418630473577,0,1,0,0,1,0
809,24,7.12,7.6,4.24,85.04,3.36,12.79,216.96,16.02,2,63.45502248867128,1,0,0,0,1,0
810,17,7.43,1.19,6.01,84.8,4.18,10.02,233.22,12.98,0,20.84,1,0,0,0,1,0
811,18,1.9,4.56,4.81,79.48,3.67,6.61,295.01,4.74,1,75.56,0,1,0,0,1,0
812,18,3.39,9.01,7.44,60.32,2.97,5.84,279.72,9.64,1,84.67,0,1,0,0,1,0
813,16,0.12,5.68,4.39,70.34,3.58,2.01,326.86,-0.3,1,80.32,1,0,0,0,1,0
814,23,7.03,4.13,6.73,64.36,2.99,12.04,235.72,18.73,0,38.05,0,1,0,1,0,0
815,21,1.24,3.28,7.87,86.5,0.26,2.52,301.79,1.63,1,74.97,1,0,0,1,0,0
816,23,6.89,3.19,8.75,69.94,1.73,9.55,246.55,14.0,0,35.71,1,0,0,0,0,1
817,24,2.64,1.9,7.49,78.01,1.58,7.54,285.06,7.38,1,59.18798816746931,1,0,0,0,1,0
818,20,2.95,8.36,4.5,74.14,3.57,6.51,279.55,9.57,2,83.41,0,1,0,1,0,0
819,18,0.31,1.78,4.44,65.73,2.88,4.76,322.98,-0.32,1,46.93,1,0,0,0,1,0
820,20,2.62,3.63,7.66,98.33,3.05,3.95,280.76,6.46,1,60.97,1,0,0,0,1,0
821,20,7.11,1.41,5.08,97.34,4.23,11.86,246.35,17.12,0,17.29,1,0,0,0,1,0
822,20,0.2,8.03,6.24,63.38,2.63,2.06,319.2,-0.65,1,90.07,0,1,0,0,0,1
823,18,3.25,1.35,8.88,93.09,1.09,8.29,296.69,9.73,1,60.36,0,1,0,0,1,0
824,19,0.25,3.77,8.1,79.53,0.06,4.07,316.4,2.05,1,70.93,0,1,0,0,1,0
825,24,2.97,6.16,8.23,90.95,0.8,7.67,293.84,6.03,1,87.51,1,0,0,0,1,0
826,24,1.38,4.69,8.3,66.05,0.15,3.44,287.05,3.64,1,90.42,1,0,0,1,0,0
827,17,2.02,3.54,7.1,65.29,1.19,5.0,308.58,3.45,1,64.42,0,1,0,0,1,0
828,23,7.02,3.48,7.72,95.63,3.17,12.03,242.65,15.26,0,53.30625203912849,0,1,0,0,1,0
829,23,3.49,8.18,5.79,95.91,0.76,9.04,271.67,11.51,2,95.79,0,1,0,0,0,1
830,22,2.19,9.77,8.99,78.64,0.41,4.32,302.37,4.82,1,100.0,1,0,0,0,1,0
831,23,4.71,4.13,5.4,94.81,4.85,9.68,250.81,13.62,1,53.75,1,0,0,0,0,1
832,18,1.14,1.35,6.95,86.7,4.98,2.68,301.35,2.74,1,66.2,0,1,0,0,1,0
833,21,2.08,1.33,5.41,67.4,3.19,5.21,286.53,3.8,1,39.42,0,1,0,0,0,1
834,16,4.37,7.83,4.56,73.16,0.54,10.06,276.76,12.54,2,65.42,0,1,0,0,0,1
835,22,1.9,5.97,6.84,65.44,4.11,7.63,309.68,7.79,1,72.38,1,0,0,1,0,0
836,16,5.43,8.05,5.77,90.96,2.7,7.91,250.35,9.64,2,91.58278429455189,1,0,0,0,1,0
837,24,3.93,7.28,6.92,99.41,0.91,5.89,260.13,11.11,1,89.75,1,0,0,0,0,1
838,16,6.18,9.17,6.79,81.86,2.88,7.93,236.07,16.28,0,79.90021781286356,0,1,0,1,0,0
839,16,7.59,8.97,6.71,86.23,0.2,10.99,229.84,18.13,0,77.27314657157552,1,0,0,1,0,0
840,22,0.93,8.09,4.62,89.84,4.86,2.39,309.13,2.74,2,88.14,0,1,0,1,0,0
841,17,2.68,5.28,6.2,68.97,4.13,5.46,284.44,10.77,1,68.74,1,0,0,1,0,0
842,20,2.56,3.77,8.06,73.44,1.3,3.65,280.98,6.74,1,69.01,0,1,0,0,0,1
843,23,1.21,5.56,5.58,76.49,2.09,3.51,321.76,3.96,1,78.73,1,0,0,0,1,0
844,23,6.48,5.52,6.22,83.78,1.98,11.98,236.04,19.11,0,46.08,1,0,0,1,0,0
845,18,6.08,6.49,6.47,94.02,4.31,9.31,238.71,16.98,0,69.09,1,0,0,0,0,1
846,22,3.88,2.67,8.31,70.17,1.77,5.25,284.91,5.57,1,55.45,1,0,0,0,0,1
847,18,4.3,6.9,7.28,78.84,0.24,8.53,265.58,9.71,1,84.75,0,1,0,0,0,1
848,21,0.48,5.11,4.5,90.06,1.07,6.26,319.36,5.02,1,78.56891139604457,0,1,0,0,0,1
849,21,4.44,6.58,8.33,63.5,1.08,7.76,257.97,12.99,1,70.77,1,0,0,0,0,1
850,18,6.33,3.16,8.16,80.52,4.75,10.45,249.1,12.39,0,43.68,0,1,0,0,0,1
851,22,4.59,4.91,7.77,65.78,4.62,10.19,272.27,13.8,1,66.12,0,1,0,0,1,0
852,18,2.12,2.89,6.33,81.57,1.5,5.22,283.4,4.98,1,57.01,0,1,0,1,0,0
853,23,5.34,8.88,7.79,90.71,0.01,9.66,250.58,14.27,0,111.02209619766047,1,0,0,1,0,0
854,19,2.89,5.39,6.39,69.48,2.58,6.09,276.27,6.25,1,70.63,0,1,0,0,0,1
855,16,4.36,3.02,7.68,93.98,3.99,10.17,262.4,6.96,1,65.97,0,1,0,0,1,0
856,19,3.9,1.37,8.4,73.39,1.34,7.42,289.21,6.02,1,50.92,0,1,0,0,1,0
857,22,3.05,7.08,8.45,67.63,2.2,8.48,285.97,6.56,1,76.93,0,1,0,0,1,0
858,19,5.75,2.93,6.27,78.61,0.86,9.29,270.48,12.09,0,33.6,1,0,0,0,1,0
859,21,7.07,9.91,8.3,95.04,1.64,11.41,249.99,16.3,0,85.4718747079851,0,0,1,0,1,0
860,24,0.04,5.8,4.51,62.76,3.79,2.97,330.83,0.51,1,69.39,1,0,0,0,1,0
861,16,7.47,3.6,4.51,73.1,2.14,13.06,244.9,17.64,0,27.36,0,1,0,0,1,0
862,20,4.09,6.92,6.74,86.13,2.24,8.32,282.52,9.3,1,76.45,1,0,0,0,0,1
863,22,5.61,3.48,7.26,74.3,3.95,6.71,269.73,11.76,0,45.81,1,0,0,1,0,0
864,16,6.84,8.38,4.76,62.83,3.81,7.92,243.37,16.08,2,57.969388232639616,0,1,0,0,1,0
865,19,3.74,3.77,6.36,73.28,0.94,8.12,281.98,9.64,1,58.27,1,0,0,0,0,1
866,21,6.68,9.89,4.47,92.84,2.08,8.25,246.42,15.23,2,76.80640137935809,1,0,0,1,0,0
867,17,1.42,6.45,7.01,98.72,4.24,6.0,298.57,6.56,1,104.44803790650823,1,0,0,1,0,0
868,20,1.27,8.6,8.28,61.59,2.28,3.88,313.22,3.53,1,100.0,1,0,0,0,1,0
869,16,5.26,1.66,7.69,82.77,3.31,8.95,269.46,8.78,0,41.07,0,1,0,0,1,0
870,21,6.96,4.13,5.89,64.21,1.53,8.83,230.48,15.36,0,28.05,0,1,0,0,1,0
871,21,7.14,7.64,8.97,87.22,0.3,9.37,225.75,14.05,0,75.01895932574789,1,0,0,0,1,0
872,19,5.15,6.9,7.31,60.32,0.82,8.33,252.69,13.61,0,70.02,0,1,0,0,0,1
873,23,4.2,2.75,8.08,60.59,2.01,8.53,283.17,13.3,1,49.2,0,1,0,0,1,0
874,19,2.65,4.21,7.35,91.08,1.77,4.43,285.83,5.67,1,79.0,1,0,0,1,0,0
875,23,7.84,3.37,8.95,62.98,4.48,10.25,214.88,17.21,0,33.41,1,0,0,0,1,0
876,23,2.56,6.52,8.11,72.21,2.73,4.59,278.89,7.47,1,87.6,0,1,0,1,0,0
877,20,5.95,4.1,6.6,98.32,3.14,11.26,239.56,12.93,0,57.12,1,0,0,0,1,0
878,19,4.26,3.78,5.83,99.41,3.44,8.5,261.75,10.66,1,80.5512030847191,1,0,0,0,0,1
879,17,4.87,2.87,7.41,66.46,2.66,8.21,247.57,8.31,1,51.82,1,0,0,0,0,1
880,18,3.15,4.68,6.95,82.44,3.85,8.88,288.26,11.25,1,73.86,0,1,0,0,0,1
881,18,7.72,2.76,7.15,82.37,3.92,12.4,225.47,21.15,0,28.43,0,1,0,0,1,0
882,19,4.57,9.66,5.72,78.1,1.76,10.23,270.5,12.17,2,91.02,0,1,0,0,1,0
883,19,7.5,2.39,6.14,96.99,0.42,11.49,207.03,15.49,0,23.19,0,1,0,0,1,0
884,20,0.06,9.22,6.79,90.16,4.93,1.75,330.0,1.49,1,100.0,0,1,0,0,0,1
885,19,4.58,4.86,8.2,90.58,3.21,8.96,264.22,8.8,1,75.92,0,1,0,0,1,0
886,23,5.74,4.4,7.81,70.78,3.54,7.75,256.12,11.61,0,56.13,0,1,0,0,0,1
887,21,5.96,3.08,4.59,77.37,3.78,8.69,263.69,12.45,0,35.66583457959992,1,0,0,0,1,0
888,21,7.24,6.72,5.23,79.5,3.06,10.79,236.8,15.21,0,48.41,0,1,0,0,1,0
889,23,0.04,7.17,4.13,71.96,2.35,1.83,340.64,1.41,2,79.47,1,0,0,0,0,1
890,22,0.0,5.21,4.04,63.79,4.92,1.1,301.2,1.42,1,62.72,1,0,0,0,0,1
891,23,3.78,1.5,5.12,65.05,3.64,6.42,271.46,8.91,1,41.55,0,1,0,0,1,0
892,17,0.23,9.27,8.0,67.23,4.23,5.35,299.21,4.82,1,100.0,1,0,0,0,0,1
893,24,7.8,9.82,8.52,68.15,2.2,8.88,229.54,16.92,0,76.45287211421343,1,0,0,1,0,0
894,16,1.78,4.88,5.96,69.69,4.52,3.33,299.41,3.35,1,72.17,0,1,0,0,1,0
895,23,3.78,6.52,6.82,70.22,3.66,8.81,263.72,9.86,1,69.29,1,0,0,0,1,0
896,19,0.49,5.05,7.53,78.23,3.73,3.02,335.86,2.08,1,79.58,0,1,0,0,0,1
897,19,4.18,3.9,8.76,80.38,0.43,9.87,266.25,10.44,1,56.84,1,0,0,1,0,0
898,20,3.04,1.7,8.56,72.36,3.09,5.94,261.46,8.55,1,47.79,0,1,0,0,1,0
899,23,0.36,5.1,4.29,96.29,1.68,5.34,322.48,-1.05,1,75.25,1,0,0,0,0,1
900,20,2.68,8.37,5.24,82.13,3.35,4.97,294.8,6.57,2,89.33,0,1,0,1,0,0
901,23,3.13,1.15,4.25,91.5,2.84,4.44,277.65,7.53,1,31.89,1,0,0,0,0,1
902,16,7.92,6.24,7.08,96.97,0.56,13.33,232.84,19.74,0,51.18,0,1,0,0,1,0
903,24,1.66,8.93,7.55,66.53,2.65,7.3,290.58,8.36,1,100.0,1,0,0,0,0,1
904,21,4.36,2.96,5.54,77.11,2.26,8.9,263.51,10.71,1,42.49,1,0,0,0,1,0
905,18,7.9,2.65,8.27,77.33,3.88,12.75,229.14,19.89,0,22.82,0,1,0,0,1,0
906,23,6.34,7.95,6.26,74.18,2.51,7.38,253.16,14.42,0,73.86543772211473,1,0,0,0,1,0
907,24,7.95,3.3,8.99,60.36,2.41,12.72,222.36,18.81,0,31.63,0,1,0,0,1,0
908,21,7.75,2.73,4.0,92.64,3.6,11.11,222.18,14.4,0,23.82505369747551,1,0,0,0,1,0
909,22,3.92,4.4,4.55,64.46,3.34,7.18,272.55,11.65,1,53.18,1,0,0,1,0,0
910,16,5.57,4.53,5.51,99.82,4.96,9.27,232.7,13.18,0,55.22,1,0,0,1,0,0
911,20,0.88,8.87,4.13,90.92,1.76,3.24,306.64,2.44,2,100.0,1,0,0,0,1,0
912,20,3.53,6.57,7.91,83.2,3.44,8.01,257.83,6.99,1,74.35,0,1,0,0,1,0
913,19,6.47,4.65,4.26,66.18,0.84,8.95,233.94,9.29,0,24.82,0,1,0,1,0,0
914,21,4.04,5.81,7.74,80.62,4.02,7.83,257.3,13.78,1,71.67,0,1,0,0,0,1
915,22,5.62,9.59,4.26,70.44,3.93,7.3,257.84,12.69,2,83.79793508418288,1,0,0,1,0,0
916,24,5.97,2.02,5.26,70.09,3.63,10.35,241.05,11.92,0,32.88,0,1,0,0,0,1
917,16,2.03,2.87,8.21,93.18,0.6,3.98,308.02,2.51,1,82.41129974554681,1,0,0,1,0,0
918,21,7.01,9.66,8.76,75.23,4.94,8.86,217.41,14.39,0,91.25440478535728,1,0,0,0,1,0
919,22,3.68,9.62,6.07,78.03,4.71,4.8,273.4,9.54,1,99.06,0,1,0,0,1,0
920,18,1.68,2.59,8.85,93.72,1.85,3.29,300.69,5.43,1,81.16,1,0,0,0,1,0
921,23,6.92,2.31,7.13,63.51,2.89,9.08,241.86,16.28,0,23.98,0,1,0,0,0,1
922,20,3.34,4.79,6.08,83.78,4.44,5.45,301.46,5.96,1,62.08,0,1,0,1,0,0
923,24,6.0,1.45,8.01,83.13,2.47,8.64,228.33,12.96,0,39.06,1,0,0,1,0,0
924,20,4.38,6.89,5.48,77.01,3.0,5.65,259.86,9.65,1,70.64,0,1,0,1,0,0
925,24,3.05,1.7,5.33,93.19,3.02,8.73,303.37,8.83,1,58.865300170598914,0,1,0,0,1,0
926,19,6.48,1.52,7.28,97.72,3.25,8.08,233.03,14.85,0,38.6,1,0,0,1,0,0
927,24,4.68,5.37,5.95,78.61,2.88,9.19,268.26,14.76,1,74.23277184362836,0,1,0,0,1,0
928,20,3.12,9.62,4.68,78.25,2.03,6.8,273.16,8.5,2,84.75,0,0,1,1,0,0
929,24,0.88,4.84,4.33,80.08,2.7,4.64,295.5,2.47,1,79.92,0,0,1,0,1,0
930,18,7.16,4.21,7.94,88.92,4.36,8.69,225.92,12.18,0,54.38,0,1,0,0,1,0
931,19,0.28,9.98,7.38,86.72,4.32,2.5,336.42,2.02,1,100.0,0,1,0,1,0,0
932,24,6.91,5.79,6.06,68.91,3.86,11.81,225.41,14.95,0,49.50759146593076,1,0,0,1,0,0
933,21,2.88,4.38,8.48,62.56,2.07,6.2,282.46,8.28,1,75.28501012797848,0,1,0,1,0,0
934,17,5.11,4.47,6.05,97.97,3.93,8.4,256.13,12.59,0,57.83,0,1,0,0,1,0
935,22,7.38,2.75,7.55,70.44,1.94,11.11,240.6,19.75,0,29.15,1,0,0,1,0,0
936,17,1.21,5.61,8.55,85.54,3.32,4.38,316.77,4.43,1,100.0,0,1,0,0,0,1
937,17,4.54,4.95,8.2,93.14,2.84,9.57,266.6,12.51,1,70.27,1,0,0,0,0,1
938,16,6.12,3.44,6.56,72.01,1.5,10.86,214.66,13.3,0,42.81,0,1,0,0,0,1
939,18,6.06,2.44,7.4,85.42,2.26,8.65,238.39,10.55,0,38.29,0,1,0,1,0,0
940,21,4.21,3.8,6.07,64.32,4.15,9.27,257.5,13.1,1,49.34,0,1,0,0,0,1
941,23,5.0,5.58,7.24,98.8,4.56,8.59,271.59,14.21,1,73.33,0,0,1,0,1,0
942,24,6.06,1.52,5.29,62.33,1.03,10.2,238.07,13.53,0,19.75,1,0,0,0,0,1
943,22,6.73,2.38,6.17,77.53,2.28,12.06,256.07,12.26,0,23.92,1,0,0,1,0,0
944,19,6.09,9.53,5.05,81.47,2.17,9.47,251.0,16.59,2,80.35492307143629,0,1,0,0,1,0
945,21,2.83,5.89,4.19,91.62,2.45,7.61,297.39,10.43,1,75.39,0,1,0,0,1,0
946,20,7.97,1.57,6.94,64.85,4.88,12.11,246.92,17.78,0,14.12,0,1,0,0,0,1
947,23,3.48,7.24,8.32,77.63,2.59,6.61,268.8,10.66,1,103.45746799523263,1,0,0,0,1,0
948,16,0.2,1.56,4.13,71.99,4.15,5.15,301.4,2.79,1,58.67472718768224,1,0,0,0,1,0
949,16,2.9,7.65,4.98,72.48,3.32,4.43,287.07,7.0,2,76.28,1,0,0,1,0,0
950,21,1.02,7.75,6.3,91.15,0.54,4.93,317.3,0.74,1,100.0,0,1,0,0,1,0
951,17,0.97,6.86,7.33,60.22,3.48,2.2,301.71,5.0,1,88.4,1,0,0,0,1,0
952,20,2.25,7.59,4.86,89.96,3.24,4.03,293.36,1.88,2,84.65,0,1,0,0,0,1
953,16,0.43,1.79,4.28,92.42,3.79,4.42,327.01,6.3,1,68.27,0,0,1,0,0,1
954,22,5.51,7.54,6.6,96.05,0.37,8.05,265.06,15.94,0,99.72088761560212,0,1,0,0,1,0
955,16,0.59,2.23,8.09,85.08,1.21,2.9,307.1,-2.77,1,73.61,1,0,0,1,0,0
956,19,1.63,4.06,4.18,73.34,3.85,7.41,303.15,9.26,1,59.67,0,1,0,0,0,1
957,24,0.74,9.48,5.75,77.09,1.85,3.57,301.76,2.42,2,99.34,0,1,0,0,1,0
958,16,0.51,5.53,7.32,98.79,4.55,4.33,299.38,3.77,1,88.66,1,0,0,0,1,0
959,19,2.14,9.71,4.65,95.25,2.59,5.81,307.9,3.29,2,100.0,0,1,0,0,0,1
960,21,4.58,1.8,5.18,78.54,0.01,5.89,243.71,9.17,1,37.4,0,1,0,0,1,0
961,21,7.72,5.3,6.68,97.72,3.49,12.09,229.27,15.26,0,43.37,1,0,0,1,0,0
962,23,7.0,1.56,8.77,92.92,2.57,10.56,232.3,14.2,0,51.91783108345125,1,0,0,0,1,0
963,16,7.01,6.67,5.44,96.04,1.59,9.92,241.37,17.92,0,58.63836249357057,1,0,0,0,0,1
964,22,1.41,1.71,6.44,87.32,0.1,2.74,296.23,5.48,1,73.19,0,1,0,1,0,0
965,16,2.12,2.58,6.0,94.31,0.99,4.59,305.98,7.12,1,67.45,1,0,0,1,0,0
966,22,0.61,3.33,8.49,95.67,0.81,6.03,310.46,2.85,1,84.91,1,0,0,0,1,0
967,18,6.23,7.74,4.36,63.68,2.91,8.1,259.75,12.01,2,61.46903751707893,0,1,0,0,0,1
968,23,0.56,2.48,6.83,98.61,3.85,2.66,315.47,-1.13,1,88.13538767705647,1,0,0,0,1,0
969,18,4.45,8.62,8.23,73.34,1.17,6.48,256.1,11.27,1,97.73,0,1,0,1,0,0
970,16,1.98,2.19,8.94,77.6,3.49,7.43,301.67,10.56,1,72.79,0,1,0,0,0,1
971,23,1.95,1.32,7.49,91.68,4.5,6.45,300.78,9.06,1,71.18,0,1,0,0,1,0
972,18,7.93,4.56,5.9,86.6,3.11,13.34,223.77,18.63,0,32.77,0,1,0,1,0,0
973,17,6.05,9.81,6.06,95.72,3.88,11.62,239.92,15.87,0,102.17504784722018,1,0,0,0,1,0
974,16,6.7,1.99,5.76,76.02,1.02,12.34,248.21,16.71,0,18.36,1,0,0,0,1,0
975,18,4.58,1.92,7.02,74.93,0.37,8.01,255.39,12.69,1,47.42,1,0,0,0,0,1
976,17,6.97,7.76,7.7,61.27,1.83,10.35,227.76,19.11,0,69.11215503337397,1,0,0,0,1,0
977,17,5.16,3.81,8.1,78.51,3.55,10.3,263.35,11.75,0,49.52,0,1,0,1,0,0
978,21,7.57,7.46,6.08,88.96,3.43,10.23,227.05,15.41,0,54.5766592758857,1,0,0,0,1,0
979,16,2.25,2.8,7.58,72.05,4.78,3.36,273.35,4.48,1,62.05,1,0,0,0,0,1
980,17,4.76,5.14,8.58,78.51,3.15,7.42,253.26,10.78,1,63.52,0,1,0,1,0,0
981,21,5.52,3.39,8.6,68.78,2.06,10.1,257.82,14.79,0,52.24469526224957,1,0,0,0,1,0
982,18,3.14,5.06,7.52,90.91,3.99,4.76,279.62,6.96,1,82.76626414604591,0,0,1,0,1,0
983,19,7.04,7.92,7.18,62.42,0.77,11.96,234.51,14.83,0,62.51605247006818,1,0,0,0,1,0
984,16,7.84,7.86,6.66,88.22,4.07,12.92,228.54,16.54,0,56.35232805367256,1,0,0,1,0,0
985,23,3.95,5.64,4.92,75.16,1.83,5.45,277.16,6.3,1,53.65,0,1,0,1,0,0
986,22,3.13,9.36,4.62,61.66,0.77,4.62,283.6,6.79,2,77.81,0,1,0,0,1,0
987,22,3.78,3.37,6.43,94.14,0.81,5.77,241.36,10.62,1,64.49,0,1,0,0,1,0
988,18,6.82,3.16,4.8,79.51,4.92,9.6,237.61,15.87,0,47.80901757862212,1,0,0,1,0,0
989,18,5.16,6.52,6.88,83.97,3.12,8.82,252.92,13.28,0,75.69,1,0,0,0,0,1
990,17,0.36,6.59,7.23,89.28,0.87,3.79,315.99,0.27,1,93.03,0,0,1,0,0,1
991,16,4.34,1.42,6.63,86.2,1.34,9.61,278.6,8.97,1,44.9,0,1,0,0,0,1
992,22,0.14,6.47,4.18,89.23,1.86,1.85,307.6,1.49,1,82.2,0,1,0,1,0,0
993,22,6.23,4.37,4.29,90.49,0.28,10.72,245.94,17.2,0,38.71,1,0,0,1,0,0
994,17,2.63,7.73,4.57,83.57,0.54,6.37,293.21,8.82,2,81.75,1,0,0,1,0,0
995,22,3.78,8.27,4.77,74.63,3.81,8.46,271.54,8.55,2,77.78,0,1,0,1,0,0
996,23,6.39,5.97,8.95,69.73,3.93,9.1,230.23,18.72,0,51.5,1,0,0,1,0,0
997,16,0.37,1.02,5.72,96.12,4.94,3.73,303.52,-1.64,1,54.29,1,0,0,0,1,0
998,24,1.27,6.73,5.46,98.8,0.34,2.41,304.41,3.17,1,93.78,1,0,0,0,1,0
999,22,3.18,7.74,4.26,74.31,4.45,4.76,275.64,7.36,2,86.35,1,0,0,1,0,0
1000,18,1.84,3.24,7.18,64.49,1.59,4.71,278.64,4.7,1,70.7,0,1,0,0,1,0
1001,23,2.7,5.18,7.26,68.9,1.64,6.11,279.62,8.16,1,77.43,0,0,1,1,0,0
1002,22,7.99,9.69,4.88,86.83,0.64,9.42,211.11,16.29,2,78.18298312588541,1,0,0,1,0,0
1003,23,6.6,3.68,8.6,66.92,4.93,11.72,248.28,12.77,0,49.84,0,1,0,0,0,1
1004,21,7.07,3.01,8.0,91.2,4.9,12.8,220.32,16.83,0,41.24,0,1,0,0,1,0
1005,24,7.5,2.9,5.15,96.92,4.32,11.48,244.2,17.32,0,30.13,1,0,0,0,1,0
1006,20,2.73,6.03,6.43,98.55,0.45,4.0,308.84,7.92,1,83.32,0,1,0,0,1,0
1007,18,2.38,9.55,6.29,60.37,4.21,7.07,284.03,9.94,1,95.99,0,1,0,1,0,0
1008,18,1.87,6.48,5.74,98.33,3.17,3.96,291.42,3.07,1,88.85,1,0,0,0,1,0
1009,16,6.64,3.73,8.09,89.61,0.64,11.31,249.76,18.96,0,56.55,0,1,0,1,0,0
1010,23,5.44,6.75,4.55,63.36,1.31,8.61,265.56,11.61,0,49.92,1,0,0,0,1,0
1011,17,1.89,6.62,6.08,76.61,3.45,3.16,292.4,3.39,1,82.08,0,1,0,1,0,0
1012,18,3.02,6.37,6.14,88.0,4.02,5.41,279.36,6.41,1,79.49,1,0,0,0,1,0
1013,23,4.05,2.43,6.34,98.27,4.24,7.19,267.08,5.77,1,62.49,0,1,0,0,0,1
1014,23,4.23,6.71,8.31,66.57,2.72,8.91,260.72,9.95,1,72.66,0,1,0,0,1,0
1015,19,7.11,4.87,5.09,65.11,2.67,8.78,243.79,17.68,0,30.29,0,1,0,0,1,0
1016,19,3.04,1.17,4.51,78.89,3.42,5.48,285.07,8.25,1,39.41,1,0,0,0,0,1
1017,20,7.27,5.86,7.09,98.72,3.89,8.69,225.51,15.71,0,47.31,1,0,0,1,0,0
1018,21,3.53,9.9,4.87,98.86,0.85,7.61,278.29,9.8,2,88.4,0,1,0,0,1,0
1019,20,5.97,4.15,4.37,69.12,3.7,9.34,244.58,16.15,0,39.57,1,0,0,0,1,0
1020,22,7.44,9.69,6.13,72.77,1.71,13.09,255.75,15.95,0,71.69241666345292,1,0,0,1,0,0
1021,17,7.26,1.87,5.1,96.32,1.92,11.96,230.39,18.68,0,16.09,0,0,1,1,0,0
1022,22,0.46,7.59,5.81,89.39,0.39,5.35,321.88,3.5,2,98.9839242766319,0,1,0,0,1,0
1023,22,1.65,2.03,5.3,98.89,2.94,3.47,304.55,2.64,1,61.01,1,0,0,0,1,0
1024,16,3.82,3.46,4.46,95.73,0.47,6.15,272.65,9.73,1,52.43,0,1,0,0,1,0
1025,22,3.45,6.14,6.8,68.6,4.57,7.02,283.0,8.85,1,79.47566584894383,0,1,0,0,1,0
1026,20,5.13,6.34,4.14,90.39,3.1,6.2,260.54,9.18,0,47.74,0,0,1,0,1,0
1027,18,7.56,7.98,8.83,61.94,4.95,12.91,254.15,15.66,0,72.16168041890619,1,0,0,0,1,0
1028,18,0.9,6.54,5.71,92.71,1.23,5.79,308.23,3.38,1,88.55,0,1,0,0,0,1
1029,19,3.61,6.34,7.48,84.06,3.4,4.9,250.61,6.84,1,76.27,0,1,0,0,0,1
1030,17,1.54,9.21,8.05,98.24,4.82,6.79,323.41,8.15,1,100.0,1,0,0,0,1,0
1031,17,7.15,5.07,5.4,98.4,1.49,8.17,229.1,14.38,0,38.13,1,0,0,0,0,1
1032,16,7.72,3.03,7.74,62.03,0.48,9.29,228.22,15.48,0,23.28,0,1,0,0,1,0
1033,20,3.83,2.46,8.16,66.42,3.17,5.11,268.6,10.56,1,46.25,1,0,0,0,1,0
1034,19,0.83,4.6,5.21,79.37,1.83,4.23,304.05,6.06,1,74.46,0,1,0,0,1,0
1035,17,6.28,7.41,8.96,95.18,1.37,11.2,233.45,13.36,0,89.11573720651262,0,1,0,0,1,0
1036,18,5.58,1.38,4.1,92.58,4.97,7.47,233.02,9.62,0,37.45601457706731,1,0,0,1,0,0
1037,22,2.84,2.16,5.09,98.57,3.77,7.7,278.75,9.14,1,52.37,0,1,0,0,1,0
1038,22,7.1,1.96,7.9,84.72,2.43,9.02,239.94,14.75,0,24.56,0,1,0,1,0,0
1039,19,7.81,6.27,4.97,70.26,0.25,13.76,209.82,17.5,0,32.64,1,0,0,0,0,1
1040,20,4.46,3.19,7.49,61.0,0.96,9.73,271.53,13.63,1,49.72,1,0,0,0,0,1
1041,20,4.53,2.5,8.28,68.92,1.49,9.22,288.84,10.88,1,46.64,0,1,0,0,0,1
1042,21,2.38,6.33,8.8,87.01,2.44,6.34,294.31,10.58,1,89.67,1,0,0,0,1,0
1043,24,4.68,7.85,6.37,97.05,2.49,6.89,249.95,10.56,1,75.84,1,0,0,0,1,0
1044,17,3.52,3.99,8.86,72.84,0.12,5.12,281.79,8.17,1,64.31,0,1,0,0,1,0
1045,20,2.42,6.2,6.06,95.03,4.72,5.72,300.54,10.97,1,75.09,1,0,0,0,0,1
1046,18,0.54,1.88,5.09,75.8,2.71,3.55,326.56,3.2,1,54.97,0,1,0,0,0,1
1047,19,2.02,9.42,6.57,72.33,0.1,6.39,297.64,4.81,1,99.01,0,1,0,0,0,1
1048,21,1.58,4.03,7.25,80.35,3.51,3.43,307.08,2.04,1,78.79,1,0,0,0,1,0
1049,23,4.34,9.98,6.29,77.69,0.36,8.15,276.42,9.66,1,88.46,0,0,1,1,0,0
1050,16,4.81,9.81,6.83,96.55,3.61,9.28,268.3,12.33,1,91.09,0,1,0,0,1,0
1051,23,4.87,8.01,6.08,78.73,3.51,7.36,264.74,12.81,1,73.02,0,1,0,0,1,0
1052,22,3.11,1.18,6.62,71.09,4.92,8.01,276.29,5.66,1,41.79,1,0,0,1,0,0
1053,16,3.37,5.89,8.76,93.7,1.71,6.53,289.1,8.33,1,86.88,0,1,0,0,1,0
1054,17,6.67,1.78,6.5,99.95,0.72,8.48,234.6,16.8,0,41.38,0,1,0,1,0,0
1055,18,3.81,9.06,5.27,85.93,0.46,5.78,300.3,9.13,2,85.4,0,1,0,0,1,0
1056,16,7.9,8.11,7.79,70.02,0.36,10.29,218.8,19.71,0,59.14525840213293,1,0,0,0,1,0
1057,24,3.52,9.75,5.69,69.55,4.05,5.31,285.79,4.92,2,87.67,0,1,0,0,1,0
1058,23,5.2,6.48,8.08,62.31,3.59,9.01,244.82,11.85,0,63.72,0,1,0,0,0,1
1059,17,0.4,5.7,4.28,63.09,4.88,6.15,310.43,3.92,1,67.26,1,0,0,0,0,1
1060,24,5.23,5.67,5.66,96.6,1.55,10.71,251.35,14.31,0,66.96671223711466,1,0,0,0,1,0
1061,22,6.81,4.48,4.47,63.86,4.02,9.43,224.61,13.23,0,37.40572590195784,1,0,0,0,1,0
1062,24,7.54,5.22,4.43,79.37,0.47,12.86,223.78,18.57,0,34.8,0,1,0,0,1,0
1063,21,7.98,6.72,7.29,87.92,4.52,13.75,227.84,19.83,0,60.77043702320368,1,0,0,0,1,0
1064,21,2.26,9.4,5.93,94.01,0.26,4.73,290.41,5.61,2,100.0,0,1,0,1,0,0
1065,19,4.6,6.36,8.36,66.85,3.94,10.13,276.73,12.9,1,70.1,0,1,0,0,1,0
1066,17,3.61,8.71,6.58,77.51,1.54,9.6,267.37,10.85,1,80.28,1,0,0,1,0,0
1067,22,4.51,8.77,5.48,70.06,0.91,9.5,272.85,10.2,2,86.25,0,1,0,0,1,0
1068,20,1.26,5.67,7.6,70.23,3.52,4.21,298.95,3.68,1,76.37,0,1,0,0,1,0
1069,21,6.85,4.13,7.12,72.15,4.48,10.89,249.09,13.22,0,37.34,0,1,0,0,0,1
1070,17,7.28,6.76,8.0,83.48,3.82,10.1,240.47,12.98,0,51.19,0,1,0,1,0,0
1071,20,3.6,5.01,7.22,60.66,1.57,9.58,286.93,10.7,1,74.83632666406236,0,1,0,1,0,0
1072,19,2.24,1.73,4.84,76.35,1.77,3.58,291.51,1.36,1,41.16,0,0,1,0,0,1
1073,24,1.13,4.4,7.35,67.47,0.95,6.6,319.73,4.51,1,84.3,0,1,0,0,1,0
1074,21,5.47,9.95,5.96,98.68,4.12,6.84,237.76,12.45,2,99.99514458537568,0,1,0,0,1,0
1075,17,2.5,1.44,6.32,83.31,0.54,3.71,294.46,5.64,1,67.02117237709824,0,1,0,0,0,1
1076,16,7.28,7.27,8.61,94.72,4.52,12.98,234.02,21.78,0,74.12860887135716,1,0,0,0,1,0
1077,20,5.37,8.57,5.8,67.83,3.01,10.71,263.9,14.26,2,89.33748398847271,1,0,0,1,0,0
1078,24,5.17,6.84,7.06,92.4,2.94,7.98,257.2,11.21,0,68.06,0,1,0,0,0,1
1079,21,4.48,6.13,5.82,76.59,4.19,10.27,256.4,13.07,1,69.0,1,0,0,1,0,0
1080,22,0.37,7.37,4.47,67.11,3.34,5.68,304.64,0.77,2,81.11,0,1,0,0,0,1
1081,20,7.46,4.86,6.27,90.45,1.52,12.97,230.36,19.68,0,41.81,0,1,0,1,0,0
1082,21,5.02,1.82,6.99,90.48,1.75,9.0,257.16,11.02,0,48.17,0,1,0,0,1,0
1083,20,7.95,9.66,6.04,99.84,0.87,13.74,233.17,21.01,0,84.09663563832972,0,1,0,0,0,1
1084,24,4.3,4.89,5.95,91.24,2.32,9.35,277.94,11.93,1,58.73,0,1,0,0,1,0
1085,21,5.68,6.99,8.1,65.81,0.55,11.38,252.32,15.46,0,64.56,1,0,0,0,0,1
1086,23,0.45,5.78,4.15,72.9,3.27,2.86,314.86,1.0,1,67.26,0,1,0,0,0,1
1087,17,5.05,1.49,5.48,78.07,0.85,8.71,270.05,9.64,0,35.16,1,0,0,1,0,0
1088,24,6.12,9.57,8.06,65.07,4.32,11.46,244.11,12.59,0,86.58191783436553,0,1,0,1,0,0
1089,20,6.23,8.13,8.6,91.52,3.5,10.13,243.2,10.98,0,87.66638063005834,0,1,0,0,0,1
1090,22,6.16,2.34,6.06,81.07,4.46,11.17,232.85,14.06,0,33.04,0,1,0,0,1,0
1091,16,1.81,9.83,8.44,97.78,0.44,7.68,307.07,5.38,1,107.21567995913912,1,0,0,1,0,0
1092,20,7.8,7.63,4.99,83.57,3.99,12.82,225.5,20.13,2,60.68911539561161,0,1,0,0,1,0
1093,17,7.96,5.25,5.11,80.92,4.4,10.54,235.85,15.14,0,42.97939902410722,1,0,0,1,0,0
1094,21,0.6,6.5,8.23,62.86,0.22,2.19,300.73,6.38,1,93.46,0,1,0,0,0,1
1095,16,7.49,1.96,8.52,65.97,5.0,9.85,225.21,14.16,0,22.56,0,1,0,1,0,0
1096,18,2.32,6.04,5.11,93.98,1.5,6.63,301.62,4.98,1,81.36,0,1,0,0,0,1
1097,20,5.51,1.66,4.3,99.63,1.06,6.56,257.14,8.58,0,33.7,0,1,0,0,0,1
1098,19,2.7,5.9,4.45,76.61,2.07,4.65,275.77,6.39,1,61.23,0,1,0,0,1,0
1099,18,7.74,5.97,5.31,92.4,0.04,10.37,236.35,16.15,0,40.48,0,1,0,1,0,0
1100,20,0.81,8.87,7.81,85.1,4.43,6.19,297.23,4.09,1,106.0673636142916,1,0,0,0,1,0
1101,23,3.98,7.53,6.55,98.36,1.34,5.24,280.52,9.4,1,92.49,0,1,0,1,0,0
1102,19,3.42,3.25,6.28,69.53,2.61,4.67,269.16,9.43,1,50.73,1,0,0,0,1,0
1103,16,2.61,9.0,6.92,81.79,3.12,6.37,300.79,4.76,1,108.2185052955182,0,1,0,1,0,0
1104,22,5.16,6.16,8.45,76.35,3.96,7.05,259.21,11.3,0,76.73,1,0,0,0,1,0
1105,23,1.05,6.46,4.45,81.67,1.25,3.26,310.84,4.92,1,79.3,1,0,0,0,1,0
1106,18,5.73,2.52,7.47,70.75,3.59,7.65,250.43,10.23,0,40.19,0,1,0,1,0,0
1107,21,7.84,8.72,8.63,79.91,0.59,11.75,226.8,23.16,0,94.69156922472176,0,1,0,1,0,0
1108,17,6.44,9.38,5.07,84.99,3.52,7.72,243.55,18.2,2,75.6799363668916,1,0,0,0,0,1
1109,22,6.88,7.97,8.19,63.25,4.6,12.58,244.5,16.46,0,75.03134505425542,1,0,0,1,0,0
1110,23,2.88,9.47,7.49,89.72,0.43,4.5,284.81,4.36,1,100.0,0,1,0,0,1,0
1111,21,2.6,3.72,4.07,88.26,0.58,8.36,303.42,6.12,1,58.51,0,1,0,0,1,0
1112,21,4.14,8.75,5.16,95.22,2.79,9.03,262.96,11.19,2,85.65,1,0,0,0,1,0
1113,20,0.37,5.4,7.03,77.03,0.23,5.51,324.17,4.59,1,85.91,0,1,0,0,1,0
1114,23,7.56,2.48,6.51,62.47,0.94,9.42,234.92,12.37,0,24.39,1,0,0,0,1,0
1115,16,1.15,7.02,6.64,78.46,0.95,5.5,318.53,2.58,1,95.02,0,1,0,0,0,1
1116,19,7.22,7.16,5.16,65.5,2.41,12.31,234.57,17.27,2,58.61184873780006,0,1,0,0,1,0
1117,19,0.67,3.58,7.38,85.9,1.24,4.46,315.25,0.43,1,78.65,1,0,0,0,1,0
1118,18,6.58,1.25,5.33,61.89,2.38,10.34,244.22,14.45,0,29.155526402746,1,0,0,0,0,1
1119,18,1.22,2.8,5.95,74.96,2.61,3.02,293.2,4.2,1,68.39,0,1,0,0,1,0
1120,19,0.31,4.6,5.84,63.31,3.65,3.38,320.22,1.83,1,74.8,0,1,0,0,1,0
1121,16,5.76,2.51,7.36,60.13,4.73,7.51,283.58,10.93,0,27.03,1,0,0,0,1,0
1122,17,2.24,2.75,4.45,98.42,2.52,8.1,309.21,7.58,1,56.22,1,0,0,1,0,0
1123,24,5.72,4.52,5.03,99.85,1.78,10.14,243.56,14.66,0,43.77,0,1,0,0,1,0
1124,17,4.44,9.66,5.0,82.22,1.29,5.68,248.71,7.66,2,83.99,1,0,0,1,0,0
1125,20,0.87,7.88,4.54,69.56,3.17,4.25,310.08,4.12,2,91.82,1,0,0,0,0,1
1126,24,7.46,3.88,5.04,96.44,4.71,11.65,241.31,17.66,0,25.16,1,0,0,0,1,0
1127,24,3.62,9.56,7.04,96.92,3.82,5.1,276.17,9.02,1,100.0,1,0,0,0,1,0
1128,23,5.88,6.81,7.66,94.18,1.03,10.2,268.33,14.45,0,71.21,0,1,0,0,0,1
1129,16,4.01,5.1,7.3,81.77,4.47,5.9,264.08,9.23,1,72.73,1,0,0,1,0,0
1130,16,4.83,5.21,6.38,62.99,3.68,7.87,264.29,10.87,1,59.59,1,0,0,0,1,0
1131,24,2.42,4.7,4.26,63.54,0.64,6.55,289.87,6.31,1,66.75,0,1,0,0,1,0
1132,23,1.6,3.1,8.8,95.86,3.56,4.43,308.11,6.06,1,86.42,0,1,0,0,1,0
1133,24,4.34,4.48,4.84,95.03,1.45,7.24,275.92,9.94,1,52.31,0,1,0,0,1,0
1134,22,3.52,5.75,7.34,77.38,2.46,8.74,289.65,10.72,1,78.93,1,0,0,1,0,0
1135,18,3.12,5.75,8.56,73.13,1.5,5.67,281.32,8.55,1,66.3,0,1,0,0,0,1
1136,18,5.38,7.86,7.49,85.76,0.42,9.66,268.02,11.02,0,80.56356282670748,1,0,0,0,1,0
1137,17,5.52,4.23,5.09,92.28,3.84,10.77,257.21,13.03,0,44.58,1,0,0,1,0,0
1138,20,0.37,7.45,5.58,89.27,4.14,2.13,329.16,1.51,2,82.83,1,0,0,0,1,0
1139,18,2.71,6.2,4.15,84.62,1.16,3.94,302.48,6.22,1,78.68,1,0,0,0,0,1
1140,21,3.29,9.66,7.06,69.26,1.2,8.42,280.7,10.0,1,100.0,0,0,1,0,0,1
1141,17,0.78,4.47,7.06,70.5,2.15,4.54,303.9,3.8,1,77.09,0,1,0,0,1,0
1142,18,1.89,9.11,7.63,88.96,4.06,7.03,299.36,6.43,1,100.0,1,0,0,0,1,0
1143,20,0.41,8.39,4.05,92.1,0.39,2.48,324.99,0.98,2,95.48,0,1,0,0,1,0
1144,16,7.97,6.74,8.09,64.65,4.04,13.13,209.31,20.63,0,51.51,1,0,0,1,0,0
1145,16,5.89,6.89,7.69,67.49,4.61,7.37,244.37,13.22,0,70.07,0,1,0,1,0,0
1146,24,0.7,1.76,4.7,87.22,2.81,6.12,318.43,3.89,1,47.12,0,0,1,0,1,0
1147,22,0.16,9.55,5.74,75.56,0.3,5.27,292.2,2.1,2,100.0,1,0,0,0,0,1
1148,16,5.75,1.96,7.19,82.53,1.35,9.59,240.66,13.98,0,43.35,1,0,0,0,0,1
1149,23,3.51,6.07,6.48,84.59,0.56,7.55,271.75,9.1,1,71.61,0,1,0,0,1,0
1150,18,6.29,3.97,4.58,91.05,1.3,9.02,243.69,10.9,0,36.75,0,1,0,0,0,1
1151,23,7.39,4.87,4.44,92.23,4.06,9.4,228.1,13.8,0,30.59,1,0,0,1,0,0
1152,20,4.79,6.49,7.91,71.2,0.28,8.07,259.49,13.83,1,72.53,0,1,0,0,1,0
1153,16,1.5,9.18,4.78,81.65,1.42,5.79,288.69,5.89,2,100.0,1,0,0,1,0,0
1154,22,6.26,5.12,4.86,64.94,2.58,12.25,262.58,14.24,0,39.3,0,1,0,0,0,1
1155,20,7.65,9.89,8.15,93.68,4.37,12.74,222.12,17.1,0,81.54933795554894,1,0,0,0,1,0
1156,21,4.64,6.34,7.06,93.82,1.25,7.81,245.29,9.14,1,81.3,0,1,0,1,0,0
1157,21,5.46,2.44,7.02,71.98,3.89,10.18,265.83,12.23,0,35.89,1,0,0,0,1,0
1158,23,2.7,2.71,6.4,66.42,2.92,4.24,279.85,8.22,1,55.68,1,0,0,1,0,0
1159,24,3.05,7.44,6.84,62.8,3.38,6.13,271.28,7.28,1,91.59888154329444,0,1,0,0,1,0
1160,17,5.88,1.45,7.01,83.0,4.31,9.0,256.22,14.99,0,24.57,0,1,0,0,0,1
1161,24,7.42,5.32,8.84,63.66,0.13,13.41,225.77,21.09,0,47.63,0,1,0,1,0,0
1162,24,5.03,2.33,5.11,87.22,2.65,7.99,261.32,10.75,0,44.29,1,0,0,0,1,0
1163,22,6.32,4.9,5.07,87.13,3.74,7.74,237.82,10.76,0,43.97,1,0,0,0,1,0
1164,16,1.37,7.75,4.29,84.56,4.42,2.71,298.93,4.28,2,95.32,1,0,0,0,0,1
1165,22,1.7,5.13,7.29,95.06,0.66,6.19,289.67,4.0,1,85.63,1,0,0,0,0,1
1166,20,4.26,2.47,6.75,75.13,1.71,6.71,256.74,9.75,1,52.04,0,1,0,0,1,0
1167,21,1.41,3.27,4.56,96.09,0.39,6.75,337.8,5.83,1,62.65,0,1,0,1,0,0
1168,22,5.08,4.31,5.82,61.48,4.17,8.49,250.76,15.58,0,44.58,0,1,0,1,0,0
1169,20,2.33,1.63,4.89,64.51,4.29,4.98,277.41,6.63,1,47.75,0,1,0,0,1,0
1170,22,6.33,6.26,5.66,76.49,2.42,11.13,255.34,14.15,0,57.19,0,0,1,0,0,1
1171,24,6.46,6.47,8.76,83.76,0.1,9.55,245.15,15.72,0,59.65,1,0,0,0,0,1
1172,18,3.71,1.56,7.42,61.3,0.51,8.4,275.65,11.4,1,42.07,0,1,0,1,0,0
1173,23,1.45,4.62,4.04,82.7,3.12,6.02,297.72,7.59,1,67.2,1,0,0,0,1,0
1174,17,5.17,4.73,5.26,72.3,4.91,9.79,253.89,10.8,0,53.5,1,0,0,0,1,0
1175,22,7.94,4.0,4.05,95.49,4.19,13.23,221.75,21.11,0,23.73,0,1,0,0,1,0
1176,17,4.98,6.02,7.57,81.33,3.99,10.22,271.61,17.15,1,69.31,0,1,0,1,0,0
1177,19,0.29,4.11,6.35,83.52,2.09,4.61,314.04,5.28,1,77.21,0,1,0,0,1,0
1178,22,0.14,4.75,8.97,97.82,4.93,5.92,329.76,6.07,1,87.55,1,0,0,0,1,0
1179,18,2.56,8.18,7.67,90.57,4.12,3.66,288.74,4.8,1,100.0,0,0,1,0,0,1
1180,17,1.57,2.46,6.59,77.53,1.68,7.22,299.11,9.34,1,60.39,1,0,0,0,1,0
1181,22,6.5,6.57,8.02,79.08,3.74,8.24,231.79,12.92,0,59.63,0,1,0,0,1,0
1182,16,6.76,5.55,7.52,85.92,2.16,8.82,260.33,14.47,0,51.79,0,1,0,0,0,1
1183,23,2.07,3.75,5.22,68.01,3.3,7.16,295.31,5.76,1,60.25,1,0,0,0,1,0
1184,18,2.61,7.55,6.65,63.55,4.85,5.61,288.67,5.56,1,78.57,1,0,0,0,0,1
1185,17,1.89,5.96,6.78,72.45,1.23,5.02,315.91,5.33,1,88.71083239353973,1,0,0,0,1,0
1186,18,7.27,5.3,6.26,91.14,3.98,9.58,236.93,13.39,0,46.6,1,0,0,0,0,1
1187,20,4.02,7.01,4.9,70.29,2.95,6.14,277.03,7.73,2,73.55,0,1,0,0,1,0
1188,23,5.25,8.22,5.12,65.23,4.75,6.78,257.6,9.32,2,81.61570432256728,1,0,0,0,0,1
1189,22,3.32,9.75,5.41,68.76,0.67,5.3,272.42,10.7,2,94.32,1,0,0,0,1,0
1190,22,5.05,6.66,4.05,87.16,3.6,8.88,271.57,15.26,0,48.99,0,1,0,0,1,0
1191,22,3.09,8.87,8.58,84.56,0.19,7.62,268.76,13.54,1,100.0,1,0,0,0,1,0
1192,23,2.72,1.01,7.43,87.53,1.23,7.41,277.59,7.65,1,48.78,0,1,0,0,0,1
1193,16,5.08,5.77,7.45,72.88,1.6,7.93,251.27,11.64,0,60.34,0,1,0,0,1,0
1194,19,4.73,2.93,6.86,96.03,2.16,10.34,265.75,13.81,1,68.74660069135095,0,1,0,0,0,1
1195,21,2.35,1.85,7.45,78.07,4.83,4.99,291.64,3.47,1,57.97,0,1,0,0,0,1
1196,24,1.19,5.79,8.91,80.55,0.34,2.75,287.09,1.2,1,93.2,0,1,0,0,0,1
1197,17,2.95,7.72,5.93,97.95,0.84,8.68,307.77,5.57,2,92.904455481107,0,1,0,0,1,0
1198,16,3.32,4.71,7.56,99.17,1.02,7.02,287.76,10.16,1,69.24,1,0,0,0,0,1
1199,17,5.03,7.03,5.8,86.46,2.12,10.89,254.73,11.27,2,88.73324417570574,0,1,0,1,0,0
1200,22,7.32,5.41,8.27,97.79,0.3,10.29,236.49,18.13,0,53.59,0,1,0,0,1,0
1201,18,0.29,4.93,8.29,81.66,4.83,5.08,320.99,2.05,1,90.27,0,1,0,0,1,0
1202,17,1.95,3.61,8.51,72.29,2.8,3.5,293.3,4.68,1,85.54,1,0,0,0,1,0
1203,22,1.55,4.44,4.03,72.6,4.07,6.82,305.34,5.39,1,59.41,0,1,0,0,0,1
1204,17,4.02,4.15,5.49,82.36,3.86,5.87,275.82,9.35,1,58.43,0,1,0,0,1,0
1205,18,3.44,6.82,4.67,84.2,3.3,4.78,289.63,6.57,1,64.43,1,0,0,1,0,0
1206,22,5.83,2.04,6.27,77.58,4.52,7.32,250.73,14.48,0,34.61,1,0,0,0,0,1
1207,19,1.94,1.83,6.48,95.35,4.51,5.73,299.94,5.44,1,59.23,1,0,0,0,1,0
1208,16,4.76,6.94,5.28,77.07,0.64,7.22,260.79,11.48,1,58.38,1,0,0,1,0,0
1209,20,7.07,5.92,7.62,70.94,4.51,12.87,230.83,17.26,0,67.54163031237745,0,1,0,0,1,0
1210,24,7.29,4.87,5.35,60.32,2.62,12.55,224.82,15.18,0,40.09,1,0,0,0,1,0
1211,23,7.67,2.37,8.27,98.82,1.34,12.69,219.92,20.55,0,30.92,0,1,0,0,1,0
1212,24,6.19,4.7,4.89,92.97,3.04,11.24,241.07,13.6,0,54.36,0,1,0,0,1,0
1213,24,7.25,8.11,5.84,84.62,1.4,12.7,230.64,18.84,2,63.48689553342393,0,1,0,1,0,0
1214,22,1.88,9.01,7.11,93.22,2.4,7.21,307.5,7.88,1,100.0,1,0,0,0,1,0
1215,19,1.58,7.32,7.03,92.41,4.08,7.22,297.25,2.98,1,100.0,0,1,0,1,0,0
1216,20,0.05,1.54,4.39,97.27,0.16,5.72,316.07,2.58,1,68.2956929762645,1,0,0,1,0,0
1217,16,5.65,7.03,8.23,75.44,0.92,8.14,249.28,13.7,0,87.6595224598915,1,0,0,0,1,0
1218,16,7.5,3.17,6.99,82.19,4.78,9.6,229.52,15.47,0,22.11,0,1,0,0,0,1
1219,18,1.5,3.84,8.35,63.95,2.23,5.72,318.98,4.85,1,71.24,1,0,0,0,0,1
1220,23,5.1,2.76,8.34,98.61,1.52,6.72,255.01,11.44,0,61.15,1,0,0,1,0,0
1221,17,5.97,7.98,6.73,99.41,4.62,8.03,253.97,12.22,0,81.11052813966327,1,0,0,0,1,0
1222,19,7.42,6.84,8.55,91.56,4.56,12.28,234.46,17.98,0,67.38,0,1,0,0,1,0
1223,17,5.17,6.51,8.24,78.16,0.22,9.42,258.58,12.55,0,70.14,1,0,0,1,0,0
1224,20,7.76,7.01,8.79,79.86,1.81,12.01,217.3,17.25,0,62.15063364626516,0,1,0,0,1,0
1225,24,2.76,3.13,8.25,77.41,4.56,8.51,292.12,6.45,1,59.24,1,0,0,0,1,0
1226,16,2.8,5.0,8.11,71.73,0.9,7.14,267.14,8.58,1,76.86,1,0,0,0,0,1
1227,20,4.34,6.7,6.35,81.11,2.89,7.49,257.71,5.44,1,74.36,0,1,0,0,1,0
1228,24,3.07,6.73,5.06,62.14,1.6,5.47,277.74,7.86,1,86.28924522753624,1,0,0,0,0,1
1229,16,0.01,8.13,8.55,99.68,3.68,2.7,317.63,1.39,1,100.0,1,0,0,1,0,0
1230,24,5.85,3.58,7.61,76.96,0.79,8.24,250.64,11.27,0,45.71,1,0,0,0,0,1
1231,23,6.01,7.93,5.41,97.09,2.98,7.18,261.79,9.83,2,84.48751588699547,0,1,0,0,0,1
1232,19,5.98,4.96,5.7,88.97,0.0,8.29,254.54,13.95,0,54.93546187649417,0,1,0,0,1,0
1233,20,2.76,7.03,7.43,71.6,1.26,7.94,288.57,7.62,1,82.79,0,0,1,1,0,0
1234,20,4.18,5.1,6.39,68.88,0.81,8.82,266.48,10.96,1,62.11,1,0,0,1,0,0
1235,21,2.88,9.54,4.41,99.83,1.05,6.99,282.19,4.14,2,90.58,1,0,0,0,1,0
1236,22,0.13,2.61,4.71,90.89,4.3,5.64,307.09,3.97,1,63.91,0,1,0,0,1,0
1237,23,4.5,7.08,7.73,69.99,4.57,6.82,244.93,12.04,1,75.33,0,1,0,1,0,0
1238,23,0.99,6.19,5.64,62.7,3.78,4.88,295.37,3.62,1,82.22,1,0,0,0,1,0
1239,17,0.64,2.55,6.54,87.88,2.95,1.8,324.03,0.07,1,64.71,1,0,0,0,0,1
1240,24,6.04,1.59,7.83,72.12,1.15,11.5,240.4,15.68,0,29.61,0,1,0,0,1,0
1241,22,0.08,8.19,7.76,68.85,1.37,3.32,313.79,1.21,1,100.0,1,0,0,0,1,0
1242,19,7.67,2.42,4.84,89.4,1.55,9.56,238.17,18.01,0,22.47,1,0,0,0,1,0
1243,19,4.12,2.68,4.49,87.17,3.89,6.32,244.14,9.38,1,48.9,0,1,0,1,0,0
1244,23,7.86,9.81,6.96,79.26,1.26,13.1,219.82,14.06,0,84.30932537333511,0,1,0,0,0,1
1245,19,0.46,7.46,7.71,97.71,4.87,2.0,303.5,-3.01,1,100.0,0,1,0,0,0,1
1246,21,4.67,3.25,4.75,87.19,3.98,10.3,266.9,10.73,1,39.67,1,0,0,0,1,0
1247,20,2.79,6.32,5.86,95.74,5.0,5.66,292.09,7.92,1,76.02,0,1,0,0,1,0
1248,18,6.75,5.81,8.35,67.62,2.3,9.01,244.73,13.65,0,50.59,0,1,0,0,1,0
1249,17,2.89,8.6,8.72,71.87,2.95,5.55,300.4,8.09,1,100.0,1,0,0,0,1,0
1250,24,2.08,7.56,6.27,64.18,1.4,5.12,300.58,4.36,1,83.57,0,1,0,0,0,1
1251,24,6.86,8.49,4.4,72.18,3.02,10.6,240.17,19.72,2,71.78858928881948,0,1,0,0,0,1
1252,16,3.0,2.9,5.29,98.87,4.87,6.93,308.33,7.59,1,61.94,0,1,0,0,1,0
1253,18,0.13,6.76,5.16,98.51,0.15,3.37,297.16,2.42,1,98.67,1,0,0,1,0,0
1254,23,3.12,1.36,5.19,90.42,1.45,6.35,304.57,5.94,1,49.03,1,0,0,0,1,0
1255,21,5.24,1.62,6.47,80.84,1.41,7.67,274.54,10.86,0,36.93,0,1,0,1,0,0
1256,20,2.03,7.42,6.92,91.23,4.91,4.95,294.16,6.51,1,94.40371487524844,1,0,0,0,1,0
1257,20,3.46,1.22,4.61,82.14,0.66,6.8,271.41,8.5,1,53.5605254495483,1,0,0,0,1,0
1258,21,0.45,6.22,8.45,60.14,4.06,4.44,308.02,-2.67,1,93.88,0,1,0,0,0,1
1259,22,4.7,8.56,7.1,80.06,1.37,6.35,260.71,11.22,1,85.52,0,1,0,0,1,0
1260,16,6.05,4.42,6.99,83.96,4.3,10.87,259.36,15.73,0,50.97,0,1,0,0,1,0
1261,24,3.31,1.4,8.94,70.63,2.44,7.71,255.61,10.28,1,44.4,0,1,0,0,1,0
1262,18,3.36,7.42,7.14,68.13,1.21,5.85,299.78,10.16,1,83.31,1,0,0,0,1,0
1263,19,0.71,9.37,8.64,70.95,3.55,4.01,311.47,3.43,1,100.0,1,0,0,0,0,1
1264,16,1.62,7.45,5.43,84.95,4.21,7.35,312.33,10.9,2,84.58,0,1,0,0,0,1
1265,18,1.24,6.21,5.2,65.84,2.35,2.34,292.82,3.5,1,77.63,0,1,0,0,1,0
1266,17,3.85,3.07,6.58,88.81,3.57,8.91,281.04,5.62,1,57.48,0,1,0,0,1,0
1267,17,4.23,1.14,6.54,76.91,0.91,7.79,273.11,10.69,1,40.54,1,0,0,1,0,0
1268,16,7.59,7.25,5.13,74.13,4.69,11.68,234.56,19.47,2,53.12422586092062,0,1,0,0,1,0
1269,23,0.59,3.08,7.5,92.29,0.48,5.01,306.0,0.63,1,68.45,1,0,0,0,0,1
1270,18,4.8,8.72,4.15,80.24,1.11,8.08,258.57,10.7,2,77.35818458772589,0,1,0,1,0,0
1271,18,4.21,5.2,7.45,75.14,1.44,6.17,257.13,11.83,1,69.12,1,0,0,0,1,0
1272,21,4.13,5.78,6.29,95.13,0.76,9.68,278.08,9.91,1,67.63,1,0,0,0,1,0
1273,23,6.99,7.79,7.45,74.73,2.03,11.69,249.55,15.85,0,68.86794196330607,0,1,0,1,0,0
1274,24,1.64,8.01,6.39,94.36,2.29,5.44,303.14,6.74,1,100.0,1,0,0,0,1,0
1275,24,0.33,6.78,8.89,80.17,2.59,3.57,289.25,-0.28,1,95.81,0,0,1,0,1,0
1276,19,5.38,9.45,5.67,68.32,0.2,8.88,269.01,12.49,2,75.07355400699501,0,1,0,0,0,1
1277,20,2.76,9.84,8.91,84.51,1.1,7.88,288.07,6.14,1,100.0,1,0,0,0,1,0
1278,17,0.14,9.52,4.32,71.41,4.04,1.2,291.78,0.27,2,86.98,0,1,0,1,0,0
1279,24,2.01,8.42,7.42,65.89,4.05,7.34,278.85,7.16,1,95.92,1,0,0,0,1,0
1280,23,2.47,7.35,6.27,63.46,1.65,3.7,279.82,7.68,1,79.35,0,1,0,0,0,1
1281,18,4.93,6.97,8.11,69.67,2.31,9.01,260.84,12.52,1,81.3012645181445,1,0,0,0,0,1
1282,24,1.38,1.93,7.95,89.46,0.92,4.05,293.23,2.96,1,71.52765816975264,1,0,0,0,0,1
1283,18,3.3,3.44,8.0,93.52,4.11,7.69,271.5,11.19,1,67.05,1,0,0,0,0,1
1284,24,3.86,1.05,4.47,94.47,4.78,5.29,282.82,9.67,1,32.96,1,0,0,1,0,0
1285,17,3.67,2.24,8.11,70.81,1.46,7.45,287.83,5.35,1,67.3,1,0,0,1,0,0
1286,24,7.79,4.95,5.07,86.44,3.91,13.07,236.01,19.9,0,28.41,0,1,0,0,1,0
1287,23,0.36,2.32,4.13,69.21,1.76,3.83,299.32,2.58,1,55.96,1,0,0,0,0,1
1288,24,7.61,9.11,5.09,84.91,0.01,9.03,238.11,15.86,2,76.51838975758899,1,0,0,0,1,0
1289,20,4.66,8.25,6.4,95.49,3.0,5.85,259.29,12.3,1,84.84,1,0,0,0,0,1
1290,17,6.37,1.64,7.71,61.64,2.05,10.48,263.19,14.39,0,27.06,1,0,0,0,1,0
1291,23,3.44,3.24,5.09,99.41,3.79,4.79,281.32,9.34,1,56.04,1,0,0,1,0,0
1292,21,3.63,8.37,4.57,93.08,3.74,4.99,288.6,10.49,2,81.61,1,0,0,0,1,0
1293,23,7.03,8.23,7.23,90.47,4.73,10.16,241.2,15.75,0,75.44389397833868,0,1,0,1,0,0
1294,20,7.17,9.51,8.92,87.65,2.19,9.22,238.29,16.26,0,94.62368883314664,0,1,0,0,1,0
1295,17,1.91,9.98,7.0,90.81,2.41,3.93,293.4,6.22,1,108.067656311251,0,1,0,1,0,0
1296,21,1.59,9.79,7.46,99.78,2.0,4.99,312.99,5.8,1,100.0,0,1,0,0,0,1
1297,20,3.97,4.69,6.81,90.81,1.48,6.37,281.67,10.92,1,62.65,1,0,0,1,0,0
1298,20,7.2,3.25,7.91,74.06,3.19,9.3,230.29,13.36,0,35.36,0,1,0,0,0,1
1299,16,2.58,7.83,8.88,84.56,4.14,6.15,284.64,5.66,1,98.1,0,1,0,1,0,0
1300,17,5.22,3.69,6.72,73.48,0.79,7.67,250.24,9.15,0,54.92,0,0,1,1,0,0
1301,23,5.67,8.26,6.08,98.8,4.91,7.07,260.14,15.41,0,91.50252958123971,0,1,0,1,0,0
1302,18,6.23,5.81,8.3,96.01,3.42,10.64,247.6,11.31,0,63.49,0,1,0,0,1,0
1303,18,4.51,8.15,8.85,82.7,3.9,8.44,268.76,13.63,1,97.68,0,1,0,0,0,1
1304,23,3.22,3.48,4.65,91.25,4.99,5.28,277.75,8.41,1,57.4,0,1,0,0,1,0
1305,23,7.74,5.57,6.89,96.39,2.52,11.65,241.7,15.68,0,43.19,1,0,0,0,1,0
1306,17,4.89,6.08,7.96,69.74,0.36,10.67,246.43,10.13,1,67.02,1,0,0,1,0,0
1307,23,5.83,9.49,6.67,83.18,3.95,11.61,257.86,14.47,0,93.90115561105384,1,0,0,0,1,0
1308,16,2.76,3.4,6.05,79.27,4.35,6.42,296.7,6.9,1,55.53,0,1,0,0,1,0
1309,21,5.36,9.43,7.28,90.86,0.81,6.85,252.51,12.26,0,89.98359083334593,1,0,0,0,1,0
1310,23,2.06,8.24,5.35,75.16,0.12,5.35,280.78,1.37,2,89.73,0,1,0,0,1,0
1311,18,1.96,7.58,5.75,88.36,0.68,3.09,300.31,4.11,2,92.5,0,1,0,0,1,0
1312,23,5.72,8.08,8.96,76.12,1.62,8.8,263.32,11.23,0,98.95894442920094,0,1,0,0,1,0
1313,16,4.17,6.45,7.18,64.44,4.62,9.72,287.68,13.67,1,68.69,0,1,0,0,1,0
1314,24,5.47,3.2,8.36,64.28,0.01,8.81,260.93,13.43,0,51.59915449938544,0,1,0,0,0,1
1315,24,2.16,2.71,8.04,64.76,4.02,5.91,287.94,5.18,1,66.1,0,1,0,0,1,0
1316,20,4.79,8.8,7.26,61.3,4.27,6.58,269.45,13.32,1,75.13,0,0,1,1,0,0
1317,19,3.55,7.53,8.2,81.32,4.06,4.63,282.41,6.77,1,90.15,0,1,0,1,0,0
1318,21,4.78,2.92,5.44,86.88,0.41,10.75,265.86,12.34,1,36.88,0,1,0,0,1,0
1319,22,2.33,6.54,7.19,65.07,3.4,5.02,283.19,6.55,1,77.8,0,1,0,0,1,0
1320,20,5.72,5.03,6.95,84.47,4.77,8.12,257.34,14.46,0,49.42,1,0,0,0,1,0
1321,24,6.45,2.43,7.11,83.91,0.6,10.31,247.3,14.85,0,43.52,0,1,0,1,0,0
1322,18,2.08,5.79,4.84,65.88,0.16,6.81,319.32,9.37,1,68.53,1,0,0,0,0,1
1323,22,2.4,3.53,5.39,76.16,4.37,4.66,292.08,5.13,1,61.07438669394042,0,0,1,0,0,1
1324,20,5.29,1.87,5.43,90.21,3.22,8.91,273.47,10.43,0,26.98,0,1,0,1,0,0
1325,22,5.56,5.2,7.01,60.67,3.23,8.22,267.19,15.64,0,50.02769025889708,0,1,0,1,0,0
1326,17,5.63,6.31,8.86,65.88,4.82,9.03,252.94,12.33,0,70.6,0,1,0,1,0,0
1327,19,5.46,1.42,8.77,99.83,3.85,7.27,266.85,13.01,0,49.81,1,0,0,1,0,0
1328,17,3.14,4.62,5.14,89.34,1.99,6.69,274.49,9.59,1,56.75,0,1,0,1,0,0
1329,22,3.16,3.32,5.52,78.57,2.18,4.4,280.16,11.11,1,47.15,0,1,0,1,0,0
1330,17,2.04,1.28,4.18,85.19,0.72,7.24,290.16,6.09,1,53.37,0,1,0,0,1,0
1331,16,1.25,2.13,5.99,93.85,1.52,5.39,303.42,5.63,1,73.88,1,0,0,1,0,0
1332,24,5.54,2.25,8.17,93.69,2.23,11.25,233.48,12.37,0,49.68,0,1,0,1,0,0
1333,16,0.75,2.65,8.58,72.99,1.31,4.75,328.99,2.54,1,71.4,0,1,0,0,1,0
1334,23,7.5,8.23,5.18,79.65,4.58,9.41,226.95,14.44,2,61.035842600418775,1,0,0,0,0,1
1335,17,6.61,4.96,5.33,85.52,0.06,10.03,248.55,16.62,0,36.46,1,0,0,0,0,1
1336,23,6.86,2.32,5.1,62.88,2.94,11.18,240.13,17.72,0,21.55,1,0,0,0,1,0
1337,18,7.25,1.9,5.75,97.83,3.86,10.12,230.28,16.67,0,23.73,0,1,0,1,0,0
1338,21,3.27,3.68,8.02,77.31,3.66,7.03,267.99,6.87,1,69.18,1,0,0,0,1,0
1339,18,6.77,8.18,7.23,74.83,3.22,8.58,229.62,13.14,0,74.68289979729227,1,0,0,1,0,0
1340,22,1.26,4.28,7.93,96.28,2.05,6.15,302.52,3.56,1,90.27,0,1,0,0,1,0
1341,24,0.17,2.44,6.92,64.73,4.59,5.72,313.21,3.83,1,59.2,1,0,0,0,1,0
1342,17,6.28,4.64,5.29,61.57,1.64,8.85,234.9,10.68,0,36.34,0,1,0,1,0,0
1343,20,0.6,6.0,5.14,87.4,3.75,5.57,305.93,2.89,1,85.84,1,0,0,0,1,0
1344,21,7.91,1.27,4.05,75.4,4.63,9.37,229.69,13.87,0,0.0,0,1,0,1,0,0
1345,19,5.4,6.65,7.9,90.58,0.64,7.63,263.97,12.93,0,83.68,1,0,0,0,1,0
1346,19,6.03,4.56,8.24,62.74,4.74,9.34,235.98,11.73,0,46.64,0,1,0,1,0,0
1347,19,1.97,1.09,7.84,75.35,3.88,4.9,287.56,9.32,1,60.66,1,0,0,0,1,0
1348,17,5.39,7.07,4.37,69.41,3.08,9.49,257.47,14.92,2,71.71733430364611,0,1,0,0,1,0
1349,19,0.35,7.41,7.81,89.58,1.87,4.16,314.17,2.43,1,100.0,0,0,1,1,0,0
1350,16,6.7,6.66,4.23,69.09,4.52,8.14,235.94,14.95,0,45.26,1,0,0,0,1,0
1351,21,1.36,4.08,4.53,78.32,0.22,3.02,312.9,4.49,1,69.27,0,1,0,1,0,0
1352,16,5.58,5.77,6.2,92.76,2.16,6.84,254.89,9.87,0,61.23,1,0,0,1,0,0
1353,21,1.8,4.48,6.38,96.62,3.78,7.56,282.17,8.96,1,88.34,0,0,1,0,1,0
1354,16,0.55,7.31,8.08,88.9,4.06,4.78,305.41,3.02,1,100.0,0,1,0,0,0,1
1355,21,3.85,6.25,7.4,77.17,1.01,9.13,257.19,8.8,1,80.59,0,1,0,0,1,0
1356,23,1.35,1.74,4.77,82.88,0.24,5.06,302.01,5.64,1,64.42,1,0,0,0,1,0
1357,17,5.84,6.79,5.13,87.59,4.01,7.81,236.64,10.42,0,61.6,0,1,0,0,1,0
1358,17,1.9,7.19,5.43,95.0,2.11,6.03,279.59,7.18,2,91.09,0,1,0,0,0,1
1359,19,2.74,4.34,4.62,95.54,0.72,6.27,266.57,7.93,1,65.87,0,1,0,1,0,0
1360,18,4.54,8.88,5.44,97.24,0.43,7.58,285.36,9.3,2,85.15,0,1,0,0,1,0
1361,19,2.28,8.59,7.64,92.43,3.2,5.14,278.99,7.9,1,100.0,0,1,0,0,1,0
1362,22,3.02,2.58,5.21,65.87,2.91,7.27,280.6,9.58,1,43.56,0,1,0,0,0,1
1363,16,6.52,9.14,8.18,89.91,4.27,10.61,242.35,14.44,0,96.81046678967616,1,0,0,0,1,0
1364,21,1.43,4.97,6.35,92.58,0.16,3.19,304.03,4.82,1,87.76,1,0,0,1,0,0
1365,18,0.66,7.51,5.61,95.11,4.34,5.74,318.29,1.2,2,91.48,0,1,0,0,0,1
1366,22,2.63,8.33,6.06,96.99,4.44,6.81,287.93,8.33,1,96.37,1,0,0,1,0,0
1367,17,3.4,5.55,7.55,80.37,2.23,7.08,274.66,5.72,1,83.19,1,0,0,0,0,1
1368,17,4.34,4.59,6.58,86.2,0.38,9.08,270.12,11.31,1,66.97108774381033,1,0,0,0,1,0
1369,19,2.98,9.24,4.04,60.38,4.73,4.75,286.33,8.22,2,86.27,0,1,0,1,0,0
1370,16,6.32,3.08,8.61,82.91,0.36,11.92,244.67,16.12,0,41.64,0,1,0,1,0,0
1371,18,0.31,3.31,4.33,78.93,2.95,2.66,322.69,4.9,1,62.32,1,0,0,1,0,0
1372,24,3.45,4.25,8.69,98.49,2.47,5.76,272.34,6.47,1,68.09,1,0,0,0,1,0
1373,22,3.06,8.74,4.14,96.07,4.18,8.13,281.27,9.47,2,90.31,1,0,0,0,0,1
1374,22,5.18,9.45,7.85,91.9,2.51,7.85,244.58,7.43,0,105.49581242929956,1,0,0,0,0,1
1375,19,7.73,2.98,6.67,62.28,2.35,12.88,224.79,17.01,0,11.54,0,1,0,0,1,0
1376,17,4.08,8.77,6.53,76.08,4.4,6.72,264.66,8.87,1,82.73,1,0,0,0,1,0
1377,19,7.9,3.32,4.36,87.84,4.82,11.65,235.75,20.81,0,34.411590637893426,0,1,0,1,0,0
1378,21,2.42,9.74,5.19,61.19,2.75,4.57,276.34,5.87,2,92.88,0,1,0,0,1,0
1379,18,0.25,6.38,7.89,69.43,2.27,4.91,312.25,4.66,1,90.98,1,0,0,0,1,0
1380,16,1.33,1.06,8.46,95.5,4.16,3.16,298.8,1.77,1,73.43,0,1,0,0,1,0
1381,23,3.16,1.31,6.65,65.19,4.16,8.66,288.79,8.4,1,47.83,0,1,0,0,1,0
1382,20,2.53,2.33,5.77,62.05,1.6,5.39,276.88,4.82,1,55.24,1,0,0,0,1,0
1383,20,0.78,2.69,4.3,83.22,2.88,4.14,310.68,1.25,1,55.47,0,1,0,1,0,0
1384,19,3.46,7.91,7.41,97.86,0.77,4.58,279.27,5.63,1,96.55,0,0,1,1,0,0
1385,21,2.7,3.0,5.39,93.38,3.18,8.58,296.84,7.11,1,61.08,0,0,1,0,0,1
1386,18,0.98,9.72,4.28,98.99,4.17,6.05,299.69,8.58,2,100.0,1,0,0,0,1,0
1387,24,2.37,6.73,7.33,90.14,0.94,5.61,278.49,6.24,1,88.51,0,1,0,1,0,0
1388,20,7.09,7.23,6.43,77.49,1.62,12.69,239.67,14.27,0,72.08775226068668,0,1,0,0,1,0
1389,18,2.42,2.96,4.06,97.86,2.24,8.08,277.01,6.62,1,57.14,0,1,0,0,1,0
1390,16,5.71,9.03,4.55,77.07,4.23,9.38,246.25,15.29,2,68.93198578330572,0,1,0,0,1,0
1391,21,4.9,7.01,7.5,74.0,3.66,7.07,258.81,9.48,1,58.04,0,1,0,0,0,1
1392,17,3.42,8.78,4.32,77.93,1.58,6.86,285.12,11.54,2,85.46,0,0,1,1,0,0
1393,18,1.91,9.61,8.33,92.56,1.22,4.53,281.66,7.19,1,100.0,0,1,0,1,0,0
1394,16,2.95,2.13,5.56,96.71,3.48,6.19,281.64,7.13,1,62.6459388433947,1,0,0,0,0,1
1395,24,4.74,1.87,4.44,74.31,2.4,10.3,263.38,10.95,1,32.67,0,1,0,0,0,1
1396,23,2.81,8.23,7.8,78.49,2.97,5.22,277.67,4.92,1,100.0,1,0,0,0,1,0
1397,17,1.72,8.8,6.62,95.93,3.24,6.91,295.78,6.42,1,100.0,1,0,0,0,0,1
1398,23,0.93,6.25,5.53,61.88,2.79,6.61,317.73,5.53,1,75.26,0,1,0,1,0,0
1399,24,7.04,4.29,6.03,91.35,3.07,12.07,230.45,19.28,0,43.56,0,1,0,0,1,0
1400,16,3.52,6.87,4.11,78.17,4.44,7.16,274.12,9.57,1,64.89,1,0,0,0,1,0
1401,20,5.0,3.75,7.31,75.06,4.34,8.82,268.86,11.21,1,55.77,1,0,0,0,1,0
1402,23,3.92,3.15,5.83,77.88,0.75,9.02,270.78,13.14,1,54.43178165902162,1,0,0,0,0,1
1403,17,6.98,5.39,7.57,76.75,2.93,8.2,249.62,16.21,0,49.68,0,1,0,0,0,1
1404,19,4.38,2.95,7.14,90.26,2.2,9.06,251.06,9.72,1,56.08,0,1,0,0,0,1
1405,22,3.85,5.35,7.26,97.12,1.43,7.49,271.07,9.35,1,69.91,1,0,0,1,0,0
1406,18,7.4,9.61,7.96,79.66,3.16,10.39,238.96,17.62,0,77.42082051510255,1,0,0,0,0,1
1407,20,5.76,8.56,7.16,93.31,2.55,10.59,243.69,14.54,0,77.12801939720653,0,1,0,0,0,1
1408,23,0.89,9.47,6.09,89.28,3.87,3.22,306.98,0.93,1,100.0,1,0,0,1,0,0
1409,18,1.42,8.26,5.95,73.23,0.47,6.9,315.59,5.93,2,100.0,0,1,0,1,0,0
1410,19,6.3,4.19,4.6,83.49,1.51,10.74,236.65,13.47,0,46.96,0,1,0,0,1,0
1411,24,6.69,8.31,7.9,86.67,0.13,10.74,244.55,15.53,0,87.52558276038593,0,1,0,0,0,1
1412,22,4.36,9.31,7.81,60.94,3.73,7.98,275.15,7.93,1,85.25,0,1,0,1,0,0
1413,16,4.44,9.52,5.23,75.84,4.56,6.5,267.49,8.13,2,82.05,1,0,0,0,1,0
1414,19,5.06,7.15,8.31,99.71,2.94,9.14,259.68,16.36,0,88.06232014887388,0,1,0,1,0,0
1415,19,3.51,2.9,6.95,85.49,3.08,8.13,267.63,8.48,1,56.65,0,1,0,0,1,0
1416,24,5.44,1.36,6.39,73.37,0.23,6.5,262.03,13.64,0,35.23,1,0,0,1,0,0
1417,21,0.87,2.32,4.09,70.0,2.52,3.7,297.02,2.9,1,46.9,1,0,0,0,1,0
1418,24,7.69,9.69,5.91,68.38,2.63,12.85,231.63,15.55,2,80.52919159668373,1,0,0,1,0,0
1419,21,6.0,5.16,7.2,76.07,0.19,10.16,242.82,11.92,0,53.88,1,0,0,0,1,0
1420,21,5.05,8.69,4.45,67.73,3.91,9.13,255.45,10.55,2,73.53934850100686,0,1,0,0,1,0
1421,20,2.53,5.19,6.3,65.41,1.39,4.67,287.63,10.42,1,67.43,1,0,0,0,1,0
1422,20,1.29,6.95,8.97,74.56,3.62,5.45,309.51,4.2,1,100.0,1,0,0,0,1,0
1423,17,3.27,1.22,7.58,84.28,2.01,8.2,296.38,9.37,1,55.98,1,0,0,1,0,0
1424,23,5.29,3.25,6.73,65.86,4.98,8.3,257.63,13.45,0,45.62,0,1,0,0,1,0
1425,23,5.07,4.93,6.67,61.77,1.06,6.98,251.96,12.1,0,50.38,0,1,0,0,0,1
1426,16,3.06,6.68,4.22,61.39,0.29,4.45,268.88,8.54,1,62.08,1,0,0,0,0,1
1427,23,4.91,2.54,8.79,70.7,4.9,8.44,272.68,10.53,1,65.23911967044475,0,1,0,0,1,0
1428,20,6.51,7.88,8.64,67.61,1.22,10.93,243.63,12.86,0,79.19753752635751,1,0,0,0,1,0
1429,17,0.21,4.28,7.41,81.57,3.18,2.02,315.16,-0.56,1,79.14063118463787,1,0,0,0,1,0
1430,17,3.6,8.36,4.5,78.23,1.87,6.71,277.39,5.69,2,75.04,1,0,0,0,0,1
1431,21,6.07,1.88,5.04,72.99,3.2,9.91,254.83,13.02,0,13.62,1,0,0,1,0,0
1432,24,4.37,7.12,4.92,93.34,2.98,6.15,263.46,2.18,2,71.36941320462881,1,0,0,1,0,0
1433,16,5.21,3.64,6.6,80.2,3.54,7.56,250.82,13.04,0,51.63439596171614,0,1,0,1,0,0
1434,21,4.13,8.16,5.04,63.66,0.09,8.17,257.34,11.42,2,67.45,1,0,0,0,0,1
1435,24,7.93,4.62,7.48,71.83,4.18,12.56,214.05,16.22,0,31.09,1,0,0,1,0,0
1436,23,0.44,6.99,6.73,98.93,2.39,4.62,311.27,0.22,1,100.0,0,1,0,0,1,0
1437,21,3.93,9.41,4.09,99.08,2.59,8.5,283.59,13.2,2,91.33,0,1,0,0,0,1
1438,18,0.73,1.19,7.72,70.19,2.06,4.64,306.16,5.35,1,52.01,0,1,0,0,1,0
1439,23,1.28,1.1,4.94,66.69,4.95,6.46,307.25,4.64,1,57.93,1,0,0,0,1,0
1440,24,3.06,7.93,8.12,79.83,4.01,8.19,294.53,7.33,1,93.81,0,1,0,1,0,0
1441,16,1.24,6.82,5.78,79.26,1.56,6.22,308.94,5.05,1,90.1,1,0,0,0,1,0
1442,24,7.71,3.64,5.69,76.41,3.92,11.59,247.22,14.48,0,20.75,0,1,0,1,0,0
1443,21,7.57,5.45,4.06,81.17,2.18,13.54,229.84,18.71,0,30.13,0,1,0,0,0,1
1444,21,2.69,1.38,8.94,69.29,4.35,3.89,286.15,3.58,1,66.15,1,0,0,0,1,0
1445,19,5.12,2.73,7.06,64.6,0.15,7.1,254.74,6.45,0,35.42,0,1,0,0,1,0
1446,16,4.27,4.82,6.11,82.82,1.78,9.31,288.68,9.43,1,61.9,1,0,0,0,1,0
1447,23,6.52,8.51,4.48,97.3,2.15,11.65,253.95,13.57,2,68.62935441236611,1,0,0,1,0,0
1448,17,5.02,5.32,7.5,65.51,3.72,10.11,245.17,16.2,0,50.03,1,0,0,0,0,1
1449,16,0.0,6.28,5.41,88.19,0.91,5.36,341.1,6.03,1,78.1,0,1,0,0,0,1
1450,17,6.11,8.86,8.94,77.52,1.43,9.22,251.66,11.54,0,90.42716069114832,1,0,0,0,1,0
1451,16,5.97,3.78,8.75,71.76,3.62,11.63,249.65,14.57,0,41.42,1,0,0,0,1,0
1452,16,4.08,7.31,7.68,94.12,0.38,6.13,276.22,7.87,1,80.16,1,0,0,0,1,0
1453,24,7.22,8.76,8.86,78.26,1.01,12.9,223.77,20.96,0,85.6362444209363,1,0,0,1,0,0
1454,16,7.27,2.82,4.53,83.33,3.77,11.05,234.73,12.79,0,24.34,1,0,0,0,1,0
1455,19,4.19,4.21,5.4,77.72,4.38,6.01,266.63,10.22,1,53.32,1,0,0,0,0,1
1456,21,4.86,9.82,5.27,63.25,3.64,9.54,258.08,14.62,2,80.30792739364614,1,0,0,0,0,1
1457,22,7.97,9.85,4.36,83.8,2.64,10.45,233.95,16.09,2,55.82318207579687,0,1,0,0,1,0
1458,17,2.39,3.01,8.86,76.75,0.5,4.49,288.68,5.88,1,62.52,0,1,0,0,0,1
1459,21,2.6,1.6,4.3,63.47,4.14,4.46,289.8,8.24,1,36.79,0,1,0,1,0,0
1460,22,1.46,3.44,8.28,83.83,0.62,2.61,305.76,1.28,1,83.59,0,1,0,0,1,0
1461,17,7.17,4.58,7.84,60.39,1.93,11.99,243.4,18.02,0,36.44,0,1,0,0,0,1
1462,17,5.96,4.97,5.88,68.34,0.25,9.39,261.16,10.54,0,49.17,0,1,0,1,0,0
1463,22,0.85,6.57,4.09,91.24,3.55,6.74,309.95,1.45,1,89.63,1,0,0,0,1,0
1464,16,7.85,9.1,4.03,61.52,2.52,11.05,222.02,19.0,2,52.71126444257314,0,1,0,0,1,0
1465,23,5.85,3.97,5.02,85.87,4.54,11.07,268.84,12.38,0,35.1,1,0,0,0,1,0
1466,18,6.8,8.65,6.47,97.99,0.69,12.64,212.6,16.88,0,77.87417087604358,0,1,0,1,0,0
1467,21,0.39,1.84,6.29,66.85,4.1,1.5,323.99,-1.02,1,62.54,0,1,0,0,1,0
1468,24,4.04,1.38,6.93,76.68,2.55,5.57,270.08,9.41,1,39.61,0,1,0,0,1,0
1469,21,5.59,5.54,7.86,83.02,1.83,8.33,258.63,9.23,0,59.86,0,1,0,0,1,0
1470,24,4.34,1.54,5.89,78.02,3.22,9.69,268.33,13.95,1,43.82,1,0,0,0,1,0
1471,22,5.33,4.53,4.8,84.82,3.95,10.52,268.85,14.88,0,48.912246009543054,1,0,0,0,1,0
1472,24,6.54,9.07,8.0,76.16,2.2,9.37,245.71,13.29,0,89.96797390666643,0,1,0,0,0,1
1473,17,2.99,3.17,5.66,65.94,1.16,4.99,269.91,3.25,1,48.01,0,1,0,0,1,0
1474,23,6.79,7.35,5.43,63.56,4.58,11.8,223.86,15.68,2,59.60184849799595,0,1,0,1,0,0
1475,23,1.3,3.72,7.82,89.78,1.56,5.28,302.25,3.87,1,97.89092164488488,1,0,0,1,0,0
1476,17,2.17,1.4,8.67,69.54,4.99,3.33,300.04,3.83,1,55.14,1,0,0,0,0,1
1477,19,0.35,6.01,8.57,93.9,3.84,5.37,328.87,5.31,1,98.7,1,0,0,1,0,0
1478,22,2.92,8.51,4.69,89.72,3.44,8.7,278.27,11.16,2,91.91,1,0,0,0,0,1
1479,19,3.04,4.69,6.52,61.98,0.06,4.25,261.41,7.54,1,55.8,1,0,0,0,0,1
1480,19,6.44,6.56,4.46,68.05,2.24,8.87,247.03,17.08,0,56.195058153358666,0,1,0,0,1,0
1481,21,5.23,9.1,8.8,71.68,2.51,10.33,257.66,7.4,0,93.23497729297634,0,1,0,0,1,0
1482,21,3.49,8.11,5.08,83.78,1.88,7.41,279.55,8.33,2,74.67,1,0,0,0,1,0
1483,18,5.22,2.74,4.99,92.39,0.75,11.17,246.35,12.71,0,37.8,1,0,0,0,1,0
1484,24,0.42,7.6,8.44,62.41,1.84,6.0,326.89,5.31,1,97.85,1,0,0,1,0,0
1485,17,1.44,5.52,8.84,69.98,0.37,3.33,294.56,3.19,1,92.22,1,0,0,0,1,0
1486,21,5.02,7.71,7.49,75.05,1.45,9.39,262.84,13.34,0,80.52882382702813,0,1,0,0,1,0
1487,22,5.13,5.45,4.61,67.34,0.42,9.4,261.2,11.43,0,47.02,1,0,0,1,0,0
1488,24,6.19,2.15,6.43,81.81,3.76,7.74,251.22,11.81,0,25.4,1,0,0,0,0,1
1489,18,3.22,6.13,8.08,79.12,3.36,4.67,273.91,8.77,1,77.74,0,1,0,0,0,1
1490,18,5.78,5.43,6.86,72.66,4.7,9.63,241.41,13.48,0,54.46479994623444,1,0,0,0,1,0
1491,22,5.47,5.66,4.66,80.68,1.9,8.48,262.89,13.06,0,50.82,1,0,0,1,0,0
1492,19,7.71,8.91,4.86,74.23,3.93,11.44,233.01,14.8,2,56.603513858340094,0,1,0,0,1,0
1493,23,1.72,9.05,8.32,73.73,2.94,3.91,302.71,5.89,1,100.0,0,1,0,0,0,1
1494,22,4.41,5.08,6.64,70.62,3.23,8.19,278.34,8.56,1,61.62,0,1,0,0,0,1
1495,20,4.81,5.1,7.53,81.62,2.74,7.73,265.7,14.51,1,55.98,1,0,0,0,0,1
1496,22,7.99,5.64,5.87,77.76,3.9,13.43,220.42,18.19,0,31.75,0,1,0,1,0,0
1497,18,1.61,5.68,6.66,67.85,0.21,4.14,305.86,3.66,1,85.5,1,0,0,0,1,0
1498,17,4.19,9.55,8.89,60.52,0.4,9.54,274.22,12.84,1,95.09,1,0,0,1,0,0
1499,21,2.77,6.84,5.65,66.04,0.48,5.72,291.52,6.91,1,66.38,0,1,0,0,0,1
1500,17,4.21,3.5,7.37,61.71,1.44,8.1,260.65,11.8,1,47.78,1,0,0,0,0,1
1501,18,1.86,5.78,4.86,77.26,2.96,4.29,287.89,4.34,1,80.44,0,0,1,1,0,0
1502,21,0.38,6.65,4.61,69.0,3.23,5.43,324.24,4.71,1,80.43,0,1,0,0,0,1
1503,20,4.58,6.76,7.92,76.82,3.56,9.8,263.56,11.62,1,78.56,0,1,0,1,0,0
1504,23,2.69,6.27,8.22,73.18,1.4,7.74,268.29,9.64,1,82.23,1,0,0,0,1,0
1505,24,1.46,2.6,7.34,81.52,3.25,5.66,288.77,7.32,1,66.6,1,0,0,1,0,0
1506,18,2.59,1.3,4.79,88.95,0.59,5.11,275.73,3.27,1,38.93,0,1,0,1,0,0
1507,18,0.39,4.04,5.2,79.17,0.05,4.57,325.99,3.59,1,73.05,0,1,0,1,0,0
1508,18,7.6,4.85,8.56,62.48,3.47,13.4,228.32,21.76,0,49.9,0,1,0,1,0,0
1509,21,4.65,1.56,5.44,60.7,3.58,8.89,264.55,12.66,1,30.66,0,0,1,0,1,0
1510,16,6.52,8.33,8.09,68.53,3.11,12.3,238.23,20.81,0,84.93536396051547,0,1,0,0,0,1
1511,22,3.38,4.1,5.43,77.0,1.29,5.9,268.85,6.16,1,53.0,1,0,0,1,0,0
1512,16,7.23,9.22,8.7,61.8,4.64,12.46,240.84,17.59,0,83.27144285271568,1,0,0,0,0,1
1513,20,3.87,2.39,8.57,73.11,4.38,8.46,280.08,11.01,1,62.02468648511225,0,1,0,0,0,1
1514,23,4.59,1.51,4.22,95.48,2.58,9.69,257.87,10.68,1,36.84,1,0,0,0,1,0
1515,19,3.93,5.34,7.85,63.6,4.95,8.48,286.86,7.66,1,67.33,0,1,0,0,1,0
1516,20,5.87,2.7,4.85,97.94,1.49,9.27,257.01,17.78,0,59.05444219165794,1,0,0,0,0,1
1517,19,4.53,9.44,5.08,94.27,2.46,8.96,257.1,13.52,2,89.96,0,1,0,1,0,0
1518,19,2.17,1.09,6.3,93.27,4.64,7.83,291.09,8.29,1,59.82,1,0,0,0,0,1
1519,23,1.16,4.71,6.88,94.55,2.31,4.25,302.4,3.96,1,88.0,1,0,0,0,1,0
1520,17,4.85,9.34,5.63,63.2,2.36,10.61,264.92,12.86,2,65.53,0,1,0,0,0,1
1521,16,3.91,4.46,6.88,66.05,0.4,5.16,258.79,9.7,1,60.87,0,1,0,1,0,0
1522,18,0.77,1.84,4.85,65.37,1.06,1.84,303.71,4.96,1,54.18,0,1,0,0,0,1
1523,24,3.16,3.73,4.11,64.45,0.79,6.63,290.02,6.64,1,53.89,0,1,0,1,0,0
1524,19,4.12,5.48,6.86,73.11,2.83,9.36,254.69,11.07,1,65.19,1,0,0,0,1,0
1525,20,6.62,2.67,6.59,93.21,1.59,8.86,238.58,13.62,0,29.1,1,0,0,1,0,0
1526,17,0.61,5.2,7.45,70.08,0.39,5.08,300.42,1.34,1,79.62,0,1,0,1,0,0
1527,19,2.79,8.53,7.25,69.77,2.55,6.52,295.65,6.22,1,84.54,1,0,0,1,0,0
1528,17,6.58,8.85,8.49,87.04,3.35,9.03,244.47,14.82,0,95.62047694022296,1,0,0,1,0,0
1529,17,5.19,1.44,6.3,63.88,3.68,7.62,243.04,11.0,0,31.63,1,0,0,0,1,0
1530,19,2.32,2.45,4.04,74.41,4.19,3.69,281.74,5.38,1,43.55,0,1,0,1,0,0
1531,21,6.76,3.48,7.15,71.82,2.41,10.44,239.02,16.81,0,39.58,0,1,0,0,0,1
1532,22,3.95,6.35,7.38,93.89,1.95,7.2,249.53,11.84,1,87.43,0,1,0,0,1,0
1533,18,3.99,4.25,6.61,80.58,3.42,6.44,261.12,14.51,1,64.09,1,0,0,0,1,0
1534,18,7.81,8.6,7.45,85.86,0.07,13.66,218.04,20.09,0,79.98482054205815,0,1,0,0,1,0
1535,21,7.58,7.45,5.62,65.16,3.17,12.67,241.89,16.47,2,47.14545578188738,0,1,0,1,0,0
1536,18,2.87,1.9,4.74,97.16,2.03,6.49,279.79,9.76,1,54.65,0,1,0,0,0,1
1537,17,1.12,6.62,7.32,72.9,2.26,4.73,313.15,3.41,1,86.2,1,0,0,0,0,1
1538,23,2.61,2.02,5.23,88.27,1.48,4.58,283.95,4.81,1,60.56,0,1,0,0,1,0
1539,20,0.24,3.3,6.28,98.19,0.64,4.49,324.57,3.85,1,77.78,0,1,0,0,0,1
1540,16,0.17,2.6,6.46,80.35,2.01,5.94,302.44,6.05,1,63.54,0,1,0,0,1,0
1541,18,3.16,2.56,6.39,80.3,1.54,8.65,274.85,7.85,1,48.0,0,1,0,0,0,1
1542,23,7.53,6.55,6.99,64.69,4.8,8.95,228.55,16.4,0,42.64,1,0,0,1,0,0
1543,19,6.97,6.07,4.15,75.61,4.72,8.24,238.14,15.49,0,37.6,0,1,0,1,0,0
1544,22,4.09,2.58,8.95,94.1,3.22,9.9,274.16,9.19,1,64.05,0,1,0,0,1,0
1545,17,4.52,9.91,7.58,65.4,4.52,6.52,267.69,7.18,1,97.70506856663135,1,0,0,0,0,1
1546,22,0.05,4.8,6.13,96.7,3.76,3.8,324.46,-0.83,1,79.14,0,1,0,0,0,1
1547,20,1.72,1.87,4.96,86.69,1.73,3.09,299.24,6.68,1,63.34,0,1,0,0,1,0
1548,20,0.2,2.09,4.4,76.84,3.02,5.42,319.34,2.08,1,44.52,1,0,0,1,0,0
1549,21,6.04,6.26,7.36,81.86,1.1,7.63,237.39,11.61,0,64.74,0,1,0,0,0,1
1550,24,1.17,9.81,5.58,66.02,3.44,5.39,289.78,5.09,2,100.0,0,1,0,0,0,1
1551,21,6.95,6.15,5.15,68.7,0.22,8.23,225.42,17.14,0,41.43,0,1,0,0,0,1
1552,23,5.15,9.54,5.9,71.46,4.16,6.93,241.33,8.86,2,87.62000317099327,1,0,0,0,1,0
1553,22,1.84,5.0,6.96,75.39,2.92,5.4,300.16,1.68,1,77.13,1,0,0,0,1,0
1554,24,1.26,4.92,7.36,96.62,0.29,2.49,314.27,6.09,1,86.27,1,0,0,0,1,0
1555,19,5.02,5.5,7.23,74.7,4.36,7.0,250.28,12.06,0,60.39,1,0,0,0,1,0
1556,17,7.21,7.28,8.32,80.95,4.39,8.89,243.57,13.11,0,72.29364247436102,0,1,0,0,1,0
1557,22,5.75,4.31,5.09,66.48,4.26,6.95,255.52,11.22,0,37.4,0,1,0,1,0,0
1558,21,2.79,8.77,7.18,89.44,3.87,8.64,280.98,6.5,1,100.0,1,0,0,1,0,0
1559,16,4.7,1.26,4.51,82.41,3.39,7.95,260.11,12.3,1,37.78900129136842,1,0,0,1,0,0
1560,24,2.49,4.96,6.74,77.6,1.98,7.78,301.27,9.67,1,79.89916324211427,0,1,0,1,0,0
1561,24,7.99,5.6,6.92,97.89,0.68,10.78,200.88,18.71,0,46.63,1,0,0,1,0,0
1562,17,5.99,6.46,5.08,95.63,1.44,7.2,259.23,12.92,0,56.8,0,1,0,0,1,0
1563,18,4.92,3.48,5.96,86.38,1.74,9.4,269.92,12.84,1,53.33,0,1,0,0,0,1
1564,20,3.39,4.85,8.14,96.87,1.79,4.58,273.43,5.89,1,81.07,0,1,0,0,1,0
1565,20,4.95,5.36,4.74,82.59,2.83,8.71,259.67,10.89,1,53.9,0,1,0,0,1,0
1566,16,2.73,7.18,6.17,93.08,1.04,4.43,303.51,6.32,1,81.0,1,0,0,0,0,1
1567,23,0.23,7.96,8.66,76.38,0.95,4.58,304.14,2.08,1,106.65674997783668,1,0,0,0,0,1
1568,23,3.16,7.64,6.52,63.47,3.58,8.62,280.26,9.05,1,83.05,0,1,0,0,1,0
1569,19,7.44,4.07,7.63,99.77,0.04,13.22,237.19,14.53,0,47.12,0,1,0,0,1,0
1570,22,5.01,10.0,8.13,66.63,0.75,8.65,261.98,13.6,0,107.57247642001266,1,0,0,0,1,0
1571,18,0.67,8.64,5.02,70.06,2.17,4.33,312.48,1.03,2,95.32,0,1,0,1,0,0
1572,21,7.08,3.34,5.09,66.52,0.75,8.27,253.21,10.54,0,22.44,1,0,0,1,0,0
1573,24,2.15,2.76,7.79,73.5,4.8,7.0,283.12,5.29,1,60.91,0,1,0,1,0,0
1574,16,1.95,3.83,7.77,71.57,3.35,7.73,285.97,6.36,1,72.34,1,0,0,1,0,0
1575,20,2.38,5.07,4.3,84.04,2.16,5.57,266.31,10.39,1,66.87,0,1,0,0,0,1
1576,19,4.62,8.66,5.61,99.86,0.56,9.59,253.77,10.75,2,89.33,0,1,0,0,1,0
1577,23,4.36,8.01,5.99,62.1,1.93,9.35,261.03,11.63,2,77.33,0,1,0,1,0,0
1578,16,3.93,8.66,8.15,91.14,3.25,8.86,276.04,10.97,1,89.42,0,1,0,0,1,0
1579,24,5.74,3.45,6.11,65.12,4.84,10.53,260.72,10.85,0,41.79,0,1,0,0,1,0
1580,21,2.53,6.34,8.63,60.79,2.36,4.61,280.0,5.89,1,81.27,1,0,0,1,0,0
1581,19,6.26,3.55,8.98,85.54,3.46,11.02,243.45,14.37,0,55.3004521266118,0,1,0,1,0,0
1582,24,1.4,1.98,7.9,94.93,0.98,3.12,317.16,3.83,1,81.30026281306888,0,1,0,0,0,1
1583,20,6.26,7.16,7.33,67.05,3.12,10.82,243.01,15.65,0,79.19022842984805,1,0,0,1,0,0
1584,20,5.31,2.29,5.96,73.66,1.2,6.33,261.47,12.83,0,38.13108894622554,1,0,0,0,0,1
1585,20,5.47,7.01,4.34,66.75,0.99,11.06,265.57,12.02,2,63.0507052766736,0,0,1,0,1,0
1586,16,3.85,6.83,6.87,96.26,2.55,8.99,264.5,11.24,1,74.12,1,0,0,0,0,1
1587,16,5.34,8.29,5.81,70.81,1.06,9.75,244.59,11.43,2,86.4830740427617,0,1,0,1,0,0
1588,23,0.64,2.26,5.75,77.79,3.61,2.11,328.53,0.19,1,53.33,1,0,0,0,0,1
1589,23,6.81,8.05,7.44,95.79,4.69,11.93,244.07,19.69,0,82.1621616942156,1,0,0,1,0,0
1590,21,0.44,9.99,6.32,82.11,1.97,5.82,301.45,-0.06,1,100.0,1,0,0,0,0,1
1591,19,1.19,8.66,7.76,97.31,1.61,5.63,295.15,3.57,1,100.0,0,1,0,0,0,1
1592,17,4.61,7.77,5.99,97.06,0.88,10.49,262.68,12.6,2,69.9,0,1,0,0,1,0
1593,17,5.92,6.96,4.75,78.46,1.95,7.38,262.9,11.37,0,48.49,0,1,0,0,1,0
1594,24,0.61,4.8,6.31,83.3,2.8,5.15,322.5,3.79,1,77.7,1,0,0,0,1,0
1595,20,7.37,7.57,8.76,69.21,1.86,10.99,242.23,13.86,0,70.04654466186726,1,0,0,0,0,1
1596,19,7.79,7.52,8.01,99.62,3.12,9.52,222.16,12.75,0,82.05433389969585,1,0,0,1,0,0
1597,16,4.85,6.68,5.03,71.13,3.31,9.14,261.72,10.1,1,56.24,0,1,0,1,0,0
1598,22,3.85,8.17,5.96,91.33,0.49,8.85,265.82,10.5,2,83.76,1,0,0,0,1,0
1599,18,5.93,5.04,8.64,72.52,3.49,7.75,244.68,12.43,0,51.67,1,0,0,0,0,1
1600,21,2.63,2.09,4.62,72.52,4.5,7.6,277.21,9.02,1,41.86,0,1,0,0,0,1
1601,20,3.95,6.03,5.27,64.15,0.13,5.41,263.88,5.78,1,59.46,1,0,0,0,0,1
1602,20,7.33,3.39,5.31,82.4,2.76,11.29,224.78,15.49,0,26.76,0,1,0,0,0,1
1603,20,7.65,4.46,6.85,69.79,3.02,12.64,226.75,17.65,0,23.65,1,0,0,0,1,0
1604,16,7.42,1.16,6.05,65.94,3.55,9.15,235.17,13.77,0,10.77,1,0,0,1,0,0
1605,16,2.1,4.45,4.4,69.07,1.93,5.96,311.46,6.41,1,53.38,1,0,0,1,0,0
1606,18,1.86,8.28,7.15,70.04,4.09,4.98,294.02,4.72,1,92.39,1,0,0,0,1,0
1607,19,2.38,5.88,4.5,80.16,2.7,6.42,297.32,7.75,1,76.14,1,0,0,1,0,0
1608,20,3.53,1.09,7.03,75.44,2.04,6.65,275.85,9.2,1,47.68,1,0,0,0,1,0
1609,17,2.51,5.23,6.54,63.02,3.6,4.76,299.51,2.44,1,71.25,0,1,0,0,1,0
1610,23,2.99,3.62,6.47,81.44,4.64,5.26,271.57,10.06,1,60.59,1,0,0,1,0,0
1611,17,4.97,5.3,4.34,91.51,4.06,10.29,255.0,8.26,1,51.55,0,1,0,0,0,1
1612,24,6.1,4.64,7.2,82.97,4.65,7.88,253.43,9.99,0,58.84,0,1,0,0,1,0
1613,17,5.88,9.39,6.16,98.98,1.33,7.5,255.26,12.42,0,95.6972858670614,1,0,0,0,0,1
1614,24,6.52,1.37,6.06,63.97,0.59,8.01,247.76,14.38,0,13.86,1,0,0,1,0,0
1615,22,0.26,7.15,6.98,92.85,2.67,1.63,330.97,0.64,1,93.44,0,1,0,1,0,0
1616,23,0.38,8.66,7.03,80.23,0.22,1.45,298.1,0.21,1,100.0,0,1,0,0,1,0
1617,17,6.32,9.63,4.08,80.86,3.37,8.12,231.62,13.38,2,77.85108379376705,0,1,0,1,0,0
1618,22,4.26,2.6,4.63,80.76,1.2,6.22,274.49,10.55,1,45.93,0,1,0,1,0,0
1619,21,4.63,5.78,5.18,73.01,2.27,6.98,272.57,8.14,1,57.74,0,1,0,0,0,1
1620,19,0.42,1.39,7.39,72.98,3.28,2.04,321.51,-0.58,1,53.25,1,0,0,0,0,1
1621,22,2.04,5.49,6.88,85.27,2.42,3.51,322.61,3.08,1,89.52,0,1,0,0,1,0
1622,19,5.11,2.13,7.79,61.79,1.18,8.82,249.52,14.72,0,34.27,0,1,0,0,1,0
1623,17,6.87,8.54,7.7,83.55,4.4,11.46,241.25,16.78,0,70.0364874940722,0,1,0,0,0,1
1624,22,7.34,2.02,8.27,88.98,3.82,11.49,231.21,17.9,0,31.7,0,0,1,1,0,0
1625,23,4.0,5.62,5.88,74.25,3.01,7.78,278.21,13.07,1,65.84,0,1,0,1,0,0
1626,17,4.36,5.69,5.73,68.69,3.49,7.56,271.44,11.89,1,54.96,0,1,0,0,0,1
1627,20,6.66,9.74,8.16,68.54,2.08,10.83,234.9,15.72,0,90.78323443472377,0,1,0,1,0,0
1628,16,4.3,6.89,5.19,63.27,1.88,9.81,272.28,14.47,1,60.78,1,0,0,1,0,0
1629,22,4.13,3.59,6.31,63.59,0.8,8.27,271.27,8.39,1,69.54978723104247,1,0,0,0,0,1
1630,23,7.24,3.17,4.97,66.67,4.02,8.54,234.4,14.6,0,21.61,0,1,0,0,1,0
1631,21,6.32,2.15,8.57,60.77,1.91,10.17,255.5,16.88,0,28.21,0,1,0,0,1,0
1632,20,7.27,7.81,6.04,70.65,3.46,10.89,257.57,11.96,0,56.44821179014262,0,1,0,0,1,0
1633,21,1.75,7.22,5.06,72.26,1.5,5.01,279.86,3.54,2,88.07,1,0,0,0,1,0
1634,17,4.2,6.49,7.46,99.81,3.98,8.04,282.49,11.9,1,77.45,1,0,0,0,1,0
1635,16,6.74,1.37,5.22,99.67,0.53,11.1,245.54,15.87,0,23.62,0,1,0,1,0,0
1636,22,0.89,7.87,8.72,67.48,3.13,2.08,301.9,3.4,1,100.0,0,1,0,0,1,0
1637,22,6.36,6.78,5.84,68.52,4.04,9.76,240.05,10.59,0,55.72,0,1,0,0,1,0
1638,17,1.46,9.67,7.32,79.68,3.3,6.55,311.3,3.78,1,100.0,0,1,0,1,0,0
1639,17,6.46,6.28,5.73,65.95,3.48,10.11,242.99,16.04,0,57.47,1,0,0,1,0,0
1640,16,4.9,3.74,8.04,80.16,2.63,6.24,260.71,8.67,1,53.16,0,1,0,1,0,0
1641,23,1.55,4.43,8.48,75.98,2.8,6.43,294.53,7.19,1,84.35,0,1,0,0,1,0
1642,23,3.79,2.58,7.94,72.98,0.33,9.5,266.93,11.01,1,52.86,0,1,0,0,0,1
1643,16,5.46,7.51,8.24,92.9,1.25,10.72,244.82,11.21,0,85.62030008898354,1,0,0,0,0,1
1644,23,5.07,7.37,4.51,93.12,3.61,7.88,254.06,12.24,2,75.1809678456687,1,0,0,0,0,1
1645,24,3.42,2.81,8.62,99.52,4.73,7.09,277.67,10.17,1,66.27,0,1,0,0,0,1
1646,19,7.19,2.43,7.12,68.92,2.71,11.15,237.26,17.08,0,21.89,0,1,0,0,0,1
1647,16,4.15,1.69,8.35,95.53,3.63,8.73,261.97,11.66,1,62.5421175763498,0,1,0,1,0,0
1648,16,4.05,9.21,7.42,81.51,3.42,8.38,278.96,6.81,1,99.27415635073766,1,0,0,0,1,0
1649,18,0.5,3.1,5.01,83.66,5.0,2.5,304.92,6.51,1,64.65,0,1,0,0,1,0
1650,20,7.38,4.1,7.05,95.85,3.98,12.6,239.13,23.01,0,36.68,1,0,0,0,0,1
1651,20,1.42,3.52,4.45,97.71,3.14,6.67,294.3,8.32,1,74.93,1,0,0,0,0,1
1652,24,4.23,4.72,7.48,89.07,0.58,7.25,289.41,10.2,1,71.19,1,0,0,0,1,0
1653,17,6.43,7.43,6.05,73.91,1.81,8.08,249.32,12.88,0,71.16960557712898,0,1,0,1,0,0
1654,17,1.72,8.84,4.76,79.59,1.25,5.76,307.77,4.69,2,94.15,1,0,0,0,0,1
1655,21,4.22,2.64,8.9,84.6,4.27,7.01,267.64,11.4,1,59.7,1,0,0,0,0,1
1656,24,1.93,7.18,8.51,93.15,2.23,6.64,302.91,8.35,1,100.0,0,1,0,0,0,1
1657,16,6.08,4.17,8.47,86.32,2.68,8.66,234.52,12.15,0,54.95,0,1,0,1,0,0
1658,24,4.51,9.82,7.94,74.62,4.82,6.82,256.12,10.13,1,87.22,0,1,0,1,0,0
1659,24,6.85,3.69,7.46,76.72,4.18,12.19,234.73,18.88,0,39.66,0,1,0,0,1,0
1660,24,7.16,1.06,7.28,62.02,3.95,11.24,249.26,16.15,0,17.39,0,1,0,0,1,0
1661,20,5.19,5.64,4.53,96.97,0.71,6.62,267.79,11.32,0,64.62,1,0,0,0,1,0
1662,24,5.8,2.36,8.5,63.52,0.11,10.25,228.03,16.58,0,44.17283956154585,0,1,0,1,0,0
1663,19,4.39,1.4,8.41,83.2,0.63,9.15,257.46,13.59,1,42.68,1,0,0,0,0,1
1664,17,3.08,7.28,7.74,94.87,3.7,5.26,282.17,8.86,1,97.21,0,1,0,1,0,0
1665,21,5.18,7.59,8.64,76.83,2.05,11.02,270.4,11.14,0,80.55556820012251,0,0,1,1,0,0
1666,19,7.27,5.15,6.77,92.01,0.59,10.13,235.2,13.86,0,63.15608330204601,0,1,0,0,0,1
1667,21,3.33,7.09,6.24,92.15,3.7,9.03,254.67,8.04,1,88.91,1,0,0,0,1,0
1668,18,2.52,5.84,8.84,62.39,0.97,4.99,278.03,5.23,1,84.02,0,1,0,0,1,0
1669,21,3.11,6.67,6.32,76.49,2.95,7.16,289.88,8.68,1,69.69,0,1,0,0,1,0
1670,17,3.48,6.37,7.21,87.64,3.71,7.07,280.28,8.57,1,79.57,1,0,0,1,0,0
1671,17,0.59,6.99,5.87,76.89,3.04,6.55,314.27,3.84,1,87.32,0,1,0,0,1,0
1672,24,3.99,2.8,7.18,81.81,4.97,7.03,283.24,8.98,1,55.57,1,0,0,0,0,1
1673,22,3.95,3.42,7.6,83.78,2.17,5.85,269.14,7.1,1,63.12,1,0,0,0,1,0
1674,18,4.71,4.96,7.12,66.05,1.56,9.88,270.47,11.08,1,53.86,0,1,0,0,1,0
1675,16,2.9,5.02,6.57,76.48,1.01,4.11,301.62,11.27,1,74.77,1,0,0,0,1,0
1676,23,4.9,7.97,5.5,61.14,2.52,10.32,263.44,13.91,2,69.07,1,0,0,0,0,1
1677,21,7.03,4.31,7.22,65.99,4.26,8.58,226.7,14.88,0,39.81,0,1,0,0,1,0
1678,22,7.64,2.46,8.54,80.49,4.73,11.5,224.05,14.21,0,29.72,1,0,0,0,0,1
1679,24,4.67,3.26,4.03,82.94,4.86,9.24,254.93,9.64,1,42.32,1,0,0,0,0,1
1680,20,0.34,2.93,4.67,65.85,2.66,3.02,293.51,1.94,1,44.9,0,1,0,1,0,0
1681,16,7.75,7.58,4.6,90.22,3.03,12.97,219.09,20.83,2,61.227763024349386,0,1,0,1,0,0
1682,22,5.65,5.23,8.62,74.92,2.91,9.62,258.56,13.74,0,76.29965047058526,1,0,0,0,0,1
1683,20,2.69,7.38,7.31,96.83,2.33,5.67,287.81,7.3,1,97.65,0,1,0,1,0,0
1684,18,1.18,4.75,8.76,75.51,0.76,3.81,319.43,5.9,1,91.95,0,1,0,0,1,0
1685,24,1.15,9.01,6.91,65.99,0.33,2.71,307.64,1.14,1,100.0,0,1,0,0,0,1
1686,16,1.34,9.85,6.31,90.32,2.18,5.54,312.76,7.59,1,105.63776964367035,1,0,0,0,0,1
1687,16,0.36,7.03,7.96,82.71,0.93,3.18,298.08,1.36,1,97.4,0,1,0,0,1,0
1688,16,7.22,8.77,4.8,75.47,4.43,9.82,228.97,18.06,2,67.46459232741266,0,1,0,1,0,0
1689,18,4.33,5.57,5.91,74.24,3.81,10.08,265.35,14.88,1,63.6,1,0,0,0,1,0
1690,21,5.6,9.41,6.33,66.03,3.09,7.96,244.55,10.57,0,88.30906279905216,0,1,0,0,1,0
1691,18,6.62,8.48,5.49,73.63,0.24,12.0,255.82,15.93,2,78.63854946044593,1,0,0,0,1,0
1692,23,6.33,9.93,5.86,61.17,3.11,12.2,224.74,17.17,2,74.59773495795709,0,0,1,1,0,0
1693,17,7.06,6.61,4.39,80.1,3.11,12.17,234.14,16.1,0,40.48,1,0,0,0,1,0
1694,24,7.74,8.01,4.99,95.87,2.2,8.84,238.45,15.51,2,52.24867624978114,1,0,0,0,1,0
1695,18,3.51,5.89,5.68,91.81,3.29,8.85,285.51,8.89,1,67.81,0,1,0,1,0,0
1696,20,7.6,3.33,7.98,61.14,4.29,9.67,225.0,12.51,0,26.14,1,0,0,0,1,0
1697,23,5.79,4.19,4.91,95.25,3.79,8.56,241.52,15.08,0,45.24,0,1,0,1,0,0
1698,17,0.57,9.05,5.73,78.09,2.37,6.53,324.07,2.1,2,109.45276539185954,0,1,0,1,0,0
1699,21,5.45,1.5,4.32,67.64,1.31,8.47,249.39,7.83,0,25.53,0,1,0,0,0,1
1700,20,5.49,6.32,6.79,90.1,2.39,9.76,245.81,15.21,0,59.74,0,1,0,0,0,1
1701,24,7.25,4.35,7.06,72.91,4.73,9.8,243.0,16.74,0,37.72,1,0,0,1,0,0
1702,20,2.98,4.48,8.33,70.13,4.1,5.83,287.31,4.75,1,66.03,0,1,0,0,0,1
1703,17,4.68,8.96,8.1,66.45,0.14,8.67,260.32,13.53,1,88.57853207065945,1,0,0,0,1,0
1704,20,0.1,8.68,5.43,79.46,3.91,5.84,322.05,4.4,2,99.2,1,0,0,1,0,0
1705,19,2.66,6.39,4.68,63.74,0.85,5.07,292.53,6.53,1,68.01,1,0,0,0,1,0
1706,22,0.5,3.46,4.78,91.42,2.86,2.74,313.46,1.42,1,69.07,0,1,0,0,1,0
1707,21,4.17,5.28,8.84,78.83,4.03,5.3,271.5,8.66,1,76.56,1,0,0,1,0,0
1708,17,6.54,4.67,7.37,77.88,2.81,8.55,219.89,14.5,0,45.0,0,1,0,0,1,0
1709,20,1.65,4.18,4.21,60.07,2.02,3.96,299.14,2.88,1,66.17,0,1,0,1,0,0
1710,22,4.22,1.93,4.68,92.71,1.61,5.53,262.96,11.33,1,43.107453045540765,0,0,1,0,0,1
1711,22,1.63,5.89,6.43,79.71,1.53,5.45,292.45,6.28,1,80.53,0,1,0,1,0,0
1712,20,0.97,3.72,5.04,77.6,4.19,2.6,301.51,2.48,1,65.84,0,1,0,0,1,0
1713,24,4.09,6.95,8.02,90.46,4.13,7.65,265.95,13.45,1,85.45,1,0,0,0,0,1
1714,19,0.63,3.87,6.87,62.52,4.12,2.57,309.47,1.63,1,64.41,0,1,0,0,1,0
1715,18,4.7,4.88,7.06,74.67,1.41,10.38,265.26,15.34,1,62.99627092908436,1,0,0,0,1,0
1716,19,0.25,1.47,6.31,83.03,3.99,2.79,309.66,2.36,1,60.62,0,1,0,0,1,0
1717,20,0.85,9.93,5.28,78.42,0.18,2.31,314.98,3.95,2,100.0,0,1,0,0,1,0
1718,21,4.4,5.57,6.95,67.27,1.03,9.58,274.56,10.66,1,57.75,0,1,0,1,0,0
1719,18,4.73,1.22,7.58,71.97,2.57,7.74,270.5,7.23,1,35.44,0,1,0,0,0,1
1720,17,0.23,5.87,5.85,72.01,2.03,5.33,326.59,3.97,1,75.45,0,1,0,0,0,1
1721,19,4.59,8.83,6.52,99.68,0.56,7.15,259.24,8.08,1,83.98685647617982,1,0,0,0,0,1
1722,20,6.71,7.95,8.2,73.05,0.21,10.21,236.77,13.94,0,83.50962321592839,1,0,0,1,0,0
1723,19,5.78,7.31,4.74,68.21,3.06,9.01,253.11,13.33,2,70.42910439965196,1,0,0,0,0,1
1724,18,1.05,2.26,6.73,92.91,1.57,4.84,303.15,2.71,1,76.99,0,1,0,1,0,0
1725,23,4.74,6.92,5.74,76.85,0.08,7.75,251.54,10.92,1,65.37,1,0,0,0,1,0
1726,19,5.38,7.9,7.51,77.75,2.15,8.86,250.42,12.9,0,81.41349935088861,1,0,0,0,0,1
1727,17,0.3,6.15,4.09,81.96,1.53,4.7,332.75,-0.15,1,73.15,1,0,0,0,1,0
1728,17,6.84,9.03,7.35,83.83,2.88,9.91,230.49,15.76,0,81.45614710643608,0,1,0,0,0,1
1729,16,7.25,3.49,4.51,83.62,4.65,11.67,225.06,15.47,0,22.43,1,0,0,0,1,0
1730,19,6.8,3.18,4.32,61.38,1.54,11.37,232.93,13.75,0,11.57,1,0,0,1,0,0
1731,24,6.6,8.83,7.62,92.75,4.99,11.34,246.37,11.57,0,88.38932573583665,0,1,0,0,1,0
1732,22,5.96,6.63,7.2,67.79,0.43,9.31,251.96,10.49,0,56.94,1,0,0,0,0,1
1733,22,5.07,1.01,8.47,71.69,0.44,6.09,266.22,10.7,0,42.98,0,1,0,0,0,1
1734,22,5.43,4.18,6.6,66.94,3.56,10.2,280.17,13.33,0,48.94,1,0,0,0,1,0
1735,23,6.45,8.72,6.65,90.68,3.74,12.0,250.81,16.71,0,83.78949463816865,1,0,0,0,1,0
1736,16,5.3,1.25,7.54,83.35,2.11,9.56,265.4,16.16,0,49.24108836510077,1,0,0,0,1,0
1737,23,2.62,1.03,5.62,90.21,1.43,6.24,317.16,9.76,1,41.76,0,1,0,0,0,1
1738,19,3.01,3.53,4.18,86.14,3.97,6.81,288.78,9.91,1,46.98,0,1,0,0,0,1
1739,19,7.18,9.23,5.15,64.17,4.78,11.38,229.92,18.83,2,68.78802040000384,1,0,0,0,0,1
1740,19,0.14,9.11,5.19,72.06,4.95,6.13,315.29,3.64,2,97.44,0,1,0,0,0,1
1741,21,5.59,5.67,5.68,80.29,3.17,6.9,263.49,12.16,0,53.69,0,1,0,0,0,1
1742,22,7.64,5.98,8.72,72.2,3.7,8.75,215.8,18.91,0,56.96,1,0,0,0,0,1
1743,21,5.65,3.99,8.02,68.29,4.11,11.47,232.73,14.64,0,53.08,1,0,0,0,1,0
1744,16,7.95,3.19,8.68,94.79,3.99,11.15,216.39,17.98,0,42.64,0,1,0,0,0,1
1745,23,5.5,8.34,8.99,89.91,4.97,9.56,262.2,15.36,0,97.52475354238749,0,1,0,0,1,0
1746,22,0.27,1.96,6.17,73.81,4.05,5.04,322.69,2.37,1,59.97,0,1,0,0,0,1
1747,21,6.62,5.39,5.14,90.6,3.31,11.33,238.96,15.33,0,40.8,1,0,0,1,0,0
1748,21,2.28,6.71,6.8,85.1,1.88,6.52,303.33,3.96,1,82.45,1,0,0,0,0,1
1749,20,3.57,1.93,8.41,60.15,2.99,6.93,283.24,7.89,1,57.21631705903332,1,0,0,0,1,0
1750,21,2.5,5.68,6.33,75.21,4.4,6.38,293.44,6.28,1,69.61,1,0,0,0,1,0
1751,24,2.15,6.2,6.53,71.62,1.53,6.8,294.03,6.08,1,74.54,1,0,0,0,1,0
1752,24,3.45,7.68,4.67,68.72,0.15,8.7,287.56,11.15,2,74.71,1,0,0,0,0,1
1753,23,3.03,3.11,6.1,70.06,1.64,4.67,291.19,4.86,1,49.71,0,1,0,0,0,1
1754,24,5.07,3.64,5.93,97.69,4.8,7.46,256.43,14.31,0,63.78889739066764,1,0,0,0,1,0
1755,23,6.51,6.13,5.76,79.45,3.97,9.5,250.01,10.39,0,49.36,0,1,0,1,0,0
1756,23,2.38,9.85,8.44,93.91,0.94,6.71,284.9,8.12,1,100.0,1,0,0,0,1,0
1757,16,1.71,2.96,4.3,68.57,0.06,4.69,301.83,6.54,1,57.32,1,0,0,0,0,1
1758,20,5.34,9.87,8.86,66.98,3.35,7.53,259.92,13.16,0,103.11043626611378,0,1,0,0,0,1
1759,19,5.36,7.43,4.04,95.55,2.9,6.53,252.33,13.5,2,78.06807296965033,1,0,0,0,0,1
1760,17,7.21,8.43,8.73,79.83,0.41,12.42,234.82,16.6,0,71.67959050988486,0,1,0,1,0,0
1761,23,0.13,1.81,6.74,95.81,4.83,3.22,324.52,4.31,1,52.86,1,0,0,0,1,0
1762,18,6.82,3.7,7.51,62.52,3.09,9.47,227.34,13.58,0,28.31,0,1,0,0,1,0
1763,19,4.17,1.52,4.94,96.66,3.26,7.82,271.8,8.95,1,38.57,1,0,0,1,0,0
1764,22,4.97,4.34,7.27,76.62,4.27,6.58,282.51,14.88,1,58.4,0,1,0,0,1,0
1765,24,0.73,9.83,8.41,66.21,1.69,3.72,302.98,3.31,1,100.0,0,1,0,1,0,0
1766,17,3.46,1.95,4.7,87.34,2.79,8.22,288.78,11.2,1,40.86,0,1,0,0,1,0
1767,18,1.82,6.06,4.64,91.88,2.88,6.5,297.2,6.97,1,79.3,0,1,0,0,1,0
1768,19,2.03,1.05,5.52,61.89,4.84,6.89,307.47,7.94,1,42.85,0,1,0,0,0,1
1769,16,4.03,7.41,4.81,99.49,0.66,7.37,264.41,5.72,2,78.47,1,0,0,0,1,0
1770,22,6.5,2.77,4.55,87.88,3.79,9.34,242.06,15.17,0,29.32,0,1,0,0,1,0
1771,17,5.95,2.17,7.39,72.86,2.88,11.11,270.71,14.51,0,34.13,0,1,0,1,0,0
1772,20,4.73,4.03,5.07,66.05,4.23,6.6,261.51,12.34,1,33.8,0,1,0,0,1,0
1773,16,4.32,7.94,7.34,75.7,4.16,8.95,274.49,9.36,1,82.74,1,0,0,0,0,1
1774,18,3.42,1.96,8.31,68.82,0.06,8.86,284.91,11.95,1,52.76,1,0,0,0,1,0
1775,17,7.78,3.07,7.26,79.77,1.28,10.21,206.35,14.36,0,20.05,1,0,0,0,1,0
1776,16,4.48,1.08,4.6,91.28,0.9,6.47,270.7,9.05,1,45.7428897944129,1,0,0,0,1,0
1777,22,2.03,9.72,6.87,86.41,2.31,5.59,283.26,2.68,1,100.0,0,1,0,0,1,0
1778,20,1.84,6.33,5.97,77.44,4.53,3.92,304.25,2.56,1,87.89,0,1,0,0,1,0
1779,16,4.89,7.48,5.72,64.76,0.03,10.24,262.5,12.47,2,63.53,0,1,0,1,0,0
1780,21,4.18,6.86,5.59,98.29,2.44,6.4,258.69,12.21,1,77.02,1,0,0,0,0,1
1781,20,0.06,2.3,8.65,70.81,4.42,2.63,307.38,1.47,1,65.12,0,0,1,1,0,0
1782,18,6.64,6.35,7.71,71.11,4.63,12.08,239.59,13.43,0,49.13,1,0,0,0,1,0
1783,22,5.63,2.18,4.67,85.82,3.29,7.66,277.25,8.05,0,30.29,0,1,0,0,1,0
1784,24,5.29,4.61,6.38,90.82,4.15,10.71,272.75,14.64,0,48.58,0,1,0,0,0,1
1785,24,0.55,6.12,5.59,99.37,1.62,2.6,317.0,0.81,1,87.41,0,1,0,1,0,0
1786,24,2.9,6.03,8.89,98.77,1.43,8.46,290.35,7.53,1,91.23,1,0,0,0,1,0
1787,17,7.48,2.07,8.89,96.55,0.25,10.07,236.26,18.41,0,31.94,0,1,0,0,1,0
1788,18,6.9,1.31,5.6,77.41,2.52,9.13,231.86,14.65,0,26.94,1,0,0,0,1,0
1789,22,2.28,8.18,5.76,66.67,2.28,5.67,285.71,5.66,2,82.24,0,1,0,0,1,0
1790,20,1.26,7.53,7.0,83.38,1.86,4.11,313.39,4.27,1,100.0,1,0,0,1,0,0
1791,17,3.59,1.74,6.4,60.69,0.57,5.6,270.9,11.15,1,48.675062655223,1,0,0,0,1,0
1792,18,2.85,2.15,5.07,67.85,1.15,5.54,300.21,7.55,1,48.61,1,0,0,0,1,0
1793,21,5.46,9.03,7.3,60.1,1.02,10.03,240.95,8.89,0,85.69649071631166,1,0,0,0,0,1
1794,22,7.73,7.92,5.67,67.22,4.72,12.89,218.22,16.4,2,50.870184080058834,1,0,0,0,1,0
1795,24,2.9,9.97,7.27,78.99,4.83,8.0,299.36,7.78,1,100.0,1,0,0,1,0,0
1796,16,0.5,3.29,5.92,75.73,0.02,5.28,311.13,5.12,1,57.92,1,0,0,1,0,0
1797,22,7.18,5.39,7.5,74.77,0.85,8.21,232.61,12.39,0,42.05,1,0,0,0,1,0
1798,23,0.3,3.13,7.34,93.24,4.44,3.43,322.85,2.46,1,73.23,0,0,1,0,0,1
1799,18,7.62,6.61,6.54,87.0,0.19,9.46,240.15,16.0,0,47.49,1,0,0,0,0,1
1800,19,5.32,2.04,7.52,97.46,4.72,6.69,262.26,13.36,0,45.28,1,0,0,0,1,0
1801,21,7.53,2.15,6.3,77.81,1.9,12.21,232.51,15.41,0,17.99,1,0,0,0,0,1
1802,22,1.6,1.65,4.58,70.89,2.69,6.57,308.81,6.02,1,51.07,0,1,0,0,0,1
1803,19,0.33,7.24,4.91,64.91,3.82,5.4,320.13,6.26,2,78.77,0,1,0,0,0,1
1804,23,3.91,5.45,5.23,86.88,1.22,9.36,283.93,12.34,1,66.4,1,0,0,1,0,0
1805,20,3.6,6.56,4.32,93.67,0.5,7.55,305.37,10.37,1,76.29625139027983,1,0,0,0,1,0
1806,16,2.65,8.91,7.56,67.35,4.05,8.64,293.25,7.67,1,95.03531646867798,1,0,0,0,0,1
1807,19,7.66,7.66,5.84,95.15,4.92,11.08,219.48,17.33,2,56.234026868010105,0,1,0,1,0,0
1808,18,6.58,5.16,4.47,81.05,3.29,12.0,251.43,15.64,0,37.34,1,0,0,0,1,0
1809,24,5.29,9.86,8.1,65.76,4.13,6.85,255.06,13.07,0,108.51152807657232,1,0,0,1,0,0
1810,23,1.3,5.11,7.42,85.71,4.71,3.04,307.77,4.52,1,87.95,0,1,0,0,1,0
1811,16,5.87,2.01,6.26,80.8,1.14,9.82,253.23,12.46,0,30.59,1,0,0,1,0,0
1812,21,5.82,9.93,5.24,61.13,1.75,7.44,244.34,15.94,2,84.82341203973043,1,0,0,1,0,0
1813,24,3.4,1.21,4.76,75.97,1.1,4.78,275.49,9.9,1,30.5,0,1,0,0,0,1
1814,22,7.4,5.95,6.29,91.39,0.31,9.38,208.12,14.06,0,39.48,1,0,0,0,1,0
1815,19,1.34,3.78,8.43,82.22,3.66,6.28,302.91,4.46,1,78.03,1,0,0,0,1,0
1816,16,2.14,5.53,4.94,71.28,0.73,7.78,299.93,6.78,1,62.82,0,1,0,0,1,0
1817,17,0.51,6.03,6.84,97.15,0.46,3.18,314.03,3.99,1,100.0,0,1,0,0,0,1
1818,20,6.36,3.16,8.81,69.51,1.79,12.23,239.08,14.04,0,52.58,0,0,1,0,1,0
1819,20,4.97,6.01,7.19,70.11,0.3,10.02,264.13,11.13,1,73.25,0,1,0,0,0,1
1820,23,2.52,7.8,6.2,74.19,0.9,4.65,280.33,7.86,1,79.78,0,1,0,0,1,0
1821,21,1.31,3.4,7.58,95.78,0.35,5.24,293.7,5.7,1,90.23,0,1,0,0,1,0
1822,23,0.32,4.45,8.12,80.31,4.39,6.23,321.42,-0.3,1,79.35,1,0,0,0,1,0
1823,17,1.33,3.41,6.95,87.29,3.9,6.57,309.85,6.6,1,84.6,1,0,0,0,0,1
1824,18,3.63,8.39,8.36,99.05,4.3,6.45,281.55,5.72,1,100.0,1,0,0,1,0,0
1825,21,1.98,7.52,6.57,91.33,4.34,4.51,293.23,3.96,1,93.26,0,1,0,0,1,0
1826,18,2.07,8.84,8.15,66.9,4.72,7.17,306.1,5.96,1,100.0,1,0,0,0,1,0
1827,21,7.0,2.53,8.76,91.53,0.93,10.75,224.76,14.94,0,48.71,0,1,0,1,0,0
1828,21,4.12,1.66,6.51,89.93,4.5,5.94,267.59,7.85,1,40.95,0,1,0,0,1,0
1829,17,5.83,2.07,7.03,69.3,2.63,8.47,257.52,10.9,0,41.75484289923571,0,1,0,1,0,0
1830,22,0.29,2.45,7.05,73.01,0.83,4.6,325.12,3.76,1,60.16314502573839,0,1,0,0,0,1
1831,17,2.92,5.8,7.91,88.41,3.28,4.69,277.24,3.5,1,81.01,1,0,0,0,1,0
1832,21,3.83,9.74,8.11,69.54,1.64,8.32,295.47,8.84,1,94.81,1,0,0,0,0,1
1833,16,1.49,4.22,4.14,68.33,0.23,6.04,300.81,6.84,1,61.7,0,1,0,1,0,0
1834,18,0.96,9.63,7.67,88.14,0.39,3.31,309.36,3.89,1,107.33704124212557,1,0,0,1,0,0
1835,17,6.96,1.34,7.92,95.22,2.12,9.95,246.26,12.65,0,24.88,1,0,0,0,0,1
1836,22,7.52,9.34,7.5,63.0,4.13,13.2,245.28,14.02,0,76.34027309102665,1,0,0,0,0,1
1837,19,0.63,2.63,7.57,77.84,1.56,5.38,313.06,1.46,1,72.19,0,1,0,0,1,0
1838,23,2.79,9.21,4.21,84.29,3.83,7.73,298.25,3.69,2,81.49,1,0,0,0,1,0
1839,21,7.67,1.51,6.21,87.05,0.28,11.25,223.4,17.31,0,13.11,0,1,0,0,1,0
1840,19,0.67,9.53,8.09,99.85,1.97,2.74,328.64,1.46,1,100.0,1,0,0,1,0,0
1841,20,5.15,2.81,8.67,87.31,0.64,9.11,258.59,11.51,0,61.08,0,1,0,0,1,0
1842,24,7.78,3.72,5.15,84.81,4.32,12.64,229.78,19.01,0,22.8,1,0,0,0,1,0
1843,22,7.83,5.42,6.9,99.59,4.84,8.85,222.57,17.92,0,50.46,0,1,0,0,0,1
1844,24,3.77,4.43,8.02,62.43,1.63,5.34,276.92,8.8,1,70.53,0,1,0,0,0,1
1845,22,1.3,7.01,7.76,62.98,4.94,4.67,297.1,3.84,1,91.99,1,0,0,0,1,0
1846,16,1.62,9.77,7.09,82.43,3.76,4.81,299.94,3.43,1,100.0,1,0,0,0,1,0
1847,23,7.12,6.46,4.09,74.35,0.01,13.03,234.73,16.49,0,37.31,1,0,0,0,0,1
1848,19,7.29,7.49,7.62,63.87,2.43,8.75,221.96,15.72,0,54.31366214021246,1,0,0,1,0,0
1849,18,4.86,1.79,7.87,72.26,4.17,7.48,255.97,12.88,1,42.49,0,1,0,0,0,1
1850,22,6.13,6.65,7.61,86.97,2.67,11.21,225.44,12.02,0,64.85,1,0,0,0,1,0
1851,18,5.92,5.08,7.83,95.22,2.75,9.98,236.55,11.61,0,56.92,0,1,0,0,0,1
1852,23,5.29,8.97,6.15,63.77,2.24,9.1,256.38,12.47,0,80.92515263719457,0,1,0,0,0,1
1853,21,6.62,4.49,8.97,81.61,1.98,11.33,250.15,11.37,0,52.1,1,0,0,0,1,0
1854,20,5.48,7.12,7.85,71.84,0.14,6.68,250.67,12.13,0,81.5054271615651,1,0,0,0,1,0
1855,19,4.27,3.05,6.89,86.69,3.11,10.01,268.45,13.52,1,59.42,1,0,0,1,0,0
1856,23,1.9,3.33,8.67,81.98,3.83,3.86,308.82,9.5,1,84.22,1,0,0,0,0,1
1857,23,5.95,4.39,8.54,97.07,3.95,7.36,256.93,12.77,0,60.16,1,0,0,0,1,0
1858,16,3.79,3.74,8.07,61.51,3.12,6.48,282.71,10.64,1,55.68,0,1,0,0,1,0
1859,24,2.36,3.28,6.82,78.8,1.71,6.87,292.87,7.02,1,75.78845954815377,0,1,0,1,0,0
1860,20,6.42,1.45,6.64,67.71,0.11,8.58,238.06,17.16,0,22.54,1,0,0,0,0,1
1861,19,5.57,8.53,5.64,81.47,4.48,6.82,257.12,10.92,2,80.81076823101347,0,1,0,1,0,0
1862,21,7.5,1.58,5.25,94.14,2.15,8.79,242.83,16.3,0,18.49,0,1,0,0,0,1
1863,21,1.32,8.99,6.56,96.45,3.01,3.6,322.23,4.99,1,100.0,0,1,0,0,1,0
1864,17,5.19,2.13,6.89,75.93,0.97,6.87,281.78,12.0,0,37.12,1,0,0,1,0,0
1865,23,1.95,1.59,5.22,92.47,0.71,4.81,311.9,3.79,1,55.03,0,1,0,0,1,0
1866,22,7.23,6.07,8.61,71.22,0.43,9.1,233.68,12.65,0,49.4,1,0,0,0,1,0
1867,16,0.8,5.52,6.79,60.25,3.99,3.52,298.38,5.0,1,78.82,1,0,0,0,1,0
1868,20,5.25,5.42,6.63,94.21,3.23,8.47,263.02,12.61,0,68.63,0,1,0,0,1,0
1869,21,6.33,6.17,6.18,64.78,3.11,11.04,255.01,15.17,0,57.78,1,0,0,1,0,0
1870,19,2.84,3.58,4.29,60.7,4.6,4.98,260.39,8.53,1,44.8,1,0,0,0,0,1
1871,17,7.63,6.97,8.41,74.15,0.79,11.01,213.65,18.64,0,54.14,1,0,0,0,1,0
1872,19,6.81,5.52,5.58,75.18,0.85,11.89,233.71,16.88,0,47.759651317438845,1,0,0,0,0,1
1873,16,2.36,4.01,7.21,63.09,0.95,8.29,283.99,8.96,1,67.27,0,1,0,0,0,1
1874,22,0.06,8.44,7.04,92.57,2.12,3.85,303.19,0.96,1,107.08084410107716,1,0,0,1,0,0
1875,17,2.37,7.55,6.92,76.22,4.37,5.53,295.36,7.39,1,86.6,0,1,0,1,0,0
1876,17,2.25,4.54,6.63,79.6,4.41,6.41,305.41,3.44,1,72.35,1,0,0,0,1,0
1877,24,7.12,8.63,4.91,70.59,2.95,10.55,232.68,15.99,2,64.14594686982988,1,0,0,1,0,0
1878,20,7.74,9.28,5.4,80.46,3.29,9.56,210.52,17.88,2,69.49489892713028,1,0,0,0,1,0
1879,17,0.56,5.83,6.62,90.67,4.49,3.86,315.34,1.33,1,92.78,0,1,0,0,1,0
1880,24,3.77,2.93,7.95,96.25,3.12,9.67,263.66,10.77,1,63.33,0,1,0,0,1,0
1881,24,4.39,9.24,6.16,98.82,1.15,8.59,257.23,11.48,1,97.3,0,1,0,0,1,0
1882,16,0.74,2.71,5.02,77.07,3.52,3.16,320.72,0.91,1,66.37,0,1,0,1,0,0
1883,18,3.02,1.44,4.44,99.6,3.85,8.76,295.76,11.17,1,48.44,0,1,0,0,0,1
1884,19,2.54,3.95,7.32,71.8,3.18,5.48,286.63,7.19,1,64.97,1,0,0,0,0,1
1885,22,4.29,7.54,6.12,60.28,1.37,7.24,275.83,6.7,1,77.94,0,1,0,1,0,0
1886,19,5.29,9.31,4.63,90.7,2.0,9.37,245.78,12.8,2,75.58371762972082,0,0,1,0,1,0
1887,17,5.63,6.74,7.37,67.14,2.35,9.47,257.73,16.09,0,62.36536559524971,0,1,0,0,1,0
1888,22,1.09,9.57,5.04,62.1,0.73,3.54,303.08,3.4,2,100.0,1,0,0,0,0,1
1889,21,6.5,1.83,6.55,96.96,2.26,9.84,228.74,13.37,0,45.5,1,0,0,1,0,0
1890,18,5.43,1.55,5.53,91.67,0.81,8.09,245.77,11.1,0,37.03,1,0,0,1,0,0
1891,21,7.11,6.44,8.66,64.11,2.5,11.8,238.78,16.24,0,55.52,1,0,0,0,1,0
1892,21,3.59,9.7,5.14,91.08,0.25,5.2,262.11,5.56,2,97.6056807496753,0,1,0,1,0,0
1893,20,7.15,5.52,6.1,93.76,4.74,11.9,231.38,19.48,0,50.19,1,0,0,1,0,0
1894,19,6.93,1.46,8.8,96.21,1.23,8.74,247.52,16.61,0,42.13,0,1,0,0,1,0
1895,16,3.51,2.99,5.59,81.75,2.34,6.04,272.95,10.44,1,55.42,0,1,0,0,0,1
1896,21,3.05,3.2,7.22,88.14,0.16,5.72,267.99,4.43,1,64.18,1,0,0,0,1,0
1897,17,7.46,4.04,5.58,90.49,0.96,13.41,227.71,18.15,0,38.12,1,0,0,0,0,1
1898,18,5.72,1.39,4.55,87.55,3.47,9.67,258.14,15.57,0,26.97,1,0,0,1,0,0
1899,23,7.43,9.14,7.14,85.87,0.56,12.32,217.86,15.41,0,85.03219261676732,0,1,0,1,0,0
1900,21,6.38,5.64,8.58,81.9,3.14,10.16,255.31,14.51,0,65.35,0,1,0,0,0,1
1901,18,4.87,7.04,6.26,79.17,0.01,10.79,269.19,10.5,1,64.87,0,1,0,1,0,0
1902,22,0.93,1.6,7.13,99.85,2.33,2.82,312.34,4.47,1,66.17,0,1,0,0,1,0
1903,19,2.33,1.49,7.04,73.5,3.61,6.35,297.81,6.24,1,61.78630486274652,0,1,0,0,1,0
1904,24,7.75,6.28,6.08,63.53,4.63,12.74,228.27,17.81,0,31.91,0,1,0,0,1,0
1905,20,2.56,8.99,7.07,90.6,2.46,6.7,292.62,4.93,1,95.76,0,1,0,1,0,0
1906,18,0.75,5.76,5.3,68.55,4.2,6.23,311.71,7.34,1,71.9,1,0,0,1,0,0
1907,17,5.66,8.9,5.89,81.31,4.01,9.66,260.91,13.42,2,90.19507071507132,0,1,0,0,0,1
1908,17,5.87,8.3,6.21,63.83,1.48,11.0,262.49,15.89,0,69.60090515382194,1,0,0,1,0,0
1909,18,2.28,1.68,8.32,84.77,4.37,4.16,284.43,6.27,1,62.56,0,1,0,1,0,0
1910,17,2.38,2.82,5.74,97.76,3.2,4.69,284.42,4.1,1,63.41,1,0,0,0,0,1
1911,19,3.75,6.92,7.18,88.91,0.52,6.97,271.09,5.83,1,95.48440846348372,1,0,0,0,0,1
1912,17,0.17,4.99,5.07,68.58,4.7,5.43,311.87,2.59,1,73.16,0,1,0,1,0,0
1913,24,6.31,3.62,5.26,98.85,0.88,9.44,255.62,16.4,0,41.05,1,0,0,0,1,0
1914,17,2.54,4.77,7.24,72.28,2.35,6.68,274.52,3.21,1,70.48,0,1,0,0,1,0
1915,24,6.83,5.01,7.81,77.46,2.33,9.81,243.47,19.05,0,54.31,1,0,0,0,1,0
1916,21,6.42,9.19,6.31,79.92,3.13,11.45,256.83,17.02,0,78.94627919249139,0,1,0,1,0,0
1917,16,5.29,1.93,5.68,99.63,3.32,7.29,250.73,11.96,0,46.66,0,0,1,1,0,0
1918,19,2.6,3.52,8.55,62.76,1.16,6.57,303.52,6.95,1,62.91,0,1,0,0,1,0
1919,16,4.13,5.84,4.68,87.87,1.76,8.02,282.01,11.92,1,61.92,0,1,0,1,0,0
1920,21,3.56,7.28,7.6,74.48,0.72,6.58,273.79,6.19,1,86.53,1,0,0,0,0,1
1921,19,2.71,6.68,7.45,63.13,0.63,7.24,295.67,8.57,1,91.72,0,1,0,0,0,1
1922,18,6.79,9.47,7.45,97.4,4.13,7.93,230.25,14.77,0,77.38173713291891,1,0,0,1,0,0
1923,18,3.87,8.16,8.68,83.59,3.75,9.08,262.54,13.94,1,97.86,0,1,0,0,0,1
1924,24,6.66,6.01,7.64,90.14,2.21,9.4,235.44,13.96,0,61.65,1,0,0,0,0,1
1925,21,0.84,2.93,5.51,69.62,0.48,5.81,323.42,4.25,1,56.7,0,1,0,0,1,0
1926,24,1.13,5.06,5.77,90.46,2.25,3.66,301.86,3.39,1,84.97,1,0,0,0,1,0
1927,20,7.82,7.24,5.96,93.14,1.47,9.76,226.58,15.58,2,56.22092494588872,1,0,0,0,0,1
1928,17,4.7,8.54,4.15,77.23,3.89,7.65,253.56,13.83,2,66.67,0,1,0,0,1,0
1929,23,4.08,9.64,8.57,82.88,0.48,9.07,279.71,8.71,1,100.0,0,1,0,1,0,0
1930,20,4.19,6.45,4.37,98.87,2.26,8.71,278.03,7.6,1,63.65,0,1,0,0,0,1
1931,17,1.72,5.74,7.5,93.87,2.96,4.73,292.32,5.43,1,93.84,0,0,1,0,0,1
1932,19,5.75,1.16,7.65,77.79,4.93,11.44,227.83,12.9,0,30.0,0,1,0,1,0,0
1933,24,0.68,1.65,8.22,86.58,0.45,3.72,308.22,3.39,1,65.37,0,1,0,1,0,0
1934,19,4.59,2.4,6.77,91.37,0.57,7.34,269.35,11.82,1,54.6,0,1,0,0,1,0
1935,19,4.57,1.49,7.63,60.97,4.94,6.29,265.03,10.29,1,32.39,0,1,0,0,0,1
1936,17,7.31,4.61,5.51,83.53,2.03,8.66,233.08,15.34,0,35.06,1,0,0,1,0,0
1937,21,4.21,4.03,7.73,99.38,3.72,6.96,272.98,5.67,1,70.03,1,0,0,0,1,0
1938,17,1.1,6.74,5.72,97.89,3.92,2.56,301.69,4.05,1,96.67,1,0,0,0,1,0
1939,22,4.58,5.82,8.51,93.3,1.57,7.89,252.49,11.21,1,74.39,1,0,0,0,0,1
1940,18,0.73,6.36,4.82,64.25,1.07,6.03,318.63,7.86,1,77.29,1,0,0,0,0,1
1941,18,1.63,5.25,5.58,99.76,1.38,5.01,291.59,7.22,1,79.44,0,1,0,0,1,0
1942,20,0.25,3.5,6.49,84.38,3.82,3.65,304.98,-0.76,1,69.59,0,1,0,0,0,1
1943,18,4.11,9.58,7.88,68.92,4.2,6.38,275.68,11.48,1,100.0,1,0,0,0,0,1
1944,17,0.68,1.78,7.74,86.97,3.5,2.51,300.78,-0.32,1,69.81,1,0,0,0,0,1
1945,24,3.76,9.45,5.05,94.26,2.21,5.87,266.7,10.24,2,90.61,1,0,0,1,0,0
1946,17,7.46,3.8,4.72,64.49,1.31,11.3,246.29,19.75,0,27.84336164038511,0,1,0,1,0,0
1947,17,5.76,5.61,5.52,96.66,2.13,9.72,266.77,17.23,0,53.06,0,1,0,0,0,1
1948,23,0.62,1.98,6.42,96.81,4.57,2.72,324.47,1.5,1,67.03,0,1,0,0,0,1
1949,24,1.79,1.64,6.7,60.54,4.32,4.78,306.11,6.49,1,58.041504175721336,1,0,0,1,0,0
1950,22,5.39,4.87,6.15,96.01,1.62,9.23,266.88,14.72,0,59.93208418900365,1,0,0,0,0,1
1951,18,7.16,7.68,7.32,97.87,1.64,11.96,253.71,17.66,0,77.58786029563846,1,0,0,1,0,0
1952,24,0.26,3.42,6.14,61.51,3.9,2.86,327.82,-1.52,1,60.26,0,1,0,0,0,1
1953,18,6.5,6.06,8.73,71.77,2.13,8.86,244.51,14.49,0,60.37,1,0,0,0,0,1
1954,20,4.49,3.51,5.3,74.92,2.86,9.14,274.85,12.44,1,47.79,0,1,0,0,1,0
1955,24,4.37,4.5,7.14,73.96,2.11,7.94,262.91,10.52,1,58.11,0,1,0,1,0,0
1956,18,7.66,9.16,7.06,90.36,1.21,12.94,229.54,16.24,0,65.46028943410288,1,0,0,0,0,1
1957,22,5.98,8.7,5.41,74.32,0.94,8.04,250.15,12.59,2,72.45435308555344,0,1,0,1,0,0
1958,16,6.8,5.64,6.06,98.26,0.7,11.65,237.02,17.83,0,46.69,0,1,0,0,0,1
1959,19,2.83,3.14,5.83,99.8,0.06,4.64,282.89,7.35,1,64.43,1,0,0,0,1,0
1960,19,4.43,2.74,4.86,72.67,1.4,8.35,279.72,11.75,1,35.38,1,0,0,0,0,1
1961,22,4.92,9.59,6.39,80.35,0.86,7.34,251.43,10.55,1,82.87,0,1,0,0,1,0
1962,23,2.57,2.82,5.93,82.31,1.29,4.08,290.64,6.75,1,61.29,1,0,0,0,1,0
1963,16,4.56,8.27,4.89,83.18,0.38,8.64,252.39,6.95,2,70.76,0,1,0,0,1,0
1964,20,1.89,4.32,6.25,74.97,1.71,5.42,277.24,5.46,1,74.23,1,0,0,0,1,0
1965,22,1.15,9.87,6.11,66.64,2.6,4.58,318.15,3.25,1,100.0,1,0,0,0,1,0
1966,19,2.99,4.31,4.66,62.18,4.72,6.95,296.98,8.01,1,50.46,1,0,0,1,0,0
1967,19,5.91,4.16,4.66,64.25,1.74,8.77,244.23,10.9,0,28.32,1,0,0,1,0,0
1968,19,7.33,6.74,7.24,96.05,0.16,11.68,232.55,17.58,0,55.92,0,1,0,0,1,0
1969,21,3.66,9.65,7.53,71.22,1.81,5.31,273.19,11.99,1,97.92,0,1,0,0,0,1
1970,22,5.14,9.79,8.71,63.07,4.09,9.71,255.44,12.73,0,96.53902745401682,0,1,0,0,0,1
1971,17,0.82,7.36,4.44,84.94,1.7,4.72,305.28,3.68,2,82.34,0,1,0,0,1,0
1972,20,7.24,7.79,4.59,63.01,1.46,10.67,237.72,21.21,2,62.1333438051394,1,0,0,0,1,0
1973,19,4.55,6.07,4.26,62.8,4.59,6.19,261.59,8.02,1,54.17,0,1,0,0,1,0
1974,18,6.24,7.8,6.66,84.86,1.49,8.63,249.27,14.66,0,83.88754265210088,0,1,0,1,0,0
1975,22,6.36,8.74,7.11,83.66,4.85,8.84,260.36,17.12,0,84.2020665122245,0,1,0,1,0,0
1976,21,2.05,5.37,6.02,61.66,4.16,4.22,299.3,4.4,1,74.14,0,0,1,0,0,1
1977,22,4.23,6.58,7.99,78.42,3.42,10.0,270.49,13.05,1,93.3394839001055,0,1,0,1,0,0
1978,20,7.68,5.84,7.43,77.43,2.99,13.26,222.13,18.48,0,42.4,1,0,0,0,0,1
1979,21,0.72,6.06,8.93,81.87,1.12,4.45,311.22,1.16,1,109.69165574415564,0,1,0,0,1,0
1980,20,5.46,9.01,4.69,89.51,3.65,7.49,237.78,11.61,2,101.67817668635332,0,1,0,1,0,0
1981,22,7.7,4.2,4.29,71.31,1.74,13.26,243.0,18.12,0,10.67,1,0,0,0,1,0
1982,17,2.4,2.87,5.37,77.31,2.43,7.15,281.62,5.9,1,58.76,1,0,0,1,0,0
1983,20,6.89,5.11,4.1,91.71,0.52,8.08,218.13,11.16,0,34.58,1,0,0,0,0,1
1984,21,7.47,2.87,8.66,96.9,1.48,10.92,229.31,15.84,0,46.72,1,0,0,0,0,1
1985,21,5.98,5.49,5.52,95.65,2.65,10.0,251.78,10.98,0,50.46,0,1,0,0,0,1
1986,20,1.85,9.13,6.76,79.11,2.34,3.18,311.05,5.45,1,100.0,0,1,0,1,0,0
1987,22,2.67,6.56,5.59,80.83,1.72,3.92,290.41,7.06,1,68.45,1,0,0,0,1,0
1988,23,0.29,8.7,5.23,81.16,2.36,3.61,325.77,-0.31,2,100.0,0,1,0,0,1,0
1989,22,6.65,2.5,4.76,94.75,3.72,7.66,249.5,13.97,0,28.53,1,0,0,1,0,0
1990,20,6.8,9.11,5.6,93.6,2.3,8.03,246.72,11.53,2,81.46045914101558,1,0,0,1,0,0
1991,16,5.06,6.42,7.08,72.46,2.53,6.89,247.94,10.31,0,62.23,0,1,0,1,0,0
1992,20,2.82,1.29,8.86,66.51,3.51,8.37,291.27,7.08,1,54.73,1,0,0,0,0,1
1993,17,0.61,6.7,6.79,75.16,4.21,5.44,298.83,4.6,1,96.55,0,1,0,0,0,1
1994,20,6.02,9.56,6.66,71.54,2.63,9.27,267.7,10.43,0,83.08344385654743,0,1,0,0,0,1
1995,20,5.81,1.71,4.18,98.03,4.74,9.21,257.26,15.29,0,30.53,0,1,0,0,1,0
1996,17,7.3,6.24,8.2,70.64,1.77,11.73,226.15,19.27,0,55.48,1,0,0,1,0,0
1997,20,5.84,9.24,4.22,67.25,1.26,9.21,253.68,13.08,2,62.502702364344735,0,1,0,1,0,0
1998,19,6.63,1.09,8.53,95.98,3.47,7.95,230.33,11.23,0,39.53287210820626,1,0,0,1,0,0
1999,16,5.97,6.68,6.69,63.46,0.88,10.66,232.81,10.1,0,62.39,1,0,0,0,0,1
2000,18,5.05,5.27,4.84,70.41,4.5,6.34,268.17,12.94,0,39.17,1,0,0,0,0,1
2001,16,3.42,4.12,6.26,77.56,1.93,6.85,269.15,12.52,1,65.97,1,0,0,1,0,0
2002,20,7.22,6.65,8.97,83.8,3.49,12.53,231.55,17.18,0,59.18,0,1,0,1,0,0
2003,19,5.21,1.47,5.53,73.11,2.85,6.8,259.54,8.89,0,39.37,0,1,0,1,0,0
2004,22,3.19,7.78,5.35,79.85,0.27,7.72,279.9,6.45,2,82.82,0,1,0,0,0,1
2005,20,0.67,1.04,4.59,67.95,3.55,1.9,301.68,4.32,1,39.89,1,0,0,1,0,0
2006,19,2.33,3.76,6.99,82.97,3.95,8.3,292.65,7.98,1,73.2,0,0,1,0,1,0
2007,17,4.35,5.54,4.45,76.31,4.91,8.76,269.28,8.97,1,62.95,1,0,0,0,0,1
2008,19,2.21,4.39,7.83,93.97,2.08,8.05,302.19,11.94,1,82.3,1,0,0,0,1,0
2009,17,1.77,3.77,8.6,76.63,2.51,6.11,323.21,7.8,1,78.07,1,0,0,1,0,0
2010,23,4.22,8.48,8.66,77.75,4.37,6.43,249.6,10.64,1,98.7,0,1,0,0,0,1
2011,18,1.36,9.41,4.54,83.69,1.35,6.99,295.69,4.42,2,96.91,1,0,0,0,1,0
2012,24,6.4,8.86,6.79,64.93,0.95,10.53,245.43,17.34,0,86.42399769997512,1,0,0,0,0,1
2013,19,3.87,5.7,4.49,66.27,0.66,7.75,283.67,11.44,1,44.77,0,1,0,0,1,0
2014,21,4.59,8.96,6.86,91.61,4.89,7.74,268.38,10.54,1,89.6,0,0,1,0,1,0
2015,20,1.18,9.29,8.07,70.94,1.35,3.6,317.07,5.75,1,100.0,0,1,0,0,1,0
2016,16,2.6,4.68,6.69,87.39,3.79,6.25,274.0,9.12,1,65.81,1,0,0,0,0,1
2017,24,3.28,3.55,8.36,63.9,2.25,6.11,277.46,8.52,1,73.77786670872725,1,0,0,0,1,0
2018,16,6.47,1.88,8.01,92.87,1.2,11.74,256.98,13.28,0,27.53,1,0,0,0,1,0
2019,23,6.16,5.31,5.38,99.53,4.57,7.3,237.48,10.85,0,59.58,0,1,0,0,1,0
2020,24,1.78,9.52,7.15,74.95,2.32,5.43,269.65,2.22,1,100.0,1,0,0,0,1,0
2021,24,4.93,6.05,4.04,80.22,2.83,10.11,252.67,15.1,1,59.9,1,0,0,0,1,0
2022,16,1.95,7.01,5.98,77.71,1.11,3.09,300.97,1.55,2,84.95,0,1,0,0,0,1
2023,17,7.91,2.02,5.19,95.77,1.62,10.32,224.37,17.09,0,7.35,1,0,0,0,0,1
2024,16,7.62,2.29,8.69,60.4,3.74,8.88,215.71,12.69,0,22.29,1,0,0,1,0,0
2025,17,4.51,5.18,6.03,86.14,1.72,8.49,258.66,14.38,1,64.71,1,0,0,0,1,0
2026,23,5.59,9.56,7.27,86.09,2.53,8.17,239.61,10.14,0,93.83904298116155,0,1,0,1,0,0
2027,20,6.41,4.25,7.66,75.3,0.57,12.21,230.95,16.37,0,47.57,1,0,0,0,1,0
2028,22,5.77,8.9,7.87,68.77,4.25,9.85,241.97,10.44,0,87.20164816111901,1,0,0,0,1,0
2029,17,5.6,2.08,7.68,69.59,3.69,9.41,253.85,14.85,0,45.04,0,1,0,0,1,0
2030,23,7.67,6.55,5.45,92.02,3.8,13.26,204.08,20.3,0,46.54,0,1,0,0,1,0
2031,21,4.77,6.41,7.43,62.64,0.89,6.89,276.42,10.64,1,71.97,0,0,1,0,0,1
2032,23,5.09,8.74,6.75,82.55,2.48,8.9,257.88,11.95,0,94.50081149330975,1,0,0,1,0,0
2033,16,6.79,1.03,6.99,72.27,0.14,10.5,227.45,17.06,0,19.97,1,0,0,1,0,0
2034,16,5.36,2.71,4.0,70.61,1.58,6.77,245.94,10.21,0,34.36,0,1,0,1,0,0
2035,22,5.86,2.98,5.29,80.23,1.74,11.52,243.33,16.73,0,39.21,0,1,0,1,0,0
2036,23,1.87,9.55,8.65,95.91,4.57,6.37,297.62,6.58,1,100.0,0,1,0,0,0,1
2037,18,2.97,2.38,5.45,84.72,4.96,8.41,285.87,5.51,1,54.83,0,1,0,0,0,1
2038,20,1.18,1.33,6.19,91.54,3.09,7.09,303.9,9.01,1,64.0,1,0,0,1,0,0
2039,16,4.05,5.81,4.93,84.03,2.58,7.45,263.85,10.17,1,66.23,1,0,0,1,0,0
2040,22,3.65,5.76,4.69,87.91,2.2,8.67,276.09,9.13,1,75.16,1,0,0,0,1,0
2041,20,7.98,8.6,5.04,77.3,0.09,11.87,203.5,18.24,2,55.95912097344082,0,1,0,0,0,1
2042,23,4.89,9.54,6.77,97.04,4.0,10.78,249.17,11.29,1,93.08,1,0,0,0,0,1
2043,23,6.29,5.85,8.6,80.08,3.36,8.53,237.76,13.39,0,62.13,0,1,0,0,0,1
2044,24,2.67,9.37,5.63,82.07,3.25,3.74,274.54,7.45,2,98.58,0,1,0,1,0,0
2045,22,6.65,7.53,5.62,81.0,4.05,8.58,238.01,15.64,2,67.55127893882569,1,0,0,0,0,1
2046,16,4.92,3.38,6.82,72.65,4.64,6.56,247.58,11.9,1,44.7,1,0,0,1,0,0
2047,18,5.58,9.36,5.78,69.25,1.95,8.76,270.17,11.55,2,81.30417171616416,1,0,0,1,0,0
2048,23,2.36,7.01,8.55,62.95,2.13,3.75,277.1,3.69,1,90.27,0,1,0,0,1,0
2049,18,4.39,4.73,5.89,88.73,4.88,6.49,282.43,10.61,1,57.88,1,0,0,0,1,0
2050,23,5.07,7.12,6.45,71.57,3.32,6.55,239.11,12.42,0,61.79436214146735,1,0,0,0,1,0
2051,16,4.71,4.61,6.67,75.57,4.26,8.14,283.53,9.67,1,51.81,1,0,0,1,0,0
2052,20,7.32,2.03,7.91,96.8,1.11,9.65,238.0,15.35,0,40.32,0,1,0,0,1,0
2053,19,7.19,7.47,6.82,82.66,1.59,10.55,241.64,16.84,0,76.38644909045331,0,0,1,0,0,1
2054,20,7.77,8.42,5.2,63.88,1.96,9.21,213.11,16.07,2,54.94571291748731,1,0,0,0,0,1
2055,23,5.34,7.56,4.62,91.98,1.58,8.92,252.69,14.78,2,81.86154106874058,1,0,0,1,0,0
2056,19,7.78,3.06,8.69,70.25,4.42,9.43,224.07,13.77,0,29.16,0,1,0,0,1,0
2057,19,6.66,9.61,8.01,82.11,2.56,8.16,239.07,11.16,0,84.40680321735825,0,1,0,0,1,0
2058,18,2.17,1.23,4.11,80.4,4.77,4.72,306.69,7.81,1,40.02,0,1,0,0,1,0
2059,22,3.42,3.99,8.11,69.52,1.61,8.79,285.87,10.76,1,68.21,0,1,0,0,0,1
2060,18,1.91,3.34,6.95,64.63,0.19,6.85,295.42,6.47,1,64.12,1,0,0,0,1,0
2061,18,0.03,1.43,6.59,68.45,0.69,5.83,329.63,2.29,1,58.48,0,1,0,1,0,0
2062,20,1.5,4.65,4.06,63.89,1.09,4.8,313.83,5.59,1,65.97,0,1,0,0,1,0
2063,20,0.03,6.61,7.9,71.03,3.2,2.59,313.96,1.72,1,91.13,0,1,0,0,0,1
2064,21,5.76,8.94,4.99,99.89,0.91,11.61,244.91,15.04,2,86.58503219895216,0,1,0,1,0,0
2065,23,3.4,9.91,7.64,76.08,1.91,6.31,300.82,8.12,1,100.0,0,1,0,0,0,1
2066,21,2.5,8.27,4.08,94.56,3.98,3.55,287.6,6.6,2,87.31,1,0,0,0,1,0
2067,16,6.09,5.22,7.98,81.97,0.62,11.19,240.49,16.57,0,60.72,1,0,0,1,0,0
2068,23,6.66,7.51,4.12,86.66,0.4,8.51,238.53,16.05,2,59.37849981658927,0,1,0,0,1,0
2069,23,7.8,8.59,5.18,66.25,2.7,12.39,237.14,18.81,2,68.2519668407462,0,1,0,0,1,0
2070,24,5.14,5.19,5.34,70.99,3.49,6.22,265.5,10.81,0,47.83,0,1,0,0,1,0
2071,24,3.69,8.07,4.79,80.42,4.55,5.24,274.46,9.04,2,78.35677198110457,0,1,0,0,1,0
2072,17,2.44,5.34,6.41,95.25,3.31,5.86,296.84,8.98,1,83.07,1,0,0,0,0,1
2073,17,1.78,4.48,5.42,61.72,4.73,3.12,301.14,3.92,1,65.41,1,0,0,0,0,1
2074,18,1.7,5.73,8.97,80.28,1.22,7.14,298.18,5.58,1,91.44,1,0,0,0,0,1
2075,16,3.27,7.08,6.9,62.04,1.71,8.02,277.76,9.9,1,75.4,1,0,0,0,1,0
2076,19,7.93,7.54,6.83,78.27,4.2,10.57,226.32,18.66,0,60.10906780925567,0,1,0,0,0,1
2077,19,0.01,4.21,5.1,85.15,4.06,4.0,315.72,1.81,1,67.68,1,0,0,0,1,0
2078,24,1.58,6.14,6.04,89.79,3.32,6.16,301.75,6.35,1,94.08,1,0,0,0,1,0
2079,24,1.51,9.19,4.62,65.54,2.53,6.29,301.38,3.73,2,100.0,1,0,0,0,1,0
2080,24,5.74,9.79,7.81,66.66,0.09,8.72,236.61,12.95,0,89.51078830944087,0,1,0,0,0,1
2081,22,2.82,3.05,5.66,78.8,1.4,8.31,280.87,11.49,1,51.71,1,0,0,0,0,1
2082,17,3.66,2.74,7.76,99.92,0.79,9.37,273.5,11.39,1,65.52,1,0,0,0,1,0
2083,20,1.19,7.09,5.86,74.24,0.26,3.17,324.32,2.08,2,81.17,1,0,0,1,0,0
2084,19,3.24,4.73,8.94,77.1,3.88,8.8,279.52,8.23,1,81.46,0,1,0,0,1,0
2085,23,0.83,1.22,4.86,77.3,0.66,5.39,312.77,1.45,1,48.09,1,0,0,1,0,0
2086,17,4.26,4.12,4.01,63.23,1.79,9.7,290.39,14.49,1,36.97,1,0,0,0,1,0
2087,21,0.78,8.26,6.97,90.97,4.89,3.9,294.85,1.13,1,100.0,1,0,0,0,0,1
2088,20,6.32,8.18,8.76,70.12,2.05,10.63,228.82,9.74,0,88.03504187821814,1,0,0,0,0,1
2089,17,4.53,5.45,7.24,88.15,0.71,6.71,257.86,7.34,1,66.69,1,0,0,0,0,1
2090,16,5.79,5.25,4.43,79.0,3.45,10.55,247.19,14.07,0,55.3,0,1,0,0,1,0
2091,23,3.35,6.22,6.7,84.47,4.05,7.26,277.48,7.22,1,74.57,1,0,0,0,0,1
2092,17,3.05,2.97,8.55,62.16,1.4,6.45,278.29,8.06,1,71.1238833576979,0,1,0,1,0,0
2093,22,0.79,5.73,4.03,95.6,4.05,5.25,298.18,4.49,1,90.0924636367911,1,0,0,1,0,0
2094,24,4.19,1.1,4.83,69.75,1.36,7.95,279.46,9.01,1,25.45,0,1,0,0,1,0
2095,24,4.12,5.28,8.07,86.8,3.47,8.95,266.02,8.82,1,72.58,1,0,0,0,1,0
2096,23,3.74,4.02,8.47,91.92,0.62,9.03,286.96,11.95,1,69.85,1,0,0,0,1,0
2097,24,5.92,7.07,7.54,81.6,2.14,10.92,238.79,14.94,0,71.74674070280149,1,0,0,0,1,0
2098,17,6.66,6.75,8.96,73.49,2.6,9.2,259.68,9.24,0,54.19,1,0,0,0,1,0
2099,21,6.01,4.43,4.45,99.12,3.63,11.89,231.22,11.89,0,33.77,1,0,0,0,1,0
2100,19,1.15,1.07,6.73,71.14,3.25,5.4,306.06,0.84,1,54.97,1,0,0,1,0,0
2101,19,4.98,3.27,7.42,97.95,4.27,7.6,250.26,10.95,1,58.1179802018831,0,1,0,0,0,1
2102,20,0.64,6.7,7.51,66.25,0.92,1.85,312.68,2.29,1,84.43,0,1,0,1,0,0
2103,18,5.56,1.65,7.97,75.57,3.31,11.5,243.48,13.75,0,36.13,0,1,0,1,0,0
2104,16,3.05,1.97,8.59,65.54,0.64,7.05,261.95,6.84,1,55.21,0,1,0,0,0,1
2105,23,1.06,6.82,5.81,60.09,2.39,3.2,299.47,5.23,1,83.44,1,0,0,0,0,1
2106,20,6.9,7.8,4.21,70.41,2.62,10.36,253.16,16.17,2,58.80226584830714,1,0,0,1,0,0
2107,18,4.91,3.89,5.81,63.49,0.14,7.9,251.08,9.49,1,53.52,1,0,0,0,0,1
2108,22,2.84,5.41,7.36,99.45,0.35,8.6,291.0,6.87,1,81.16,0,1,0,0,0,1
2109,22,0.25,9.51,5.07,90.47,4.2,3.71,317.06,0.71,2,100.0,0,1,0,1,0,0
2110,16,4.3,9.51,8.05,60.15,1.43,7.72,263.85,9.62,1,83.29,1,0,0,0,1,0
2111,24,7.39,3.77,5.1,68.95,1.73,12.36,251.75,17.34,0,30.2,1,0,0,0,0,1
2112,17,4.77,8.29,4.05,86.8,3.2,7.72,259.61,11.84,2,68.4,0,1,0,0,1,0
2113,20,7.77,6.35,6.54,75.94,1.1,9.75,228.45,14.88,0,57.73,1,0,0,1,0,0
2114,20,1.09,9.78,7.63,93.27,0.96,5.93,307.78,1.89,1,100.0,1,0,0,1,0,0
2115,23,4.55,5.3,5.75,80.19,2.11,10.1,281.15,12.66,1,60.56847967325452,0,1,0,0,0,1
2116,23,6.39,7.97,7.74,86.15,0.29,7.62,228.33,15.05,0,76.7226448752761,1,0,0,0,0,1
2117,22,4.2,7.91,6.19,83.88,4.58,9.5,292.04,14.47,1,88.17879044662666,0,1,0,1,0,0
2118,22,0.73,5.48,4.86,85.53,4.7,3.92,326.43,3.86,1,70.87,1,0,0,0,0,1
2119,21,4.66,8.16,4.45,69.2,2.24,7.11,268.06,9.09,2,74.77,0,1,0,1,0,0
2120,21,4.89,3.35,7.55,74.93,1.05,6.09,267.5,11.6,1,58.0,0,1,0,0,0,1
2121,24,5.83,2.1,5.93,62.03,2.35,7.86,247.76,12.37,0,25.07,1,0,0,1,0,0
2122,21,6.09,4.83,8.56,83.51,0.5,8.75,248.42,10.82,0,63.26,0,1,0,0,0,1
2123,17,6.17,9.49,6.7,78.37,1.99,7.52,250.16,12.92,0,91.9191681521158,1,0,0,0,0,1
2124,17,5.31,5.51,5.74,90.43,0.37,7.25,247.19,12.16,0,58.63,0,1,0,0,1,0
2125,20,1.73,6.72,5.74,68.26,3.53,6.41,314.43,8.67,1,90.08143238157515,0,1,0,0,1,0
2126,19,3.23,6.62,4.66,77.47,1.38,7.66,283.48,8.82,1,76.4,0,1,0,1,0,0
2127,17,6.21,2.19,6.97,67.23,2.6,11.06,246.9,13.21,0,35.87,1,0,0,0,0,1
2128,18,7.63,4.51,6.91,84.56,0.07,9.46,219.77,12.4,0,31.65,1,0,0,0,0,1
2129,22,0.63,7.36,8.0,93.92,2.62,1.85,324.14,-0.59,1,100.0,0,1,0,0,0,1
2130,23,4.28,9.75,5.01,90.62,0.02,7.62,268.18,8.29,2,82.92,1,0,0,0,1,0
2131,21,2.5,2.51,5.45,97.77,4.63,5.21,284.75,9.69,1,60.18,1,0,0,0,0,1
2132,20,1.8,4.69,4.49,98.87,2.51,6.68,287.54,5.66,1,71.85,1,0,0,0,1,0
2133,16,4.05,1.86,5.48,90.88,0.5,7.74,269.78,9.77,1,44.86,1,0,0,1,0,0
2134,23,4.85,3.18,6.14,71.47,1.71,10.51,250.1,14.73,1,44.3,1,0,0,0,0,1
2135,18,0.08,4.39,8.82,68.77,0.23,1.39,322.5,2.02,1,93.37,1,0,0,1,0,0
2136,21,6.24,5.87,7.27,77.9,2.65,9.06,252.86,13.37,0,48.39,0,1,0,0,0,1
2137,18,6.56,3.08,7.91,99.76,0.61,9.59,237.35,16.93,0,42.59,0,1,0,0,1,0
2138,22,7.72,3.05,5.63,76.51,2.37,9.35,229.72,14.89,0,18.55,0,1,0,1,0,0
2139,22,1.45,8.0,4.72,67.96,1.53,5.37,314.8,5.43,2,90.42,0,1,0,0,1,0
2140,24,4.76,9.66,5.28,97.77,3.81,5.96,261.15,7.61,2,86.08,1,0,0,0,0,1
2141,20,3.41,3.91,5.28,75.44,2.41,7.97,278.03,9.62,1,43.63,0,1,0,0,1,0
2142,23,2.68,7.19,6.92,87.64,4.24,3.87,287.9,7.99,1,99.97521716450136,0,1,0,0,0,1
2143,23,4.53,3.32,5.71,91.53,4.71,9.9,261.23,13.49,1,57.61,1,0,0,0,1,0
2144,16,6.26,9.35,8.29,93.73,4.85,7.59,241.36,14.99,0,93.51470199624566,0,1,0,1,0,0
2145,20,0.18,7.06,8.94,92.85,1.3,3.46,310.15,7.78,1,100.0,0,1,0,1,0,0
2146,18,7.76,8.22,5.72,93.45,3.84,9.54,231.17,15.87,2,64.83929126636876,0,1,0,1,0,0
2147,16,6.48,1.44,7.53,86.71,2.19,8.15,241.52,11.99,0,25.7,1,0,0,0,1,0
2148,19,6.01,6.39,7.29,76.15,2.13,10.62,253.87,15.24,0,66.18,0,1,0,0,0,1
2149,23,6.08,5.75,4.97,86.69,4.34,10.95,257.26,12.83,0,52.89,0,1,0,1,0,0
2150,18,3.11,3.64,8.59,93.47,0.73,7.81,272.17,6.3,1,70.6,1,0,0,0,1,0
2151,17,6.01,3.36,5.0,74.03,2.39,9.03,239.51,13.03,0,33.31,1,0,0,0,1,0
2152,24,3.09,6.22,7.68,71.86,2.96,9.04,289.84,13.12,1,83.89,1,0,0,0,1,0
2153,20,7.19,7.36,5.74,73.75,0.33,9.89,231.18,17.11,2,70.3526789428805,1,0,0,0,0,1
2154,22,1.42,1.3,5.84,82.05,4.32,3.65,303.77,4.72,1,57.02,0,1,0,1,0,0
2155,17,2.34,6.11,6.28,62.1,1.57,8.32,292.76,4.32,1,83.98,0,1,0,0,0,1
2156,24,4.41,2.53,8.32,91.16,3.28,10.3,257.6,10.52,1,73.77716737669323,0,1,0,0,0,1
2157,24,2.55,2.26,4.7,65.55,4.64,6.51,294.46,9.95,1,46.52,0,1,0,1,0,0
2158,19,3.39,6.61,4.27,65.31,3.6,5.44,281.81,7.27,1,61.87,0,1,0,0,0,1
2159,19,3.94,3.8,6.01,67.91,4.43,6.13,262.64,13.36,1,49.75,0,1,0,0,0,1
2160,21,6.85,4.97,4.28,83.08,0.35,10.45,236.15,16.4,0,37.01,1,0,0,0,1,0
2161,21,4.19,4.24,7.44,71.42,2.46,9.07,268.63,10.52,1,58.92,1,0,0,0,1,0
2162,16,2.9,6.84,7.8,74.72,2.82,4.29,292.68,5.87,1,93.28,0,1,0,0,1,0
2163,24,1.98,5.23,8.27,97.27,3.45,6.42,307.97,6.05,1,88.38,1,0,0,1,0,0
2164,17,3.27,9.67,7.72,93.89,0.58,4.79,280.68,4.4,1,100.0,0,1,0,1,0,0
2165,20,4.13,4.17,8.58,94.09,3.28,9.35,253.63,12.82,1,60.77,0,1,0,0,1,0
2166,24,5.97,7.66,7.74,83.11,0.73,9.63,255.62,14.65,0,83.67833125914267,1,0,0,0,1,0
2167,19,0.97,3.32,8.68,94.66,0.34,6.92,330.34,4.4,1,85.49,0,1,0,1,0,0
2168,18,1.77,5.58,4.97,91.14,2.35,6.53,305.94,5.7,1,96.02206411897188,0,1,0,0,0,1
2169,22,3.04,5.97,6.5,98.13,3.0,6.53,280.79,9.44,1,77.7,0,1,0,0,1,0
2170,21,2.88,3.96,8.97,62.57,4.79,4.59,289.45,10.67,1,65.08,1,0,0,0,1,0
2171,23,3.13,5.25,7.41,61.15,3.49,6.84,290.44,11.18,1,81.21058230213143,1,0,0,0,1,0
2172,18,6.35,3.51,8.39,67.0,2.96,7.92,244.93,13.86,0,48.69,0,1,0,0,0,1
2173,20,2.59,1.05,4.15,97.16,1.07,8.12,302.07,6.3,1,42.58,1,0,0,0,1,0
2174,19,4.02,2.94,8.36,84.22,0.76,6.17,260.44,6.05,1,50.43,1,0,0,0,0,1
2175,19,4.99,7.3,7.49,77.04,3.04,10.32,256.08,12.89,1,69.28,1,0,0,1,0,0
2176,19,1.86,7.94,4.85,80.51,1.11,4.38,302.27,3.41,2,90.66,1,0,0,0,1,0
2177,23,5.75,3.52,4.13,93.18,3.53,7.86,257.98,12.87,0,30.93,0,1,0,0,1,0
2178,21,4.38,4.67,5.3,97.16,0.57,6.9,261.97,10.6,1,63.68,0,1,0,0,1,0
2179,18,3.57,1.34,8.58,89.19,1.7,8.11,272.63,10.84,1,51.76,1,0,0,0,0,1
2180,20,6.48,3.13,7.34,90.39,3.87,10.11,235.57,12.43,0,41.9,1,0,0,0,0,1
2181,21,1.95,8.01,8.6,72.82,4.16,3.49,289.15,2.9,1,100.0,1,0,0,0,1,0
2182,20,7.07,6.45,6.23,78.68,1.73,8.76,240.35,14.36,0,51.46,1,0,0,0,1,0
2183,21,4.49,2.85,8.68,95.41,1.03,7.38,265.74,10.95,1,71.14,1,0,0,1,0,0
2184,23,4.87,3.32,6.31,91.44,4.79,7.56,274.53,11.49,1,58.09,1,0,0,1,0,0
2185,22,7.0,8.35,5.02,87.37,3.81,12.26,225.06,21.79,2,65.875028082106,1,0,0,0,1,0
2186,20,6.54,2.88,4.76,62.61,4.04,10.4,239.95,10.49,0,24.62,1,0,0,0,1,0
2187,21,4.81,4.01,8.97,61.58,1.11,6.74,269.64,12.81,1,58.08,1,0,0,0,0,1
2188,19,6.03,6.98,5.67,65.22,2.12,7.17,251.08,14.75,0,60.45,0,1,0,0,1,0
2189,24,3.47,6.05,4.8,83.26,0.34,4.98,267.38,5.86,1,70.17,0,1,0,0,1,0
2190,19,4.38,5.15,4.04,81.46,0.55,8.88,278.96,10.07,1,59.86939153834391,1,0,0,1,0,0
2191,16,0.5,9.1,5.43,97.71,1.1,5.74,314.96,7.14,2,100.0,1,0,0,0,1,0
2192,22,0.72,2.98,8.45,87.79,1.52,5.63,330.53,2.65,1,74.95,1,0,0,1,0,0
2193,22,6.64,7.67,6.67,71.76,4.99,11.59,239.0,14.54,0,66.61915202431231,1,0,0,0,0,1
2194,19,0.48,2.43,7.16,66.46,2.11,2.78,325.82,2.35,1,68.04948754139102,0,1,0,0,1,0
2195,18,1.36,6.54,8.61,93.98,3.49,7.31,300.1,6.72,1,100.0,0,1,0,0,0,1
2196,23,6.37,8.84,6.56,78.38,4.52,7.8,241.2,15.45,0,86.8763068014031,1,0,0,0,0,1
2197,20,0.01,5.12,8.19,86.14,1.23,5.12,324.82,4.66,1,86.84,0,1,0,0,1,0
2198,22,2.26,7.52,5.62,82.61,0.72,3.74,275.86,6.82,2,76.0,0,1,0,0,1,0
2199,19,4.67,8.38,8.89,64.3,1.22,7.01,243.77,6.69,1,83.96,0,1,0,0,0,1
2200,19,4.76,2.22,4.39,62.28,4.41,8.24,256.11,11.18,1,30.08,0,1,0,0,0,1
2201,23,6.22,7.35,7.62,75.08,3.33,7.49,232.36,14.4,0,78.48794126756569,1,0,0,0,0,1
2202,23,4.05,9.28,7.3,74.46,2.26,7.02,248.84,10.95,1,89.65,0,1,0,0,1,0
2203,17,4.08,6.19,4.96,86.95,4.1,6.83,278.47,8.12,1,71.33,1,0,0,1,0,0
2204,17,5.8,2.68,5.94,85.29,1.18,10.04,242.49,11.67,0,39.05,0,1,0,0,0,1
2205,18,3.99,2.14,5.56,98.76,1.2,8.58,268.68,8.09,1,51.78,1,0,0,0,0,1
2206,18,4.87,3.34,4.47,94.32,2.84,6.32,262.95,11.4,1,35.54,0,1,0,0,0,1
2207,16,7.18,1.93,6.92,79.86,3.95,8.37,238.89,16.97,0,23.87,1,0,0,0,1,0
2208,18,3.21,5.62,8.97,80.0,1.3,8.09,284.31,9.14,1,81.4,1,0,0,1,0,0
2209,21,3.08,1.63,6.8,86.97,1.05,6.72,285.06,5.84,1,68.53544948852071,0,1,0,0,1,0
2210,23,0.03,3.01,6.73,64.56,2.37,3.7,324.33,2.25,1,63.81,1,0,0,1,0,0
2211,21,4.91,4.96,4.2,100.0,0.67,10.81,256.08,10.87,1,51.5,1,0,0,0,0,1
2212,20,0.24,5.27,4.7,80.75,3.74,3.43,309.99,0.6,1,76.79394965702016,0,1,0,1,0,0
2213,19,4.03,6.09,6.57,96.4,2.89,6.01,248.47,8.31,1,80.46,0,1,0,1,0,0
2214,18,6.43,7.35,8.93,98.69,2.56,10.83,249.22,13.46,0,83.26780854878969,1,0,0,0,0,1
2215,19,4.4,1.43,8.38,83.27,4.36,9.48,260.34,9.08,1,44.36,1,0,0,1,0,0
2216,22,2.16,1.73,5.7,64.13,3.66,5.67,313.92,9.17,1,57.286971450516944,0,1,0,1,0,0
2217,16,6.29,1.55,6.72,82.93,0.75,10.75,251.9,11.03,0,31.47,0,1,0,0,1,0
2218,22,2.16,4.81,6.76,83.91,2.1,5.73,303.58,4.92,1,73.54,1,0,0,0,1,0
2219,16,5.86,1.38,7.43,91.57,1.61,8.9,256.74,12.81,0,30.46,1,0,0,0,0,1
2220,17,4.88,7.71,7.44,61.93,4.01,6.05,266.75,12.8,1,75.81,1,0,0,1,0,0
2221,19,1.36,3.01,7.95,78.65,3.6,3.23,308.44,4.24,1,79.42,0,1,0,0,0,1
2222,16,7.24,9.45,4.12,96.91,2.36,10.64,238.81,15.62,2,63.72709051936707,1,0,0,0,1,0
2223,24,1.61,5.38,8.72,99.65,4.12,4.59,302.43,3.23,1,99.79,0,1,0,0,0,1
2224,21,7.92,5.02,4.35,67.66,2.05,13.13,218.8,20.74,0,22.74,0,1,0,0,1,0
2225,16,0.06,8.02,6.38,94.82,4.02,1.6,307.49,-0.72,1,97.64,1,0,0,0,0,1
2226,16,2.11,7.42,8.6,65.85,0.16,3.36,298.91,5.27,1,96.3826359238185,0,0,1,0,1,0
2227,21,1.6,6.47,6.44,93.65,0.67,3.04,313.72,3.58,1,93.39,0,1,0,0,0,1
2228,19,0.11,9.42,4.32,71.09,3.78,4.5,317.43,3.38,2,88.46,0,1,0,1,0,0
2229,19,5.86,4.8,5.15,98.39,0.57,9.83,251.19,16.85,0,53.4,1,0,0,0,0,1
2230,21,5.55,8.28,6.89,87.82,3.42,9.71,240.22,14.59,0,86.88515019935502,1,0,0,0,1,0
2231,22,6.34,4.42,4.44,75.96,3.62,8.12,239.38,13.31,0,31.79,1,0,0,0,0,1
2232,24,2.05,8.55,6.12,71.24,3.31,5.63,283.11,9.24,1,93.81,1,0,0,0,1,0
2233,20,3.55,3.34,5.65,69.41,4.09,8.39,265.81,12.68,1,47.82,0,1,0,1,0,0
2234,24,5.27,3.6,8.08,87.23,2.56,9.69,257.75,15.03,0,62.3117063816112,0,0,1,0,0,1
2235,19,3.52,7.1,4.55,95.83,4.49,6.71,277.18,9.2,2,84.95360160770095,1,0,0,1,0,0
2236,17,5.58,2.91,7.41,90.2,2.85,7.1,260.92,10.38,0,43.92,1,0,0,1,0,0
2237,18,5.07,3.06,6.03,93.39,2.54,10.42,266.82,8.08,0,45.08,1,0,0,0,1,0
2238,16,0.92,3.75,6.94,91.26,2.55,4.55,300.22,4.08,1,75.78,1,0,0,1,0,0
2239,21,6.25,7.11,5.03,99.17,4.56,11.7,225.64,16.77,2,68.93453452663778,0,1,0,0,1,0
2240,21,5.77,9.0,7.05,90.31,1.22,8.96,241.28,10.46,0,95.92395626530254,0,1,0,0,0,1
2241,16,5.25,7.07,7.37,68.41,3.48,7.44,249.89,12.43,0,82.8016370894067,1,0,0,0,1,0
2242,18,1.24,8.45,4.35,91.66,1.21,3.78,310.64,2.86,2,108.20664246637187,0,1,0,0,1,0
2243,20,2.14,5.89,8.12,72.88,0.46,5.23,300.44,6.85,1,75.89,0,1,0,0,0,1
2244,18,3.15,1.62,8.31,99.83,4.77,7.22,281.73,7.1,1,66.29,1,0,0,0,1,0
2245,18,2.24,1.9,4.32,75.07,0.65,7.08,300.52,5.45,1,42.79,1,0,0,0,1,0
2246,18,1.82,5.99,7.02,71.71,3.43,4.03,323.78,4.62,1,88.91,0,1,0,0,1,0
2247,20,6.44,3.95,6.97,69.57,2.12,8.38,241.54,11.5,0,41.46,1,0,0,0,0,1
2248,20,5.11,2.99,4.06,86.34,4.19,7.12,256.35,13.15,0,34.09,1,0,0,0,1,0
2249,19,4.52,5.2,5.71,64.37,3.87,10.19,257.35,11.92,1,61.73,1,0,0,0,0,1
2250,16,1.81,7.0,8.84,98.14,0.72,3.63,301.47,2.24,1,100.0,1,0,0,0,0,1
2251,20,7.34,4.46,6.78,71.77,2.34,10.07,243.29,14.81,0,45.22579263242797,0,1,0,0,0,1
2252,20,1.53,8.22,8.67,71.82,0.14,4.96,296.65,5.96,1,100.0,0,1,0,0,1,0
2253,19,6.36,7.65,7.38,61.84,2.15,10.14,239.77,14.01,0,63.46612121533737,0,1,0,0,0,1
2254,21,7.73,7.61,4.14,69.84,3.5,13.02,222.02,19.52,2,46.956329837433216,1,0,0,0,0,1
2255,19,5.82,9.87,4.39,76.76,1.16,7.38,238.65,10.43,2,84.0180425793852,1,0,0,0,0,1
2256,22,7.94,3.66,7.61,74.78,4.05,9.48,226.06,16.09,0,24.75,1,0,0,0,0,1
2257,22,5.21,6.8,6.77,70.92,0.27,7.79,259.18,11.57,0,62.05,1,0,0,0,1,0
2258,17,1.74,8.7,4.64,61.63,0.17,4.81,298.71,9.47,2,94.64,1,0,0,0,0,1
2259,18,1.63,6.22,7.07,72.02,0.14,4.5,318.83,3.24,1,85.56,1,0,0,0,1,0
2260,16,2.6,8.11,8.05,91.13,1.4,5.56,292.8,7.93,1,100.0,0,1,0,0,1,0
2261,23,0.06,4.73,7.76,77.55,2.34,5.32,308.12,3.69,1,79.51,0,1,0,0,1,0
2262,24,5.45,6.31,5.23,71.63,0.54,10.63,260.92,16.99,0,64.92,1,0,0,1,0,0
2263,19,2.15,1.5,5.29,72.19,4.98,7.18,290.81,9.53,1,33.8,0,1,0,0,0,1
2264,21,6.52,9.87,8.84,82.18,5.0,11.3,238.47,14.5,0,99.3978533604424,0,1,0,1,0,0
2265,24,2.87,8.2,8.44,72.09,2.6,4.07,283.83,4.24,1,96.12,1,0,0,1,0,0
2266,21,3.84,8.82,5.59,85.23,2.84,5.59,271.07,5.72,2,78.15,0,1,0,1,0,0
2267,24,7.73,7.25,8.12,99.58,4.63,12.39,229.94,18.26,0,69.49394362779913,1,0,0,0,1,0
2268,19,1.94,2.67,4.81,61.65,3.85,5.91,317.87,7.89,1,43.72,0,1,0,0,0,1
2269,23,5.77,1.28,4.98,66.75,0.84,10.14,247.08,16.01,0,21.67,0,1,0,0,0,1
2270,24,6.04,8.78,4.91,67.16,3.96,10.62,248.41,13.85,2,73.1091798427579,0,1,0,0,0,1
2271,19,1.77,4.57,4.44,77.88,1.15,7.33,301.1,6.41,1,59.09,1,0,0,0,1,0
2272,20,4.01,3.37,8.27,61.66,2.15,8.19,266.75,12.96,1,56.57,0,1,0,0,1,0
2273,23,2.8,6.06,6.89,79.1,2.66,5.18,282.39,5.26,1,79.0,1,0,0,1,0,0
2274,21,6.18,4.79,5.29,97.16,3.58,7.6,255.78,8.12,0,58.86,1,0,0,1,0,0
2275,22,4.98,6.86,8.24,60.46,0.75,8.14,255.14,13.85,1,82.7491850474774,1,0,0,0,0,1
2276,18,3.81,5.35,8.01,74.6,0.38,8.36,265.4,7.57,1,59.71,0,1,0,0,1,0
2277,22,6.23,7.28,4.5,90.44,4.33,8.64,263.07,13.08,2,62.61444692572346,0,1,0,1,0,0
2278,23,1.88,8.68,7.22,66.18,4.13,3.48,285.39,5.47,1,100.0,1,0,0,0,1,0
2279,21,6.03,2.76,7.61,63.1,2.62,12.02,256.47,14.13,0,28.18,1,0,0,1,0,0
2280,24,6.92,3.96,7.58,85.23,3.31,10.01,234.95,17.55,0,39.38,0,0,1,1,0,0
2281,21,7.03,4.93,7.62,60.4,3.6,9.11,223.49,20.44,0,40.91,0,1,0,0,0,1
2282,24,6.27,9.66,4.85,92.07,2.38,8.09,240.99,11.84,2,77.04743336795718,1,0,0,0,0,1
2283,19,3.26,4.29,5.58,62.67,1.29,8.57,278.62,9.44,1,63.04,0,1,0,1,0,0
2284,23,7.85,4.43,8.22,80.97,2.41,12.95,209.5,18.26,0,40.68,0,1,0,0,0,1
2285,19,3.04,6.88,8.49,89.61,4.75,7.11,287.8,8.74,1,91.69,0,1,0,0,1,0
2286,17,5.11,4.77,5.4,69.68,4.19,8.85,261.95,10.88,0,43.44,0,1,0,0,0,1
2287,24,1.29,9.56,4.12,64.14,2.33,7.05,301.04,4.16,2,89.64,1,0,0,0,1,0
2288,20,7.84,9.05,8.3,67.02,1.13,9.98,230.65,15.5,0,78.72143827795067,0,1,0,1,0,0
2289,19,5.63,5.62,5.89,94.19,4.45,8.71,254.48,11.88,0,58.42,1,0,0,0,0,1
2290,17,6.03,6.8,5.65,88.23,3.19,7.15,260.58,11.73,0,61.114787228887,0,1,0,0,1,0
2291,16,0.53,1.52,5.73,67.92,2.02,3.62,302.86,-2.41,1,52.81,1,0,0,1,0,0
2292,22,6.11,7.26,6.08,88.64,0.56,9.03,243.75,13.86,0,78.35030347407397,0,1,0,0,0,1
2293,21,6.2,7.36,5.89,88.34,3.76,11.95,255.61,14.67,2,74.95873659375118,0,1,0,0,0,1
2294,17,5.37,4.23,6.83,99.91,1.58,8.16,260.97,10.7,0,63.75,0,1,0,0,1,0
2295,23,2.34,2.98,4.39,75.66,3.03,7.51,268.9,7.45,1,50.92,0,1,0,0,0,1
2296,19,3.92,9.24,8.86,94.59,2.85,8.75,256.27,10.24,1,100.0,1,0,0,0,1,0
2297,23,0.88,4.84,8.68,77.86,3.5,2.62,309.45,1.83,1,91.12,0,1,0,0,1,0
2298,22,3.77,6.88,8.67,95.91,2.69,9.58,291.16,10.46,1,89.34,1,0,0,0,1,0
2299,20,1.95,1.3,8.4,63.66,3.15,6.1,292.28,4.81,1,58.04,0,1,0,0,1,0
2300,23,2.79,4.73,7.3,67.01,0.41,6.77,293.01,5.23,1,62.51,1,0,0,0,0,1
2301,24,1.3,8.36,5.11,94.0,3.33,2.36,305.23,7.05,2,100.0,1,0,0,0,0,1
2302,20,1.84,4.49,4.25,92.77,0.97,6.34,303.71,4.94,1,76.44,0,1,0,0,0,1
2303,20,0.61,6.43,4.5,72.22,1.96,1.89,323.39,2.39,1,75.21,0,1,0,0,0,1
2304,17,7.36,2.89,5.62,83.87,2.56,9.29,241.12,20.88,0,18.4,0,1,0,1,0,0
2305,20,4.24,4.75,6.52,75.31,3.43,5.73,278.21,8.4,1,64.77,1,0,0,0,1,0
2306,18,3.17,9.35,8.97,60.41,3.71,6.06,275.81,8.71,1,100.0,0,1,0,0,0,1
2307,22,4.28,6.1,6.18,61.04,3.52,9.26,267.13,15.7,1,70.94880727216021,1,0,0,1,0,0
2308,20,5.03,9.12,6.62,62.17,0.48,9.57,264.83,9.03,0,87.71277062261544,1,0,0,0,1,0
2309,23,7.38,9.12,7.48,83.76,1.93,8.91,236.26,18.19,0,79.9680362129994,1,0,0,0,0,1
2310,16,1.43,9.5,4.9,71.17,1.4,6.42,308.79,5.8,2,91.78,1,0,0,0,0,1
2311,18,2.36,9.06,8.66,65.76,1.99,5.66,273.99,5.36,1,98.57,1,0,0,0,1,0
2312,18,7.81,1.03,6.65,97.65,3.23,8.97,238.25,16.3,0,27.235954286043103,0,1,0,0,1,0
2313,24,2.97,9.41,5.38,64.85,0.96,5.09,267.33,6.28,2,88.89,1,0,0,1,0,0
2314,20,0.18,2.24,8.68,86.96,2.51,5.11,310.33,5.98,1,78.61,1,0,0,0,0,1
2315,24,1.18,1.36,7.13,95.77,4.42,5.85,307.79,4.66,1,75.52,0,1,0,0,1,0
2316,24,0.21,1.5,6.42,66.55,3.66,2.15,317.19,2.79,1,48.28,1,0,0,1,0,0
2317,16,7.92,4.14,6.9,68.59,3.63,9.11,239.15,15.38,0,30.86,0,1,0,1,0,0
2318,17,2.23,6.59,7.74,82.95,4.24,4.71,281.53,6.28,1,87.43,1,0,0,0,1,0
2319,20,7.39,4.62,4.77,80.34,2.0,12.36,227.68,16.5,0,28.49,1,0,0,0,0,1
2320,19,7.97,1.23,8.32,80.84,3.8,13.66,204.67,15.95,0,32.27,0,1,0,0,0,1
2321,24,4.8,5.29,8.8,82.19,0.29,8.66,263.72,14.15,1,72.58048876292067,1,0,0,0,1,0
2322,22,0.27,4.98,6.83,98.0,0.28,1.73,314.68,1.97,1,85.41,0,1,0,0,0,1
2323,21,0.65,7.81,7.41,62.15,1.66,4.16,299.8,4.6,1,92.92,0,1,0,0,1,0
2324,22,3.85,3.52,8.3,90.42,0.98,9.84,286.89,9.24,1,66.58,0,1,0,0,1,0
2325,16,3.25,2.96,5.87,69.3,2.59,8.94,291.8,11.71,1,40.45,1,0,0,0,1,0
2326,16,4.85,3.3,8.96,74.95,0.92,10.82,262.52,13.62,1,51.86,0,1,0,1,0,0
2327,23,3.51,3.73,7.4,63.57,4.88,8.01,289.26,9.57,1,58.14,0,1,0,1,0,0
2328,17,7.47,6.39,6.12,77.83,4.26,10.6,229.44,18.56,0,38.36,1,0,0,0,0,1
2329,24,4.28,5.24,7.39,92.17,4.91,9.75,275.78,10.64,1,75.71,0,1,0,0,0,1
2330,22,5.55,4.03,6.61,63.95,4.04,11.03,262.03,16.43,0,46.55,0,1,0,0,1,0
2331,21,7.17,4.37,4.56,71.02,4.76,8.89,223.27,13.88,0,19.43,0,1,0,0,0,1
2332,16,1.17,4.34,7.98,74.92,1.84,6.05,310.28,4.85,1,81.75,0,1,0,0,1,0
2333,16,1.84,9.75,6.82,64.16,2.49,7.44,299.6,4.61,1,100.0,0,1,0,0,0,1
2334,17,0.86,3.1,7.98,90.49,1.2,6.35,299.44,2.17,1,69.19,0,1,0,1,0,0
2335,21,1.12,8.36,4.77,91.48,3.18,5.65,293.79,3.57,2,91.43,0,0,1,0,1,0
2336,21,4.1,7.37,6.69,93.44,3.94,7.79,275.78,9.72,1,77.62,1,0,0,0,0,1
2337,17,2.57,1.05,7.83,83.36,2.49,7.45,286.34,8.68,1,67.83,0,1,0,0,0,1
2338,16,3.39,9.94,8.94,80.29,1.48,6.97,264.67,7.28,1,100.0,0,1,0,0,1,0
2339,20,7.86,7.81,8.42,70.5,2.54,10.47,231.47,18.2,0,66.43708853857973,0,1,0,0,0,1
2340,20,1.25,7.14,8.32,86.21,0.31,3.54,314.35,3.01,1,97.53,1,0,0,0,0,1
2341,17,4.33,4.65,5.24,77.78,3.61,8.03,256.33,9.52,1,50.05,0,1,0,1,0,0
2342,21,0.79,6.0,8.19,98.83,2.26,4.07,310.5,4.48,1,100.0,0,1,0,0,1,0
2343,24,2.55,3.28,4.85,98.73,4.49,6.17,304.58,5.82,1,76.08061476987622,1,0,0,0,0,1
2344,17,4.22,1.32,4.99,96.21,4.62,6.52,260.25,13.24,1,35.35,0,1,0,1,0,0
2345,17,7.57,8.52,4.55,74.4,0.63,11.52,246.23,17.98,2,57.63146764567644,0,1,0,0,0,1
2346,18,3.13,9.07,8.29,74.72,4.98,7.44,279.2,5.68,1,107.5954962390432,1,0,0,0,0,1
2347,22,0.52,2.46,4.54,94.11,4.85,5.55,313.06,3.32,1,66.75,1,0,0,0,1,0
2348,21,3.11,8.08,4.69,89.17,3.14,7.06,268.73,6.9,2,77.55,0,1,0,0,1,0
2349,23,1.17,7.67,5.23,88.17,4.13,5.95,292.38,1.45,2,106.96353783918264,1,0,0,1,0,0
2350,23,1.84,2.61,6.86,71.18,0.09,3.69,291.36,6.72,1,57.76,0,1,0,0,1,0
2351,21,4.94,4.8,8.4,93.33,4.85,6.55,269.58,12.85,1,73.18,1,0,0,1,0,0
2352,18,0.54,4.8,6.09,83.18,2.28,2.44,336.93,0.58,1,73.07,1,0,0,0,1,0
2353,18,3.72,7.84,6.73,77.87,4.55,8.95,301.42,11.48,1,81.4,1,0,0,0,1,0
2354,16,4.88,8.54,4.83,94.62,1.93,8.66,260.21,13.4,2,74.16,1,0,0,0,1,0
2355,22,3.37,1.85,5.33,75.77,3.94,6.65,276.0,8.35,1,52.58,1,0,0,0,0,1
2356,20,0.15,6.07,4.67,86.16,2.09,4.96,308.36,4.61,1,85.8,1,0,0,1,0,0
2357,19,7.88,7.86,6.05,78.64,1.81,9.5,236.59,17.16,0,54.66569973141152,1,0,0,1,0,0
2358,19,2.94,8.08,6.95,83.71,4.73,3.97,277.46,8.69,1,87.19,0,1,0,0,1,0
2359,19,6.23,2.33,5.42,61.62,3.5,8.78,242.87,11.39,0,29.61,0,1,0,0,1,0
2360,21,2.61,5.73,8.23,78.44,4.2,4.85,293.65,6.64,1,65.41,1,0,0,0,0,1
2361,23,3.8,8.72,8.91,82.26,2.72,6.34,278.91,9.27,1,107.11982810540952,1,0,0,1,0,0
2362,23,3.11,3.87,4.6,79.71,4.59,8.98,276.57,6.84,1,49.77,0,1,0,0,1,0
2363,20,2.74,4.83,4.09,93.9,3.7,6.58,286.17,5.28,1,75.71,1,0,0,0,1,0
2364,21,0.17,8.24,7.95,72.44,0.36,4.12,312.12,-0.85,1,100.0,1,0,0,0,1,0
2365,19,2.88,1.8,4.95,95.36,3.83,7.16,277.12,7.99,1,55.465163744438726,0,0,1,0,0,1
2366,24,7.12,8.74,5.77,76.14,0.09,10.11,224.31,14.85,2,64.95137588236416,1,0,0,0,0,1
2367,23,5.52,3.8,5.97,87.78,4.15,11.41,239.04,11.4,0,47.42,0,1,0,1,0,0
2368,16,1.16,1.01,8.58,63.47,1.66,7.03,309.7,7.69,1,58.81,0,1,0,0,1,0
2369,17,4.73,3.11,7.29,68.01,2.99,9.58,260.83,12.69,1,43.68,0,1,0,1,0,0
2370,24,7.14,1.81,4.2,90.45,3.75,9.2,222.96,13.86,0,17.81,0,1,0,0,1,0
2371,23,5.6,1.83,4.07,60.49,3.18,11.0,240.52,14.31,0,22.02,1,0,0,0,1,0
2372,18,1.19,7.24,5.0,98.74,3.36,2.69,293.28,2.65,2,96.13,1,0,0,0,0,1
2373,23,6.94,2.93,5.59,67.63,4.46,11.09,230.6,12.83,0,25.11,1,0,0,1,0,0
2374,16,2.41,9.41,6.42,96.05,1.87,5.7,302.34,7.01,1,100.0,1,0,0,0,1,0
2375,19,3.63,5.65,8.19,80.64,2.74,4.83,269.63,11.14,1,72.35,0,1,0,1,0,0
2376,18,4.21,5.14,5.57,82.58,0.87,9.73,275.06,14.0,1,55.9,0,1,0,1,0,0
2377,21,6.8,4.91,5.88,63.37,2.34,12.61,254.01,16.71,0,40.39,0,1,0,0,1,0
2378,22,7.45,7.23,5.65,74.61,0.75,12.99,232.28,16.8,2,60.01079220315484,0,1,0,1,0,0
2379,19,7.44,5.07,4.04,66.25,3.17,9.4,223.07,16.99,0,26.88,1,0,0,0,0,1
2380,22,0.06,2.16,8.78,81.04,1.62,2.72,318.39,1.98,1,74.07,0,1,0,1,0,0
2381,24,7.38,8.92,4.69,82.03,4.3,13.16,231.01,17.37,2,69.71547784837485,0,1,0,1,0,0
2382,17,0.44,4.86,5.44,88.39,1.72,1.97,332.0,5.37,1,77.4,0,1,0,1,0,0
2383,18,2.13,1.67,4.65,95.13,1.43,6.05,277.12,5.43,1,57.42,1,0,0,0,1,0
2384,20,4.12,5.76,6.45,78.73,2.46,7.55,281.72,11.87,1,77.25369756185535,0,1,0,1,0,0
2385,18,3.84,6.83,8.66,69.33,0.88,5.6,256.49,8.85,1,80.51,1,0,0,0,0,1
2386,23,4.84,3.48,4.5,73.34,1.02,10.27,270.04,12.69,1,37.23,0,1,0,0,0,1
2387,23,3.84,8.2,6.2,93.88,3.92,5.51,269.83,5.21,1,92.25,1,0,0,0,1,0
2388,23,7.48,7.03,4.11,65.83,2.49,11.44,248.5,19.14,2,54.51116852058784,0,1,0,1,0,0
2389,24,1.92,6.85,7.85,85.09,1.03,4.51,303.7,6.81,1,96.17,1,0,0,0,0,1
2390,19,2.19,4.79,7.21,60.52,0.16,5.28,299.45,6.3,1,62.8,1,0,0,0,0,1
2391,20,7.37,9.66,7.5,69.83,2.33,9.43,222.14,17.84,0,84.04656595776112,1,0,0,0,0,1
2392,20,0.61,3.47,6.36,83.66,3.71,4.73,330.73,4.11,1,64.77,1,0,0,1,0,0
2393,23,4.88,6.2,8.54,78.26,1.76,10.82,289.59,10.14,1,74.7,0,1,0,0,1,0
2394,22,5.45,3.78,6.05,79.74,1.24,10.62,274.71,11.54,0,54.48,0,1,0,1,0,0
2395,24,4.04,7.7,6.57,86.42,1.98,8.46,261.49,10.17,1,80.46,0,1,0,0,1,0
2396,23,5.55,1.43,7.48,69.38,4.8,10.33,251.5,10.11,0,32.94,1,0,0,1,0,0
2397,17,1.38,1.41,6.6,71.23,2.12,6.58,291.55,7.6,1,71.96696461468457,0,1,0,0,0,1
2398,19,6.82,8.3,4.95,87.38,1.3,10.18,232.06,14.89,2,62.59797621519901,0,1,0,0,0,1
2399,21,1.12,4.91,5.59,81.53,2.85,4.96,309.4,4.43,1,70.56,1,0,0,0,0,1
2400,17,3.21,4.07,4.46,60.58,4.05,8.69,288.78,7.2,1,47.15,1,0,0,0,1,0
2401,22,0.6,6.47,6.16,86.81,0.11,5.08,318.13,4.73,1,94.90639463630816,0,1,0,0,0,1
2402,18,4.36,7.32,7.05,84.8,2.79,6.04,250.47,9.27,1,79.7,1,0,0,1,0,0
2403,18,5.36,2.81,4.59,63.14,4.18,10.26,255.32,12.52,0,36.43,1,0,0,1,0,0
2404,17,7.53,2.67,7.15,89.9,1.08,8.64,234.82,18.44,0,25.53,0,1,0,0,1,0
2405,23,5.91,9.62,8.46,80.88,4.61,11.15,258.57,17.06,0,99.59929798789648,0,1,0,1,0,0
2406,21,4.33,6.31,5.69,68.19,2.89,9.27,272.32,12.63,1,70.59,1,0,0,1,0,0
2407,16,7.46,4.51,5.11,82.37,2.58,12.61,235.37,17.91,0,30.07,1,0,0,0,1,0
2408,16,3.83,8.21,8.47,83.82,4.82,4.95,271.66,7.19,1,100.0,0,1,0,0,0,1
2409,22,4.49,5.73,7.46,96.8,0.65,10.35,268.84,11.33,1,73.06,0,1,0,0,0,1
2410,23,4.77,3.17,4.53,89.69,3.7,8.84,288.61,10.91,1,39.74,1,0,0,0,1,0
2411,20,3.28,2.86,6.04,72.08,4.09,8.28,292.71,9.84,1,50.87,1,0,0,1,0,0
2412,20,6.71,4.57,7.37,64.73,2.44,10.54,243.13,15.27,0,49.479279270023234,1,0,0,0,1,0
2413,19,1.48,8.74,6.87,94.13,0.03,4.18,309.53,4.3,1,100.0,0,1,0,0,0,1
2414,21,4.44,1.55,7.09,93.84,2.62,6.92,267.48,13.2,1,49.09,0,1,0,1,0,0
2415,21,5.78,2.97,6.84,67.01,0.77,7.13,251.35,14.52,0,36.74,1,0,0,1,0,0
2416,18,7.23,9.04,7.99,62.49,2.81,10.94,242.74,14.75,0,82.53592577673548,0,1,0,0,1,0
2417,24,7.07,2.1,5.6,88.47,3.69,8.79,229.17,15.59,0,26.48,0,0,1,0,1,0
2418,22,4.07,6.67,7.54,88.9,2.66,7.91,269.87,8.51,1,80.48,1,0,0,0,0,1
2419,16,5.15,2.92,8.96,67.09,3.15,9.27,244.5,13.57,0,48.53,0,1,0,1,0,0
2420,22,3.15,6.45,5.95,86.73,0.52,6.36,289.96,11.76,1,81.35,1,0,0,1,0,0
2421,20,3.75,4.45,7.96,71.16,0.49,5.53,285.7,7.68,1,70.73989121887698,0,1,0,0,1,0
2422,20,7.25,1.92,5.23,70.42,4.25,10.41,239.03,17.66,0,12.26,1,0,0,0,0,1
2423,17,7.45,6.24,5.41,72.98,0.25,12.84,228.26,20.82,0,36.69,0,1,0,0,1,0
2424,19,7.16,7.15,8.67,80.82,1.42,10.45,233.64,15.69,0,76.52124448857927,0,1,0,1,0,0
2425,21,1.11,7.12,4.13,92.18,4.69,3.82,308.15,4.56,2,87.2,1,0,0,0,1,0
2426,22,6.8,6.73,5.09,79.95,2.29,10.95,249.35,19.1,0,47.76,1,0,0,1,0,0
2427,20,7.59,5.5,6.41,71.92,3.37,11.68,239.28,15.35,0,41.16,0,1,0,0,1,0
2428,24,2.89,5.68,6.01,95.36,1.11,4.34,270.97,4.43,1,82.26,1,0,0,1,0,0
2429,18,4.15,6.72,7.15,62.2,1.35,6.33,261.42,6.9,1,73.65,0,1,0,0,1,0
2430,16,6.23,7.21,4.96,91.88,2.55,9.7,249.58,15.7,2,75.42079833510243,0,1,0,0,0,1
2431,19,4.5,6.89,4.35,91.38,3.19,7.33,252.62,8.39,1,70.61,0,1,0,0,0,1
2432,24,7.95,6.28,5.85,70.14,4.8,10.55,233.79,18.32,0,37.33,0,1,0,0,1,0
2433,19,3.65,2.4,6.62,67.93,2.87,6.88,273.45,11.63,1,49.29,0,1,0,0,1,0
2434,17,5.71,2.9,6.81,94.99,0.48,8.16,258.55,11.32,0,54.98,0,1,0,0,1,0
2435,20,6.34,3.34,7.01,82.35,1.83,9.08,244.26,12.53,0,39.88,0,1,0,0,1,0
2436,18,3.95,9.28,6.74,61.84,1.22,8.82,271.61,11.67,1,80.03,0,1,0,0,1,0
2437,24,6.86,7.83,5.23,95.63,1.27,10.41,226.81,15.59,2,56.567290952151225,0,1,0,0,0,1
2438,19,4.37,5.98,7.82,73.96,2.53,9.73,262.09,6.69,1,80.76,1,0,0,1,0,0
2439,21,3.29,3.27,4.44,73.69,1.58,9.03,279.37,12.51,1,57.46,0,1,0,1,0,0
2440,17,0.86,2.0,4.99,85.73,1.45,6.47,308.2,5.63,1,51.13,1,0,0,0,1,0
2441,21,3.15,9.09,7.7,86.45,4.84,5.42,289.44,6.67,1,100.0,1,0,0,0,1,0
2442,18,5.87,9.03,5.4,74.13,2.92,9.23,243.13,12.58,2,79.78307992896916,1,0,0,1,0,0
2443,24,7.37,2.0,6.47,65.73,1.31,11.05,231.26,17.98,0,27.515229466679717,1,0,0,0,0,1
2444,17,2.01,8.17,5.64,82.09,1.38,7.27,310.92,6.56,2,93.02,1,0,0,0,1,0
2445,24,2.84,5.02,6.53,85.01,4.06,6.64,294.14,7.69,1,68.45,0,1,0,0,1,0
2446,20,1.23,3.92,5.73,94.41,4.43,3.49,306.29,3.89,1,77.68,1,0,0,0,1,0
2447,23,5.53,7.65,8.97,79.38,3.4,9.27,239.06,11.29,0,105.35145932556338,1,0,0,0,1,0
2448,17,7.68,6.53,5.79,85.83,2.16,8.9,214.1,15.25,0,45.87,1,0,0,1,0,0
2449,21,5.13,8.02,7.14,62.18,3.82,10.3,264.81,12.47,0,83.92584634877663,1,0,0,0,1,0
2450,18,4.94,1.67,8.44,95.78,4.69,8.77,268.12,10.27,1,57.06,0,1,0,1,0,0
2451,20,4.43,3.87,7.19,73.09,0.83,8.69,247.39,11.54,1,60.34,1,0,0,1,0,0
2452,23,0.71,3.87,6.83,85.29,4.31,2.71,318.48,3.39,1,79.3,1,0,0,1,0,0
2453,16,5.84,3.97,6.85,96.64,4.24,9.63,244.3,16.95,0,56.65,0,1,0,0,1,0
2454,20,4.82,5.52,6.48,92.42,1.83,8.47,258.11,9.94,1,73.75521000341844,0,1,0,0,1,0
2455,18,5.29,3.55,8.04,85.51,1.46,9.39,265.41,14.41,0,60.61,1,0,0,0,0,1
2456,19,7.19,5.0,4.25,88.14,2.83,12.43,241.04,19.85,0,28.89,1,0,0,0,1,0
2457,17,6.27,4.31,8.43,96.84,1.36,11.09,243.77,16.85,0,57.58,1,0,0,1,0,0
2458,24,6.25,7.62,6.93,92.48,0.73,9.98,251.88,13.37,0,88.05029953509907,1,0,0,0,1,0
2459,18,7.42,6.43,8.24,84.39,4.77,12.89,227.32,16.96,0,67.30146806350834,0,1,0,1,0,0
2460,17,7.92,6.88,4.05,86.35,2.46,10.71,217.06,20.27,0,40.68,0,1,0,0,0,1
2461,24,4.65,2.9,8.35,65.89,2.36,8.11,276.8,10.66,1,61.84694840810263,0,1,0,1,0,0
2462,22,0.87,3.93,4.6,78.81,0.63,5.12,322.82,3.8,1,71.21,0,1,0,0,0,1
2463,21,3.67,1.19,7.61,72.04,2.52,6.87,269.52,7.97,1,39.81,0,1,0,0,0,1
2464,16,6.3,1.98,6.08,77.28,3.71,9.11,239.06,15.55,0,29.26,0,1,0,1,0,0
2465,20,0.22,3.39,7.41,86.49,1.24,1.78,326.27,-3.7,1,72.11,1,0,0,0,1,0
2466,18,0.46,1.59,7.14,65.97,1.84,4.64,307.55,1.39,1,62.62,1,0,0,0,1,0
2467,16,0.54,6.42,4.82,60.7,0.89,2.5,321.53,0.1,1,78.84,0,1,0,0,1,0
2468,19,5.85,9.98,6.57,75.88,1.78,7.54,239.56,15.72,0,89.27038501167127,0,1,0,0,0,1
2469,17,4.01,1.91,5.39,72.89,4.31,5.92,269.01,9.44,1,38.79,0,1,0,0,1,0
2470,17,2.95,8.39,6.8,76.82,1.19,7.39,294.39,7.72,1,82.95,1,0,0,0,1,0
2471,18,0.84,2.07,7.69,97.25,0.15,2.53,300.23,2.12,1,75.56,0,1,0,0,1,0
2472,23,5.86,7.03,4.41,88.28,2.68,11.74,243.8,11.9,2,63.98939510281005,0,1,0,1,0,0
2473,23,2.57,6.79,6.58,73.1,2.9,7.36,292.92,10.25,1,75.1,1,0,0,0,0,1
2474,22,2.12,9.12,7.09,67.17,1.64,5.08,276.58,5.02,1,95.33,1,0,0,1,0,0
2475,21,5.22,2.03,5.48,84.74,3.21,9.19,258.09,13.61,0,38.59,0,1,0,0,1,0
2476,24,4.47,3.84,8.77,86.3,0.19,5.51,277.97,8.15,1,66.54,0,1,0,1,0,0
2477,19,2.9,1.82,6.6,79.34,1.7,8.12,293.85,8.29,1,48.8,0,1,0,0,0,1
2478,16,5.13,4.67,4.91,68.51,0.72,7.49,257.94,9.6,0,44.45,1,0,0,0,0,1
2479,23,2.17,9.2,4.54,61.14,1.15,3.53,294.17,4.52,2,83.85,1,0,0,0,1,0
2480,22,6.36,8.03,6.71,70.63,1.91,11.15,258.6,17.2,0,68.24612868918379,0,1,0,0,1,0
2481,22,1.83,7.51,5.88,78.29,2.47,4.48,311.75,5.2,2,82.79,1,0,0,1,0,0
2482,18,1.27,5.8,4.96,91.52,0.47,5.11,303.81,5.21,1,93.2216897380731,0,1,0,1,0,0
2483,19,6.26,8.95,4.15,94.15,0.51,11.48,238.58,15.26,2,76.59212692092966,0,1,0,0,1,0
2484,24,5.66,5.04,6.83,76.52,3.37,10.54,260.65,17.02,0,53.51,0,1,0,1,0,0
2485,21,1.46,2.35,6.99,91.84,2.02,4.14,313.79,2.63,1,81.33,1,0,0,0,1,0
2486,20,0.93,8.54,4.71,99.73,0.88,6.27,322.63,4.25,2,95.23,0,1,0,0,0,1
2487,18,6.71,3.52,7.01,88.66,1.17,9.65,245.32,15.27,0,40.79,0,1,0,1,0,0
2488,24,6.21,1.48,8.76,89.14,3.6,9.71,241.92,12.18,0,42.14,0,1,0,0,1,0
2489,20,2.62,2.13,8.89,96.38,0.26,6.68,271.86,7.52,1,70.98,0,1,0,0,1,0
2490,20,5.27,6.48,8.44,73.53,2.54,6.62,276.14,11.27,0,77.91892688147765,1,0,0,0,0,1
2491,19,0.99,6.46,8.04,60.45,1.8,4.98,324.15,4.2,1,86.81,0,1,0,0,0,1
2492,19,4.06,3.34,5.05,99.48,4.06,7.95,263.61,10.3,1,53.31,0,1,0,0,1,0
2493,16,0.15,7.54,4.78,79.62,3.95,5.52,320.11,1.64,2,91.55,1,0,0,0,1,0
2494,22,3.13,7.96,6.22,91.43,3.45,5.9,280.23,4.4,1,85.52,1,0,0,1,0,0
2495,24,0.6,9.28,7.1,92.5,1.92,2.81,313.46,2.67,1,98.73,1,0,0,0,1,0
2496,18,3.8,6.26,8.25,75.9,3.16,7.18,270.4,7.5,1,76.8,1,0,0,0,1,0
2497,17,3.37,8.01,5.16,81.65,3.2,7.81,286.48,8.78,2,89.26,0,1,0,1,0,0
2498,18,3.56,7.78,6.4,81.6,1.66,7.37,265.94,7.53,1,87.33,1,0,0,0,1,0
2499,16,0.36,3.32,7.24,68.81,4.4,2.05,311.74,-1.4,1,61.25,1,0,0,0,1,0
2500,21,2.89,3.79,6.23,64.71,4.92,5.63,294.06,7.87,1,70.13780044288845,0,1,0,1,0,0
2501,22,6.05,5.31,6.27,81.74,1.57,7.37,227.66,14.16,0,52.74,1,0,0,1,0,0
2502,17,2.95,1.17,5.13,64.81,4.01,7.65,287.69,10.46,1,34.97,0,1,0,0,1,0
2503,23,5.72,3.68,8.93,73.84,2.5,11.13,245.88,13.25,0,47.2,0,0,1,1,0,0
2504,21,2.96,5.26,6.38,67.44,2.32,4.19,300.63,6.61,1,63.06,1,0,0,1,0,0
2505,19,3.39,1.97,6.66,88.28,1.93,7.02,282.61,9.28,1,55.496904979440274,1,0,0,0,0,1
2506,20,4.51,2.14,5.09,94.88,1.46,8.34,258.01,12.98,1,51.68,1,0,0,0,0,1
2507,23,7.61,5.17,6.57,83.12,4.6,10.8,243.2,13.31,0,43.45,1,0,0,0,1,0
2508,18,0.87,7.58,5.28,76.41,3.7,4.38,309.78,0.56,2,84.35,0,1,0,0,1,0
2509,18,0.26,8.5,5.01,99.87,2.2,4.81,318.19,5.57,2,98.03,0,1,0,0,0,1
2510,19,4.86,5.92,5.38,60.85,3.76,8.28,270.55,8.06,1,53.68,0,1,0,1,0,0
2511,16,7.59,5.27,4.01,72.17,3.59,13.19,222.86,19.81,0,25.32,0,1,0,0,0,1
2512,24,7.92,4.46,6.85,71.15,1.34,11.62,239.43,20.35,0,31.01,1,0,0,0,1,0
2513,23,3.87,2.74,5.94,74.25,0.88,5.23,279.33,10.03,1,46.52,0,1,0,0,1,0
2514,23,3.74,2.32,8.49,69.22,4.18,9.51,268.71,8.36,1,54.67,0,1,0,0,0,1
2515,21,5.16,8.13,4.2,70.57,4.06,6.89,253.76,9.4,2,66.39297404184482,1,0,0,0,0,1
2516,22,4.45,5.19,4.22,70.31,4.98,9.37,254.04,11.24,1,54.34,1,0,0,0,1,0
2517,21,5.07,8.11,8.43,80.23,0.1,8.7,262.24,15.46,0,92.01712075502287,0,1,0,0,0,1
2518,24,6.99,7.34,4.63,75.64,2.7,11.69,234.34,19.82,2,65.96695533136885,0,1,0,1,0,0
2519,18,5.97,2.75,4.01,85.57,3.51,9.54,251.49,14.32,0,40.02,0,1,0,0,1,0
2520,18,3.98,5.59,4.89,80.58,2.91,5.27,255.22,5.42,1,54.13,1,0,0,0,1,0
2521,18,3.69,5.0,8.12,67.34,3.55,6.56,270.48,9.14,1,69.0,0,1,0,0,1,0
2522,18,5.12,4.81,8.01,92.4,0.69,9.22,248.74,11.87,0,63.35,1,0,0,1,0,0
2523,24,3.65,5.88,5.7,78.89,0.01,7.79,281.13,9.42,1,69.77,0,1,0,0,0,1
2524,19,3.66,9.84,7.34,66.13,0.47,9.53,270.06,6.94,1,83.7,0,1,0,0,0,1
2525,22,0.13,8.32,6.54,66.68,1.9,4.16,323.14,2.76,1,94.2,1,0,0,1,0,0
2526,24,1.39,9.13,8.52,91.88,1.64,3.82,297.99,0.99,1,100.0,0,1,0,0,1,0
2527,22,3.91,1.27,4.28,88.12,4.37,5.13,289.34,3.37,1,43.85,0,1,0,0,1,0
2528,24,6.58,2.26,8.07,80.26,0.42,11.52,241.56,16.08,0,45.46,0,1,0,0,0,1
2529,18,2.23,1.76,4.85,72.24,2.21,7.68,302.4,11.02,1,53.32768514713702,1,0,0,0,0,1
2530,19,4.18,3.37,5.96,78.42,4.79,8.25,268.71,8.72,1,44.76,1,0,0,0,1,0
2531,23,2.76,4.98,4.96,85.46,2.51,6.17,296.11,6.28,1,61.99,0,1,0,0,1,0
2532,21,0.84,6.78,7.51,95.17,0.66,6.14,302.19,6.12,1,97.93,0,1,0,0,0,1
2533,20,7.67,5.51,7.39,82.23,1.46,9.87,227.54,18.77,0,37.8,0,1,0,1,0,0
2534,19,6.84,9.13,6.74,71.07,3.13,9.83,233.27,15.39,0,84.48037862507898,1,0,0,0,1,0
2535,23,0.63,9.46,7.49,61.71,0.06,4.17,331.13,1.61,1,100.0,1,0,0,0,0,1
2536,16,5.76,2.47,7.2,67.02,4.84,7.01,238.99,14.8,0,37.86,1,0,0,1,0,0
2537,24,2.78,8.68,7.88,86.01,2.83,7.22,307.34,5.32,1,100.0,1,0,0,0,1,0
2538,16,7.96,5.34,5.2,66.42,3.52,9.9,210.74,15.85,0,34.75,0,1,0,0,0,1
2539,23,2.42,5.08,6.14,79.26,2.49,5.09,298.32,7.35,1,74.46,0,1,0,0,0,1
2540,19,1.91,8.06,4.76,87.96,4.79,4.98,290.86,2.22,2,94.97,0,1,0,0,1,0
2541,24,4.54,1.84,6.15,72.33,2.95,8.73,268.07,11.95,1,39.24,0,1,0,1,0,0
2542,20,6.68,8.94,7.51,86.76,3.31,8.01,238.13,16.3,0,77.96803814272724,0,1,0,1,0,0
2543,18,1.54,7.04,7.46,83.24,4.3,4.24,293.22,7.78,1,99.13,1,0,0,1,0,0
2544,24,5.68,8.88,7.55,77.56,4.31,8.05,252.65,11.76,0,96.55591487914546,1,0,0,0,1,0
2545,24,0.49,9.95,5.54,95.89,0.14,1.5,309.95,0.6,2,100.0,1,0,0,1,0,0
2546,19,7.35,5.66,7.31,87.68,1.42,11.81,237.51,18.36,0,57.98,0,1,0,0,0,1
2547,19,0.65,1.84,5.84,74.42,1.23,2.83,302.15,1.15,1,48.25,1,0,0,0,1,0
2548,23,7.31,2.5,8.72,92.17,0.03,9.14,237.0,14.92,0,34.3,1,0,0,0,1,0
2549,17,3.93,3.91,5.72,89.52,4.38,8.92,281.48,11.0,1,54.44,1,0,0,1,0,0
2550,24,3.58,1.93,7.02,91.67,1.59,4.78,275.96,8.5,1,53.66,0,1,0,0,0,1
2551,21,7.79,8.34,7.75,85.64,1.73,13.29,213.29,14.52,0,73.31661823610779,0,1,0,1,0,0
2552,24,7.92,3.67,8.53,75.17,0.5,12.35,242.28,15.72,0,27.91,0,1,0,0,1,0
2553,23,5.2,9.78,6.19,73.94,4.95,7.06,262.27,7.66,0,91.05579986828936,0,1,0,1,0,0
2554,22,1.02,7.32,5.8,86.17,4.13,3.77,300.55,0.08,2,100.0,1,0,0,0,1,0
2555,16,4.05,2.56,6.15,65.24,2.86,9.8,276.34,8.74,1,56.06115485945377,0,1,0,0,1,0
2556,18,4.23,5.28,5.62,92.8,3.86,8.32,252.48,10.06,1,61.13,0,1,0,1,0,0
2557,17,4.12,5.2,7.27,74.81,3.89,8.16,282.32,10.01,1,64.13,1,0,0,0,1,0
2558,20,4.56,5.43,8.66,85.21,3.28,8.83,286.52,6.95,1,69.42,1,0,0,0,0,1
2559,20,0.15,5.82,4.63,79.96,0.87,3.46,326.44,0.09,1,71.0,0,1,0,1,0,0
2560,20,5.69,1.28,6.8,80.77,3.6,7.53,241.69,9.26,0,43.66276867122591,1,0,0,1,0,0
2561,19,5.7,7.18,8.49,89.52,2.85,7.45,231.71,11.87,0,85.17863089272731,0,1,0,0,0,1
2562,20,0.92,5.38,4.5,85.07,3.62,5.36,322.6,2.75,1,77.35,0,1,0,0,0,1
2563,18,4.56,8.12,6.47,70.01,2.72,9.98,263.81,14.35,1,85.22,0,1,0,0,0,1
2564,16,4.55,8.34,8.33,62.97,4.78,7.05,261.49,10.07,1,84.72,1,0,0,0,1,0
2565,20,5.46,3.07,8.5,93.61,3.14,8.98,266.13,11.47,0,58.1,1,0,0,0,1,0
2566,24,0.68,1.44,6.57,95.4,2.87,6.64,305.94,3.82,1,74.17959432393532,0,1,0,0,1,0
2567,24,5.01,7.33,4.12,66.58,4.21,7.3,267.5,9.88,2,64.05454833082683,1,0,0,0,1,0
2568,19,2.25,9.8,4.53,72.38,1.9,5.2,293.24,8.66,2,93.73,0,1,0,0,1,0
2569,18,4.06,5.02,6.93,71.29,1.58,6.88,273.75,8.86,1,64.43,1,0,0,0,1,0
2570,16,6.19,3.34,4.62,97.5,2.52,7.35,262.01,13.87,0,33.84,0,1,0,0,1,0
2571,17,5.65,2.41,4.75,68.19,2.92,9.2,247.31,14.65,0,14.48,0,1,0,0,1,0
2572,23,0.95,3.59,7.86,66.66,1.1,2.99,302.8,1.6,1,65.89,1,0,0,0,0,1
2573,16,4.73,3.95,7.75,67.27,3.41,6.37,261.22,6.67,1,59.33788002746097,1,0,0,0,1,0
2574,23,7.75,4.81,8.21,89.19,4.01,12.3,214.97,16.81,0,47.81,0,1,0,1,0,0
2575,22,1.25,6.9,4.53,95.52,2.89,6.08,314.36,6.19,1,82.99,0,1,0,1,0,0
2576,23,6.82,3.46,4.99,75.73,2.61,12.26,246.2,12.97,0,37.17,0,1,0,0,1,0
2577,21,5.62,1.46,8.16,65.44,1.47,11.29,252.47,14.58,0,42.53,0,1,0,0,1,0
2578,24,6.19,4.36,7.61,83.43,4.55,11.54,236.48,16.73,0,56.09,1,0,0,1,0,0
2579,18,2.26,8.7,8.03,68.4,3.77,3.87,265.43,8.11,1,95.49,0,0,1,1,0,0
2580,19,2.3,5.49,8.95,62.57,2.4,4.42,284.06,7.02,1,70.14,0,1,0,0,1,0
2581,21,7.25,9.68,8.32,95.45,3.3,8.86,230.69,15.89,0,94.14368861149572,0,1,0,0,1,0
2582,23,2.88,5.53,6.6,94.83,1.68,5.65,266.45,7.52,1,74.51,1,0,0,0,1,0
2583,20,0.5,3.48,5.55,99.04,0.3,2.12,338.95,-0.61,1,76.02,0,1,0,0,0,1
2584,18,4.8,2.74,6.85,78.96,1.02,9.07,266.56,9.84,1,49.5,1,0,0,1,0,0
2585,21,1.0,7.25,7.19,71.76,0.4,5.58,313.44,0.83,1,94.59,0,1,0,1,0,0
2586,19,6.37,5.83,5.68,90.79,2.54,8.17,242.06,13.78,0,46.68,1,0,0,0,0,1
2587,24,5.13,6.44,7.85,67.22,3.11,9.24,265.82,13.2,0,67.9,1,0,0,1,0,0
2588,18,7.0,7.8,4.46,69.73,1.9,8.11,232.99,14.79,2,51.0410003710849,1,0,0,0,1,0
2589,19,6.28,7.53,7.9,70.23,2.65,9.45,243.02,14.71,0,73.22539477135086,1,0,0,0,0,1
2590,22,0.9,1.39,4.16,98.06,0.43,3.33,323.25,4.53,1,60.88418877051268,0,1,0,0,1,0
2591,22,3.05,8.22,6.49,89.19,3.85,9.04,294.38,6.44,1,88.09,1,0,0,0,1,0
2592,19,6.2,5.79,8.31,65.35,0.16,11.81,245.49,15.33,0,49.19,1,0,0,0,1,0
2593,21,3.34,4.53,4.43,63.71,3.17,5.08,300.14,8.04,1,59.95,0,1,0,0,0,1
2594,18,7.78,5.84,6.59,93.71,2.17,13.37,225.82,17.42,0,43.44,0,1,0,1,0,0
2595,21,5.89,6.51,4.8,92.09,0.92,8.98,244.26,9.07,0,56.26,0,1,0,0,0,1
2596,17,0.12,2.35,8.47,86.84,2.62,4.0,319.83,0.13,1,79.41,0,1,0,0,1,0
2597,23,7.04,4.76,8.16,67.84,3.9,10.71,238.53,14.9,0,41.35,0,1,0,0,1,0
2598,17,0.81,4.02,8.67,79.21,2.07,5.44,298.36,4.23,1,85.80097484701058,1,0,0,0,1,0
2599,22,1.12,4.15,8.37,84.11,1.84,3.79,311.43,3.64,1,96.29,0,1,0,0,1,0
2600,24,5.88,1.82,7.68,97.29,0.71,7.23,270.59,16.28,0,38.65,1,0,0,0,0,1
2601,16,6.92,2.44,4.92,66.78,2.97,10.01,246.46,17.27,0,24.03,0,1,0,0,1,0
2602,23,4.29,2.46,5.51,80.62,4.14,8.01,275.16,10.39,1,43.98,0,1,0,1,0,0
2603,22,2.31,4.36,6.48,66.31,2.81,6.08,297.08,6.75,1,65.61,1,0,0,1,0,0
2604,21,2.81,9.05,6.94,77.75,0.83,7.77,276.3,10.64,1,93.43,1,0,0,0,1,0
2605,21,2.74,2.85,7.91,68.01,3.31,3.96,277.16,8.71,1,59.07,0,1,0,0,0,1
2606,21,2.61,4.75,5.13,93.45,0.15,8.55,290.31,8.86,1,77.56,0,1,0,0,1,0
2607,24,1.94,3.8,4.64,70.19,4.19,7.89,292.44,10.32,1,66.29,0,1,0,0,0,1
2608,17,4.87,8.09,6.41,76.68,4.61,6.37,247.09,8.69,1,68.88,1,0,0,1,0,0
2609,16,7.2,1.45,4.79,76.31,2.99,9.92,230.09,15.7,0,7.16,1,0,0,0,0,1
2610,21,2.46,2.77,7.47,94.65,4.41,6.41,294.99,13.23,1,69.09,0,1,0,0,1,0
2611,23,1.49,2.9,6.88,90.31,0.42,4.36,307.92,5.84,1,76.57,1,0,0,1,0,0
2612,18,6.71,9.94,7.71,62.3,1.14,10.15,231.15,14.86,0,85.49837818759713,1,0,0,0,0,1
2613,16,5.93,6.14,4.32,62.68,1.59,8.56,248.38,13.38,0,43.66,0,1,0,0,0,1
2614,24,7.45,2.25,8.82,82.05,3.87,12.01,234.75,17.54,0,28.48,0,0,1,0,0,1
2615,16,1.32,3.45,4.0,77.11,2.42,4.14,291.48,7.39,1,57.75,1,0,0,0,1,0
2616,18,1.15,2.51,5.63,71.02,1.74,4.3,298.48,5.48,1,49.92,0,1,0,0,0,1
2617,23,4.33,2.12,7.4,91.7,0.79,8.21,267.91,10.44,1,59.98,0,1,0,0,0,1
2618,18,4.92,8.17,4.23,65.15,4.05,10.77,251.87,9.41,2,57.63896348405606,0,1,0,1,0,0
2619,19,3.84,5.46,4.42,98.96,0.1,8.05,270.64,8.33,1,63.87,0,1,0,0,1,0
2620,23,4.79,6.68,4.38,60.96,1.69,6.27,287.48,10.44,1,55.571482008003045,1,0,0,0,1,0
2621,16,1.44,3.98,6.91,64.73,1.21,4.03,287.65,3.92,1,69.56,0,1,0,1,0,0
2622,21,3.84,5.98,8.48,72.45,0.65,6.94,288.17,11.42,1,79.37,1,0,0,0,1,0
2623,16,5.26,3.32,6.78,80.37,0.86,9.96,260.3,12.41,0,35.59,1,0,0,1,0,0
2624,16,3.46,3.77,7.02,68.65,2.47,6.69,266.24,10.21,1,60.19,1,0,0,0,1,0
2625,23,5.44,6.87,5.73,89.45,2.13,9.74,261.51,10.09,0,69.96,1,0,0,0,1,0
2626,19,3.61,2.35,4.09,74.3,2.59,8.81,277.11,8.77,1,36.95,0,1,0,0,1,0
2627,16,2.67,6.55,4.11,61.54,3.64,4.19,300.01,7.49,1,79.17,0,1,0,1,0,0
2628,22,2.43,8.67,8.44,95.11,4.46,7.26,297.44,11.41,1,104.19771869098848,1,0,0,0,1,0
2629,20,3.29,2.08,4.51,97.75,0.59,8.02,282.48,8.66,1,39.35,0,1,0,0,1,0
2630,20,0.18,9.08,9.0,84.74,0.41,5.28,314.78,4.57,1,100.0,0,1,0,0,1,0
2631,16,5.35,1.72,4.82,92.26,1.6,11.13,267.49,16.26,0,31.11,1,0,0,0,1,0
2632,21,6.76,4.14,7.37,64.84,2.73,9.31,234.96,16.7,0,39.19,1,0,0,0,0,1
2633,24,2.84,6.49,8.74,70.75,0.5,5.99,271.92,8.75,1,90.19,0,1,0,0,1,0
2634,24,0.37,6.03,5.81,73.01,3.58,2.68,296.6,1.19,1,74.59,1,0,0,0,1,0
2635,23,7.89,1.87,7.67,98.43,2.78,10.53,212.96,20.14,0,27.51160935050821,1,0,0,0,1,0
2636,20,2.11,8.19,5.75,80.49,3.74,4.76,302.71,2.91,2,93.81927771668728,0,1,0,1,0,0
2637,16,1.01,9.76,5.52,60.3,1.79,6.36,304.25,2.16,2,108.29491423313756,0,1,0,0,1,0
2638,24,2.96,2.63,5.01,75.21,2.01,4.27,276.76,10.31,1,57.480485504354725,1,0,0,0,0,1
2639,16,5.91,9.06,8.1,60.31,4.04,7.92,244.74,13.55,0,83.99889364351083,0,1,0,0,1,0
2640,23,2.35,6.01,5.29,69.51,1.34,6.4,300.09,4.25,1,68.32,0,1,0,0,1,0
2641,20,4.6,9.42,5.42,78.19,1.91,9.43,271.13,8.75,2,86.4024761620395,1,0,0,1,0,0
2642,18,3.32,2.58,8.99,72.94,0.07,7.81,281.78,5.93,1,63.03,1,0,0,1,0,0
2643,22,0.94,8.13,5.64,61.31,2.78,2.17,302.72,6.56,2,88.41,0,1,0,0,1,0
2644,22,2.64,1.54,6.11,64.65,4.26,5.91,284.41,6.75,1,37.45,0,1,0,0,0,1
2645,24,5.8,8.95,8.95,82.04,0.14,7.72,249.08,11.53,0,83.87262701516076,0,1,0,0,0,1
2646,22,4.9,7.07,5.85,87.82,3.07,10.84,252.25,16.03,2,69.18,0,0,1,1,0,0
2647,18,0.96,4.33,5.83,76.18,4.23,6.95,307.37,5.42,1,73.9,0,1,0,1,0,0
2648,16,1.31,2.71,8.14,89.26,2.47,2.56,294.81,2.59,1,72.3,1,0,0,0,0,1
2649,23,5.13,8.35,5.56,66.53,1.57,9.47,262.1,14.55,2,79.25729131796389,1,0,0,1,0,0
2650,18,6.51,6.43,5.17,64.88,4.98,11.58,246.66,16.75,0,36.56,0,1,0,1,0,0
2651,23,2.8,4.24,6.12,93.58,0.32,5.42,297.57,8.11,1,68.98,0,0,1,0,0,1
2652,23,4.76,4.99,7.5,73.57,1.05,9.23,265.48,11.21,1,66.89768982968918,1,0,0,0,0,1
2653,20,1.37,8.44,4.22,77.29,4.43,3.31,305.85,1.92,2,82.05,1,0,0,0,0,1
2654,16,2.49,4.05,5.87,97.9,1.49,4.13,281.76,3.78,1,66.56,0,1,0,0,1,0
2655,22,0.16,1.81,5.73,76.96,4.1,5.79,317.6,3.34,1,50.42,1,0,0,0,0,1
2656,20,6.15,9.2,5.22,60.14,1.67,10.36,235.97,14.42,2,72.69303396022511,1,0,0,0,0,1
2657,23,3.21,4.49,7.27,97.52,4.06,8.29,264.44,9.93,1,75.84,0,0,1,0,1,0
2658,24,6.53,4.14,5.45,60.56,3.43,10.19,238.99,14.04,0,33.72,0,1,0,1,0,0
2659,22,5.67,2.84,7.03,86.49,2.34,7.44,246.92,14.79,0,34.22,1,0,0,1,0,0
2660,22,6.63,9.08,6.52,72.92,2.61,9.51,246.55,12.05,0,76.36284380941089,0,1,0,0,1,0
2661,16,2.29,2.96,5.09,78.82,0.89,7.7,282.9,8.12,1,56.9,0,1,0,1,0,0
2662,19,1.48,6.73,5.33,81.89,0.58,2.56,330.37,1.68,1,93.56051152983478,0,1,0,0,1,0
2663,17,7.78,8.93,4.85,76.34,3.58,9.82,221.84,16.09,2,56.45831823009436,1,0,0,0,0,1
2664,17,5.74,1.31,4.28,90.97,4.24,8.01,250.42,10.77,0,22.73,0,1,0,0,0,1
2665,17,6.67,8.46,7.1,97.23,3.61,8.98,234.29,13.76,0,94.92768856639016,1,0,0,0,0,1
2666,19,0.11,4.7,7.36,63.46,4.56,1.6,326.46,-1.18,1,79.59,0,0,1,0,0,1
2667,16,2.84,6.92,4.83,92.01,4.45,8.08,283.78,6.3,1,83.73,0,1,0,1,0,0
2668,19,5.94,4.35,7.08,65.15,3.89,7.74,238.93,14.71,0,40.07,1,0,0,0,0,1
2669,17,0.62,7.26,8.91,63.21,4.49,5.77,294.23,1.04,1,101.51571068214665,0,1,0,0,0,1
2670,20,4.54,3.29,4.37,98.23,0.84,7.32,271.26,11.77,1,40.86,0,1,0,0,0,1
2671,18,3.43,1.2,6.45,79.57,3.66,6.72,285.34,10.21,1,40.84,1,0,0,1,0,0
2672,23,0.14,9.53,7.67,66.1,3.77,3.45,321.75,3.4,1,100.0,1,0,0,0,1,0
2673,19,1.89,1.15,4.23,82.8,0.77,6.46,295.17,6.01,1,46.22,1,0,0,0,1,0
2674,16,2.28,8.42,7.89,70.53,4.55,6.94,289.45,4.71,1,92.91,1,0,0,1,0,0
2675,16,0.89,2.52,8.9,78.57,0.04,5.09,317.1,0.79,1,73.81,0,1,0,1,0,0
2676,18,5.05,4.53,4.44,84.99,2.17,9.92,258.39,10.17,0,44.87,0,1,0,1,0,0
2677,24,1.94,8.4,8.11,94.77,0.11,2.98,307.97,2.05,1,100.0,1,0,0,0,1,0
2678,22,2.22,2.85,5.89,60.12,2.62,5.74,292.37,6.75,1,49.24,0,1,0,1,0,0
2679,17,7.19,8.79,4.72,68.57,2.06,10.81,232.37,13.36,2,61.05053316663829,0,1,0,1,0,0
2680,24,3.74,5.48,6.47,63.85,3.12,5.94,278.83,8.17,1,61.55,1,0,0,1,0,0
2681,17,3.14,4.3,4.36,63.88,3.83,6.92,296.24,8.25,1,45.69,0,1,0,0,0,1
2682,18,5.79,6.96,6.61,97.83,3.84,9.13,262.29,12.64,0,74.96,0,1,0,0,1,0
2683,17,7.28,4.07,4.1,97.44,3.61,10.64,232.16,15.7,0,39.86,1,0,0,0,0,1
2684,18,0.2,4.13,7.64,89.97,0.51,1.79,313.86,3.75,1,84.64,1,0,0,0,0,1
2685,21,3.59,7.6,6.44,85.72,2.09,6.77,264.84,9.77,1,75.96,1,0,0,0,0,1
2686,24,4.89,3.79,6.29,93.92,4.08,9.72,268.24,13.6,1,53.31,1,0,0,1,0,0
2687,24,2.55,2.81,4.98,62.34,3.27,5.6,271.56,5.88,1,48.56,0,1,0,0,0,1
2688,22,6.18,8.27,5.81,64.78,3.41,9.62,262.89,15.65,2,67.7540139324898,1,0,0,0,1,0
2689,18,7.77,8.25,4.91,72.68,1.13,13.61,235.19,19.07,2,59.73612467815817,1,0,0,0,0,1
2690,19,7.55,5.48,7.68,93.3,1.63,12.91,221.94,18.2,0,43.08,0,1,0,0,1,0
2691,21,2.13,5.74,5.0,78.89,4.78,7.77,306.75,6.3,1,66.74,0,1,0,0,1,0
2692,20,1.81,7.26,7.08,80.14,4.23,3.2,303.76,4.79,1,97.75,1,0,0,0,0,1
2693,17,7.66,5.58,5.4,69.17,0.82,11.75,232.76,21.58,0,33.18,1,0,0,1,0,0
2694,21,3.67,4.75,7.28,85.94,2.72,5.79,273.29,9.61,1,63.87,1,0,0,1,0,0
2695,18,1.67,9.95,6.7,95.51,2.45,4.69,305.49,8.27,1,100.0,1,0,0,0,0,1
2696,23,5.66,2.33,6.12,73.18,2.22,10.06,237.91,9.75,0,31.67,1,0,0,1,0,0
2697,17,2.28,6.33,7.37,84.77,2.35,6.17,293.27,6.65,1,90.42,0,0,1,0,1,0
2698,16,2.14,8.97,6.08,73.28,3.21,5.67,287.52,7.69,1,83.49,1,0,0,1,0,0
2699,24,7.03,7.18,8.11,91.71,4.84,12.1,232.76,17.37,0,71.43325776235503,0,1,0,1,0,0
2700,18,1.3,8.93,7.65,79.0,4.38,5.71,297.51,5.84,1,100.0,1,0,0,0,0,1
2701,16,0.52,4.03,6.7,73.58,4.38,5.63,307.38,2.82,1,66.48,0,1,0,0,1,0
2702,22,2.15,3.45,8.39,76.8,3.52,7.81,307.08,9.55,1,65.59,1,0,0,0,0,1
2703,20,4.86,8.66,8.14,63.65,0.09,9.42,247.35,8.8,1,79.6,1,0,0,0,1,0
2704,20,0.98,4.55,6.66,94.64,2.2,3.96,312.33,3.15,1,86.74,1,0,0,0,0,1
2705,16,3.77,7.39,4.34,98.32,2.56,5.83,263.45,8.82,2,78.57,1,0,0,0,1,0
2706,24,5.02,2.33,6.83,79.1,4.21,7.37,272.98,10.07,0,37.22,0,1,0,0,0,1
2707,22,6.79,7.8,5.78,68.85,4.61,9.77,242.8,15.13,2,64.9179606049263,0,1,0,0,1,0
2708,23,1.84,5.94,6.7,86.59,2.26,6.54,283.87,2.1,1,86.67,0,1,0,0,1,0
2709,24,6.54,3.42,7.24,78.1,1.5,7.74,244.87,11.09,0,41.71,1,0,0,0,1,0
2710,21,1.88,5.45,7.22,70.09,1.69,6.95,290.48,8.84,1,82.24,1,0,0,0,1,0
2711,20,5.41,7.27,7.37,61.54,2.89,10.2,257.35,13.7,0,76.3116704499441,1,0,0,1,0,0
2712,21,3.45,1.11,7.4,95.59,1.37,6.95,265.32,7.89,1,50.51,0,1,0,0,1,0
2713,17,0.92,6.74,4.55,91.87,4.55,3.92,321.27,5.3,1,91.05,1,0,0,0,0,1
2714,19,5.71,5.87,4.96,93.16,2.09,7.27,231.51,14.97,0,55.51,1,0,0,0,0,1
2715,18,1.74,2.98,7.15,77.59,4.95,4.19,291.04,8.32,1,67.03,0,1,0,0,1,0
2716,22,1.41,7.78,6.04,90.13,0.55,2.96,292.26,-0.18,1,100.0,1,0,0,0,1,0
2717,24,2.87,3.73,7.81,83.25,0.94,7.96,289.35,11.05,1,71.82,1,0,0,0,0,1
2718,20,5.23,3.49,4.62,74.99,2.56,8.78,252.31,9.91,0,33.45,1,0,0,1,0,0
2719,21,1.87,5.24,4.96,93.71,4.34,4.1,295.72,5.46,1,59.58,0,1,0,0,0,1
2720,17,1.47,7.09,6.79,99.95,1.77,2.56,295.94,4.71,1,100.0,1,0,0,0,0,1
2721,18,0.08,9.36,6.5,95.97,4.19,3.7,305.36,5.19,1,100.0,0,1,0,1,0,0
2722,18,3.77,2.27,5.33,91.05,2.13,8.53,272.47,10.86,1,47.83,0,0,1,1,0,0
2723,24,3.43,4.57,6.04,89.9,4.26,8.26,265.81,9.83,1,71.76,0,1,0,1,0,0
2724,22,1.87,1.6,4.17,86.01,1.39,3.94,279.24,3.1,1,47.2,0,1,0,0,0,1
2725,23,0.43,7.83,4.19,94.14,2.36,6.41,321.1,0.47,2,85.79,1,0,0,0,1,0
2726,24,3.43,5.03,4.47,79.72,1.39,7.27,266.45,7.05,1,52.29,0,1,0,1,0,0
2727,21,6.31,7.36,6.88,67.27,1.08,8.97,258.85,16.76,0,82.70377419795211,1,0,0,0,1,0
2728,19,5.72,3.9,8.32,90.72,2.11,8.68,265.54,12.99,0,62.49,1,0,0,0,0,1
2729,16,6.89,8.6,5.3,96.78,1.67,8.51,246.18,17.91,2,75.79920165065329,1,0,0,0,0,1
2730,23,0.08,5.81,4.17,73.65,3.94,3.55,307.68,0.46,1,69.47587293441899,0,0,1,0,0,1
2731,22,7.73,9.49,7.54,91.32,3.74,12.5,248.46,19.42,0,78.59406562128649,0,1,0,1,0,0
2732,17,2.73,1.71,8.28,70.95,1.79,5.78,263.72,7.32,1,59.16,1,0,0,0,1,0
2733,23,7.92,5.63,4.69,97.7,4.96,13.25,216.13,21.1,0,44.677671904828046,0,1,0,1,0,0
2734,20,2.02,7.9,5.93,87.34,4.87,5.4,304.09,5.28,2,90.22,0,1,0,0,1,0
2735,22,3.77,6.4,4.79,82.77,4.59,9.27,282.31,10.03,1,60.99,1,0,0,0,1,0
2736,19,2.83,1.21,4.53,91.19,2.93,7.35,278.79,10.35,1,48.49,0,1,0,0,0,1
2737,20,2.85,9.75,7.24,92.53,2.06,4.13,277.94,2.16,1,100.0,1,0,0,1,0,0
2738,23,6.74,3.68,8.84,95.69,1.57,8.08,236.97,13.86,0,53.34,1,0,0,0,0,1
2739,16,5.97,3.24,7.39,96.04,0.08,10.97,247.49,11.12,0,44.86,1,0,0,0,0,1
2740,16,7.94,5.37,8.92,62.11,3.16,10.72,220.03,17.21,0,49.41,0,0,1,0,0,1
2741,19,4.91,5.88,6.17,64.92,2.77,6.86,277.66,9.95,1,58.52,0,1,0,0,1,0
2742,18,3.71,7.9,8.49,93.04,3.15,9.04,268.64,11.29,1,100.0,1,0,0,0,0,1
2743,17,0.72,4.54,5.03,97.84,2.88,6.64,326.02,5.33,1,73.7,1,0,0,0,1,0
2744,18,7.97,4.96,4.59,72.31,0.69,13.01,228.42,17.89,0,35.12,1,0,0,1,0,0
2745,16,4.41,5.81,7.51,60.34,3.48,9.04,277.27,9.21,1,62.24,0,1,0,0,1,0
2746,16,5.6,4.55,5.86,72.91,1.8,6.6,237.85,11.86,0,42.8,1,0,0,0,1,0
2747,21,3.25,9.23,5.59,75.31,2.58,4.78,291.28,9.88,2,92.76,0,1,0,0,0,1
2748,20,4.38,8.66,7.36,90.44,1.83,8.73,277.37,8.97,1,89.83,0,1,0,0,0,1
2749,23,7.54,5.09,5.67,61.9,0.11,10.59,222.86,13.6,0,32.32,1,0,0,0,0,1
2750,17,1.33,1.0,6.86,68.51,4.38,2.43,312.52,-0.48,1,50.83,1,0,0,0,1,0
2751,19,2.34,9.11,5.5,95.76,0.74,7.04,277.12,3.96,2,93.23,1,0,0,0,1,0
2752,23,1.22,2.12,7.92,66.19,2.91,4.31,300.61,3.97,1,64.65,1,0,0,1,0,0
2753,21,6.34,3.2,5.56,90.37,4.42,10.63,255.59,12.01,0,38.42,1,0,0,0,0,1
2754,16,0.5,2.37,6.67,74.45,1.11,3.84,312.18,1.92,1,58.64,0,1,0,0,0,1
2755,19,0.65,2.62,4.12,86.51,2.06,1.78,309.56,2.79,1,62.45,0,1,0,0,0,1
2756,16,2.39,8.23,7.96,62.95,1.89,6.57,305.37,2.61,1,92.18,0,1,0,0,0,1
2757,17,4.11,6.22,7.1,71.46,0.45,9.05,251.15,12.66,1,85.83020035636137,1,0,0,1,0,0
2758,20,3.25,9.6,4.96,76.99,2.12,5.03,279.22,10.24,2,83.56,0,1,0,0,0,1
2759,23,0.36,3.08,5.08,94.29,2.4,5.82,315.02,7.18,1,68.37,0,1,0,0,1,0
2760,23,7.66,5.37,5.31,82.54,0.13,9.57,220.11,19.22,0,38.12,1,0,0,0,0,1
2761,18,7.62,9.8,6.88,61.81,2.44,10.73,242.3,21.62,0,77.83318092658962,0,1,0,0,1,0
2762,19,2.23,8.44,6.74,92.07,0.47,5.87,284.14,6.74,1,98.32,0,1,0,0,0,1
2763,21,5.85,7.56,5.37,62.18,4.46,8.42,240.82,14.6,2,72.87769897681379,1,0,0,0,0,1
2764,18,4.63,2.7,7.47,97.37,3.25,8.13,239.72,10.51,1,49.19,0,1,0,0,1,0
2765,17,1.9,7.92,8.45,68.47,0.28,6.49,308.31,7.42,1,100.0,0,1,0,1,0,0
2766,21,2.1,4.13,4.22,79.52,4.14,6.67,291.51,6.76,1,60.22760500552311,0,1,0,0,1,0
2767,20,3.93,5.77,6.09,62.89,1.81,9.54,269.56,7.34,1,59.37,1,0,0,1,0,0
2768,20,3.35,6.48,6.97,82.47,1.13,8.66,277.67,6.35,1,80.58,1,0,0,0,1,0
2769,20,2.33,6.48,6.93,79.89,1.27,8.26,303.97,11.24,1,88.19,0,1,0,1,0,0
2770,20,6.46,7.54,4.1,76.41,2.99,10.44,258.61,15.22,2,57.753568789668726,1,0,0,0,0,1
2771,18,3.85,6.96,5.05,61.42,0.41,6.85,256.48,12.04,1,73.53,0,1,0,0,1,0
2772,22,5.24,1.62,4.31,95.16,0.29,7.44,252.49,10.45,0,36.53,1,0,0,0,1,0
2773,21,1.51,5.12,6.84,92.11,3.14,3.73,290.53,2.35,1,87.22,0,1,0,0,1,0
2774,19,4.27,6.98,7.23,85.32,4.91,6.02,266.52,9.24,1,73.41,1,0,0,0,1,0
2775,17,2.54,3.66,4.8,82.89,2.42,7.17,288.61,8.97,1,65.58,1,0,0,0,1,0
2776,24,4.21,3.82,5.67,87.8,2.07,8.48,252.29,13.34,1,56.98,1,0,0,0,1,0
2777,16,6.25,2.12,5.65,65.76,4.74,8.71,248.69,14.1,0,26.11,0,1,0,0,1,0
2778,19,6.15,4.77,8.1,97.31,1.2,11.61,241.71,16.34,0,56.32,0,1,0,0,0,1
2779,16,2.83,9.88,4.97,71.39,1.2,6.59,293.84,7.25,2,92.03,1,0,0,0,1,0
2780,21,5.55,3.57,6.74,86.26,4.53,6.9,253.7,14.69,0,44.98,0,1,0,0,0,1
2781,19,7.53,5.78,7.91,84.27,3.23,8.84,212.48,18.66,0,56.35,1,0,0,0,1,0
2782,20,5.01,7.69,8.15,85.46,0.27,6.73,266.03,9.31,0,100.23528649522476,1,0,0,1,0,0
2783,20,1.19,1.12,7.33,95.16,3.37,3.25,292.32,4.18,1,66.22,1,0,0,0,0,1
2784,24,5.44,9.1,5.5,71.84,4.1,10.88,242.41,11.61,2,79.59380363842534,0,1,0,0,0,1
2785,16,0.84,4.48,8.12,89.96,1.37,5.73,306.75,5.76,1,88.76,1,0,0,0,1,0
2786,17,6.98,8.82,7.71,83.94,1.91,8.99,233.39,14.18,0,81.87589181377322,1,0,0,0,0,1
2787,21,4.13,1.35,7.52,63.04,0.99,6.37,252.91,7.79,1,34.47,1,0,0,0,1,0
2788,20,3.08,2.31,4.34,76.57,3.17,7.26,281.56,4.17,1,48.36295716678066,0,1,0,1,0,0
2789,22,0.46,3.9,4.22,93.52,3.32,5.82,313.59,5.77,1,78.68,0,1,0,1,0,0
2790,18,3.05,4.11,7.48,72.61,0.34,5.63,282.12,7.78,1,65.67,0,1,0,0,0,1
2791,18,7.23,8.63,8.72,79.29,3.39,10.86,216.36,16.78,0,80.98226752360662,0,1,0,1,0,0
2792,17,0.17,1.1,7.87,79.55,3.29,5.62,319.4,4.73,1,64.53,1,0,0,0,0,1
2793,18,3.8,6.77,8.16,84.72,0.18,8.65,280.6,8.5,1,81.07,1,0,0,0,1,0
2794,16,7.45,2.18,6.72,95.36,2.78,12.91,217.13,15.79,0,31.73,0,1,0,1,0,0
2795,20,3.16,8.41,5.52,66.94,3.07,5.55,271.32,8.61,2,83.28,1,0,0,0,1,0
2796,20,3.43,8.01,7.39,80.18,2.15,7.88,286.71,11.4,1,94.6,0,1,0,0,0,1
2797,22,4.63,5.5,7.56,76.97,4.51,6.2,280.24,11.11,1,66.84054471557441,0,1,0,0,1,0
2798,19,3.7,2.91,7.38,71.84,1.64,7.78,273.94,12.65,1,56.07,0,1,0,0,1,0
2799,18,1.35,6.71,8.73,96.78,0.34,3.87,299.3,5.09,1,100.0,0,1,0,0,0,1
2800,16,0.15,2.41,5.84,60.33,3.36,4.66,320.18,3.57,1,48.72,1,0,0,0,1,0
2801,23,4.88,2.71,4.2,64.88,3.03,6.59,275.0,12.26,1,29.63,0,1,0,0,0,1
2802,18,7.37,6.64,8.54,89.33,4.95,11.7,223.06,16.44,0,62.75,1,0,0,0,0,1
2803,17,0.85,9.92,4.8,70.54,1.16,5.39,304.96,1.49,2,98.57,0,1,0,1,0,0
2804,19,1.69,9.02,7.49,88.93,1.98,6.98,294.62,6.06,1,100.0,1,0,0,0,1,0
2805,18,2.96,6.34,8.37,93.29,2.31,7.4,270.31,9.57,1,89.25,0,1,0,1,0,0
2806,16,6.47,5.85,5.55,70.18,4.31,10.08,250.89,13.03,0,43.11,0,1,0,1,0,0
2807,18,2.15,9.99,8.15,67.68,2.07,7.07,296.81,3.95,1,100.0,0,1,0,0,1,0
2808,17,7.06,5.93,5.66,65.81,3.86,9.48,215.11,13.88,0,42.09,0,1,0,1,0,0
2809,23,0.44,4.78,7.97,68.0,0.78,4.83,314.61,5.75,1,81.93,0,1,0,0,1,0
2810,21,7.53,9.19,4.35,70.69,2.05,12.15,246.26,18.36,2,69.40010862943153,1,0,0,0,1,0
2811,24,4.49,3.11,7.28,94.75,0.77,7.45,268.87,10.21,1,55.6,1,0,0,0,1,0
2812,23,5.27,1.88,7.39,90.8,4.75,11.21,272.8,11.57,0,41.24,1,0,0,1,0,0
2813,18,2.94,6.71,6.46,60.07,0.89,5.72,279.12,7.82,1,73.88,1,0,0,0,1,0
2814,20,6.26,1.86,7.44,94.96,2.1,7.68,254.54,13.6,0,36.48,0,1,0,0,1,0
2815,22,1.33,4.36,8.62,63.15,0.41,3.85,317.19,4.83,1,78.43,0,1,0,0,0,1
2816,20,0.39,4.81,7.67,86.21,4.61,1.89,314.59,6.54,1,83.77,0,0,1,0,1,0
2817,23,3.16,5.93,8.81,66.06,3.12,5.86,277.97,8.66,1,82.8927068041039,1,0,0,0,0,1
2818,20,6.83,9.92,6.24,62.49,4.81,8.47,249.04,13.09,0,82.15862050201862,1,0,0,0,1,0
2819,16,6.04,2.99,6.64,90.39,0.21,9.24,252.92,10.91,0,45.95,1,0,0,0,1,0
2820,20,4.14,4.38,5.32,78.69,0.87,9.03,279.86,9.61,1,56.81,0,1,0,0,0,1
2821,19,4.58,2.19,8.93,83.96,1.9,5.92,269.17,8.92,1,58.72,0,1,0,0,0,1
2822,21,1.04,6.47,4.28,77.01,3.11,4.86,306.72,5.65,1,85.85,0,1,0,1,0,0
2823,18,6.73,7.55,5.79,62.69,1.65,7.95,238.35,12.83,2,59.58288194216652,0,1,0,0,0,1
2824,20,6.3,5.34,5.49,89.58,3.56,11.72,240.85,13.33,0,56.71,0,1,0,1,0,0
2825,17,5.25,3.21,5.93,92.81,0.83,10.86,261.0,14.38,0,51.11,0,1,0,0,1,0
2826,21,3.73,6.59,8.59,61.66,3.0,7.19,273.47,7.95,1,68.44,1,0,0,0,0,1
2827,21,7.72,5.85,5.84,75.03,1.99,12.57,229.89,19.02,0,34.27,1,0,0,0,0,1
2828,20,7.03,2.54,8.58,82.29,2.54,10.99,227.71,14.35,0,30.8,1,0,0,1,0,0
2829,21,5.16,4.65,6.12,84.21,2.85,7.86,249.56,10.73,0,56.37,1,0,0,1,0,0
2830,22,2.97,4.92,8.27,83.13,0.3,5.2,290.2,5.89,1,74.63,0,1,0,0,0,1
2831,20,4.94,9.84,6.61,87.72,4.62,9.73,264.6,13.1,1,89.96,0,1,0,0,1,0
2832,16,4.6,8.64,5.56,98.67,3.93,7.75,260.5,10.49,2,92.62,1,0,0,1,0,0
2833,23,3.15,7.61,6.25,75.62,2.21,8.75,295.97,6.66,1,89.39,0,1,0,0,1,0
2834,19,2.45,9.0,6.12,82.26,2.74,8.33,282.39,5.23,1,90.7,0,1,0,0,1,0
2835,24,3.26,7.62,5.3,87.96,0.16,5.31,285.25,6.91,2,89.08710313742662,0,1,0,0,0,1
2836,21,4.59,9.13,5.45,83.7,2.49,8.4,269.5,8.25,2,91.16,0,1,0,0,1,0
2837,16,3.43,1.49,4.93,75.47,2.13,7.11,279.37,7.87,1,34.02,1,0,0,0,1,0
2838,18,2.11,5.1,5.68,84.96,1.87,7.45,307.34,7.4,1,77.52,0,1,0,1,0,0
2839,18,6.09,7.72,7.12,86.0,4.08,10.54,263.19,12.04,0,83.47853300893276,1,0,0,0,1,0
2840,19,4.25,6.25,5.93,83.4,0.91,8.29,257.49,12.22,1,64.01,1,0,0,1,0,0
2841,21,0.54,2.58,7.56,68.2,0.88,4.94,290.77,6.05,1,72.96,0,1,0,0,1,0
2842,22,2.95,4.06,8.93,80.24,2.61,5.9,279.71,9.54,1,71.88,0,1,0,0,1,0
2843,19,7.08,3.86,5.89,95.37,3.44,12.88,225.21,18.4,0,36.91,0,1,0,0,1,0
2844,21,6.04,3.35,6.31,94.74,0.11,7.33,243.15,13.57,0,42.3,0,1,0,0,0,1
2845,16,2.59,4.09,4.82,90.03,2.73,3.74,307.12,6.23,1,67.76,1,0,0,0,1,0
2846,23,7.51,5.63,5.96,87.89,1.49,10.59,256.85,17.3,0,47.74,1,0,0,1,0,0
2847,22,0.61,8.69,7.63,66.13,3.78,2.38,303.2,0.9,1,97.84,1,0,0,0,0,1
2848,24,7.69,7.68,5.09,78.38,2.34,11.41,229.96,17.19,2,58.15265903542986,0,1,0,0,0,1
2849,18,1.97,8.52,4.91,64.44,4.17,3.02,298.38,4.76,2,91.41,1,0,0,0,1,0
2850,17,0.07,8.95,5.88,92.69,1.98,3.37,322.62,3.07,2,100.0,1,0,0,0,1,0
2851,16,3.47,4.75,8.09,71.64,4.14,5.94,264.66,4.99,1,66.39,1,0,0,0,0,1
2852,18,2.87,4.11,7.12,90.67,3.58,4.88,297.92,7.17,1,77.53,1,0,0,1,0,0
2853,20,4.31,1.52,8.79,92.58,4.14,7.53,277.3,12.35,1,58.23,1,0,0,0,0,1
2854,17,6.37,9.37,8.52,95.7,4.06,11.64,238.76,14.17,0,91.47527535833684,1,0,0,0,0,1
2855,18,6.74,1.59,4.76,90.15,2.43,11.02,251.43,15.4,0,23.05,1,0,0,1,0,0
2856,19,3.21,7.67,4.21,82.59,1.84,5.01,267.06,3.59,2,78.58,0,1,0,0,1,0
2857,22,3.44,4.4,6.0,83.93,3.83,6.93,261.79,8.76,1,59.27,1,0,0,0,1,0
2858,18,1.19,9.54,6.61,72.82,1.81,6.85,308.37,2.23,1,100.0,0,1,0,0,0,1
2859,24,0.38,4.78,6.58,67.08,0.45,3.58,319.75,1.25,1,74.67,0,1,0,0,1,0
2860,23,5.13,8.35,4.67,65.23,4.29,8.48,256.8,11.84,2,66.74304018708538,0,0,1,1,0,0
2861,19,0.52,3.54,4.62,67.28,1.99,6.23,324.83,2.68,1,43.17,1,0,0,0,0,1
2862,16,5.87,3.69,4.23,97.36,0.66,7.55,242.99,12.25,0,50.07,0,1,0,0,1,0
2863,16,4.31,6.36,8.25,66.58,3.23,8.99,280.32,11.71,1,72.62,0,1,0,0,1,0
2864,16,1.59,9.98,8.74,88.95,4.45,4.09,308.8,4.35,1,100.0,0,1,0,0,0,1
2865,16,4.32,5.66,4.58,67.39,4.3,9.65,286.79,11.59,1,49.41,1,0,0,0,0,1
2866,23,1.46,9.43,5.07,99.01,2.77,2.73,284.75,-0.18,2,100.0,1,0,0,1,0,0
2867,18,3.51,8.08,4.45,74.66,0.44,9.46,273.02,9.68,2,86.37,1,0,0,0,0,1
2868,21,6.4,8.16,8.39,76.49,3.48,11.24,234.14,10.78,0,94.62021725862692,1,0,0,0,0,1
2869,18,3.7,4.92,8.79,76.18,3.04,6.12,283.37,7.82,1,64.02,0,1,0,0,1,0
2870,20,1.19,4.48,5.31,92.66,1.05,5.99,321.45,8.46,1,78.61,1,0,0,0,1,0
2871,22,5.79,2.73,5.52,68.73,4.5,11.4,246.8,16.26,0,40.56,0,1,0,0,0,1
2872,17,1.49,9.68,5.81,93.24,0.43,3.05,308.11,0.9,2,107.03805592220802,1,0,0,1,0,0
2873,21,5.91,9.63,6.51,86.28,1.87,11.48,263.52,13.52,0,98.85193594769356,1,0,0,0,0,1
2874,21,3.83,7.72,7.41,68.81,0.47,6.63,277.3,8.71,1,80.76,1,0,0,0,0,1
2875,18,3.63,3.67,6.52,62.62,4.56,4.66,283.45,8.79,1,55.63,0,1,0,0,0,1
2876,21,6.81,3.21,8.76,91.0,0.18,8.37,218.45,16.1,0,53.29,0,1,0,0,0,1
2877,20,5.67,9.9,4.5,68.76,2.13,11.09,267.62,17.31,2,80.13305869729906,0,1,0,0,1,0
2878,17,0.26,1.6,7.99,95.56,4.31,6.17,313.89,1.57,1,63.88,1,0,0,1,0,0
2879,24,2.37,8.59,5.67,65.19,1.26,7.85,318.26,7.92,2,83.33,0,1,0,0,0,1
2880,23,6.97,4.2,5.89,84.65,0.53,10.18,227.85,12.02,0,41.22,0,1,0,0,1,0
2881,18,0.15,4.77,7.54,87.69,0.64,5.96,322.95,4.02,1,84.63,0,1,0,0,0,1
2882,23,4.36,8.49,8.65,86.31,2.02,7.39,275.94,11.22,1,90.5,1,0,0,0,1,0
2883,24,5.82,1.82,7.58,72.64,2.14,7.39,225.14,12.47,0,29.5,0,1,0,0,0,1
2884,18,4.97,4.19,7.88,95.02,3.59,7.67,278.13,12.6,1,58.02,1,0,0,0,0,1
2885,18,6.08,9.57,7.75,90.79,1.19,12.07,254.47,13.43,0,88.61792038840149,1,0,0,0,1,0
2886,17,5.81,7.29,5.6,80.41,3.51,9.94,235.34,11.05,2,73.41231660172447,1,0,0,1,0,0
2887,23,5.54,7.79,7.78,84.13,4.99,8.24,257.22,10.53,0,92.72324036280374,0,1,0,0,0,1
2888,16,6.57,7.82,7.92,82.65,4.32,10.69,244.8,15.94,0,84.12232028447713,0,1,0,1,0,0
2889,23,5.17,1.55,6.67,97.87,3.18,8.32,256.62,14.54,0,42.62,0,1,0,1,0,0
2890,22,3.22,2.83,6.68,95.86,4.7,4.47,275.4,5.35,1,64.75,0,1,0,0,0,1
2891,22,3.78,5.42,7.8,69.42,4.96,5.79,273.96,7.2,1,65.74,0,1,0,0,1,0
2892,18,5.73,4.31,8.09,70.51,2.85,6.83,259.85,12.24,0,60.02,1,0,0,1,0,0
2893,16,7.01,4.7,5.69,99.26,1.37,9.28,244.09,22.05,0,34.82,0,1,0,0,0,1
2894,19,2.18,8.03,8.01,69.46,4.57,6.88,293.92,5.81,1,92.99,1,0,0,0,0,1
2895,24,2.74,1.13,8.07,98.14,4.22,4.71,289.41,8.39,1,57.31,0,1,0,0,1,0
2896,20,7.45,6.94,5.17,85.99,0.42,11.09,229.33,16.36,0,43.5,1,0,0,0,0,1
2897,16,4.63,1.0,7.58,62.0,4.68,9.14,254.71,10.43,1,23.97,1,0,0,0,1,0
2898,20,1.43,1.57,4.93,73.43,1.83,5.17,302.27,2.07,1,58.82,1,0,0,0,1,0
2899,23,5.31,4.67,4.47,79.05,1.61,6.39,248.93,10.55,0,49.29,1,0,0,1,0,0
2900,23,7.93,8.57,6.87,93.32,1.72,10.75,214.88,18.97,0,77.98478069453441,1,0,0,0,0,1
2901,20,6.59,2.3,8.54,73.14,1.6,9.8,216.73,13.05,0,32.44,1,0,0,0,0,1
2902,24,5.97,5.99,4.18,72.42,2.58,8.68,244.27,13.49,0,42.68,0,1,0,0,0,1
2903,16,1.66,7.11,8.13,96.81,2.9,5.39,307.93,3.48,1,100.0,1,0,0,0,1,0
2904,19,7.01,3.07,6.53,63.16,2.13,10.58,248.11,14.97,0,25.17,0,1,0,1,0,0
2905,18,4.21,5.61,8.3,82.06,2.06,6.15,273.94,6.36,1,78.18,0,1,0,0,1,0
2906,17,7.11,9.2,8.22,80.17,3.69,11.87,221.72,21.24,0,82.56011356669995,0,1,0,1,0,0
2907,23,2.64,5.61,8.38,62.29,0.02,4.45,286.77,6.8,1,73.0,0,1,0,0,0,1
2908,22,0.5,2.42,7.84,63.51,4.73,3.79,302.45,1.99,1,64.96,0,1,0,0,1,0
2909,24,3.81,6.65,8.21,75.28,3.57,8.59,293.37,12.59,1,80.66,0,1,0,0,1,0
2910,17,2.16,6.33,4.88,65.37,3.54,6.65,290.21,6.38,1,73.28,0,1,0,1,0,0
2911,19,5.72,1.24,5.52,79.12,2.11,8.88,246.42,13.94,0,32.84,1,0,0,0,0,1
2912,21,7.66,1.82,5.21,84.36,4.83,12.6,237.31,20.91,0,12.63,0,1,0,0,0,1
2913,18,5.53,2.41,7.71,87.66,0.0,10.1,253.25,16.29,0,50.25,1,0,0,0,1,0
2914,23,7.1,2.23,4.77,81.86,0.38,10.02,245.52,13.37,0,19.89,0,1,0,1,0,0
2915,18,3.62,3.34,4.91,75.19,4.02,9.1,265.33,10.01,1,53.58,1,0,0,0,1,0
2916,17,6.17,5.09,8.39,65.19,3.69,7.88,246.85,15.75,0,66.58686502259286,1,0,0,0,0,1
2917,18,6.74,4.35,7.53,69.9,1.36,9.53,244.19,12.71,0,38.41,1,0,0,0,1,0
2918,21,5.69,9.02,8.38,76.78,2.97,10.18,225.54,13.11,0,107.0071413410642,1,0,0,0,1,0
2919,17,4.06,6.51,4.7,96.96,2.66,9.42,264.45,10.21,1,71.49,0,1,0,0,0,1
2920,23,5.01,8.89,5.99,68.1,2.64,7.62,253.74,12.33,2,76.49782381203988,0,0,1,0,1,0
2921,16,5.6,5.74,5.42,76.53,2.98,9.41,253.35,14.71,0,46.88,1,0,0,1,0,0
2922,22,2.02,1.81,4.05,89.29,4.97,3.08,292.66,6.87,1,55.47,1,0,0,0,0,1
2923,17,6.48,5.17,5.42,88.21,4.94,9.33,245.2,14.55,0,52.74,1,0,0,1,0,0
2924,21,7.6,8.4,5.9,98.62,4.91,10.25,226.46,14.44,2,78.15649158375106,0,1,0,0,1,0
2925,17,3.72,2.75,4.46,67.64,2.74,8.93,286.83,9.34,1,37.58,1,0,0,0,1,0
2926,17,5.61,1.82,6.83,60.66,1.59,6.98,273.79,9.79,0,27.99,0,1,0,0,0,1
2927,23,5.9,3.96,5.92,72.89,2.8,7.21,234.19,11.09,0,32.77,1,0,0,0,1,0
2928,17,5.3,4.5,4.23,65.99,3.11,8.51,256.65,13.62,0,37.85,0,1,0,0,0,1
2929,22,4.38,3.76,7.52,81.94,1.56,7.42,278.3,7.41,1,59.74,1,0,0,0,0,1
2930,18,7.05,2.22,7.65,95.95,3.16,8.86,228.37,13.9,0,42.77,0,1,0,1,0,0
2931,23,3.59,3.26,8.17,87.53,3.11,5.91,279.72,10.12,1,63.52,0,1,0,0,1,0
2932,22,0.49,7.14,6.43,65.43,4.52,6.36,310.32,5.28,1,85.83,1,0,0,1,0,0
2933,23,6.76,4.47,8.84,64.64,1.19,10.33,228.85,13.7,0,47.87,1,0,0,0,0,1
2934,22,5.39,6.69,8.57,96.46,3.49,6.83,245.15,9.7,0,82.58,1,0,0,0,0,1
2935,21,6.79,5.83,6.76,79.5,2.25,8.04,213.81,17.36,0,58.25,0,1,0,0,1,0
2936,22,1.11,5.94,6.22,96.95,0.65,2.32,308.34,3.57,1,88.77,0,1,0,0,0,1
2937,20,0.25,3.24,4.02,89.45,1.58,3.2,319.32,0.35,1,61.25,1,0,0,1,0,0
2938,22,7.47,5.69,7.55,99.73,0.29,12.8,220.84,17.52,0,59.82748611356174,0,0,1,1,0,0
2939,16,1.18,1.21,6.82,94.85,1.6,6.34,303.04,7.11,1,64.1,1,0,0,0,1,0
2940,16,6.48,4.89,8.69,76.57,0.35,9.32,227.82,12.59,0,50.98,0,1,0,0,0,1
2941,24,6.59,6.15,6.97,90.33,4.63,11.46,246.25,13.79,0,56.76,1,0,0,0,1,0
2942,20,5.67,2.64,8.96,78.85,0.51,10.43,247.95,14.16,0,47.24520354223039,0,1,0,1,0,0
2943,20,1.05,3.31,8.27,69.32,4.09,4.46,315.11,1.1,1,73.55,1,0,0,0,0,1
2944,18,5.34,2.98,8.77,69.64,4.53,8.36,252.7,10.84,0,43.01,0,1,0,1,0,0
2945,20,7.11,1.64,5.64,75.89,2.34,9.01,224.8,14.3,0,17.31,0,1,0,0,0,1
2946,18,3.4,4.13,4.75,64.46,0.27,5.79,273.84,2.68,1,48.62,1,0,0,0,1,0
2947,24,3.31,9.81,7.98,67.11,2.98,6.0,295.36,8.13,1,96.14,1,0,0,0,0,1
2948,24,3.54,4.18,7.93,80.02,1.17,8.6,298.48,10.84,1,67.56,0,1,0,0,1,0
2949,21,0.66,5.14,5.06,98.16,0.88,4.42,297.01,7.1,1,67.09,0,1,0,0,1,0
2950,16,7.14,6.88,7.82,83.11,2.83,9.14,243.38,16.47,0,57.75,0,1,0,0,1,0
2951,22,6.95,6.84,6.91,76.34,1.78,8.43,225.52,12.59,0,55.91,1,0,0,1,0,0
2952,22,7.98,9.55,4.55,69.71,3.65,11.46,216.64,16.8,2,64.48548630712503,0,1,0,0,1,0
2953,19,4.68,8.72,6.51,67.84,2.96,9.01,265.93,15.25,1,81.51,0,1,0,1,0,0
2954,23,6.01,8.15,8.66,86.34,4.15,11.1,252.77,15.47,0,94.06098016059136,1,0,0,0,1,0
2955,21,1.62,9.56,6.53,93.93,0.29,6.61,293.28,7.83,1,100.0,1,0,0,1,0,0
2956,19,5.34,3.08,7.94,75.95,1.17,10.46,262.02,12.09,0,53.58,1,0,0,1,0,0
2957,19,5.2,6.55,4.14,82.03,2.83,8.44,269.44,11.59,0,64.31082842886778,1,0,0,0,1,0
2958,17,7.21,8.98,7.64,88.27,4.4,12.54,240.76,16.95,0,75.51643136050814,1,0,0,1,0,0
2959,17,6.65,6.62,8.73,62.33,4.07,9.87,230.54,16.75,0,68.91816468504278,1,0,0,1,0,0
2960,19,7.51,9.8,6.5,74.04,3.4,9.35,225.43,15.08,0,90.12798407487033,1,0,0,0,1,0
2961,20,6.95,1.9,5.69,89.19,2.87,9.94,245.35,16.6,0,32.074743655960816,1,0,0,1,0,0
2962,23,6.95,4.95,7.23,87.38,3.16,9.65,252.11,15.25,0,53.70876744169692,0,1,0,0,1,0
2963,21,0.51,9.8,8.58,62.13,1.07,3.47,301.17,0.07,1,100.0,0,0,1,0,1,0
2964,19,6.77,4.42,4.88,69.51,2.98,11.06,241.79,15.68,0,30.57,0,1,0,0,0,1
2965,22,4.86,7.66,6.02,87.2,2.47,9.14,269.02,14.07,1,70.81,0,1,0,0,1,0
2966,23,3.04,1.27,4.78,70.86,1.92,5.16,269.55,7.15,1,53.933715912128825,0,1,0,0,1,0
2967,17,0.45,7.25,6.48,92.58,4.44,3.03,324.79,1.53,1,97.30683781817638,0,1,0,1,0,0
2968,22,5.42,9.41,6.7,61.18,4.15,9.4,276.11,15.68,0,90.9531923968591,0,0,1,1,0,0
2969,17,2.63,4.44,8.72,67.61,0.38,4.05,295.08,6.75,1,72.95,1,0,0,1,0,0
2970,17,3.74,1.19,6.06,71.25,4.93,8.18,280.78,6.94,1,34.12,1,0,0,0,0,1
2971,23,5.45,1.25,6.83,97.01,1.15,7.34,247.09,11.27,0,31.89,1,0,0,1,0,0
2972,17,7.29,9.03,8.43,91.85,1.08,12.54,227.62,17.74,0,83.9737330656425,1,0,0,0,1,0
2973,24,6.6,7.5,5.61,95.37,4.72,9.61,234.33,15.18,2,73.71816953566093,0,1,0,1,0,0
2974,16,3.6,1.96,7.37,77.62,2.22,5.7,267.96,9.27,1,56.1,1,0,0,0,1,0
2975,24,3.1,1.49,7.79,92.9,4.03,7.44,280.38,8.05,1,53.2,1,0,0,1,0,0
2976,16,1.92,8.24,5.65,94.14,1.44,5.69,300.05,5.3,2,96.04,0,1,0,0,0,1
2977,17,2.98,8.29,4.82,76.0,4.37,4.84,275.66,6.92,2,89.16,1,0,0,1,0,0
2978,21,0.89,2.08,6.51,99.78,4.16,6.03,305.85,5.94,1,64.44,0,1,0,1,0,0
2979,21,7.77,3.71,5.78,94.05,2.6,11.04,229.95,15.81,0,28.61,0,1,0,1,0,0
2980,16,4.59,8.02,5.33,98.96,3.53,6.35,243.75,9.92,2,85.55,0,1,0,0,0,1
2981,22,1.02,5.73,8.87,94.66,4.82,6.0,317.25,5.03,1,98.9715185926912,0,1,0,1,0,0
2982,23,2.82,9.61,6.51,91.05,2.26,4.49,288.29,5.4,1,95.54,1,0,0,1,0,0
2983,17,4.38,5.33,8.28,97.75,2.47,10.22,269.71,12.6,1,83.05,1,0,0,0,1,0
2984,23,4.26,7.09,4.98,76.79,3.61,7.47,280.44,10.82,2,64.9,0,1,0,0,0,1
2985,24,0.28,5.59,8.7,91.33,1.93,4.92,326.02,-1.26,1,92.77,1,0,0,0,1,0
2986,21,7.61,9.49,7.97,68.52,4.81,10.87,234.75,16.92,0,73.71778697457705,1,0,0,1,0,0
2987,20,2.2,4.59,8.04,89.31,0.2,4.14,296.4,8.2,1,78.37,0,1,0,0,1,0
2988,24,0.13,3.07,5.95,91.41,2.02,4.92,318.34,5.65,1,67.25,0,1,0,1,0,0
2989,24,0.61,3.94,6.43,88.66,3.57,3.06,306.87,3.81,1,75.72,0,0,1,0,0,1
2990,16,4.64,8.67,6.97,93.99,2.15,9.05,254.71,14.03,1,94.37,1,0,0,0,1,0
2991,18,1.1,5.48,7.95,76.53,1.3,3.39,310.67,3.04,1,86.31,0,0,1,1,0,0
2992,24,0.33,4.19,8.25,81.79,2.07,2.54,319.98,2.9,1,79.34,0,1,0,0,1,0
2993,17,3.04,5.9,4.39,60.43,4.41,6.33,284.93,8.05,1,60.65,1,0,0,0,0,1
2994,19,4.98,2.2,8.52,65.84,2.74,10.06,246.8,13.84,1,52.66,0,1,0,1,0,0
2995,19,0.89,1.05,8.69,85.77,1.68,4.96,282.77,7.5,1,63.63,0,1,0,0,1,0
2996,17,2.51,3.53,6.96,82.49,3.36,3.83,290.44,7.68,1,61.32,1,0,0,0,0,1
2997,18,3.34,6.45,4.93,67.89,3.06,8.01,261.58,8.33,1,56.48,0,1,0,1,0,0
2998,18,1.28,7.41,8.09,69.74,2.8,5.18,307.82,7.67,1,102.85733247061324,0,1,0,1,0,0
2999,16,4.05,8.44,6.74,73.76,1.96,8.17,290.89,10.66,1,79.09,0,1,0,0,1,0
3000,21,0.68,9.34,8.09,88.66,0.36,3.45,315.15,4.05,1,100.0,0,1,0,0,1,0
3001,23,0.37,4.71,8.07,84.39,3.1,4.15,311.19,2.16,1,85.76,1,0,0,0,0,1
3002,18,4.16,7.66,4.43,62.78,2.1,7.02,259.62,11.22,2,64.23,1,0,0,0,0,1
3003,20,1.98,1.67,7.04,90.4,2.14,3.39,290.47,5.46,1,71.86,0,1,0,0,0,1
3004,16,0.76,1.52,6.42,70.51,1.17,5.98,310.51,6.39,1,55.71,0,1,0,0,1,0
3005,22,3.39,2.12,8.73,86.87,1.25,7.78,290.05,7.97,1,66.26,0,1,0,0,0,1
3006,16,7.32,5.04,5.48,64.93,3.94,11.67,233.56,18.72,0,31.17,1,0,0,1,0,0
3007,24,5.79,2.9,5.03,99.92,2.4,7.76,247.6,7.69,0,43.95173107201608,0,1,0,0,1,0
3008,23,6.52,3.58,8.49,63.21,0.55,10.84,248.49,13.97,0,44.2,1,0,0,0,1,0
3009,22,6.98,6.83,4.74,89.67,0.23,9.14,251.0,12.35,0,44.31,0,1,0,0,0,1
3010,22,7.78,4.23,7.43,81.65,1.12,12.22,229.78,18.45,0,41.98,0,1,0,0,1,0
3011,20,6.11,6.02,5.5,63.44,2.44,8.78,248.59,15.48,0,43.21,1,0,0,0,0,1
3012,20,4.87,4.71,6.84,61.07,3.09,6.66,244.96,10.62,1,56.15,1,0,0,0,1,0
3013,20,2.92,2.52,7.08,74.51,0.72,8.45,271.34,11.32,1,57.69,0,1,0,0,1,0
3014,16,1.45,1.67,6.09,92.09,2.17,2.97,287.7,2.11,1,58.66,1,0,0,0,0,1
3015,23,5.49,3.13,8.87,61.65,0.36,10.3,252.21,10.58,0,53.08,1,0,0,0,1,0
3016,16,7.96,1.52,4.66,88.18,0.19,9.47,216.14,18.12,0,18.9,1,0,0,1,0,0
3017,19,3.74,6.57,5.96,86.22,4.32,8.16,270.16,12.03,1,70.91,1,0,0,1,0,0
3018,24,5.79,8.16,6.15,70.62,3.29,7.34,242.06,12.57,0,76.32204055668582,1,0,0,0,0,1
3019,24,3.96,4.06,7.16,63.1,3.91,7.5,264.9,13.33,1,56.51,0,0,1,0,0,1
3020,20,3.46,4.48,6.04,96.61,0.91,5.4,259.94,8.91,1,71.49,0,1,0,0,1,0
3021,19,3.28,8.35,4.49,72.01,1.61,8.61,282.84,10.02,2,83.9,1,0,0,1,0,0
3022,18,4.04,3.0,8.74,64.46,2.22,7.05,278.52,8.72,1,54.27,0,1,0,0,0,1
3023,18,2.94,2.07,6.08,87.26,3.29,4.02,285.42,3.81,1,53.53,0,1,0,0,1,0
3024,20,5.99,5.51,5.71,68.67,2.67,10.13,251.77,13.52,0,45.42,0,1,0,0,1,0
3025,16,6.99,6.82,6.23,79.03,2.76,10.22,240.77,18.76,0,50.52,0,1,0,0,1,0
3026,20,7.06,6.4,5.08,62.02,0.78,12.36,239.53,17.15,0,37.15,1,0,0,0,1,0
3027,21,1.82,7.42,4.5,99.72,2.37,4.99,306.63,4.44,2,85.71,1,0,0,0,0,1
3028,22,7.17,1.51,4.74,77.9,4.12,10.23,245.87,14.06,0,17.31,1,0,0,1,0,0
3029,24,2.73,4.85,4.83,99.96,2.55,6.0,303.02,8.17,1,78.39419349277571,0,1,0,1,0,0
3030,18,2.47,3.15,4.99,75.43,1.0,7.77,271.1,5.34,1,61.35,0,1,0,0,0,1
3031,17,5.81,7.83,6.1,73.91,2.07,9.74,254.95,14.3,0,77.47747639876994,1,0,0,0,0,1
3032,18,2.44,8.85,7.12,96.58,3.77,6.79,278.62,6.13,1,100.0,0,1,0,0,1,0
3033,24,0.42,3.53,7.14,73.18,0.67,5.02,329.02,2.62,1,65.44,1,0,0,0,0,1
3034,22,2.99,1.86,4.0,77.28,2.9,8.68,284.78,10.11,1,49.34,1,0,0,0,1,0
3035,24,5.77,3.28,8.6,63.12,4.83,10.96,253.52,12.24,0,36.8,1,0,0,0,1,0
3036,17,2.62,1.94,8.11,98.22,1.9,8.26,289.73,8.07,1,63.35,1,0,0,0,0,1
3037,20,5.04,3.9,8.82,63.41,0.22,7.76,261.62,8.39,0,53.44,1,0,0,0,1,0
3038,19,5.28,5.84,5.8,90.85,3.17,7.35,273.11,11.37,0,57.99,0,1,0,0,1,0
3039,17,5.87,9.76,7.32,81.54,0.24,7.89,261.96,13.74,0,85.34892064554813,1,0,0,0,1,0
3040,24,7.18,4.59,4.84,62.46,0.96,12.47,249.88,18.59,0,21.05,0,1,0,0,1,0
3041,24,3.46,2.98,8.09,60.07,0.24,8.61,276.53,11.76,1,51.76,0,1,0,0,0,1
3042,21,1.33,2.5,4.81,97.42,0.85,5.58,282.79,6.1,1,65.14,0,1,0,0,1,0
3043,21,2.55,2.56,5.63,89.69,4.27,3.86,296.87,4.94,1,58.17,1,0,0,0,1,0
3044,23,3.46,2.73,6.45,87.46,3.67,6.05,267.32,4.59,1,52.92,0,1,0,0,1,0
3045,21,5.71,7.86,6.97,77.54,1.71,10.38,247.86,15.74,0,75.35149360478843,0,1,0,0,1,0
3046,16,0.1,1.55,6.8,69.54,4.49,2.34,318.18,0.27,1,52.09,0,1,0,1,0,0
3047,19,2.53,9.98,4.51,87.19,3.33,6.65,289.66,4.23,2,105.88278849745448,1,0,0,0,1,0
3048,22,6.24,5.7,6.11,84.33,2.24,9.95,251.56,18.08,0,53.0,1,0,0,0,1,0
3049,17,5.37,5.9,8.61,89.05,0.34,7.68,246.33,11.77,0,73.56,1,0,0,0,0,1
3050,24,5.85,4.22,8.36,74.63,3.65,11.52,256.07,15.51,0,50.14,1,0,0,0,1,0
3051,23,6.49,7.21,6.95,99.48,1.88,8.77,240.22,14.58,0,76.48063962776587,0,1,0,0,0,1
3052,23,6.27,5.24,6.86,62.68,1.51,11.74,270.78,15.25,0,46.19,0,1,0,0,1,0
3053,22,5.46,3.96,4.56,63.19,1.44,9.16,238.58,12.0,0,38.04,1,0,0,1,0,0
3054,19,3.52,3.39,5.0,96.68,0.04,4.98,279.03,6.6,1,51.7,0,1,0,1,0,0
3055,17,7.87,9.33,5.26,85.91,3.71,13.04,231.71,22.78,2,66.85916312853499,0,1,0,0,0,1
3056,18,4.55,3.62,6.44,73.05,0.73,9.51,261.29,8.66,1,43.86,0,1,0,1,0,0
3057,21,1.62,4.93,7.66,90.48,2.6,6.77,294.82,4.95,1,88.19547453164512,1,0,0,0,0,1
3058,20,2.34,4.15,6.3,78.11,0.08,6.53,305.17,4.99,1,63.64,0,1,0,1,0,0
3059,23,5.55,1.78,4.63,60.84,3.14,10.11,261.81,14.42,0,17.1,1,0,0,0,0,1
3060,21,7.4,2.67,6.2,86.04,1.85,12.94,223.21,16.74,0,30.37,0,1,0,0,1,0
3061,21,1.43,2.71,4.81,69.72,3.15,3.07,288.01,2.68,1,58.15,1,0,0,0,1,0
3062,16,0.66,7.24,7.76,64.61,0.45,2.08,317.96,3.31,1,99.12,0,1,0,0,1,0
3063,19,7.05,4.66,4.83,69.01,1.33,8.68,238.63,18.79,0,41.94590701798832,0,1,0,0,0,1
3064,20,7.32,8.04,6.41,79.05,0.55,12.67,237.87,15.65,0,68.83284538115231,0,1,0,0,1,0
3065,18,2.21,7.38,7.47,61.99,3.23,6.02,292.17,3.22,1,81.58381206586522,1,0,0,0,0,1
3066,24,3.02,2.73,5.14,95.33,0.54,4.9,292.35,7.11,1,57.03,0,1,0,0,1,0
3067,16,5.28,6.07,4.38,82.4,3.09,6.99,272.64,13.09,0,60.12,1,0,0,1,0,0
3068,21,2.64,7.69,6.82,71.72,0.67,5.87,303.62,6.46,1,89.52,1,0,0,0,0,1
3069,21,7.02,6.7,4.27,87.48,4.72,12.1,227.57,17.85,0,48.07,1,0,0,0,0,1
3070,20,0.86,6.4,6.94,92.17,2.08,5.89,334.68,3.14,1,90.98,0,1,0,0,0,1
3071,20,0.3,7.66,7.77,84.56,0.63,5.56,322.98,8.01,1,96.19,0,1,0,1,0,0
3072,20,1.67,1.51,5.65,68.1,0.21,6.51,285.7,6.99,1,55.9,0,1,0,0,1,0
3073,21,2.29,7.58,6.44,64.41,1.65,3.6,296.89,4.27,1,82.66,1,0,0,0,1,0
3074,23,0.9,3.45,8.64,94.4,4.46,5.5,311.5,2.6,1,83.43,1,0,0,1,0,0
3075,17,0.53,6.15,6.36,69.39,0.72,4.12,312.47,3.4,1,79.45,1,0,0,1,0,0
3076,21,6.04,3.18,8.98,60.8,3.95,10.67,245.49,15.74,0,53.55,1,0,0,0,0,1
3077,16,1.31,8.55,4.79,85.72,2.09,4.73,311.3,1.71,2,99.37,0,1,0,0,1,0
3078,19,7.31,5.33,7.54,66.12,4.01,10.73,239.34,16.35,0,40.55,0,1,0,0,1,0
3079,18,2.94,6.79,7.26,99.64,4.37,4.57,278.85,8.18,1,83.91,1,0,0,0,1,0
3080,24,5.36,8.15,8.36,94.79,4.99,10.89,250.32,14.15,0,95.80271171044356,0,1,0,1,0,0
3081,18,1.8,9.06,4.46,84.34,0.34,4.67,292.65,6.28,2,109.96747042038962,0,1,0,0,1,0
3082,21,1.92,7.59,5.4,93.35,3.98,5.83,295.21,8.78,2,91.91,1,0,0,0,0,1
3083,16,4.6,2.34,4.66,78.82,0.35,6.64,273.66,4.0,1,34.34,0,1,0,1,0,0
3084,21,4.49,8.69,8.67,91.54,1.57,7.33,278.15,10.84,1,102.47268269250172,1,0,0,0,1,0
3085,19,6.15,6.57,6.13,85.86,3.23,11.5,244.06,10.27,0,53.73,1,0,0,0,1,0
3086,23,6.06,6.49,8.55,61.15,2.24,8.11,258.27,13.05,0,60.2,1,0,0,0,1,0
3087,24,5.37,9.29,5.47,97.95,2.83,7.4,259.98,14.35,2,94.89047495646707,0,1,0,0,0,1
3088,19,3.59,3.24,4.63,94.44,4.83,5.89,278.25,8.07,1,47.65,0,1,0,0,1,0
3089,21,7.13,3.16,5.48,98.14,4.09,11.0,253.12,14.33,0,33.9,1,0,0,0,1,0
3090,16,4.98,5.62,6.99,89.25,1.82,8.58,263.53,13.41,1,60.11,0,1,0,0,1,0
3091,19,7.92,7.76,8.23,76.48,3.0,9.8,223.61,17.06,0,62.60290459944551,0,1,0,0,1,0
3092,22,6.55,5.03,5.93,68.28,0.24,11.01,249.76,15.71,0,42.68,0,1,0,0,1,0
3093,16,0.35,6.71,8.57,67.2,2.26,5.89,303.49,7.78,1,94.22,0,1,0,0,1,0
3094,23,2.56,5.07,5.22,65.8,3.04,4.55,287.09,3.1,1,59.67278645960547,0,1,0,0,1,0
3095,21,4.58,6.49,7.47,68.82,3.57,8.94,267.66,10.07,1,55.93,1,0,0,1,0,0
3096,20,5.77,8.4,7.68,82.03,4.51,9.7,257.95,14.26,0,87.93724714382297,0,1,0,0,1,0
3097,24,4.4,2.62,5.37,87.35,1.42,7.04,269.61,12.56,1,57.99048686466973,0,1,0,0,0,1
3098,17,6.29,7.26,4.13,72.56,4.51,10.38,231.63,12.7,2,58.78210018345473,1,0,0,0,0,1
3099,20,2.26,8.09,5.83,81.95,3.31,4.31,284.03,4.72,2,88.51,0,0,1,1,0,0
3100,21,1.47,5.02,4.23,73.65,0.39,6.64,298.05,5.39,1,74.96399576772056,0,1,0,0,1,0
3101,22,0.43,3.91,8.5,87.86,1.9,1.54,317.26,1.11,1,82.72,0,1,0,0,1,0
3102,20,4.59,1.12,8.77,99.54,2.38,8.43,251.95,12.49,1,54.92,1,0,0,1,0,0
3103,24,5.51,8.17,7.68,87.56,1.76,8.1,267.97,12.21,0,87.86319129292771,1,0,0,1,0,0
3104,16,2.61,3.95,7.63,62.36,0.58,8.02,291.81,9.22,1,66.36,1,0,0,0,1,0
3105,22,4.91,4.22,5.2,79.09,2.76,8.41,263.94,9.16,1,54.66,1,0,0,0,1,0
3106,22,0.42,4.02,4.37,90.82,0.66,5.43,313.23,3.63,1,63.47,0,1,0,1,0,0
3107,19,0.79,5.49,8.01,81.69,4.58,6.41,296.09,4.46,1,87.16,1,0,0,0,1,0
3108,24,5.61,7.32,6.8,98.04,4.33,8.28,253.59,14.24,0,77.39891483509163,0,1,0,1,0,0
3109,20,2.94,7.95,7.41,62.19,2.38,8.34,292.2,13.62,1,83.95,1,0,0,1,0,0
3110,19,5.37,4.53,7.9,71.65,0.34,10.0,254.03,14.97,0,54.88,1,0,0,0,1,0
3111,22,6.65,6.97,6.05,68.83,2.76,8.19,250.89,12.66,0,55.55284247678888,0,0,1,1,0,0
3112,19,6.82,7.49,4.72,90.7,2.96,8.34,237.54,15.67,2,61.441686813838615,0,1,0,0,0,1
3113,18,1.38,3.67,7.98,80.95,4.44,6.47,310.4,5.2,1,73.45,0,1,0,1,0,0
3114,24,3.89,1.87,6.27,65.53,0.34,7.23,272.21,8.77,1,42.83,1,0,0,0,0,1
3115,23,5.87,9.05,8.13,71.42,3.46,9.35,253.35,12.42,0,81.58429059016586,1,0,0,0,1,0
3116,16,6.19,7.09,6.19,80.91,2.81,11.65,254.4,13.95,0,78.37433301332348,1,0,0,1,0,0
3117,22,6.28,6.83,5.09,99.85,0.87,11.8,233.84,13.03,0,66.41104330405358,0,1,0,0,1,0
3118,24,1.83,1.53,4.86,74.57,0.61,3.39,304.51,1.85,1,55.58,0,1,0,1,0,0
3119,23,1.54,8.36,7.72,66.27,3.47,4.41,312.06,5.83,1,100.0,1,0,0,0,0,1
3120,23,4.72,6.09,6.87,79.88,1.7,10.2,285.26,11.47,1,68.71,0,1,0,0,1,0
3121,21,5.93,8.63,6.02,72.41,5.0,11.03,249.55,14.77,0,75.34655098184277,1,0,0,0,1,0
3122,19,2.55,9.77,6.46,82.64,4.47,7.16,268.41,5.67,1,100.0,0,1,0,1,0,0
3123,23,0.84,9.61,6.75,78.67,2.83,2.35,292.11,3.59,1,100.0,1,0,0,0,1,0
3124,18,5.73,8.7,5.2,87.58,3.21,9.84,242.37,12.11,2,85.20607497088425,1,0,0,1,0,0
3125,24,2.4,1.1,5.89,96.57,0.79,6.31,304.02,4.08,1,52.33,1,0,0,0,1,0
3126,17,1.33,8.97,5.46,68.02,4.47,3.17,326.01,6.72,2,96.83,0,1,0,0,0,1
3127,17,1.18,1.68,5.94,92.85,2.29,6.05,301.78,5.21,1,62.02,1,0,0,1,0,0
3128,22,2.52,8.66,6.5,97.97,2.61,5.08,290.29,5.7,1,100.0,0,1,0,0,1,0
3129,19,4.74,3.52,4.87,74.94,4.37,8.84,237.31,11.15,1,40.43,1,0,0,0,1,0
3130,23,2.87,6.49,5.97,64.55,0.03,5.68,292.07,6.43,1,70.39,0,1,0,1,0,0
3131,24,0.17,1.34,5.93,92.88,2.47,1.59,319.3,2.04,1,54.22,0,1,0,0,0,1
3132,22,0.78,7.94,5.43,88.04,3.13,4.4,308.14,0.28,2,104.23075426319204,0,1,0,1,0,0
3133,20,2.32,2.01,8.99,68.51,0.8,4.85,282.52,2.29,1,61.29,0,1,0,1,0,0
3134,23,5.28,4.7,4.37,77.81,0.34,6.64,253.12,11.47,0,42.36,0,0,1,0,0,1
3135,19,0.79,8.36,7.21,83.12,2.67,2.78,297.07,-0.91,1,97.34,0,1,0,1,0,0
3136,17,4.49,7.26,4.87,66.79,2.74,8.58,257.51,7.21,2,75.73,1,0,0,0,0,1
3137,21,0.96,1.05,8.2,88.6,1.65,2.47,295.77,4.48,1,48.72,0,0,1,0,0,1
3138,24,1.69,4.63,8.57,87.6,4.41,3.13,289.55,4.43,1,85.15,0,1,0,0,1,0
3139,16,1.38,1.38,6.01,95.49,1.51,7.1,291.89,5.98,1,60.31,1,0,0,1,0,0
3140,22,0.54,7.06,8.12,82.69,2.58,2.08,319.29,-0.39,1,100.0,0,1,0,1,0,0
3141,24,5.37,9.72,5.25,82.97,0.93,8.25,244.06,14.96,2,92.4104295367639,0,1,0,0,1,0
3142,24,3.71,6.9,4.7,84.78,0.06,5.38,274.96,10.27,1,72.25,0,1,0,0,0,1
3143,18,6.65,3.02,5.58,70.95,2.13,12.35,229.28,13.43,0,25.22,1,0,0,0,1,0
3144,20,0.79,4.2,5.71,90.34,2.63,4.2,299.99,3.07,1,82.96,0,1,0,0,0,1
3145,23,1.16,9.79,5.99,86.5,3.82,2.72,295.16,2.28,2,100.0,1,0,0,1,0,0
3146,23,2.45,3.02,5.86,93.57,2.24,7.29,300.38,7.23,1,58.71,1,0,0,0,1,0
3147,19,6.13,6.05,6.06,90.74,1.39,11.03,244.61,16.89,0,60.93,1,0,0,1,0,0
3148,16,2.45,4.6,7.55,85.54,3.02,7.96,283.13,6.89,1,74.56,0,1,0,0,1,0
3149,16,3.27,7.91,5.23,66.44,1.91,7.8,270.72,10.77,2,85.62,1,0,0,0,0,1
3150,19,2.41,8.81,4.09,96.77,1.17,3.68,277.64,1.99,2,97.53,1,0,0,0,0,1
3151,21,0.64,4.07,6.45,74.69,4.55,4.39,305.14,1.92,1,73.07,1,0,0,0,1,0
3152,23,7.52,6.94,6.24,98.57,2.68,10.44,215.39,15.7,0,53.74,1,0,0,0,0,1
3153,21,4.39,5.94,4.3,76.07,1.0,9.13,262.97,10.07,1,54.09,1,0,0,1,0,0
3154,24,6.3,3.51,4.67,65.84,3.35,10.25,237.32,14.62,0,32.28,0,1,0,0,1,0
3155,24,5.27,3.45,6.55,95.39,4.02,9.9,248.97,13.17,0,58.58,0,1,0,0,1,0
3156,17,4.11,5.85,5.17,91.8,3.79,6.01,283.06,9.63,1,65.2,0,1,0,0,0,1
3157,16,0.72,2.39,8.39,91.45,3.0,3.91,308.92,4.81,1,76.36,0,1,0,1,0,0
3158,17,5.14,8.3,4.87,63.58,2.6,8.3,256.5,13.33,2,73.26297762971119,0,1,0,1,0,0
3159,20,1.24,1.62,4.1,95.17,3.89,7.14,317.94,2.43,1,61.36,0,1,0,0,1,0
3160,19,3.32,1.85,6.24,83.86,3.54,4.42,266.57,7.49,1,45.23,0,1,0,1,0,0
3161,19,5.03,4.08,8.93,78.81,2.86,10.11,254.77,11.38,0,63.5,0,0,1,0,0,1
3162,24,6.26,2.06,7.17,96.53,3.29,7.75,229.39,14.9,0,49.89,0,1,0,0,1,0
3163,23,5.48,5.28,5.77,86.64,0.84,6.88,254.94,14.25,0,55.57,1,0,0,1,0,0
3164,21,5.37,4.6,4.08,65.32,0.1,8.01,261.63,13.74,0,40.9,1,0,0,0,1,0
3165,16,1.19,7.5,6.42,80.78,4.66,5.69,281.47,8.44,1,99.21,1,0,0,1,0,0
3166,17,2.77,9.58,5.03,85.46,4.68,7.16,295.36,9.24,2,96.79,1,0,0,1,0,0
3167,21,0.34,7.78,7.24,95.94,3.94,4.48,319.03,4.75,1,98.24,0,1,0,0,0,1
3168,17,5.76,2.62,6.92,71.2,1.86,10.63,251.24,12.37,0,47.35,0,1,0,0,0,1
3169,20,7.62,9.42,5.33,91.77,0.75,9.78,216.14,16.27,2,70.75083125593463,0,1,0,0,0,1
3170,20,2.11,4.53,4.34,91.99,1.79,6.28,302.4,7.68,1,68.73,0,1,0,0,1,0
3171,21,0.7,5.27,7.78,65.12,3.63,4.89,328.43,4.07,1,81.55,1,0,0,1,0,0
3172,21,3.8,4.79,6.93,60.69,1.68,8.07,270.33,7.91,1,64.57,1,0,0,1,0,0
3173,21,6.85,3.52,8.21,83.26,3.98,10.82,234.63,13.84,0,40.57,0,1,0,0,0,1
3174,17,4.42,9.06,5.3,91.58,3.37,6.53,267.19,6.27,2,77.91,0,1,0,1,0,0
3175,18,0.37,3.99,7.26,82.18,3.15,5.94,311.57,4.27,1,76.6,0,1,0,0,0,1
3176,21,7.79,6.21,4.59,92.53,4.65,13.67,224.74,16.46,0,42.29,0,1,0,0,0,1
3177,23,6.63,3.16,5.46,84.89,4.47,11.08,250.72,16.83,0,30.39,1,0,0,0,0,1
3178,16,1.05,8.18,7.28,86.13,3.56,4.27,306.74,5.16,1,100.0,0,1,0,0,1,0
3179,16,7.37,7.97,8.13,61.13,1.0,11.06,234.46,17.03,0,75.40025136887873,1,0,0,1,0,0
3180,17,3.61,3.67,5.6,63.54,4.69,5.15,297.01,8.78,1,45.13,0,1,0,1,0,0
3181,21,2.98,7.13,7.99,89.0,1.14,5.8,298.88,9.41,1,96.05,0,1,0,1,0,0
3182,24,3.69,7.33,7.39,90.51,1.86,9.57,265.25,12.62,1,84.95,1,0,0,0,0,1
3183,19,6.68,6.06,5.74,81.69,4.13,10.42,257.28,10.77,0,51.78,1,0,0,1,0,0
3184,18,5.28,6.41,8.38,83.61,1.04,9.08,270.41,13.87,0,66.99,0,0,1,0,0,1
3185,23,0.47,6.17,6.55,84.57,3.19,6.24,329.3,4.8,1,94.71,1,0,0,0,0,1
3186,24,7.66,1.74,7.24,64.2,2.29,13.09,221.83,18.63,0,18.6,0,1,0,1,0,0
3187,20,1.18,7.03,6.48,86.72,3.12,5.02,307.96,5.23,1,99.62,0,1,0,0,0,1
3188,24,5.96,5.23,6.26,79.14,4.79,8.3,244.56,12.46,0,44.61,1,0,0,0,0,1
3189,17,5.09,4.95,8.24,84.1,4.04,6.67,260.13,6.18,0,61.17,1,0,0,0,1,0
3190,18,1.5,8.74,5.47,82.53,1.48,6.82,319.52,4.45,2,100.0,1,0,0,1,0,0
3191,22,1.37,1.21,4.18,90.52,0.29,6.97,304.96,1.88,1,47.52,0,1,0,0,1,0
3192,22,6.96,3.26,8.4,72.74,4.84,10.43,219.28,12.35,0,35.12,0,0,1,0,1,0
3193,21,3.36,2.09,8.13,74.94,2.93,4.83,275.95,9.59,1,59.0,0,1,0,0,1,0
3194,21,5.24,1.32,5.83,75.66,0.87,9.27,250.57,11.41,0,26.92,1,0,0,0,0,1
3195,17,4.03,3.48,4.93,90.5,3.14,6.87,289.54,10.02,1,53.44,1,0,0,0,1,0
3196,21,5.82,9.9,7.38,77.24,0.21,7.61,242.03,12.54,0,88.01483038128572,0,1,0,1,0,0
3197,19,3.83,3.43,4.39,67.08,0.94,9.43,269.97,13.14,1,46.28,1,0,0,0,1,0
3198,18,2.3,6.97,6.12,99.32,3.16,4.5,288.67,5.85,1,83.52,0,1,0,1,0,0
3199,17,2.91,2.06,4.43,79.74,2.01,7.47,301.08,6.9,1,47.04,0,0,1,0,1,0
3200,16,6.87,6.42,6.99,64.37,1.63,10.02,247.16,18.28,0,60.59,0,1,0,0,1,0
3201,20,3.74,9.86,4.14,86.81,3.28,8.88,280.8,9.05,2,84.62,1,0,0,1,0,0
3202,17,1.71,3.63,7.15,89.57,4.33,6.21,301.81,6.5,1,74.47,0,1,0,0,1,0
3203,17,7.48,8.63,7.37,80.01,3.39,9.1,232.39,16.77,0,75.59580932162652,1,0,0,0,1,0
3204,22,6.37,9.98,6.44,85.86,2.32,9.62,244.32,11.88,0,93.90695578050536,1,0,0,1,0,0
3205,23,0.45,6.3,4.88,66.91,3.29,2.75,335.15,3.89,1,70.94,0,1,0,0,1,0
3206,23,7.99,3.78,4.51,74.72,3.48,12.56,211.45,20.97,0,19.66,0,1,0,0,1,0
3207,19,5.56,7.06,5.57,66.47,3.88,9.28,225.63,10.71,2,68.47404140141421,1,0,0,0,1,0
3208,16,1.28,8.6,6.33,75.49,1.54,3.98,309.07,3.97,1,104.23324699780883,0,1,0,0,1,0
3209,22,1.9,2.54,7.21,82.51,0.57,4.55,311.23,7.8,1,65.24,1,0,0,0,1,0
3210,16,5.54,5.07,4.01,77.7,3.41,7.11,255.38,8.61,0,48.03,0,1,0,1,0,0
3211,19,6.24,3.87,7.56,83.73,0.61,8.31,225.32,14.77,0,42.46,1,0,0,0,1,0
3212,23,1.91,3.55,7.56,80.07,2.31,6.48,304.54,3.61,1,68.43,0,1,0,0,1,0
3213,17,2.06,8.75,6.22,72.71,1.15,6.11,284.63,5.51,1,89.4,0,1,0,1,0,0
3214,21,2.46,4.79,5.72,65.74,1.66,5.24,277.64,5.89,1,67.95,0,1,0,0,0,1
3215,21,4.78,4.05,8.21,70.11,2.35,9.96,252.86,9.79,1,55.96,0,1,0,0,1,0
3216,24,1.37,6.43,7.92,68.03,4.48,4.79,287.47,2.63,1,89.64,0,1,0,0,0,1
3217,20,0.83,2.97,8.92,88.3,3.4,5.8,312.07,4.0,1,78.14,1,0,0,0,1,0
3218,19,5.43,3.07,5.86,92.8,0.86,10.34,248.36,16.07,0,46.83,1,0,0,0,0,1
3219,20,6.23,5.68,8.53,88.82,4.4,11.47,231.94,16.04,0,78.57748494135171,1,0,0,0,0,1
3220,20,4.01,4.68,4.44,85.75,2.5,9.26,295.68,7.37,1,57.26,1,0,0,1,0,0
3221,23,2.91,3.65,6.06,72.31,1.02,7.31,279.77,8.95,1,67.7,0,1,0,0,1,0
3222,23,3.46,1.49,6.33,88.44,2.64,8.21,279.0,9.38,1,51.58,1,0,0,1,0,0
3223,17,3.11,5.69,6.2,84.2,0.95,7.99,298.22,7.39,1,79.14864479018888,0,1,0,0,1,0
3224,22,7.68,8.35,7.13,61.88,1.84,9.53,234.61,15.41,0,66.9802670376812,1,0,0,0,0,1
3225,23,6.14,8.66,4.85,96.3,4.03,8.64,265.4,14.53,2,79.51605957912174,0,1,0,0,1,0
3226,21,1.66,3.12,8.33,63.2,3.29,3.18,293.12,0.94,1,77.53,0,1,0,0,0,1
3227,20,3.07,6.4,6.76,80.11,2.39,5.02,293.63,5.82,1,82.4,0,1,0,0,0,1
3228,24,4.35,8.7,8.52,80.52,1.13,9.24,272.71,8.85,1,92.86,1,0,0,1,0,0
3229,18,4.9,4.68,4.01,93.48,1.41,10.64,271.15,11.07,1,56.975445103096256,0,1,0,1,0,0
3230,19,3.75,9.39,7.15,96.52,4.89,8.12,283.44,10.34,1,100.0,1,0,0,0,0,1
3231,24,6.48,9.13,6.06,97.59,1.71,11.91,234.52,15.77,0,77.15197132714061,0,1,0,0,1,0
3232,21,6.14,2.87,6.53,82.79,3.08,8.73,274.55,14.92,0,36.93,1,0,0,0,0,1
3233,23,4.04,3.33,7.72,87.16,2.5,9.27,248.91,6.19,1,54.87,1,0,0,1,0,0
3234,22,6.84,2.62,5.14,63.54,0.12,9.53,229.28,14.49,0,21.86,0,1,0,0,1,0
3235,17,6.01,2.76,5.02,79.52,4.72,11.48,254.69,14.54,0,35.2,1,0,0,0,0,1
3236,18,6.23,9.17,7.52,95.91,0.44,11.22,248.15,11.68,0,93.02795549720352,1,0,0,0,1,0
3237,16,7.65,9.38,6.61,78.23,3.29,13.57,229.54,16.88,0,77.30128940217016,1,0,0,0,1,0
3238,24,2.13,1.47,5.17,62.78,4.06,7.27,301.6,6.79,1,40.69,1,0,0,0,1,0
3239,22,2.14,6.34,6.42,68.03,3.74,5.13,285.89,6.42,1,83.87,1,0,0,1,0,0
3240,16,7.11,6.08,6.3,77.18,4.05,8.66,243.08,15.69,0,51.85,1,0,0,0,1,0
3241,18,6.18,4.51,7.46,69.5,3.7,11.55,244.55,11.1,0,41.72,0,1,0,0,1,0
3242,19,7.41,6.69,4.01,75.69,2.23,11.27,245.09,15.49,0,39.82,1,0,0,1,0,0
3243,19,0.51,9.53,6.93,73.32,4.48,5.8,310.83,0.61,1,100.0,0,1,0,0,0,1
3244,20,5.02,2.53,7.03,72.76,4.56,7.96,264.44,11.5,0,41.61,0,1,0,1,0,0
3245,18,1.16,2.08,7.73,63.65,2.18,2.3,312.45,2.03,1,58.17,1,0,0,0,1,0
3246,18,4.03,1.3,8.45,95.31,2.42,5.29,280.69,7.44,1,43.74,0,1,0,0,0,1
3247,16,1.25,4.27,6.2,87.71,2.43,5.6,305.37,11.01,1,79.8,0,1,0,0,1,0
3248,22,1.02,4.04,5.71,84.94,1.39,2.59,304.89,0.72,1,67.04,1,0,0,0,0,1
3249,16,0.1,4.88,4.51,84.26,0.57,4.83,311.05,2.53,1,69.92,1,0,0,0,0,1
3250,17,5.04,5.53,5.68,75.86,1.31,8.14,264.38,12.59,0,65.65029842634154,1,0,0,0,0,1
3251,19,2.87,7.82,4.34,92.93,4.22,6.69,266.59,8.37,2,84.51,1,0,0,0,0,1
3252,19,0.84,4.53,8.01,97.2,2.72,5.85,313.01,5.34,1,91.725265464681,1,0,0,1,0,0
3253,20,2.58,3.98,8.04,60.22,4.25,4.85,292.87,7.01,1,70.3,0,1,0,0,0,1
3254,17,1.35,8.44,6.09,63.17,3.73,4.41,322.54,3.57,1,98.44,0,1,0,0,0,1
3255,19,7.53,8.65,5.3,87.0,1.74,12.18,223.03,17.41,2,70.16128773159791,1,0,0,0,1,0
3256,16,2.56,3.09,4.59,69.44,0.93,8.15,291.16,6.6,1,57.15,0,1,0,1,0,0
3257,17,2.67,3.83,8.26,96.47,2.84,5.12,289.55,5.08,1,78.67,1,0,0,0,1,0
3258,16,6.72,8.43,8.39,86.7,4.68,10.83,228.3,12.86,0,77.2746708938854,1,0,0,0,0,1
3259,19,5.18,1.71,5.33,74.73,4.2,10.94,257.78,14.82,0,20.16,0,1,0,0,1,0
3260,19,5.68,3.93,7.11,76.61,3.82,9.92,238.42,15.69,0,49.05,1,0,0,1,0,0
3261,22,5.09,5.04,5.29,87.64,3.82,10.55,268.55,11.74,0,52.2,1,0,0,1,0,0
3262,24,7.57,2.68,5.13,65.64,2.64,13.27,235.07,17.84,0,14.74,0,1,0,0,1,0
3263,24,1.66,2.62,4.11,95.34,0.85,7.31,304.4,9.34,1,60.3,0,0,1,1,0,0
3264,20,7.91,4.82,6.89,60.19,1.43,12.7,218.71,20.46,0,19.05,1,0,0,0,1,0
3265,16,6.65,7.79,4.75,99.16,2.89,10.41,254.39,16.96,2,67.49452948807517,0,1,0,0,1,0
3266,16,4.71,8.56,4.06,66.71,1.58,6.19,252.63,10.7,2,61.66,1,0,0,1,0,0
3267,21,5.3,9.81,4.52,89.68,3.91,7.41,256.9,10.4,2,87.36057937284542,1,0,0,0,1,0
3268,17,5.19,1.67,5.57,61.6,1.87,7.47,246.03,10.49,0,24.24,1,0,0,0,1,0
3269,23,0.47,2.95,7.35,77.26,0.57,1.64,312.53,2.0,1,69.95,1,0,0,0,0,1
3270,24,1.74,7.81,5.01,85.21,3.91,3.25,311.83,5.11,2,94.37,1,0,0,1,0,0
3271,19,7.69,5.87,8.44,62.81,3.49,10.16,232.44,14.68,0,47.48,0,1,0,0,1,0
3272,20,4.27,3.95,5.44,77.73,1.27,5.72,259.55,11.76,1,39.14,1,0,0,0,1,0
3273,23,3.03,2.85,5.66,72.13,4.91,4.88,278.42,9.8,1,57.94,1,0,0,0,1,0
3274,18,6.1,3.52,5.09,79.93,2.02,7.37,243.01,14.42,0,27.17,0,1,0,0,1,0
3275,20,4.2,4.86,5.27,80.18,3.4,7.28,261.26,12.95,1,57.01,0,1,0,0,1,0
3276,18,0.11,2.59,4.37,91.41,4.55,5.22,321.41,4.05,1,56.23,0,0,1,1,0,0
3277,18,5.89,9.68,5.47,64.94,0.78,10.95,271.16,14.86,2,80.6085841346127,1,0,0,0,1,0
3278,18,5.86,1.97,8.3,63.31,4.4,11.38,244.09,14.58,0,26.49,1,0,0,0,0,1
3279,22,1.32,9.87,7.44,76.08,3.52,6.05,323.46,4.37,1,108.65529166457137,1,0,0,1,0,0
3280,22,7.65,8.58,8.38,95.5,0.84,9.87,228.16,16.4,0,77.66253608932311,1,0,0,0,0,1
3281,22,1.79,4.81,4.52,94.21,3.32,6.3,301.74,3.75,1,77.92,1,0,0,0,1,0
3282,23,3.66,7.66,6.28,82.4,4.37,8.43,278.69,9.54,1,84.23380926096776,1,0,0,0,0,1
3283,20,0.92,7.04,5.15,95.55,4.0,4.64,292.0,1.36,2,98.04,0,1,0,1,0,0
3284,20,4.83,2.92,7.61,92.21,3.8,9.87,266.59,10.58,1,47.53,1,0,0,0,1,0
3285,19,3.0,4.05,8.85,71.12,0.81,4.36,259.68,9.14,1,57.49,1,0,0,0,1,0
3286,22,2.83,5.62,8.08,66.8,0.95,6.8,288.13,10.01,1,83.37,1,0,0,0,1,0
3287,19,6.62,6.74,4.18,72.05,2.74,10.02,242.19,13.27,0,38.83,1,0,0,0,0,1
3288,17,0.08,5.89,5.58,69.08,2.9,5.11,303.69,4.42,1,77.99,1,0,0,0,1,0
3289,19,6.38,5.26,4.14,84.91,4.72,8.02,244.09,12.4,0,49.15,0,1,0,1,0,0
3290,23,4.57,4.99,4.2,83.4,2.34,6.63,262.23,8.84,1,59.34114857997725,0,1,0,0,0,1
3291,24,7.89,5.48,4.4,83.94,1.51,11.68,223.78,20.46,0,40.11691373894256,0,1,0,0,0,1
3292,18,4.72,4.91,5.38,67.57,0.95,10.46,261.92,10.12,1,54.82,0,1,0,1,0,0
3293,22,0.44,5.87,5.52,91.67,0.27,1.86,308.83,-1.98,1,84.37,0,0,1,0,1,0
3294,24,0.41,8.99,6.0,77.35,0.34,5.13,315.84,1.85,1,100.0,0,1,0,1,0,0
3295,19,7.07,6.7,6.02,78.9,2.87,9.1,243.82,13.95,0,53.88,0,1,0,0,0,1
3296,18,6.73,7.5,7.86,99.88,0.88,8.26,236.85,13.48,0,75.9995902669371,1,0,0,0,0,1
3297,20,2.77,6.38,4.71,71.29,4.26,5.74,286.26,3.58,1,72.95,1,0,0,0,1,0
3298,16,4.94,6.79,4.79,75.77,2.98,8.86,267.21,12.54,1,60.5,0,1,0,0,0,1
3299,18,3.92,6.21,7.13,87.06,4.32,9.06,295.66,14.2,1,76.23,1,0,0,0,0,1
3300,23,7.74,1.24,6.86,95.22,2.14,11.91,225.19,18.17,0,22.04,1,0,0,0,0,1
3301,23,7.6,10.0,4.77,65.07,2.98,11.06,211.78,16.49,2,75.02480268624527,0,1,0,0,1,0
3302,19,7.87,1.3,8.26,89.4,2.63,10.3,216.59,18.29,0,18.69,0,1,0,0,1,0
3303,17,6.93,4.56,5.65,96.73,4.93,9.39,242.86,15.24,0,49.02,1,0,0,0,0,1
3304,23,7.28,1.95,5.83,76.92,3.98,12.13,247.77,17.1,0,25.03,1,0,0,0,0,1
3305,23,1.74,1.87,6.1,71.47,2.98,3.31,289.66,4.1,1,54.31,1,0,0,0,0,1
3306,19,6.65,8.14,5.61,87.11,3.03,8.38,239.77,14.6,2,83.53725521458709,0,1,0,0,0,1
3307,18,5.67,4.83,6.79,69.84,1.24,10.27,252.15,12.82,0,49.22,0,1,0,0,1,0
3308,17,7.7,8.21,5.94,75.37,3.67,13.51,219.91,15.05,2,66.00177190899166,1,0,0,0,1,0
3309,24,4.57,3.46,5.3,95.88,4.91,6.17,280.51,13.64,1,48.88,0,1,0,0,0,1
3310,16,0.68,3.31,8.52,83.61,0.65,4.73,323.48,4.44,1,82.0,0,1,0,0,0,1
3311,22,4.78,3.26,5.54,63.8,3.19,6.98,266.08,9.26,1,37.73,1,0,0,0,0,1
3312,20,5.49,6.55,7.49,73.19,2.59,6.62,249.92,12.25,0,66.29,0,1,0,1,0,0
3313,23,1.76,8.33,5.74,85.09,4.25,6.92,308.44,3.84,2,85.7,1,0,0,1,0,0
3314,19,3.15,5.07,6.18,79.26,0.0,6.69,287.34,8.83,1,65.38,1,0,0,0,1,0
3315,22,4.79,4.41,5.18,86.41,0.68,5.91,258.15,11.63,1,49.31,0,1,0,0,0,1
3316,20,2.99,9.76,7.76,90.46,0.19,8.47,293.83,10.79,1,96.94,1,0,0,0,0,1
3317,20,3.0,2.05,7.69,79.22,0.81,6.68,287.69,8.98,1,60.28,0,1,0,0,1,0
3318,24,1.06,5.38,4.11,99.48,3.54,5.75,290.67,4.09,1,79.45,1,0,0,1,0,0
3319,24,7.53,4.68,4.3,96.59,0.7,10.65,219.72,18.67,0,23.84,0,1,0,0,0,1
3320,24,6.0,1.88,8.61,62.4,3.11,7.92,234.71,11.86,0,38.05,0,1,0,1,0,0
3321,21,0.01,3.41,8.44,70.66,4.34,3.34,330.19,2.28,1,80.86,1,0,0,1,0,0
3322,21,6.12,1.26,6.53,72.02,0.17,8.56,239.54,12.0,0,24.33,0,1,0,0,1,0
3323,20,5.92,8.89,6.47,67.37,0.13,8.4,255.23,13.54,0,72.09936997169508,1,0,0,0,1,0
3324,24,0.08,6.47,8.06,72.48,4.95,4.3,340.76,5.26,1,83.34,0,1,0,0,1,0
3325,23,2.96,8.34,4.69,76.99,3.37,4.43,292.42,8.2,2,75.59,0,1,0,0,1,0
3326,22,4.85,5.69,7.27,62.06,0.7,7.84,257.61,13.04,1,56.33,1,0,0,0,1,0
3327,22,3.62,6.4,6.38,65.09,1.53,7.35,269.12,11.33,1,78.22,0,1,0,1,0,0
3328,21,6.22,7.31,7.72,63.85,4.93,10.77,242.3,14.57,0,67.55371856459062,0,1,0,1,0,0
3329,20,3.4,9.17,4.15,61.85,1.14,7.56,268.92,7.13,2,71.27,1,0,0,0,0,1
3330,19,1.23,1.83,6.96,79.26,3.76,6.66,293.8,1.47,1,61.79,1,0,0,1,0,0
3331,18,7.81,3.98,6.78,73.35,1.21,13.77,218.23,16.43,0,34.71,1,0,0,0,1,0
3332,18,1.94,7.38,8.2,97.42,1.99,7.63,302.04,6.96,1,100.0,0,0,1,0,0,1
3333,21,5.74,9.63,7.38,64.11,4.4,10.56,245.91,9.82,0,93.10530198866468,0,1,0,0,1,0
3334,19,1.15,9.83,8.4,97.04,0.14,5.58,303.95,4.87,1,100.0,1,0,0,0,1,0
3335,21,2.63,6.74,8.44,63.46,1.54,3.81,293.13,6.84,1,84.73,0,1,0,0,1,0
3336,18,3.54,2.74,6.04,84.77,2.44,7.21,284.79,5.79,1,53.49,1,0,0,0,0,1
3337,19,1.54,2.07,4.69,69.91,3.13,5.86,282.23,7.0,1,52.36,0,1,0,0,1,0
3338,24,3.6,9.51,7.15,93.07,0.14,6.66,259.57,7.89,1,100.0,0,0,1,0,1,0
3339,20,1.26,4.91,8.37,62.46,2.05,4.18,301.02,0.71,1,82.35,1,0,0,0,0,1
3340,22,4.47,2.75,4.37,98.1,1.72,8.18,255.21,7.41,1,46.92642435697705,1,0,0,0,0,1
3341,17,5.31,9.41,6.79,61.89,0.13,10.84,264.83,13.27,0,82.68381259990215,1,0,0,0,1,0
3342,20,0.5,1.94,4.57,69.64,1.78,2.8,309.36,2.32,1,51.76,1,0,0,0,1,0
3343,24,6.97,7.57,4.13,78.57,4.66,9.97,254.34,15.41,2,51.9348063537041,1,0,0,1,0,0
3344,18,1.48,6.63,7.4,90.24,1.37,5.75,297.36,7.17,1,99.96,0,1,0,0,1,0
3345,24,1.8,1.79,7.41,98.04,2.93,3.73,301.49,4.69,1,74.11,0,1,0,1,0,0
3346,21,5.29,4.05,7.0,77.12,1.49,10.46,249.85,12.0,0,52.81,0,1,0,0,1,0
3347,19,3.75,2.35,8.3,90.29,0.53,8.08,279.88,9.02,1,62.48533170339324,0,1,0,0,0,1
3348,22,4.0,6.44,4.4,89.09,1.45,6.76,277.1,11.54,1,67.45,1,0,0,0,0,1
3349,23,1.03,5.29,4.53,82.85,2.35,5.64,316.52,2.12,1,78.39,1,0,0,1,0,0
3350,21,6.45,1.04,8.32,87.64,1.48,8.85,241.26,14.42,0,34.05,1,0,0,0,1,0
3351,20,4.94,9.78,6.52,61.52,3.12,9.81,273.42,12.73,1,88.71,0,0,1,0,1,0
3352,21,1.08,4.15,5.37,77.66,4.75,2.43,310.04,4.88,1,66.64,1,0,0,1,0,0
3353,20,2.99,3.32,7.69,91.43,0.35,6.12,277.69,7.77,1,68.8,0,1,0,0,0,1
3354,23,6.48,3.0,8.47,78.97,3.59,8.79,235.88,12.2,0,40.58,0,1,0,1,0,0
3355,16,4.55,2.43,7.45,94.94,0.01,9.63,272.69,12.02,1,47.22,0,1,0,1,0,0
3356,22,0.87,9.99,7.96,93.35,0.01,5.63,322.2,5.56,1,100.0,0,1,0,0,0,1
3357,17,2.98,3.66,5.41,94.54,0.66,8.19,273.02,8.84,1,66.06,1,0,0,1,0,0
3358,24,1.94,4.65,5.44,65.2,2.4,6.2,304.23,8.2,1,61.8,1,0,0,0,0,1
3359,16,4.14,8.84,8.32,69.77,0.24,9.12,255.46,8.16,1,91.9,1,0,0,0,0,1
3360,21,6.75,6.78,7.07,61.18,3.61,9.94,232.83,14.78,0,61.64389116766091,1,0,0,0,0,1
3361,24,3.49,4.32,5.17,99.31,0.15,7.88,283.02,9.19,1,59.06,1,0,0,0,0,1
3362,16,3.47,9.08,6.62,69.45,2.48,4.63,269.88,9.06,1,93.05,0,1,0,0,0,1
3363,19,7.24,7.75,7.43,74.68,3.38,12.64,247.78,18.98,0,63.25143196437893,1,0,0,1,0,0
3364,19,4.61,3.05,5.09,71.0,1.19,9.03,270.77,11.48,1,37.42,0,1,0,0,0,1
3365,24,4.53,6.79,7.27,61.59,2.9,9.86,253.82,11.0,1,63.56,0,1,0,0,0,1
3366,20,2.1,9.3,4.21,70.45,1.31,6.95,301.35,7.0,2,91.51,0,1,0,0,0,1
3367,20,4.86,5.47,5.52,63.93,1.07,7.29,248.48,8.65,1,58.57,1,0,0,0,1,0
3368,21,4.61,7.6,7.37,75.77,4.09,6.97,264.72,9.42,1,79.26,0,1,0,0,1,0
3369,16,3.17,9.74,4.75,98.67,1.66,8.17,290.73,9.98,2,100.0,0,1,0,0,1,0
3370,16,7.93,7.21,5.11,87.93,4.07,9.85,231.93,17.53,2,54.05198013821811,1,0,0,0,0,1
3371,24,7.06,1.92,8.4,88.28,1.08,8.61,234.42,13.57,0,37.25,1,0,0,1,0,0
3372,18,6.0,3.2,7.37,78.13,1.78,7.08,244.56,10.98,0,47.76,0,1,0,0,0,1
3373,19,4.3,6.36,6.49,92.45,0.51,6.79,256.82,8.25,1,70.66,0,1,0,1,0,0
3374,16,3.7,3.48,5.05,96.33,2.48,5.2,277.43,6.69,1,57.79,1,0,0,0,1,0
3375,24,1.48,9.62,5.71,98.46,1.91,6.49,310.28,5.76,2,100.0,0,1,0,1,0,0
3376,23,2.45,4.65,6.87,63.96,0.03,5.87,311.25,9.01,1,60.31,1,0,0,0,1,0
3377,17,6.19,5.12,4.78,95.19,2.32,8.45,241.16,16.15,0,53.06,1,0,0,0,1,0
3378,23,3.63,7.31,6.41,69.0,0.37,7.64,284.91,7.42,1,72.12,0,1,0,1,0,0
3379,22,7.06,5.72,6.04,75.89,4.18,8.41,242.92,15.45,0,53.59991660669596,0,1,0,0,1,0
3380,21,1.18,4.44,6.38,73.82,2.47,5.81,301.08,5.24,1,84.9,0,1,0,0,1,0
3381,16,4.07,1.69,4.53,87.01,3.45,7.58,278.37,10.32,1,28.89,0,1,0,0,1,0
3382,22,5.18,6.37,4.53,83.92,4.11,6.21,249.68,8.92,0,61.19,0,1,0,1,0,0
3383,22,4.13,8.81,8.82,64.36,0.26,6.73,273.01,8.08,1,90.55,1,0,0,0,0,1
3384,24,7.11,7.17,8.9,91.31,1.69,11.86,232.57,17.28,0,79.14089727608169,0,1,0,0,1,0
3385,16,7.92,4.43,6.13,77.59,0.13,9.86,229.4,16.04,0,30.1,1,0,0,0,1,0
3386,17,0.93,2.15,7.94,60.09,0.25,6.74,314.07,4.95,1,60.98,1,0,0,0,1,0
3387,24,1.04,8.35,7.28,76.58,0.19,6.52,302.23,2.79,1,100.0,0,1,0,0,1,0
3388,24,1.04,9.48,4.58,80.65,2.39,5.93,307.42,3.55,2,97.02,0,1,0,1,0,0
3389,21,5.45,4.49,5.48,62.75,2.25,6.84,253.31,8.93,0,44.75,0,1,0,1,0,0
3390,21,2.98,7.56,5.57,66.05,0.31,5.75,273.35,7.87,2,71.53,0,1,0,1,0,0
3391,19,5.87,4.7,6.98,99.74,1.31,8.36,245.86,12.29,0,68.12,1,0,0,1,0,0
3392,19,3.24,5.52,6.9,94.85,1.22,4.93,275.33,7.86,1,76.99,0,1,0,1,0,0
3393,20,5.02,8.53,8.62,65.33,1.48,11.02,248.49,12.31,0,93.60329764135054,1,0,0,1,0,0
3394,18,6.16,1.75,7.95,83.21,3.2,7.9,238.04,13.66,0,45.54,0,1,0,1,0,0
3395,16,4.39,5.77,8.28,75.17,3.49,6.97,264.74,13.68,1,68.02,0,1,0,1,0,0
3396,16,4.32,2.93,8.46,81.75,1.7,9.72,268.71,10.29,1,57.93,1,0,0,0,0,1
3397,22,0.71,4.06,8.01,78.82,3.94,2.43,299.04,3.26,1,71.8,1,0,0,0,1,0
3398,16,3.29,6.8,5.66,61.93,2.09,6.64,292.52,6.94,1,65.23,0,1,0,0,0,1
3399,16,4.37,1.25,5.08,72.62,2.61,10.25,273.69,11.42,1,24.22,0,1,0,0,0,1
3400,18,3.7,6.34,6.86,65.02,0.73,5.94,274.75,9.47,1,74.74,1,0,0,0,0,1
3401,19,7.21,3.55,7.45,79.56,1.16,11.73,221.29,17.25,0,39.1,0,1,0,1,0,0
3402,19,7.25,7.03,5.93,96.29,3.64,8.65,230.87,16.58,2,63.53797789507355,0,1,0,0,0,1
3403,17,6.58,2.27,8.24,99.82,4.89,10.58,238.31,17.07,0,47.80597370780488,1,0,0,0,1,0
3404,16,3.0,7.62,8.8,97.77,3.52,5.7,273.2,8.68,1,100.0,1,0,0,0,1,0
3405,18,5.74,6.81,6.85,99.43,0.27,10.24,239.5,15.57,0,70.56,1,0,0,1,0,0
3406,19,3.16,9.74,6.28,60.61,0.71,6.32,289.74,8.33,1,86.17,1,0,0,0,0,1
3407,18,1.86,9.2,8.21,89.18,2.23,4.35,294.44,3.51,1,100.0,1,0,0,0,1,0
3408,23,2.74,3.55,4.12,70.92,3.66,6.47,295.98,8.95,1,49.28,1,0,0,1,0,0
3409,16,0.57,1.25,4.65,94.62,0.83,2.27,313.03,1.23,1,57.01,1,0,0,0,1,0
3410,17,2.65,6.9,8.23,92.55,3.75,7.72,295.72,9.22,1,93.82,1,0,0,0,0,1
3411,22,3.69,6.43,7.66,76.95,2.78,8.44,282.9,7.24,1,88.52,1,0,0,0,1,0
3412,19,7.64,1.25,6.08,78.93,3.87,11.36,232.99,16.43,0,20.314128200718496,0,1,0,1,0,0
3413,23,2.51,2.1,8.44,70.6,2.79,5.35,301.71,5.06,1,49.54,0,1,0,1,0,0
3414,18,7.22,6.26,5.76,71.55,3.01,12.8,234.36,18.01,0,42.13,1,0,0,0,0,1
3415,21,1.83,9.21,7.17,99.25,1.24,6.0,283.09,4.59,1,100.0,1,0,0,1,0,0
3416,24,1.53,9.16,7.17,95.55,3.6,3.95,288.29,4.24,1,100.0,0,1,0,1,0,0
3417,16,4.15,2.36,4.92,67.67,4.22,9.18,263.67,10.52,1,41.28,1,0,0,1,0,0
3418,16,5.38,4.46,5.42,71.02,4.36,9.56,262.86,14.9,0,41.88,0,1,0,1,0,0
3419,23,0.35,1.39,8.58,64.35,0.15,1.99,311.8,2.46,1,69.37,1,0,0,1,0,0
3420,18,1.77,5.22,4.92,99.55,3.12,3.34,300.81,4.9,1,85.98,1,0,0,0,0,1
3421,20,3.65,7.78,4.87,96.29,4.95,9.34,281.56,10.19,2,87.17414670150777,1,0,0,0,0,1
3422,16,2.65,8.11,6.4,82.08,2.93,5.09,289.84,4.99,1,94.02227168023448,0,1,0,0,1,0
3423,20,5.7,5.49,4.46,87.72,0.86,10.02,228.69,11.81,0,59.52,1,0,0,0,1,0
3424,21,4.09,1.86,8.47,89.92,4.39,5.27,259.05,9.32,1,59.12,0,1,0,1,0,0
3425,23,1.28,4.43,4.5,68.15,1.32,5.06,322.3,1.62,1,64.67,0,1,0,0,1,0
3426,18,7.16,9.39,7.08,97.39,0.23,9.32,237.34,15.32,0,97.24063262016568,0,1,0,0,0,1
3427,18,2.34,3.07,5.7,81.07,2.15,4.04,264.92,5.74,1,59.48,1,0,0,0,1,0
3428,24,5.85,3.88,8.02,63.7,0.5,10.72,250.5,11.31,0,53.72,0,1,0,0,0,1
3429,19,6.24,7.72,6.95,75.88,0.58,11.29,263.15,14.89,0,80.03428674659627,0,1,0,0,1,0
3430,19,7.71,7.6,5.94,84.07,2.32,12.29,230.22,17.72,2,63.08043137291654,1,0,0,1,0,0
3431,22,3.99,9.21,8.92,74.11,3.06,5.05,272.56,12.67,1,100.0,1,0,0,1,0,0
3432,17,4.93,4.49,4.33,87.97,4.53,7.35,242.56,11.09,1,45.41,1,0,0,1,0,0
3433,23,2.68,5.63,6.89,95.28,3.53,5.48,285.13,8.51,1,79.88,1,0,0,0,0,1
3434,21,5.43,5.21,8.95,90.88,4.21,9.88,238.41,13.98,0,55.33,0,1,0,1,0,0
3435,18,3.71,9.35,7.45,85.71,2.06,8.49,263.26,10.33,1,99.38,1,0,0,0,0,1
3436,24,3.5,7.92,7.7,80.49,1.59,7.64,263.49,10.73,1,95.14,1,0,0,0,0,1
3437,20,6.84,8.48,4.16,70.18,2.96,11.79,255.31,13.27,2,66.94014593031294,0,1,0,0,1,0
3438,23,0.4,2.2,4.11,78.2,3.48,3.54,322.48,2.19,1,54.83,0,1,0,1,0,0
3439,22,7.06,8.13,4.18,71.72,2.84,10.77,249.29,16.54,2,62.53034844502769,0,1,0,0,1,0
3440,23,6.82,4.9,8.96,97.36,1.32,8.14,224.93,12.37,0,51.28,0,1,0,0,0,1
3441,22,4.05,1.21,8.9,96.29,1.85,7.19,273.31,9.58,1,59.0114673678463,1,0,0,1,0,0
3442,18,3.92,1.54,5.67,66.23,2.24,7.08,262.88,9.61,1,33.39,1,0,0,0,0,1
3443,17,2.89,7.1,5.45,92.9,0.07,6.95,276.31,7.47,2,83.08,1,0,0,0,1,0
3444,22,7.95,4.35,4.73,88.12,4.4,10.84,229.29,15.57,0,25.1,1,0,0,0,0,1
3445,18,0.89,8.81,5.65,99.01,2.56,3.08,311.11,1.37,2,100.0,0,1,0,1,0,0
3446,18,4.72,7.61,5.85,78.53,3.76,6.91,266.22,9.89,2,76.71791630980724,1,0,0,0,1,0
3447,17,5.45,1.2,7.74,88.89,0.86,7.12,242.04,12.5,0,38.73,0,1,0,1,0,0
3448,19,7.47,7.18,8.33,80.72,2.78,11.98,231.64,17.39,0,66.60994630451712,0,0,1,1,0,0
3449,23,6.24,2.73,7.73,62.78,4.63,10.35,248.6,14.93,0,34.7,0,1,0,1,0,0
3450,16,5.15,4.8,7.23,61.87,1.07,9.05,251.45,11.79,0,50.23,1,0,0,0,0,1
3451,16,0.93,6.62,7.83,64.88,1.73,4.59,306.12,2.01,1,88.97,0,1,0,0,1,0
3452,20,2.99,8.85,7.69,71.85,1.94,5.83,267.67,6.79,1,97.7,0,1,0,0,0,1
3453,20,1.11,5.1,6.38,70.36,1.92,5.95,285.12,2.97,1,84.38,0,1,0,0,0,1
3454,16,7.05,8.28,5.68,89.13,3.0,12.66,255.48,10.85,2,61.71950673844011,1,0,0,1,0,0
3455,21,6.0,8.05,5.41,88.64,1.97,9.2,250.05,13.57,2,79.13522099928684,1,0,0,1,0,0
3456,16,6.06,4.73,7.4,98.86,3.37,9.11,243.69,13.12,0,54.43,0,1,0,1,0,0
3457,20,5.22,5.51,8.8,72.42,2.42,7.03,265.34,13.82,0,71.92,1,0,0,0,0,1
3458,24,4.06,7.3,6.91,97.54,0.79,8.41,262.58,11.67,1,89.0,1,0,0,0,0,1
3459,20,1.2,1.28,8.56,84.51,4.74,4.99,306.7,5.25,1,74.27,1,0,0,0,1,0
3460,21,2.64,9.02,4.07,79.81,1.2,8.58,299.38,6.25,2,90.93566706341672,1,0,0,0,1,0
3461,23,1.1,7.93,7.97,86.71,2.81,5.02,295.78,6.2,1,100.0,0,1,0,1,0,0
3462,16,5.8,3.24,8.27,88.11,0.3,8.24,245.48,13.1,0,57.37,0,1,0,0,0,1
3463,17,1.28,9.83,7.15,66.88,4.59,5.09,290.83,3.75,1,100.0,1,0,0,0,0,1
3464,24,5.62,2.61,8.67,90.07,4.64,11.54,260.91,12.63,0,40.7,1,0,0,0,1,0
3465,18,5.54,9.23,6.95,89.01,1.82,10.16,255.57,12.08,0,96.9112046824434,0,0,1,0,1,0
3466,21,3.67,3.92,5.2,99.9,0.6,5.31,287.68,7.65,1,62.0,1,0,0,0,0,1
3467,20,1.08,7.87,5.08,96.48,3.85,3.8,315.47,1.47,2,99.9,0,1,0,1,0,0
3468,17,2.52,5.11,6.78,87.39,1.31,5.01,287.15,6.36,1,77.9548155461802,1,0,0,0,1,0
3469,22,2.56,7.63,8.53,88.49,3.5,7.84,293.39,7.43,1,100.0,0,1,0,0,1,0
3470,19,5.6,2.4,4.36,97.84,4.58,9.66,257.01,14.6,0,32.39,0,0,1,0,0,1
3471,16,0.91,3.43,7.02,98.69,2.95,5.96,316.41,4.05,1,74.21,0,1,0,0,1,0
3472,19,6.63,1.9,7.85,93.08,4.31,8.51,255.1,10.56,0,25.9,1,0,0,0,1,0
3473,21,6.09,8.79,4.58,90.7,1.12,11.63,236.02,14.33,2,78.08514057166538,1,0,0,0,1,0
3474,22,1.49,3.67,4.58,64.45,4.55,2.78,283.36,1.37,1,56.08,0,1,0,0,0,1
3475,22,5.75,7.25,5.83,93.21,1.13,8.62,240.49,11.74,2,66.78765430391987,0,1,0,0,0,1
3476,22,5.35,8.38,5.37,70.13,1.13,6.42,260.53,9.35,2,85.37809269072731,1,0,0,1,0,0
3477,18,5.98,9.11,4.99,82.55,4.4,7.9,252.38,17.1,2,78.68364110012325,1,0,0,0,0,1
3478,21,1.51,1.96,4.99,76.21,2.77,7.32,296.19,5.25,1,48.74,0,1,0,0,0,1
3479,23,1.26,9.04,4.65,73.82,4.0,2.65,302.16,4.65,2,99.38360270900402,1,0,0,0,1,0
3480,19,1.89,2.78,7.05,72.41,4.01,3.62,288.98,4.03,1,63.5,1,0,0,1,0,0
3481,23,2.93,7.63,7.44,94.22,3.23,8.55,283.77,8.22,1,90.79,0,1,0,0,0,1
3482,17,6.35,7.56,7.51,90.77,0.95,10.9,236.86,14.02,0,87.00756780001232,0,1,0,0,1,0
3483,24,5.9,1.08,6.66,80.94,3.46,8.93,265.57,11.92,0,27.39,1,0,0,0,0,1
3484,24,7.4,2.99,8.76,86.58,0.32,8.74,244.43,14.12,0,46.14188630185993,1,0,0,0,1,0
3485,23,0.47,5.43,8.4,99.38,1.0,5.4,321.6,4.15,1,94.03,1,0,0,0,0,1
3486,16,0.09,4.78,8.79,75.9,3.21,3.55,319.23,1.79,1,92.37,1,0,0,0,0,1
3487,17,5.59,9.27,5.94,82.04,4.54,8.21,264.31,15.15,2,89.96769705757842,0,1,0,0,0,1
3488,21,2.23,4.24,8.39,81.34,3.86,5.03,294.23,5.42,1,76.07,0,1,0,1,0,0
3489,20,2.67,9.43,7.81,97.44,1.66,6.2,289.57,6.55,1,105.14667541492985,0,1,0,1,0,0
3490,24,4.37,5.13,5.7,74.06,4.12,8.13,250.28,10.7,1,56.98,0,1,0,1,0,0
3491,20,0.82,9.68,4.53,99.45,4.83,5.91,312.77,5.4,2,89.0,1,0,0,1,0,0
3492,17,5.14,7.64,7.41,72.19,1.66,10.0,245.41,12.94,0,82.55311514715149,1,0,0,0,1,0
3493,19,2.6,8.46,4.68,64.36,0.93,7.44,284.77,10.31,2,73.61,0,1,0,0,1,0
3494,24,5.06,1.94,5.47,67.65,0.99,9.71,260.97,17.6,0,37.9178745931105,0,1,0,0,1,0
3495,16,6.67,6.28,6.5,77.05,2.0,11.46,230.97,17.37,0,54.7,1,0,0,0,1,0
3496,16,1.37,2.28,7.4,85.99,0.26,5.76,308.35,5.69,1,68.02,1,0,0,0,1,0
3497,22,7.45,3.68,8.63,80.67,2.44,12.79,241.12,13.57,0,37.94,1,0,0,1,0,0
3498,18,4.25,6.61,6.97,75.05,3.66,8.04,260.16,13.16,1,73.82,1,0,0,0,0,1
3499,17,7.38,7.54,7.36,82.48,2.65,10.98,232.61,19.01,0,70.56322342034841,1,0,0,0,0,1
3500,24,1.66,1.35,5.55,93.55,4.85,6.17,287.62,8.64,1,63.71,1,0,0,0,1,0
3501,18,4.84,5.78,7.44,93.56,2.31,6.67,250.25,12.19,1,75.08,0,1,0,0,0,1
3502,17,3.23,6.09,6.19,89.05,0.07,8.11,284.34,7.0,1,79.24,0,1,0,1,0,0
3503,23,6.19,1.71,8.28,98.1,2.35,11.87,252.85,13.29,0,38.86,0,1,0,0,1,0
3504,21,4.85,5.51,5.96,83.61,4.65,7.33,246.71,8.76,1,63.49,1,0,0,1,0,0
3505,21,3.96,7.42,6.34,60.31,0.48,8.02,292.97,10.11,1,68.5,1,0,0,0,1,0
3506,22,7.3,1.48,6.16,71.64,1.11,8.46,227.43,13.78,0,15.13,1,0,0,1,0,0
3507,22,3.02,7.84,8.06,73.13,3.58,7.85,285.83,10.17,1,77.54,0,1,0,0,1,0
3508,21,1.76,6.19,8.77,81.89,1.47,5.56,293.54,4.28,1,100.0,0,1,0,0,0,1
3509,19,4.86,8.5,5.64,96.2,3.83,9.23,258.84,11.25,2,89.63,0,1,0,1,0,0
3510,24,4.99,2.96,6.38,93.52,2.1,6.7,275.3,11.36,1,50.17,0,1,0,0,0,1
3511,21,3.51,8.5,7.53,69.29,3.98,8.56,292.93,8.59,1,80.85,1,0,0,0,0,1
3512,19,3.89,1.85,8.48,80.78,2.76,6.17,256.82,7.1,1,52.82,1,0,0,0,0,1
3513,18,7.68,4.63,6.47,86.37,0.41,12.1,222.2,13.94,0,37.36,0,0,1,0,1,0
3514,19,5.86,2.8,4.54,99.5,1.93,9.83,279.19,15.57,0,36.52,1,0,0,0,1,0
3515,18,0.88,8.88,5.84,61.25,1.67,5.15,305.11,2.05,2,100.0,1,0,0,0,1,0
3516,17,1.7,7.34,6.75,78.56,4.05,2.95,303.83,3.26,1,93.95,1,0,0,0,1,0
3517,20,7.8,1.23,6.09,99.52,3.12,12.51,237.76,17.21,0,15.14,0,1,0,1,0,0
3518,17,5.81,1.09,4.93,99.09,3.89,10.79,258.81,9.99,0,28.79,1,0,0,1,0,0
3519,21,7.32,3.62,4.18,73.23,1.86,10.69,203.98,16.9,0,20.09,1,0,0,0,1,0
3520,18,2.43,2.29,7.44,60.0,3.46,5.47,294.18,9.19,1,58.58374600269016,1,0,0,1,0,0
3521,21,5.93,6.67,8.96,83.47,0.33,8.64,266.33,15.13,0,63.21,0,1,0,0,1,0
3522,24,5.71,6.97,8.6,94.68,0.18,11.35,251.77,13.49,0,81.0,0,1,0,0,1,0
3523,16,2.36,9.48,7.42,72.97,1.44,7.14,281.27,9.22,1,96.88,0,1,0,1,0,0
3524,21,4.41,9.57,8.21,97.37,3.87,8.9,256.86,7.6,1,95.92,1,0,0,0,1,0
3525,24,5.02,6.93,5.28,73.31,2.67,10.65,257.77,14.52,0,58.14,0,1,0,0,1,0
3526,19,3.85,1.05,7.11,84.41,2.04,6.59,280.55,7.61,1,37.64,1,0,0,1,0,0
3527,17,6.62,4.23,4.3,88.88,4.48,10.77,269.46,17.25,0,38.46,1,0,0,1,0,0
3528,19,6.66,5.62,7.54,73.82,2.49,11.09,237.18,15.61,0,54.26,0,1,0,0,0,1
3529,16,6.8,5.49,8.85,74.09,3.07,12.78,244.02,14.18,0,56.05,1,0,0,0,1,0
3530,18,6.43,6.43,8.3,78.8,4.93,9.57,227.39,14.92,0,66.36,1,0,0,0,1,0
3531,24,3.9,9.64,6.67,93.41,2.61,6.9,256.35,9.3,1,99.3,0,1,0,0,0,1
3532,20,3.05,8.97,7.94,64.03,3.92,4.47,278.43,7.29,1,105.12481894381676,1,0,0,1,0,0
3533,21,6.65,1.98,8.72,85.26,2.07,8.14,244.65,12.44,0,47.16,0,1,0,1,0,0
3534,18,3.92,3.39,5.08,87.09,0.18,7.48,272.1,7.28,1,56.17,0,1,0,1,0,0
3535,20,1.97,8.5,7.97,82.31,4.17,3.83,296.89,6.1,1,100.0,1,0,0,1,0,0
3536,23,4.06,8.42,5.35,97.43,4.72,5.42,268.54,8.67,2,80.12,1,0,0,0,0,1
3537,21,1.13,3.48,8.38,84.08,2.17,6.95,306.16,6.32,1,74.24,0,0,1,0,0,1
3538,19,5.53,7.58,4.49,85.38,2.52,11.29,250.7,15.05,2,65.932558286923,1,0,0,0,0,1
3539,17,2.69,7.05,4.89,83.99,2.12,5.32,274.22,8.11,2,82.96,1,0,0,0,0,1
3540,24,2.09,5.26,7.6,88.88,4.98,7.04,280.0,9.89,1,79.79,1,0,0,0,1,0
3541,16,7.65,2.81,4.87,65.42,4.52,13.01,241.79,18.38,0,14.04,1,0,0,0,0,1
3542,16,6.22,9.0,4.79,95.77,0.21,9.54,237.13,12.11,2,77.20749441639087,1,0,0,0,1,0
3543,19,6.3,7.1,6.78,61.7,3.9,8.42,241.99,12.11,0,80.25833790116695,0,1,0,1,0,0
3544,22,4.99,2.52,8.17,85.63,3.0,6.64,272.02,10.22,1,42.22,1,0,0,0,1,0
3545,16,6.71,7.34,5.34,84.62,0.13,8.41,236.78,14.69,2,67.12487779278962,0,1,0,1,0,0
3546,24,6.07,7.67,8.21,68.32,2.22,11.05,255.93,17.39,0,77.96111988622889,1,0,0,0,1,0
3547,19,4.79,8.98,8.04,61.63,0.75,7.71,253.64,10.76,1,93.36404938145633,0,1,0,1,0,0
3548,18,7.69,3.01,6.9,65.55,4.37,12.16,243.27,20.97,0,28.633261371103472,1,0,0,0,1,0
3549,16,1.53,9.9,7.23,70.87,0.06,5.22,303.91,8.44,1,100.0,0,1,0,1,0,0
3550,19,7.55,2.38,4.2,95.28,4.37,10.52,229.13,17.45,0,17.827820242011526,0,1,0,0,1,0
3551,24,3.21,6.41,5.84,94.23,4.7,4.83,279.83,8.49,1,88.83,1,0,0,0,0,1
3552,21,4.23,6.91,5.32,62.55,0.36,6.9,276.89,8.88,1,62.62,0,1,0,0,1,0
3553,21,0.98,4.77,4.75,71.57,3.6,6.18,310.6,7.92,1,68.86,1,0,0,0,0,1
3554,16,4.32,5.28,5.95,95.57,2.74,9.38,236.19,9.9,1,58.22,0,1,0,1,0,0
3555,17,4.89,9.02,5.77,69.47,4.77,6.03,256.84,12.75,2,65.83,0,1,0,1,0,0
3556,21,7.98,6.81,7.64,99.84,3.99,9.68,227.46,14.75,0,52.9,0,1,0,0,1,0
3557,17,7.8,5.47,6.99,70.27,3.47,12.58,216.72,19.27,0,42.66,1,0,0,0,0,1
3558,18,7.73,2.16,8.57,89.56,4.63,10.41,222.2,19.03,0,31.27,0,1,0,1,0,0
3559,19,2.79,1.07,4.73,76.68,0.8,7.01,282.64,9.51,1,36.32,1,0,0,0,0,1
3560,20,7.93,2.12,4.3,65.45,1.88,11.74,240.79,16.83,0,7.04,0,1,0,0,1,0
3561,24,3.64,9.61,6.67,70.21,4.21,7.9,282.3,8.87,1,88.76,0,1,0,0,1,0
3562,19,6.81,7.88,4.01,87.0,0.51,8.08,241.57,17.33,2,72.32258716509979,0,1,0,0,0,1
3563,24,1.73,9.7,7.94,73.48,4.68,7.39,287.58,5.28,1,100.0,0,1,0,0,1,0
3564,18,4.05,1.32,6.53,84.17,3.73,5.15,264.55,7.71,1,40.1,1,0,0,0,0,1
3565,23,7.73,7.12,6.44,68.22,2.2,8.77,235.74,18.99,0,48.79752737858515,1,0,0,0,0,1
3566,16,7.58,1.4,5.81,77.94,1.69,9.71,235.64,16.1,0,12.92,1,0,0,0,1,0
3567,24,5.47,8.04,5.87,80.49,0.74,11.44,240.15,13.81,2,83.81803362900654,0,1,0,0,0,1
3568,24,6.38,4.43,6.16,76.51,0.47,7.74,257.43,17.12,0,40.57,0,1,0,1,0,0
3569,17,1.41,1.86,4.08,67.92,2.12,6.78,294.47,4.21,1,54.74,0,1,0,0,1,0
3570,19,5.77,6.11,4.42,78.46,4.22,7.57,254.34,10.98,0,51.49,1,0,0,0,1,0
3571,23,4.94,3.52,6.53,87.72,2.66,6.49,288.06,11.01,1,57.04,0,1,0,1,0,0
3572,22,0.73,6.94,4.75,98.6,2.26,5.62,307.06,3.97,1,83.36,1,0,0,0,1,0
3573,16,0.91,6.92,7.89,91.58,1.6,6.14,310.76,2.88,1,95.85,0,1,0,1,0,0
3574,20,0.87,7.35,5.37,66.46,0.78,5.83,303.97,5.83,2,86.56,0,1,0,1,0,0
3575,22,5.79,9.93,4.49,70.91,4.95,8.0,252.27,12.72,2,84.02644811541781,0,1,0,1,0,0
3576,19,1.13,4.48,5.18,63.15,0.13,6.53,320.69,5.09,1,68.2,0,1,0,0,0,1
3577,16,3.74,5.19,5.79,65.43,1.56,5.1,273.17,8.15,1,56.87,1,0,0,0,0,1
3578,24,2.86,8.24,4.18,70.03,3.85,5.57,282.74,4.98,2,77.93,0,1,0,1,0,0
3579,20,4.4,6.21,4.71,67.98,2.6,7.72,278.24,8.83,1,65.18,1,0,0,0,1,0
3580,17,5.65,1.34,5.62,68.55,1.57,6.99,239.57,8.81,0,14.18,0,1,0,0,1,0
3581,23,5.48,8.59,5.55,69.23,4.96,9.38,255.07,15.19,2,74.8472501484439,1,0,0,0,1,0
3582,17,4.12,1.46,8.0,72.03,3.1,7.92,263.28,10.14,1,45.1,0,1,0,1,0,0
3583,18,3.71,2.54,8.22,65.02,1.48,9.67,273.1,12.39,1,47.9,1,0,0,0,0,1
3584,16,3.18,1.92,4.97,71.11,4.24,7.29,272.97,7.51,1,40.61,1,0,0,0,0,1
3585,17,6.9,1.7,4.62,87.54,0.75,9.89,222.91,17.59,0,16.56957957190751,0,0,1,0,0,1
3586,22,2.65,1.23,7.17,69.46,2.32,7.6,266.11,4.54,1,52.72264087650508,0,1,0,0,0,1
3587,17,2.07,1.5,8.02,66.87,4.2,4.74,290.63,7.42,1,53.84,1,0,0,0,1,0
3588,21,5.95,4.98,8.82,62.71,4.92,9.61,250.88,13.57,0,54.92,0,1,0,0,0,1
3589,18,2.88,3.28,4.03,80.0,1.92,4.16,293.57,3.63,1,59.4,0,1,0,0,0,1
3590,19,6.78,2.14,6.07,93.68,0.69,9.39,225.29,9.22,0,25.84,0,1,0,0,0,1
3591,23,2.62,6.93,7.67,62.36,2.83,6.26,290.08,8.06,1,75.86,0,1,0,1,0,0
3592,18,5.62,3.04,8.14,81.69,4.72,10.13,258.15,15.47,0,53.62,0,0,1,0,0,1
3593,21,0.36,1.17,4.31,86.02,3.33,1.86,319.28,1.59,1,27.32,0,1,0,1,0,0
3594,16,3.08,4.77,7.4,83.7,3.01,8.07,285.62,9.86,1,69.42,1,0,0,0,0,1
3595,22,2.75,3.79,5.44,95.1,1.55,8.25,265.38,9.14,1,62.28,1,0,0,0,0,1
3596,23,6.53,3.87,4.37,94.66,3.03,8.94,240.44,14.38,0,31.02,1,0,0,1,0,0
3597,23,7.74,5.01,6.45,62.29,4.42,12.57,226.3,19.81,0,31.01,1,0,0,1,0,0
3598,18,3.69,7.02,4.79,74.44,1.88,5.59,281.17,5.38,2,66.19,0,1,0,0,0,1
3599,16,6.6,6.55,7.69,86.83,1.21,10.22,254.67,15.21,0,53.49,1,0,0,0,1,0
3600,24,5.6,9.44,7.71,98.1,2.4,10.59,250.21,15.06,0,106.3943009843576,0,1,0,0,1,0
3601,21,7.74,5.66,8.21,92.19,1.88,10.67,223.67,16.05,0,54.67,1,0,0,0,1,0
3602,24,6.49,5.25,5.89,67.06,2.35,7.62,243.43,14.06,0,45.90042885819427,1,0,0,0,1,0
3603,22,0.62,2.92,4.07,71.17,0.48,4.32,312.78,0.74,1,51.47,0,0,1,0,0,1
3604,16,5.71,7.8,5.3,90.54,1.68,10.93,255.8,14.18,2,83.36772220198995,0,1,0,1,0,0
3605,16,4.28,2.27,6.34,78.86,4.13,5.82,273.93,7.89,1,47.17,0,1,0,0,0,1
3606,21,0.13,5.42,7.47,81.89,2.0,1.28,316.68,-0.2,1,86.87,0,1,0,0,1,0
3607,20,2.01,4.79,5.91,84.36,4.84,7.06,300.87,7.69,1,80.08,0,1,0,0,1,0
3608,24,7.37,6.92,6.68,64.13,3.54,9.71,229.37,12.39,0,39.35,0,1,0,0,0,1
3609,17,7.41,9.26,6.62,94.24,1.83,10.23,216.58,14.05,0,76.0166620269118,1,0,0,1,0,0
3610,23,6.39,9.52,4.82,94.53,1.26,7.82,231.76,14.94,2,81.90815401309386,0,1,0,1,0,0
3611,20,7.85,2.51,7.12,78.73,3.43,9.33,202.45,16.13,0,27.37,1,0,0,1,0,0
3612,17,6.45,3.36,6.2,85.07,1.51,10.52,259.23,13.47,0,29.17,1,0,0,1,0,0
3613,21,0.08,8.3,8.04,86.4,4.63,3.84,331.89,2.94,1,105.17843966197064,1,0,0,0,0,1
3614,23,2.3,5.66,7.45,67.59,0.58,4.76,302.75,3.62,1,90.29019200488388,0,1,0,1,0,0
3615,19,0.24,5.08,4.56,64.5,0.14,3.5,314.96,-0.17,1,62.07,0,1,0,0,1,0
3616,17,0.75,7.4,6.44,60.83,1.11,3.69,320.77,2.55,1,85.83,0,1,0,0,1,0
3617,20,1.75,6.42,7.51,96.52,3.03,6.23,307.98,5.46,1,98.94,0,1,0,0,1,0
3618,17,4.03,9.74,4.44,73.83,4.17,9.34,257.1,9.23,2,86.94,1,0,0,0,1,0
3619,17,6.78,6.26,7.96,63.43,0.85,11.61,230.78,15.45,0,51.59,0,1,0,0,1,0
3620,21,6.9,5.19,5.11,78.63,2.92,7.92,242.57,16.98,0,41.38,1,0,0,1,0,0
3621,24,4.93,5.89,6.52,63.03,0.72,6.43,255.95,10.54,1,52.24,1,0,0,0,0,1
3622,19,7.43,8.28,8.7,63.41,2.82,10.58,223.77,14.13,0,74.05329433761166,1,0,0,1,0,0
3623,21,4.0,6.51,6.86,79.56,0.09,9.26,280.24,10.68,1,69.82,0,1,0,1,0,0
3624,22,7.11,6.82,6.12,80.35,2.79,9.29,226.4,11.07,0,50.22300618241369,0,1,0,1,0,0
3625,21,3.63,9.74,4.03,83.21,2.61,9.02,301.26,13.18,2,96.02,1,0,0,1,0,0
3626,23,2.22,6.57,4.67,86.25,0.21,3.77,309.3,2.84,1,92.51479498377525,1,0,0,1,0,0
3627,19,7.33,4.42,6.89,86.73,3.45,8.69,229.91,15.75,0,41.15,0,1,0,0,0,1
3628,16,3.1,7.22,6.47,77.32,2.86,8.67,295.3,9.31,1,89.22,0,1,0,0,0,1
3629,22,4.03,6.94,5.82,85.74,3.12,5.84,273.51,7.4,1,72.83,0,1,0,1,0,0
3630,18,2.63,1.12,8.62,72.19,2.65,5.95,284.28,9.52,1,53.65,1,0,0,1,0,0
3631,21,5.3,5.21,5.66,77.65,3.61,7.93,276.18,16.03,0,51.91,0,1,0,1,0,0
3632,17,7.96,7.69,6.69,75.73,2.63,9.7,228.38,15.29,0,58.47801400812924,1,0,0,1,0,0
3633,24,0.2,5.49,6.84,73.16,4.61,4.36,308.66,3.9,1,70.35,0,1,0,0,0,1
3634,16,7.2,8.02,6.64,69.54,4.72,13.02,238.2,15.33,0,63.04908827482368,1,0,0,1,0,0
3635,21,0.03,5.06,6.39,63.14,3.63,4.32,336.41,4.85,1,81.36,1,0,0,1,0,0
3636,21,2.91,9.85,5.69,80.24,4.56,5.68,285.1,9.73,2,97.38,1,0,0,0,0,1
3637,20,1.35,3.64,8.54,81.49,4.62,5.91,305.9,7.0,1,86.38,0,1,0,0,0,1
3638,20,6.06,1.83,6.25,73.45,1.31,7.78,244.28,9.67,0,30.14,0,1,0,1,0,0
3639,16,0.4,4.87,6.64,99.03,4.97,4.3,318.72,1.66,1,80.75,0,1,0,0,0,1
3640,20,4.43,5.88,7.28,82.28,1.34,7.78,257.06,9.48,1,71.68,1,0,0,1,0,0
3641,17,2.36,4.14,4.34,95.56,0.09,5.16,283.72,4.93,1,61.96,1,0,0,0,1,0
3642,22,1.07,3.18,7.91,82.8,4.81,5.77,303.74,7.15,1,73.03,1,0,0,0,0,1
3643,18,6.17,7.05,6.56,67.6,1.12,7.76,247.64,9.51,0,75.27733383777644,0,1,0,0,0,1
3644,19,1.74,4.39,7.29,98.98,2.92,5.4,310.24,6.09,1,79.08,1,0,0,0,0,1
3645,18,1.79,6.68,7.86,95.41,4.85,7.06,297.05,7.7,1,97.06,0,1,0,0,1,0
3646,18,2.2,8.01,8.37,78.85,0.25,4.21,301.87,4.0,1,100.0,1,0,0,0,1,0
3647,19,4.69,7.85,5.96,69.72,1.35,7.01,259.32,11.55,2,75.05,0,1,0,1,0,0
3648,20,5.28,4.38,8.06,68.91,3.04,9.58,262.53,13.59,0,56.15,1,0,0,0,1,0
3649,16,0.14,6.11,5.29,92.24,3.81,5.0,330.31,2.17,1,74.52,0,1,0,0,1,0
3650,19,1.93,5.05,7.3,62.76,4.04,4.35,295.69,7.24,1,77.38,0,1,0,1,0,0
3651,23,3.45,8.84,4.51,85.52,4.42,6.25,282.11,7.21,2,78.1,1,0,0,0,0,1
3652,22,2.66,8.91,4.1,85.61,0.84,7.36,282.22,9.85,2,86.48,0,1,0,1,0,0
3653,24,7.07,4.09,4.48,67.3,1.85,9.5,241.02,15.62,0,34.03235269194346,1,0,0,0,0,1
3654,20,6.3,1.83,5.6,88.2,3.57,10.63,216.39,14.14,0,23.93,1,0,0,1,0,0
3655,19,5.01,2.51,4.16,88.22,3.58,6.8,243.62,10.47,0,49.8972094872685,1,0,0,0,0,1
3656,23,2.7,4.3,7.15,74.0,1.54,5.76,293.33,4.15,1,72.5,0,1,0,1,0,0
3657,24,5.61,6.08,5.58,79.34,1.52,10.05,236.32,12.72,0,50.4,1,0,0,0,1,0
3658,22,6.75,6.91,7.68,93.31,1.6,10.05,234.11,12.91,0,82.26101186135013,1,0,0,0,1,0
3659,22,4.76,3.98,4.23,80.93,4.46,5.86,276.91,10.6,1,45.666515277131936,0,1,0,1,0,0
3660,20,6.28,7.01,5.08,84.73,4.55,9.31,253.28,15.88,2,70.21112120909112,1,0,0,1,0,0
3661,19,5.99,9.44,6.04,76.51,0.07,8.43,272.07,14.11,0,81.56577854612104,0,1,0,1,0,0
3662,16,4.57,6.87,5.91,65.98,1.63,6.08,265.91,8.47,1,63.11,0,1,0,0,1,0
3663,22,2.5,2.43,4.65,99.92,1.96,3.55,289.17,4.99,1,62.7,0,1,0,0,0,1
3664,16,5.97,6.22,8.97,81.26,4.91,7.2,248.46,13.11,0,67.58,0,1,0,0,1,0
3665,16,1.65,5.88,5.42,73.46,4.72,7.4,290.95,6.83,1,93.02392390435298,0,1,0,0,1,0
3666,20,6.24,8.84,7.61,88.55,3.14,10.99,242.99,18.13,0,86.48766053869787,1,0,0,0,0,1
3667,24,6.44,4.15,5.1,84.83,0.23,12.14,230.11,16.98,0,38.21,1,0,0,1,0,0
3668,21,6.58,4.81,8.39,69.32,0.96,8.15,252.77,14.24,0,58.06529505715372,0,1,0,0,1,0
3669,18,3.78,6.39,5.94,95.08,2.17,7.63,282.02,9.69,1,88.39065812357094,1,0,0,0,1,0
3670,18,1.54,5.72,8.5,62.84,4.8,2.96,289.92,3.09,1,91.91,1,0,0,0,1,0
3671,22,0.8,7.47,5.71,84.23,0.47,1.93,303.75,2.17,2,91.72,1,0,0,1,0,0
3672,21,5.95,1.36,4.04,79.12,3.96,9.28,252.51,15.0,0,21.4,1,0,0,0,0,1
3673,24,7.09,6.07,6.59,72.73,0.96,11.32,237.63,14.88,0,43.2,1,0,0,0,1,0
3674,21,5.21,2.1,6.62,93.06,2.54,6.53,246.98,11.9,0,46.23,0,1,0,1,0,0
3675,20,1.15,3.84,4.6,86.25,3.83,3.98,306.86,3.5,1,72.24,0,1,0,0,1,0
3676,22,7.48,6.95,5.17,90.38,3.46,8.93,235.95,19.12,0,44.69,0,1,0,0,1,0
3677,16,7.91,2.42,7.92,76.59,3.88,10.72,231.08,17.82,0,25.3,1,0,0,0,1,0
3678,22,3.47,3.78,4.18,97.7,4.07,6.83,295.21,9.28,1,59.64,0,1,0,0,1,0
3679,18,4.76,7.33,6.45,73.79,1.53,7.45,265.38,9.15,1,83.37,1,0,0,0,1,0
3680,24,6.22,6.86,6.65,81.24,1.82,10.1,232.95,17.31,0,67.03,0,1,0,0,1,0
3681,21,5.89,1.82,7.44,97.35,4.08,9.81,238.67,14.75,0,42.42,1,0,0,0,0,1
3682,24,7.74,6.2,4.19,63.33,0.19,10.4,239.68,19.54,0,31.32,0,1,0,0,1,0
3683,20,0.92,2.33,6.93,64.35,2.57,3.87,325.07,2.95,1,58.51,0,1,0,0,1,0
3684,22,4.65,3.27,4.02,99.77,4.6,7.86,263.85,10.9,1,46.13,0,1,0,0,1,0
3685,19,5.54,5.13,5.33,98.86,4.43,8.42,257.34,9.78,0,59.56,0,1,0,0,1,0
3686,22,7.12,1.98,6.5,90.87,4.02,11.92,235.49,20.33,0,30.9,0,1,0,0,1,0
3687,16,6.99,9.94,8.56,79.37,0.11,8.69,233.14,15.57,0,89.15537575782855,1,0,0,0,1,0
3688,22,7.82,2.49,4.63,80.24,4.44,13.11,211.25,22.0,0,8.3,0,1,0,1,0,0
3689,23,4.1,8.03,4.85,70.29,4.56,6.76,275.57,8.83,2,70.99,0,1,0,0,0,1
3690,20,6.65,8.47,7.35,77.31,3.32,11.27,258.02,16.55,0,74.64291181274325,1,0,0,1,0,0
3691,17,3.42,9.95,5.87,77.25,1.49,8.84,280.66,11.54,2,87.63,0,1,0,1,0,0
3692,20,3.38,4.86,7.12,61.44,2.45,8.82,276.42,10.14,1,66.69,1,0,0,0,0,1
3693,21,2.03,8.87,8.99,78.13,3.81,5.29,291.32,5.02,1,100.0,0,0,1,1,0,0
3694,17,6.55,9.62,8.93,79.19,4.07,8.83,246.37,13.29,0,91.60851790855456,0,1,0,0,0,1
3695,21,7.89,2.56,5.77,86.63,1.72,11.92,236.83,17.1,0,18.48,0,1,0,0,0,1
3696,21,2.05,5.31,6.52,80.66,1.63,3.97,300.73,10.4,1,77.8,0,1,0,1,0,0
3697,16,0.45,1.54,8.52,94.47,3.68,5.4,295.9,2.13,1,79.8334046449075,1,0,0,0,1,0
3698,16,6.52,6.59,4.46,74.7,3.43,11.08,259.18,11.35,0,48.69,1,0,0,0,1,0
3699,18,4.96,6.23,6.26,76.39,2.57,9.94,268.81,12.48,1,59.43,1,0,0,0,1,0
3700,18,7.68,2.84,5.89,82.86,2.1,10.85,226.04,16.99,0,24.68,1,0,0,1,0,0
3701,19,2.02,8.18,5.47,68.11,3.29,5.81,290.46,5.31,2,85.41,0,1,0,0,0,1
3702,17,0.57,1.34,8.97,75.74,0.16,2.08,308.69,0.65,1,69.64,1,0,0,1,0,0
3703,24,3.94,8.26,7.67,87.45,0.38,8.38,281.35,9.55,1,96.21,1,0,0,0,0,1
3704,22,0.68,1.24,5.94,76.47,2.87,4.11,292.09,0.44,1,68.17,1,0,0,0,0,1
3705,22,2.09,6.91,8.15,96.26,1.05,5.64,300.06,9.51,1,100.0,1,0,0,0,0,1
3706,21,1.01,1.71,6.45,84.61,3.87,6.24,310.69,5.13,1,65.04,1,0,0,0,0,1
3707,18,1.79,3.26,8.36,66.15,3.86,6.65,301.19,6.25,1,72.87,0,1,0,1,0,0
3708,21,0.85,7.5,5.33,79.5,3.55,4.53,298.17,5.64,2,83.92,0,1,0,0,1,0
3709,23,7.63,3.52,5.12,90.59,4.52,10.41,211.4,22.07,0,22.07,1,0,0,0,0,1
3710,23,2.23,5.6,5.24,85.73,0.7,5.46,315.68,5.27,1,74.98,0,1,0,0,1,0
3711,24,3.55,9.24,6.69,95.41,1.3,6.3,278.73,9.09,1,98.96,1,0,0,0,0,1
3712,16,7.19,1.45,5.46,90.0,1.26,8.95,253.08,16.86,0,32.36,0,1,0,0,0,1
3713,16,5.42,8.3,4.74,62.46,3.91,9.65,263.99,14.34,2,64.15807030325684,1,0,0,1,0,0
3714,18,4.94,1.59,8.97,64.5,2.61,9.4,261.84,13.92,1,38.65,1,0,0,1,0,0
3715,18,5.64,2.14,8.5,85.99,1.26,11.5,254.64,16.05,0,47.1,0,1,0,0,0,1
3716,23,6.63,2.07,7.18,69.54,0.68,9.91,251.24,14.08,0,33.272891033045994,1,0,0,0,1,0
3717,16,7.02,9.95,8.46,83.51,4.47,13.01,247.69,19.43,0,95.34593616847732,1,0,0,1,0,0
3718,17,5.14,2.62,8.68,91.69,3.46,7.08,263.08,11.03,0,52.27,1,0,0,0,1,0
3719,17,7.12,9.07,7.38,83.08,2.64,11.4,245.49,16.94,0,75.08422924601614,0,1,0,0,0,1
3720,18,4.28,9.92,6.59,76.62,4.83,10.25,280.04,12.77,1,93.3,0,1,0,0,1,0
3721,21,2.22,4.45,8.41,85.85,4.25,6.42,296.66,5.12,1,76.64,0,1,0,0,1,0
3722,16,7.04,6.68,6.84,65.74,0.89,10.3,229.48,16.58,0,48.0,0,1,0,0,0,1
3723,17,4.33,8.01,4.63,88.93,2.54,7.91,273.01,11.69,2,77.88,1,0,0,0,1,0
3724,16,7.25,4.53,5.83,87.88,2.43,12.48,225.52,13.33,0,38.05,0,0,1,1,0,0
3725,20,0.32,2.46,6.23,80.58,4.22,6.02,312.36,6.29,1,60.29,1,0,0,0,0,1
3726,22,3.18,4.9,8.68,71.15,0.75,6.45,285.82,6.36,1,71.71,1,0,0,0,0,1
3727,23,7.58,7.95,7.3,91.9,2.26,12.44,228.25,18.14,0,78.46560685387576,1,0,0,0,1,0
3728,16,2.0,8.03,8.38,80.42,3.18,7.67,309.16,9.89,1,100.0,0,1,0,0,1,0
3729,22,7.53,3.07,7.79,62.37,4.73,9.94,223.04,17.57,0,25.16,1,0,0,1,0,0
3730,20,7.63,2.57,5.55,96.74,4.5,11.1,207.16,19.08,0,35.47861972906644,0,1,0,1,0,0
3731,16,7.06,9.29,7.59,90.71,2.67,13.04,248.38,19.33,0,89.09506562376205,1,0,0,0,0,1
3732,18,4.51,1.4,4.98,83.39,3.03,7.28,266.36,9.42,1,40.96,0,1,0,0,0,1
3733,22,5.18,7.61,6.04,77.47,4.26,9.28,258.79,10.34,0,87.09320020549467,0,1,0,0,0,1
3734,16,6.96,1.42,8.03,98.4,3.72,11.25,228.6,16.9,0,39.27,1,0,0,1,0,0
3735,22,6.21,8.54,7.06,91.0,4.4,7.98,226.64,14.73,0,87.63938067395253,1,0,0,1,0,0
3736,20,5.04,9.15,8.13,81.4,4.48,10.07,251.33,14.8,0,95.45932719932284,1,0,0,0,0,1
3737,16,7.86,3.68,5.27,86.13,4.16,10.92,231.38,18.81,0,28.79,1,0,0,1,0,0
3738,16,5.49,1.67,7.75,71.23,0.05,8.99,252.11,11.75,0,40.57,0,1,0,0,0,1
3739,16,7.8,5.33,5.01,67.83,1.55,12.01,223.07,19.46,0,28.28,1,0,0,0,1,0
3740,24,0.46,3.69,6.73,70.93,2.02,3.51,297.49,-1.76,1,69.56753371522323,0,1,0,0,0,1
3741,18,1.11,4.75,6.17,71.73,3.39,3.74,324.79,6.08,1,78.89,1,0,0,0,0,1
3742,20,3.61,6.98,6.78,89.59,1.53,7.34,276.09,7.31,1,84.1,1,0,0,0,1,0
3743,24,3.08,2.89,4.68,65.6,1.62,5.81,306.46,5.7,1,38.14,0,1,0,0,0,1
3744,21,6.26,4.21,5.81,91.1,2.0,9.43,248.55,19.08,0,46.38,1,0,0,0,0,1
3745,24,1.28,8.04,7.33,80.94,4.78,2.82,320.15,3.44,1,100.0,1,0,0,1,0,0
3746,23,7.81,6.79,6.79,75.38,2.19,13.03,219.1,17.72,0,50.189390786929785,0,1,0,1,0,0
3747,23,2.52,3.94,6.74,72.02,0.7,5.58,274.62,4.26,1,75.41336208657823,1,0,0,1,0,0
3748,16,3.43,6.98,6.55,80.53,0.03,4.84,276.98,8.45,1,96.00323037145546,1,0,0,0,1,0
3749,24,2.2,7.89,8.72,72.7,1.18,7.15,299.2,8.46,1,100.0,1,0,0,0,0,1
3750,21,4.63,6.33,8.67,77.18,4.69,5.73,271.13,9.11,1,66.52,0,1,0,0,0,1
3751,24,0.47,3.16,5.8,89.56,4.77,4.47,318.31,-1.36,1,73.82,0,1,0,0,1,0
3752,18,1.2,1.0,5.76,85.04,2.65,5.71,328.52,7.91,1,55.36,1,0,0,0,1,0
3753,18,5.97,8.23,6.77,89.92,3.23,7.93,252.28,12.34,0,78.65767779556447,0,1,0,0,1,0
3754,21,1.49,8.4,4.48,88.52,3.98,3.15,299.02,3.19,2,100.0,0,0,1,0,1,0
3755,24,1.88,7.28,5.52,92.6,0.28,3.45,295.1,4.47,2,94.48,0,1,0,1,0,0
3756,22,6.34,1.69,5.15,68.07,1.87,12.31,235.87,14.05,0,17.32,1,0,0,0,1,0
3757,18,0.75,6.27,5.12,99.8,3.21,5.53,313.93,6.44,1,90.74,1,0,0,0,1,0
3758,18,3.5,8.39,7.19,79.03,4.49,6.06,288.82,9.73,1,98.14,0,1,0,0,1,0
3759,17,0.18,4.51,5.92,88.73,3.63,2.86,331.93,2.68,1,78.07,0,1,0,1,0,0
3760,24,2.77,2.78,4.86,87.11,1.75,7.01,283.79,12.28,1,50.36,1,0,0,0,1,0
3761,18,5.59,6.29,8.44,82.65,4.55,8.88,252.39,11.43,0,70.32,1,0,0,0,1,0
3762,20,0.72,8.44,8.37,99.83,3.32,3.08,304.94,5.17,1,100.0,0,1,0,0,1,0
3763,24,7.11,1.44,8.31,68.69,4.15,8.4,244.36,10.42,0,23.02,1,0,0,0,1,0
3764,23,7.28,6.37,5.95,76.87,1.93,12.2,220.29,18.31,0,51.26,0,1,0,0,1,0
3765,17,0.84,6.79,4.28,65.11,0.01,6.28,302.7,8.92,1,82.55272926911232,0,1,0,1,0,0
3766,18,7.93,6.42,4.53,67.27,0.83,9.96,183.26,14.78,0,22.89,1,0,0,0,1,0
3767,17,2.38,6.85,5.38,88.52,4.64,3.7,279.65,8.71,1,89.43,0,1,0,0,1,0
3768,23,0.67,6.68,5.1,60.19,0.17,2.26,306.05,-0.63,1,79.12,1,0,0,0,1,0
3769,21,0.04,2.17,8.37,95.59,2.98,3.11,314.41,5.77,1,80.43,0,1,0,1,0,0
3770,21,3.27,3.11,8.93,85.33,2.05,5.77,267.81,6.87,1,69.66,0,1,0,0,1,0
3771,24,5.04,6.57,8.08,77.64,2.15,6.41,248.22,9.28,0,72.59,0,1,0,1,0,0
3772,23,2.66,1.16,7.65,73.25,2.0,5.93,300.7,5.88,1,54.54,1,0,0,1,0,0
3773,19,6.69,6.71,6.94,65.05,0.34,8.71,231.92,14.45,0,59.76980482956508,1,0,0,0,0,1
3774,19,5.73,6.99,7.85,96.86,0.61,7.06,233.15,11.82,0,84.03,1,0,0,1,0,0
3775,24,2.8,3.15,8.74,88.49,0.31,7.09,275.97,7.64,1,70.88,0,1,0,0,0,1
3776,16,5.87,6.38,7.01,73.46,0.27,9.73,239.26,14.3,0,69.01,0,1,0,0,0,1
3777,17,7.52,5.81,4.77,62.84,0.43,12.65,229.06,18.08,0,34.57,1,0,0,0,0,1
3778,17,0.74,3.35,4.82,73.03,3.48,3.25,314.72,2.75,1,48.11,0,1,0,0,0,1
3779,21,2.45,5.17,6.92,67.39,0.57,4.13,277.06,4.86,1,66.3,1,0,0,0,1,0
3780,19,3.71,9.19,5.67,91.45,1.31,6.51,278.48,9.68,2,95.21,0,1,0,0,0,1
3781,18,3.98,4.84,8.55,88.78,3.28,8.87,286.24,11.16,1,69.4,1,0,0,1,0,0
3782,18,4.34,6.67,7.06,79.93,0.56,6.55,278.08,10.44,1,67.37,0,1,0,0,1,0
3783,18,2.41,1.32,7.38,95.43,4.55,4.69,296.87,5.96,1,72.38248427722482,1,0,0,1,0,0
3784,21,5.34,1.7,4.03,67.23,2.39,7.08,260.0,10.16,0,13.87,0,1,0,0,1,0
3785,23,5.16,1.73,6.49,78.08,4.82,11.09,254.91,13.43,0,40.21,0,1,0,1,0,0
3786,22,4.62,8.0,6.16,88.42,0.96,10.46,278.75,11.6,1,77.49,0,1,0,0,0,1
3787,19,0.91,4.15,7.53,62.71,0.15,5.2,313.37,-0.17,1,75.61,0,1,0,0,0,1
3788,19,3.82,3.05,5.91,74.91,2.95,5.89,266.12,10.67,1,50.81,0,1,0,1,0,0
3789,17,2.85,7.73,8.88,82.87,1.64,7.68,284.29,8.63,1,86.77,1,0,0,1,0,0
3790,16,3.93,2.53,7.35,74.67,2.86,7.85,266.08,9.78,1,49.82,1,0,0,0,1,0
3791,24,7.37,3.22,7.3,79.21,2.37,12.12,230.17,18.16,0,31.05,1,0,0,1,0,0
3792,17,3.84,4.88,8.6,84.32,2.29,9.14,286.07,8.82,1,75.97,1,0,0,0,1,0
3793,23,0.11,3.98,8.98,74.74,4.26,2.7,316.92,4.23,1,83.74,1,0,0,0,0,1
3794,24,3.51,6.27,4.99,64.24,0.96,9.08,269.93,12.22,1,62.47,0,1,0,1,0,0
3795,19,6.57,4.04,8.05,65.58,2.5,12.06,251.57,13.56,0,36.76,0,1,0,0,1,0
3796,23,6.24,4.54,4.81,81.08,2.08,9.98,257.89,13.09,0,42.03,0,1,0,0,1,0
3797,24,4.11,8.77,6.29,66.99,3.37,8.53,262.83,11.78,1,85.57,1,0,0,0,0,1
3798,20,2.0,8.96,4.5,95.59,0.25,5.06,310.8,6.02,2,100.0,0,1,0,0,1,0
3799,22,3.72,8.45,7.12,93.37,2.65,8.0,284.99,9.54,1,91.74,0,1,0,0,1,0
3800,19,4.51,8.78,6.34,73.96,2.39,8.25,260.36,11.77,1,79.22,1,0,0,0,0,1
3801,16,8.0,6.13,7.14,93.24,4.87,10.61,236.19,13.56,0,43.47,0,1,0,0,0,1
3802,18,5.15,6.82,7.39,81.33,3.78,7.76,245.88,9.76,0,72.75,1,0,0,0,0,1
3803,20,5.55,6.01,7.1,66.36,0.77,9.81,248.58,12.03,0,66.7260259620361,1,0,0,0,0,1
3804,18,3.93,8.07,5.47,84.57,2.55,9.71,261.89,12.28,2,84.27,0,1,0,1,0,0
3805,22,2.84,5.96,8.18,87.18,3.92,4.85,276.15,2.38,1,81.95,0,1,0,1,0,0
3806,24,6.5,2.0,6.76,63.36,2.62,9.46,250.51,14.84,0,35.426229069365974,1,0,0,1,0,0
3807,21,3.96,8.29,6.45,72.58,1.78,8.99,272.33,9.68,1,74.97,1,0,0,0,1,0
3808,16,7.96,7.85,8.94,60.22,1.88,9.58,213.37,18.03,0,67.91877055542612,0,1,0,0,1,0
3809,22,3.66,8.38,5.42,72.66,1.84,9.63,270.18,11.92,2,76.95,1,0,0,1,0,0
3810,18,0.54,2.71,6.64,73.42,0.1,4.93,306.87,6.67,1,69.34,1,0,0,0,0,1
3811,20,5.46,3.44,7.41,85.21,3.65,11.01,256.99,11.35,0,58.86,0,1,0,1,0,0
3812,19,0.37,3.66,4.63,67.96,3.05,5.56,338.29,1.69,1,54.54,0,1,0,0,0,1
3813,20,2.0,5.57,5.77,61.2,1.34,6.89,298.06,6.54,1,78.74,1,0,0,1,0,0
3814,20,2.83,2.2,8.01,72.63,3.15,3.99,288.76,9.06,1,60.91,0,1,0,0,1,0
3815,21,5.92,4.47,5.18,93.02,1.54,8.95,264.37,14.23,0,43.89,1,0,0,0,0,1
3816,21,3.95,2.64,6.47,75.97,1.22,5.96,267.17,9.12,1,45.05,0,1,0,1,0,0
3817,23,0.23,3.38,7.15,76.6,3.71,5.59,330.57,5.59,1,67.82,1,0,0,1,0,0
3818,23,4.93,7.36,7.36,78.76,4.05,9.33,256.59,11.27,1,73.45,1,0,0,0,0,1
3819,24,3.29,8.69,7.64,90.07,3.13,4.83,276.92,9.69,1,95.99,1,0,0,0,1,0
3820,23,7.37,1.21,8.33,79.2,3.92,10.17,228.26,19.61,0,23.56,0,1,0,1,0,0
3821,17,4.0,6.09,5.96,63.65,1.83,5.35,270.93,8.37,1,60.93,0,1,0,0,0,1
3822,16,5.67,1.32,7.53,68.26,0.36,10.37,250.21,10.59,0,35.55,1,0,0,0,1,0
3823,17,1.75,1.77,7.66,67.52,3.02,4.84,302.58,5.34,1,64.43,0,1,0,0,0,1
3824,17,6.09,7.35,5.5,80.31,1.28,8.26,242.68,16.55,2,72.51786224138978,0,1,0,0,0,1
3825,18,5.77,7.62,8.84,61.2,3.89,9.36,251.76,14.32,0,80.72709447867132,1,0,0,0,0,1
3826,22,7.23,8.33,8.33,71.34,1.79,8.44,217.12,12.31,0,72.0448223761719,0,1,0,1,0,0
3827,17,0.27,5.27,5.45,84.29,3.35,2.56,324.58,4.23,1,80.62,0,1,0,0,0,1
3828,16,3.58,8.74,7.38,74.19,2.76,5.46,288.36,9.69,1,90.95,0,1,0,0,0,1
3829,21,5.43,2.5,7.59,88.31,4.09,11.08,257.06,15.68,0,53.57097520585627,1,0,0,0,1,0
3830,24,0.76,3.25,6.16,75.65,4.16,3.65,318.36,5.23,1,69.8,1,0,0,0,0,1
3831,18,3.28,2.21,8.32,99.17,0.34,7.2,272.27,7.43,1,64.14,0,1,0,0,1,0
3832,21,7.54,8.18,7.45,98.61,1.48,11.05,244.7,18.95,0,83.8518519813395,0,1,0,0,1,0
3833,18,3.49,3.06,7.29,91.99,4.35,7.79,280.02,7.84,1,52.07,0,1,0,0,1,0
3834,16,7.88,2.4,5.1,98.18,2.02,10.28,209.39,14.6,0,13.44,1,0,0,0,1,0
3835,20,0.45,6.61,6.04,68.19,2.57,2.05,326.75,0.04,1,92.72,0,1,0,0,1,0
3836,19,5.74,1.69,6.17,90.04,0.92,7.15,258.3,13.57,0,32.34,1,0,0,0,0,1
3837,22,4.65,1.4,7.67,72.87,2.76,6.62,282.92,9.47,1,42.37,0,1,0,0,1,0
3838,21,4.0,1.96,7.09,89.01,1.32,7.41,288.64,12.66,1,57.09,0,0,1,0,1,0
3839,22,7.77,1.0,4.43,74.96,4.15,9.95,240.18,18.86,0,4.61,0,1,0,1,0,0
3840,20,1.04,7.27,5.54,71.58,1.0,4.21,312.26,5.01,2,94.7,1,0,0,0,0,1
3841,19,7.17,6.06,6.37,98.35,1.8,8.32,241.09,17.68,0,56.03,0,1,0,0,0,1
3842,22,5.53,2.89,7.68,68.4,0.48,9.67,242.85,10.78,0,47.49,0,1,0,0,1,0
3843,22,2.07,3.1,7.72,90.34,2.94,7.46,292.39,8.75,1,73.09,1,0,0,0,0,1
3844,21,7.21,8.3,6.45,86.99,4.71,8.45,263.32,16.19,0,78.66434026198958,1,0,0,0,0,1
3845,23,3.43,5.52,4.58,72.14,0.87,5.52,261.56,5.36,1,57.48,0,1,0,0,0,1
3846,19,6.51,7.29,5.46,78.33,0.1,9.1,244.98,12.87,2,66.47368997405772,1,0,0,0,1,0
3847,20,3.11,5.07,5.27,65.72,2.11,5.55,282.29,7.12,1,60.04,1,0,0,1,0,0
3848,19,6.81,3.14,7.91,96.85,3.74,8.01,246.81,13.85,0,53.26378787338706,1,0,0,1,0,0
3849,16,5.09,9.73,4.9,98.72,4.88,6.62,260.91,10.86,2,87.18418573283289,0,1,0,1,0,0
3850,23,1.13,6.09,6.32,89.3,0.26,6.69,318.59,3.8,1,89.1,1,0,0,0,1,0
3851,16,5.2,2.18,7.35,93.98,3.93,9.76,257.75,15.64,0,46.29,1,0,0,0,0,1
3852,20,1.53,4.65,8.82,63.3,1.84,7.32,309.38,3.49,1,99.95932033289448,0,1,0,0,1,0
3853,21,3.3,3.96,9.0,75.36,0.77,6.5,284.06,5.79,1,68.98,1,0,0,0,0,1
3854,21,1.36,2.93,8.76,73.23,0.96,6.76,300.76,3.53,1,77.83,0,1,0,0,0,1
3855,20,0.18,9.4,7.59,82.6,4.62,5.26,313.5,1.63,1,100.0,0,1,0,0,0,1
3856,18,1.7,8.93,7.73,67.33,4.05,7.07,312.38,4.66,1,99.08,1,0,0,0,0,1
3857,20,4.29,2.79,7.8,82.54,1.56,5.49,274.77,12.54,1,53.02,1,0,0,1,0,0
3858,23,3.85,4.17,8.31,86.17,4.7,8.11,283.76,8.51,1,73.4,0,1,0,1,0,0
3859,17,4.01,7.86,8.76,65.29,0.53,7.84,284.43,9.69,1,98.07,0,1,0,0,1,0
3860,21,1.98,2.88,6.23,65.27,1.61,5.71,291.06,3.3,1,56.6426724843427,1,0,0,1,0,0
3861,24,5.48,6.32,6.08,61.42,3.26,9.0,251.53,11.78,0,54.42,0,1,0,1,0,0
3862,23,5.63,7.3,6.3,90.44,5.0,10.61,249.03,14.95,0,92.21948512373164,1,0,0,0,1,0
3863,23,2.86,6.89,7.3,73.24,2.33,8.7,295.99,10.0,1,87.04,1,0,0,0,1,0
3864,23,7.05,7.36,7.88,69.02,4.05,12.19,236.31,18.64,0,77.40097449823884,0,1,0,1,0,0
3865,22,5.15,7.36,8.35,91.12,4.58,10.5,260.03,10.98,0,84.58644417825894,1,0,0,0,0,1
3866,23,5.7,9.68,6.28,65.73,0.05,9.12,241.05,11.76,0,81.17795573608466,1,0,0,0,0,1
3867,21,2.22,4.12,5.82,77.09,1.44,6.67,301.6,8.3,1,64.47145161538674,0,1,0,0,0,1
3868,17,0.0,8.91,8.92,89.79,0.5,3.08,328.57,1.49,1,100.0,1,0,0,1,0,0
3869,17,6.92,1.2,5.16,82.95,3.88,9.72,242.57,15.12,0,18.87,1,0,0,1,0,0
3870,23,6.58,3.59,5.11,82.16,2.84,12.06,242.67,17.08,0,49.84448956339083,1,0,0,0,1,0
3871,16,0.99,1.44,7.58,66.3,0.48,6.52,318.55,6.74,1,65.4,1,0,0,0,1,0
3872,21,2.99,6.86,4.9,67.24,2.1,7.4,283.63,6.79,1,78.17,0,1,0,0,0,1
3873,21,5.29,1.91,6.0,83.3,2.57,10.48,270.72,12.97,0,32.64,0,1,0,0,1,0
3874,19,5.22,8.61,5.46,60.94,3.49,8.02,264.51,11.6,2,75.27154150918226,0,1,0,0,0,1
3875,18,6.88,6.82,4.84,94.76,3.9,10.05,224.82,13.41,0,54.56,0,1,0,1,0,0
3876,18,1.12,1.26,6.9,74.02,0.44,6.23,305.22,5.39,1,62.33,0,1,0,1,0,0
3877,16,3.44,7.43,5.87,76.66,2.44,6.43,281.97,7.3,2,78.08,1,0,0,1,0,0
3878,18,0.78,8.76,6.31,70.34,0.81,1.98,303.67,2.15,1,100.0,1,0,0,0,1,0
3879,19,3.12,6.95,4.98,95.07,3.77,5.89,293.36,8.92,1,77.34,1,0,0,1,0,0
3880,20,0.12,1.27,7.84,85.7,3.29,3.11,298.8,2.27,1,66.25,1,0,0,0,0,1
3881,18,7.19,8.72,5.57,78.0,3.62,8.96,241.76,13.49,2,79.22104900177543,1,0,0,0,1,0
3882,21,4.22,7.59,5.71,83.41,0.37,6.94,276.26,10.21,2,86.83,1,0,0,0,0,1
3883,20,6.8,4.41,5.26,75.21,2.55,12.47,218.53,16.71,0,39.8284966595333,1,0,0,1,0,0
3884,18,0.48,3.96,6.17,78.62,4.2,5.77,315.28,2.48,1,80.98700972412709,0,1,0,0,0,1
3885,21,1.82,5.32,6.32,74.31,3.57,5.05,293.81,3.53,1,81.85,1,0,0,1,0,0
3886,21,2.08,8.8,6.65,76.43,4.31,6.63,309.22,6.74,1,100.0,1,0,0,0,0,1
3887,23,3.09,3.27,8.84,72.6,1.03,4.85,274.55,4.27,1,74.06,0,1,0,0,0,1
3888,17,6.42,1.91,8.52,63.11,1.43,11.18,250.95,13.08,0,30.27,1,0,0,0,1,0
3889,16,3.09,8.78,7.05,61.49,2.21,6.47,292.9,5.3,1,88.09,1,0,0,0,1,0
3890,19,1.64,1.24,4.19,66.96,2.62,6.25,296.39,3.16,1,45.45,0,1,0,0,0,1
3891,22,0.52,9.2,7.06,70.07,1.26,4.74,326.74,2.19,1,100.0,1,0,0,0,0,1
3892,18,0.64,3.75,4.45,95.62,1.91,2.8,308.16,4.48,1,72.1,0,1,0,0,0,1
3893,18,6.08,5.57,7.55,84.45,3.44,11.25,260.37,15.98,0,64.84318758214494,0,1,0,0,0,1
3894,20,3.56,2.19,5.95,98.33,3.23,7.42,303.32,11.3,1,62.29,1,0,0,1,0,0
3895,20,5.81,9.12,8.19,73.59,0.55,10.73,259.58,12.86,0,85.49457428528882,1,0,0,0,1,0
3896,18,5.46,7.75,8.71,76.07,4.93,6.93,260.6,7.63,0,85.66606792505769,1,0,0,0,0,1
3897,24,1.08,9.32,6.09,88.79,2.81,5.16,302.31,3.01,1,108.08097739333525,1,0,0,0,0,1
3898,19,1.14,7.15,6.3,83.12,2.42,3.6,324.89,5.77,1,94.78,0,1,0,0,1,0
3899,18,6.04,2.66,6.95,81.12,4.84,11.34,256.4,13.94,0,35.58,1,0,0,1,0,0
3900,17,5.77,3.77,4.99,83.02,0.7,11.52,246.16,14.37,0,44.56,1,0,0,1,0,0
3901,24,3.02,5.38,8.64,83.37,2.72,4.3,298.75,6.25,1,85.42,0,0,1,0,1,0
3902,19,0.62,6.47,6.16,90.63,4.03,5.24,313.66,4.94,1,95.92,0,1,0,1,0,0
3903,18,0.1,9.34,4.83,86.72,1.99,1.61,325.57,2.62,2,96.13,1,0,0,1,0,0
3904,22,2.31,4.46,7.81,98.29,3.68,7.6,288.18,4.17,1,84.53,1,0,0,1,0,0
3905,23,0.07,7.33,5.1,97.92,4.5,1.69,309.77,-3.91,2,97.73,1,0,0,0,0,1
3906,17,1.84,9.65,4.72,76.88,1.31,3.82,289.05,5.98,2,94.81,1,0,0,1,0,0
3907,22,3.36,2.37,6.81,61.43,1.21,5.62,275.87,7.42,1,47.77,0,1,0,0,1,0
3908,20,0.97,8.76,7.36,60.44,1.8,5.61,313.49,5.57,1,100.0,1,0,0,0,0,1
3909,20,0.83,4.79,6.85,64.93,2.09,3.29,307.06,2.33,1,80.82,1,0,0,0,1,0
3910,18,7.17,7.59,7.28,63.0,0.56,11.15,226.05,17.37,0,68.72985145797139,0,1,0,0,0,1
3911,20,4.68,3.64,4.58,74.93,1.16,8.54,254.33,11.02,1,36.9,1,0,0,1,0,0
3912,17,7.48,4.01,6.38,62.11,4.37,10.49,242.9,15.03,0,34.96,1,0,0,1,0,0
3913,19,2.77,1.24,5.79,85.0,2.83,6.47,285.54,6.6,1,47.08,0,1,0,1,0,0
3914,21,5.42,9.74,8.87,67.61,1.34,7.01,235.38,11.3,0,85.3677082956327,1,0,0,0,1,0
3915,16,1.64,8.32,4.25,80.56,4.72,7.02,300.24,7.19,2,90.69,0,1,0,1,0,0
3916,19,4.95,1.85,5.49,64.12,3.87,6.99,256.45,10.58,1,35.93,0,1,0,0,1,0
3917,21,1.04,10.0,8.71,93.11,1.81,6.44,309.56,2.64,1,100.0,1,0,0,0,1,0
3918,24,0.02,6.45,8.92,91.2,3.83,3.61,314.09,5.16,1,100.0,0,1,0,0,0,1
3919,17,7.45,8.68,8.12,75.46,2.98,11.52,243.47,17.56,0,79.19685290607694,0,1,0,0,1,0
3920,22,4.44,1.6,4.38,96.42,3.42,6.73,265.19,12.75,1,37.15,0,1,0,0,1,0
3921,21,7.42,4.51,6.81,67.43,1.61,9.53,228.86,13.71,0,31.92,0,1,0,1,0,0
3922,17,2.67,7.03,6.0,92.56,1.05,6.12,284.8,6.56,1,87.74,1,0,0,0,0,1
3923,23,2.62,1.96,8.03,81.83,1.27,4.96,293.3,6.79,1,58.83,1,0,0,1,0,0
3924,22,3.21,5.4,4.28,73.18,0.42,6.33,285.43,9.3,1,63.26,1,0,0,0,0,1
3925,20,5.65,4.98,4.99,63.37,2.36,8.85,248.29,9.13,0,40.15,1,0,0,0,1,0
3926,20,4.53,2.94,6.45,66.85,2.03,6.88,265.88,6.52,1,49.8,0,1,0,0,1,0
3927,22,7.4,3.7,4.79,94.51,0.01,9.86,228.67,14.71,0,35.576225053619034,1,0,0,1,0,0
3928,24,0.2,9.7,7.46,84.28,4.28,6.06,326.1,4.42,1,100.0,1,0,0,0,1,0
3929,24,5.67,3.6,8.1,69.48,3.41,9.61,239.07,11.96,0,43.56,1,0,0,0,0,1
3930,24,2.64,2.92,7.52,79.83,2.23,7.8,284.91,7.61,1,57.18,1,0,0,0,1,0
3931,21,1.44,5.83,6.2,64.31,4.84,2.67,300.76,3.6,1,80.37107998549722,1,0,0,0,0,1
3932,21,4.08,7.04,8.39,63.95,4.7,5.09,284.99,7.01,1,71.94,1,0,0,0,1,0
3933,18,4.04,7.53,4.69,96.31,0.48,7.64,283.27,12.81,2,71.16,0,1,0,0,1,0
3934,16,1.1,7.79,5.3,78.31,3.08,6.23,310.72,3.17,2,94.1,1,0,0,1,0,0
3935,22,1.62,1.33,6.45,74.46,4.09,5.67,290.62,1.13,1,60.69,0,1,0,0,1,0
3936,19,3.27,4.54,4.31,97.96,0.86,7.36,281.33,6.62,1,55.28,0,1,0,0,0,1
3937,16,3.27,7.97,4.48,75.96,0.64,4.97,299.56,5.72,2,77.77744074377118,0,1,0,1,0,0
3938,23,2.54,9.14,5.99,73.45,1.3,8.43,288.03,8.37,2,96.75,0,1,0,1,0,0
3939,21,1.19,6.42,8.72,70.92,1.4,4.84,307.01,4.66,1,96.29,0,1,0,0,1,0
3940,21,0.03,1.47,8.54,82.6,4.82,1.54,321.5,1.99,1,59.19,0,1,0,1,0,0
3941,17,7.76,4.57,6.33,82.34,3.9,10.83,218.38,20.81,0,34.4,1,0,0,1,0,0
3942,16,7.55,1.67,4.71,60.65,0.3,8.91,221.31,15.84,0,7.37,1,0,0,0,0,1
3943,17,3.87,7.74,4.89,86.16,3.93,6.96,265.46,10.97,2,78.19,0,0,1,1,0,0
3944,19,7.96,1.57,5.89,91.53,0.85,12.52,221.5,17.31,0,26.75,0,1,0,1,0,0
3945,17,5.39,2.67,5.05,84.64,1.79,8.01,259.74,12.67,0,32.82,1,0,0,1,0,0
3946,16,0.55,4.75,4.41,94.8,1.59,3.12,315.1,1.69,1,79.26,1,0,0,0,1,0
3947,22,0.94,5.16,7.37,71.06,1.36,4.51,313.79,3.37,1,79.81,0,1,0,1,0,0
3948,23,7.33,4.66,6.91,67.68,1.54,10.82,253.64,16.74,0,47.34332647762403,1,0,0,0,1,0
3949,21,5.04,5.17,5.46,87.89,3.77,8.38,285.47,13.72,0,53.34,1,0,0,1,0,0
3950,19,6.75,7.42,7.89,67.54,1.33,10.33,239.94,15.18,0,67.91854144643477,0,1,0,0,1,0
3951,21,7.19,4.32,7.88,63.64,4.0,8.43,242.95,14.89,0,31.72,1,0,0,0,0,1
3952,18,3.58,5.93,6.46,63.86,0.46,6.95,283.63,9.47,1,59.69,1,0,0,1,0,0
3953,23,0.39,3.73,4.48,90.74,2.98,6.35,326.09,5.52,1,70.39,0,1,0,0,1,0
3954,17,1.51,4.18,8.59,61.15,4.32,6.33,312.3,2.61,1,76.39,0,1,0,0,1,0
3955,20,0.53,6.52,7.34,71.58,0.4,2.97,308.36,2.77,1,100.0,0,1,0,0,0,1
3956,16,1.51,5.41,5.24,65.17,3.17,5.9,321.69,2.55,1,81.78988038378894,0,1,0,1,0,0
3957,21,3.28,7.51,7.05,90.2,2.56,5.93,295.95,10.5,1,91.8,1,0,0,0,1,0
3958,17,0.95,6.04,6.03,80.14,1.66,2.91,318.27,3.56,1,88.18681186758415,1,0,0,0,0,1
3959,19,1.33,8.23,7.18,68.22,0.5,6.2,310.9,7.55,1,91.37,0,1,0,0,0,1
3960,21,3.57,4.99,6.37,90.02,3.38,5.62,281.14,4.84,1,62.21,1,0,0,0,1,0
3961,23,2.72,5.42,6.43,90.01,1.55,8.01,289.41,7.75,1,68.72,0,1,0,0,0,1
3962,23,3.74,7.03,7.68,80.92,1.69,6.64,283.0,10.67,1,90.05,0,1,0,0,1,0
3963,21,3.43,2.99,7.07,71.03,3.59,8.21,281.38,12.06,1,61.32,0,1,0,0,1,0
3964,19,5.16,4.47,4.4,83.45,4.73,7.46,261.86,12.17,0,55.65,1,0,0,1,0,0
3965,23,7.5,6.62,4.33,97.34,1.67,11.76,230.24,16.27,0,34.06,0,1,0,1,0,0
3966,23,0.86,1.26,5.53,62.07,3.73,2.92,308.34,2.21,1,39.86,0,1,0,0,0,1
3967,16,0.79,4.93,6.15,70.68,4.78,1.9,329.68,0.05,1,77.0,0,1,0,0,1,0
3968,19,6.82,6.39,5.38,71.4,0.49,11.89,240.27,19.1,0,41.82,1,0,0,0,0,1
3969,19,4.05,9.71,7.26,85.27,2.65,9.33,268.55,12.04,1,100.0,0,0,1,1,0,0
3970,22,6.13,8.89,4.98,86.05,0.06,11.53,249.35,14.6,2,75.42369325142297,0,1,0,0,0,1
3971,22,1.72,3.53,7.52,68.25,4.13,2.9,288.53,5.12,1,69.48,0,1,0,0,0,1
3972,23,6.63,5.56,7.87,68.64,1.43,11.43,251.1,15.44,0,42.21,1,0,0,1,0,0
3973,20,7.39,1.51,4.62,97.13,1.66,12.57,232.7,16.77,0,13.62,1,0,0,0,0,1
3974,22,5.08,3.17,7.25,90.25,3.44,7.64,257.02,9.93,0,54.05,0,1,0,1,0,0
3975,23,0.85,7.97,8.81,97.37,3.95,4.2,306.76,1.9,1,100.0,1,0,0,0,0,1
3976,24,7.16,2.11,4.96,93.19,2.0,10.2,219.55,16.6,0,22.48,1,0,0,0,1,0
3977,18,6.34,3.32,8.55,76.08,3.33,9.54,263.43,16.38,0,39.78,0,1,0,0,1,0
3978,18,6.01,9.5,7.03,64.88,4.78,11.24,251.13,13.96,0,77.65858445055682,1,0,0,0,0,1
3979,19,0.29,8.41,6.95,85.18,4.43,3.38,335.89,0.54,1,99.98,1,0,0,0,0,1
3980,20,6.39,8.04,4.26,74.08,3.51,8.9,242.07,15.94,2,67.35251023817376,1,0,0,0,0,1
3981,16,1.1,8.78,7.74,77.02,4.72,2.75,312.7,3.18,1,100.0,0,1,0,0,1,0
3982,22,1.78,7.75,6.39,77.04,4.38,6.15,307.33,1.28,1,100.0,0,1,0,1,0,0
3983,24,4.62,2.09,7.61,97.46,3.65,6.04,270.8,8.54,1,56.25,0,1,0,1,0,0
3984,23,2.12,5.65,8.05,62.75,4.59,3.43,291.39,5.83,1,80.57,0,1,0,0,0,1
3985,20,5.29,5.0,6.62,67.72,4.09,9.7,240.15,11.21,0,61.34,1,0,0,1,0,0
3986,19,4.86,3.8,5.32,84.32,2.51,9.33,285.59,12.06,1,49.32,1,0,0,0,1,0
3987,22,0.87,8.51,4.71,95.35,2.51,2.87,303.59,0.25,2,99.95,1,0,0,0,0,1
3988,20,5.25,5.18,4.8,96.72,0.04,11.04,283.71,12.57,0,60.02,0,0,1,0,0,1
3989,22,7.39,1.54,8.33,82.35,0.15,12.33,226.62,15.08,0,27.95,0,1,0,0,0,1
3990,16,1.29,3.47,4.62,61.38,3.73,5.72,319.64,2.33,1,59.44,1,0,0,0,0,1
3991,16,4.78,3.06,5.92,74.52,2.77,9.55,269.82,10.43,1,42.66,1,0,0,0,0,1
3992,18,2.73,8.99,5.67,96.75,3.8,5.79,294.88,8.74,2,101.18377040672814,0,1,0,0,1,0
3993,17,3.68,6.83,8.33,80.0,4.75,6.96,270.89,9.83,1,81.7,1,0,0,0,1,0
3994,17,2.3,6.04,6.39,89.06,2.26,7.65,289.67,11.38,1,86.85,0,1,0,1,0,0
3995,22,2.83,5.56,8.98,70.77,0.44,3.96,283.45,5.03,1,75.51,1,0,0,0,1,0
3996,17,0.23,6.85,7.69,61.0,3.13,5.24,319.99,5.0,1,90.63,1,0,0,0,1,0
3997,19,7.85,7.79,8.25,83.13,0.5,11.09,224.95,21.04,0,72.38703736728945,0,1,0,0,0,1
3998,17,5.0,5.99,4.49,93.4,3.11,8.32,255.93,13.9,1,52.43,1,0,0,0,1,0
3999,21,4.01,9.44,5.27,99.61,2.64,6.64,263.72,11.61,2,95.73,1,0,0,0,0,1
4000,23,3.07,9.79,4.68,93.87,3.56,7.11,275.99,8.4,2,88.18,0,1,0,0,0,1
4001,19,4.31,9.96,6.32,82.16,1.75,8.69,273.62,11.27,1,88.07,0,1,0,0,1,0
4002,20,3.04,7.02,7.59,84.35,0.72,4.84,276.5,5.14,1,86.76,0,1,0,0,1,0
4003,19,2.88,9.39,4.85,92.97,1.18,6.71,274.45,2.33,2,100.0,1,0,0,0,1,0
4004,18,3.71,4.64,4.65,60.79,3.42,7.03,276.89,9.49,1,60.59152811309706,1,0,0,0,0,1
4005,20,2.21,8.74,7.07,98.07,2.39,7.12,271.66,4.96,1,108.47047216315411,1,0,0,1,0,0
4006,24,1.44,9.18,5.15,81.25,2.7,5.17,302.66,3.89,2,100.0,1,0,0,0,1,0
4007,23,4.45,9.14,6.4,98.08,1.61,7.6,267.39,8.82,1,89.77,1,0,0,0,0,1
4008,23,6.74,8.48,4.26,90.58,4.18,10.38,244.75,15.95,2,75.97924923226502,0,1,0,1,0,0
4009,23,1.22,4.66,7.4,66.09,5.0,4.67,308.77,3.77,1,89.6226704450395,1,0,0,0,1,0
4010,23,0.26,2.43,6.71,66.61,1.56,5.94,304.1,5.87,1,61.81,0,1,0,0,0,1
4011,22,1.97,4.01,7.24,74.15,3.59,4.53,294.5,3.77,1,65.75,0,1,0,0,0,1
4012,23,7.84,7.91,5.38,70.56,0.86,9.03,232.45,16.64,2,65.89798196799624,1,0,0,1,0,0
4013,23,6.63,3.1,5.39,77.57,3.71,10.94,244.62,15.03,0,41.90623047443143,0,1,0,1,0,0
4014,23,4.77,5.3,8.01,84.16,2.15,8.79,254.94,10.96,1,67.14,1,0,0,0,1,0
4015,22,7.43,6.09,7.59,77.46,3.03,12.98,235.0,17.48,0,47.11,1,0,0,0,1,0
4016,16,3.56,6.43,6.9,62.26,1.19,5.15,286.43,10.96,1,81.49,0,1,0,0,0,1
4017,19,7.87,9.42,7.14,99.03,4.26,11.48,215.8,19.23,0,80.81772701483462,0,1,0,0,1,0
4018,19,2.37,6.95,4.47,77.0,0.87,4.12,271.96,4.7,1,77.13,1,0,0,0,1,0
4019,20,1.92,8.08,8.28,94.04,4.64,5.2,314.7,4.26,1,100.0,1,0,0,1,0,0
4020,21,5.1,6.24,7.85,62.96,0.31,10.1,261.95,11.14,0,68.14,0,1,0,0,0,1
4021,19,3.03,8.5,6.95,92.4,1.44,8.32,279.07,8.94,1,92.37839281437353,0,1,0,0,0,1
4022,17,5.01,3.37,8.59,66.94,2.81,10.18,254.96,9.57,0,55.6,1,0,0,0,1,0
4023,21,2.44,2.89,4.84,87.18,4.29,6.18,292.19,6.32,1,63.23,1,0,0,0,1,0
4024,23,4.94,9.34,7.43,86.47,2.89,9.11,271.13,12.73,1,80.23,0,1,0,0,1,0
4025,23,2.21,7.24,8.81,96.39,1.08,5.97,278.38,4.85,1,96.28,0,1,0,1,0,0
4026,22,0.41,7.04,5.55,72.83,4.3,4.22,311.07,2.81,2,88.59,1,0,0,1,0,0
4027,21,7.3,5.21,4.08,64.36,2.98,12.73,248.94,17.85,0,26.77,1,0,0,0,0,1
4028,17,7.07,4.39,7.67,94.58,1.16,9.12,243.41,11.64,0,59.70146255883277,0,0,1,0,1,0
4029,22,7.77,6.0,4.03,73.26,2.81,10.96,234.15,17.55,0,34.5,1,0,0,1,0,0
4030,20,5.73,2.09,8.36,69.3,3.38,9.78,255.32,12.57,0,40.46,1,0,0,1,0,0
4031,21,5.46,5.09,4.28,79.45,3.4,10.29,257.58,17.03,0,54.79,0,1,0,1,0,0
4032,23,4.47,5.1,7.26,65.85,3.62,9.28,261.68,11.74,1,64.26,1,0,0,0,0,1
4033,23,1.01,5.85,5.89,71.88,4.48,2.6,302.3,0.98,1,76.57,0,1,0,0,0,1
4034,18,1.51,6.71,5.02,75.41,4.12,3.62,309.94,0.44,1,87.76,1,0,0,0,0,1
4035,22,2.32,9.62,8.49,71.09,3.04,7.88,286.76,7.32,1,100.0,0,1,0,0,1,0
4036,16,7.12,6.87,7.73,78.01,0.16,9.91,237.4,18.25,0,60.28,0,1,0,0,0,1
4037,16,1.38,8.95,5.7,75.39,3.75,2.39,304.96,2.05,2,100.0,1,0,0,1,0,0
4038,22,7.38,6.01,5.42,90.98,4.87,9.38,253.36,16.39,0,53.01,1,0,0,1,0,0
4039,24,4.18,6.64,7.68,96.74,1.53,10.03,268.24,12.77,1,82.91,0,1,0,0,0,1
4040,22,5.72,1.63,8.18,64.04,3.03,8.27,263.04,14.09,0,46.81945007151288,1,0,0,1,0,0
4041,20,0.88,2.2,7.58,92.93,3.84,4.95,316.51,3.79,1,64.35,0,1,0,0,0,1
4042,23,2.15,6.22,7.2,97.27,3.2,6.78,293.03,5.3,1,86.68,0,1,0,0,1,0
4043,17,7.67,4.56,5.14,87.46,4.61,11.9,215.52,16.94,0,28.86,1,0,0,1,0,0
4044,24,2.13,8.19,8.26,99.86,2.37,5.02,293.91,3.57,1,100.0,0,1,0,0,0,1
4045,21,2.37,5.89,7.75,73.4,2.66,5.52,300.55,4.43,1,89.7,1,0,0,1,0,0
4046,24,1.58,8.94,6.59,93.21,0.19,6.77,288.79,7.73,1,107.06858644273484,0,1,0,0,1,0
4047,17,1.03,9.75,6.56,86.95,4.5,5.34,316.0,4.89,1,100.0,1,0,0,1,0,0
4048,18,1.87,2.33,6.85,72.94,1.31,2.99,310.99,4.88,1,68.77,1,0,0,0,0,1
4049,23,5.14,4.55,8.14,88.19,4.89,7.16,259.28,9.86,0,54.36,0,1,0,0,0,1
4050,16,3.64,6.98,7.71,80.38,1.01,6.07,285.46,10.89,1,74.0,0,1,0,1,0,0
4051,22,4.43,3.75,8.28,67.56,1.27,7.26,268.24,9.81,1,52.9,1,0,0,1,0,0
4052,22,0.98,3.4,6.54,66.96,2.42,4.86,313.95,4.16,1,58.44,1,0,0,0,0,1
4053,16,6.42,8.32,7.12,88.54,3.3,9.25,257.9,16.58,0,88.86242955130578,0,1,0,0,1,0
4054,24,6.27,9.82,8.27,88.48,2.2,11.4,229.22,13.66,0,104.915653849148,1,0,0,1,0,0
4055,23,0.17,7.96,5.16,81.23,1.76,3.54,310.31,0.75,2,92.69,0,1,0,1,0,0
4056,19,3.07,5.71,6.22,80.06,2.7,6.58,295.67,9.96,1,69.12,0,1,0,0,1,0
4057,20,0.55,4.98,7.1,67.2,4.79,3.69,327.75,4.3,1,79.15,1,0,0,0,0,1
4058,17,6.34,5.86,8.58,77.17,4.81,8.89,229.84,14.64,0,57.11,0,1,0,0,0,1
4059,24,5.9,5.17,4.08,94.86,1.64,10.52,264.82,9.75,0,44.42,1,0,0,0,1,0
4060,21,7.22,5.53,5.06,94.19,3.4,9.37,207.64,18.07,0,41.9,1,0,0,0,1,0
4061,18,1.89,2.83,5.17,86.44,3.61,6.34,303.58,4.79,1,65.34,1,0,0,0,0,1
4062,22,3.65,9.13,5.63,99.89,3.27,7.3,278.39,7.97,2,84.99,1,0,0,1,0,0
4063,24,1.48,7.79,5.41,95.73,0.57,2.99,294.91,3.31,2,96.18549629406964,1,0,0,0,1,0
4064,18,2.97,7.13,6.95,65.81,2.7,4.06,277.64,4.09,1,83.45274083221561,1,0,0,1,0,0
4065,17,4.18,9.55,8.43,75.97,3.82,6.03,263.49,11.72,1,99.33,1,0,0,1,0,0
4066,22,0.43,3.56,7.18,65.28,1.0,5.24,312.8,3.61,1,62.77,0,0,1,1,0,0
4067,22,5.72,1.73,5.21,78.64,1.74,8.64,271.22,14.3,0,36.62,1,0,0,0,1,0
4068,19,4.35,8.44,8.32,91.06,1.02,9.37,276.03,9.66,1,97.35,0,1,0,0,0,1
4069,24,6.63,9.99,7.16,66.23,4.43,10.14,254.78,16.99,0,91.20976080889824,1,0,0,0,0,1
4070,23,2.17,6.21,5.09,95.22,4.29,3.33,290.74,7.77,1,84.07,1,0,0,1,0,0
4071,16,7.23,1.53,5.81,82.76,0.85,12.46,235.54,14.53,0,20.5,1,0,0,0,0,1
4072,16,7.99,8.02,7.95,89.96,3.8,13.67,213.4,16.57,0,70.52436446679961,1,0,0,0,1,0
4073,20,7.35,1.66,7.69,61.81,1.82,8.72,229.02,13.77,0,25.62,1,0,0,0,1,0
4074,21,6.22,5.86,6.88,63.75,3.43,8.26,239.84,15.31,0,55.78,0,0,1,0,0,1
4075,18,6.5,3.5,4.72,84.83,2.47,11.08,246.89,15.65,0,33.69,0,1,0,1,0,0
4076,24,4.59,9.24,8.02,93.53,2.36,10.58,257.85,12.04,1,100.0,1,0,0,0,0,1
4077,21,1.52,5.06,5.54,94.95,4.41,6.9,293.39,6.46,1,87.98642754838725,0,1,0,0,0,1
4078,19,5.42,9.09,7.86,87.53,3.18,6.91,258.92,15.45,0,98.83756187464044,1,0,0,0,1,0
4079,22,5.7,3.69,7.24,68.04,1.18,9.74,251.06,9.93,0,36.88,1,0,0,1,0,0
4080,23,7.88,4.49,5.32,67.8,0.55,12.21,218.43,17.31,0,20.71,0,1,0,0,0,1
4081,24,4.33,9.52,5.06,95.25,4.67,8.48,259.57,4.58,2,93.93,0,1,0,1,0,0
4082,21,2.17,2.81,4.65,64.53,0.77,6.01,286.95,7.27,1,48.26,1,0,0,0,0,1
4083,21,5.47,6.21,5.21,87.44,3.67,7.93,262.51,14.34,0,61.14,0,1,0,0,0,1
4084,23,7.84,4.5,4.79,81.34,2.48,12.18,230.1,17.24,0,27.06,0,1,0,0,0,1
4085,20,1.42,7.97,7.09,76.86,0.7,6.06,295.41,6.47,1,94.84,1,0,0,0,1,0
4086,18,2.61,2.16,6.99,77.61,3.88,6.49,281.53,4.09,1,60.145987993357096,0,1,0,0,1,0
4087,18,4.34,4.93,6.93,97.81,4.52,7.83,256.45,11.38,1,64.39,1,0,0,0,1,0
4088,21,1.36,7.29,7.21,94.46,0.61,3.46,299.75,8.68,1,100.0,1,0,0,0,0,1
4089,17,0.18,4.66,8.07,94.6,0.34,3.9,319.07,1.46,1,84.03,0,1,0,0,0,1
4090,21,2.7,1.53,8.57,76.26,4.25,4.34,278.81,7.05,1,59.87,0,1,0,0,1,0
4091,21,6.92,7.35,5.15,64.28,2.5,8.28,258.83,13.34,2,65.18667867727007,1,0,0,0,0,1
4092,23,0.35,5.53,6.94,99.91,3.37,5.24,322.04,3.5,1,90.67,1,0,0,0,0,1
4093,22,3.43,1.1,4.39,65.81,2.21,7.81,278.52,11.27,1,21.25,1,0,0,0,0,1
4094,23,6.1,6.51,4.6,80.62,2.06,10.35,247.65,15.52,0,52.72982331498017,1,0,0,0,1,0
4095,24,7.63,9.28,7.27,70.58,1.5,13.27,214.53,17.88,0,77.88165076265686,1,0,0,0,0,1
4096,21,7.88,2.0,6.43,80.43,2.81,10.78,213.45,16.97,0,13.83,0,1,0,0,1,0
4097,18,3.38,6.32,7.79,72.2,0.8,6.38,292.67,5.86,1,74.54,0,1,0,0,1,0
4098,18,7.6,7.56,6.13,95.88,3.59,10.67,245.15,18.77,0,68.71342354627689,0,1,0,0,0,1
4099,16,0.28,1.64,4.64,98.73,2.75,3.61,294.49,3.72,1,53.79,0,1,0,0,1,0
4100,20,5.97,1.2,8.36,76.4,4.24,9.53,253.06,11.21,0,23.78,1,0,0,1,0,0
4101,19,5.14,5.18,4.41,62.81,4.61,10.03,272.14,13.08,0,39.63,1,0,0,1,0,0
4102,24,2.0,8.12,4.94,86.53,4.5,4.09,292.58,3.19,2,91.76,0,1,0,0,0,1
4103,24,4.06,2.45,5.38,75.07,3.01,7.23,286.47,8.79,1,39.61,1,0,0,0,1,0
4104,20,1.04,8.53,8.98,99.44,1.59,4.57,315.19,5.47,1,100.0,0,1,0,0,0,1
4105,19,6.97,6.91,6.08,63.57,1.79,8.82,240.87,16.84,0,48.49,0,1,0,0,0,1
4106,22,2.86,3.99,6.51,64.77,3.26,7.37,283.23,9.4,1,59.83,1,0,0,0,1,0
4107,21,5.01,5.64,7.85,87.98,3.56,6.29,260.8,10.12,0,74.99,0,1,0,0,1,0
4108,19,1.27,9.69,7.18,90.35,0.81,5.2,300.29,5.43,1,108.52538975628008,0,1,0,0,1,0
4109,17,1.65,2.95,8.21,78.84,4.99,3.66,303.16,2.76,1,82.78,0,1,0,0,1,0
4110,16,7.94,5.5,6.43,71.09,0.54,8.98,227.25,17.91,0,43.56,0,1,0,0,0,1
4111,19,6.02,6.62,8.86,72.39,3.04,8.6,243.42,13.29,0,66.76,1,0,0,1,0,0
4112,19,7.7,2.24,7.98,73.52,2.66,10.85,208.13,16.03,0,22.72,1,0,0,0,1,0
4113,16,2.37,1.39,6.01,69.01,2.95,7.46,289.61,5.83,1,52.5,0,1,0,0,1,0
4114,21,1.32,1.12,5.91,94.03,2.67,4.36,293.98,5.52,1,59.22,0,1,0,0,1,0
4115,19,4.02,3.92,8.65,62.6,0.29,9.6,260.55,10.56,1,62.55,1,0,0,0,0,1
4116,16,3.96,1.67,7.42,76.29,4.98,9.17,265.58,9.55,1,48.22,1,0,0,0,1,0
4117,16,1.4,8.23,7.11,89.9,4.91,3.36,311.47,2.79,1,100.0,0,1,0,0,1,0
4118,16,5.87,9.98,7.79,60.15,2.62,7.65,238.45,10.14,0,83.64716903177693,0,1,0,0,1,0
4119,23,2.89,1.55,6.8,95.12,1.04,5.11,276.45,7.22,1,57.41,1,0,0,0,0,1
4120,23,1.49,4.89,4.8,88.25,0.91,4.29,309.19,4.95,1,71.97,1,0,0,0,0,1
4121,17,2.66,1.23,5.6,62.93,0.29,6.58,280.42,4.32,1,36.99,0,1,0,1,0,0
4122,22,4.51,2.21,6.79,95.8,3.06,6.13,254.61,7.68,1,54.65,1,0,0,0,0,1
4123,23,5.81,3.91,4.09,79.49,2.39,9.47,258.37,10.15,0,33.14,0,1,0,0,1,0
4124,23,3.86,4.54,6.19,86.09,2.08,7.76,272.39,12.08,1,59.47,1,0,0,1,0,0
4125,22,4.2,9.46,7.78,95.28,2.63,8.5,270.25,11.79,1,100.0,1,0,0,0,1,0
4126,20,1.11,4.56,4.82,95.25,4.36,4.86,304.44,6.3,1,84.61,1,0,0,0,0,1
4127,16,7.32,5.47,4.32,76.35,0.35,12.45,236.39,20.45,0,45.42,0,1,0,0,1,0
4128,24,7.43,3.21,8.18,69.51,2.72,11.64,237.69,17.84,0,38.04,0,1,0,0,1,0
4129,22,5.47,1.0,7.09,70.3,3.51,11.09,253.13,13.63,0,35.51,0,1,0,0,0,1
4130,17,0.14,9.09,4.88,90.64,4.85,4.64,303.34,2.92,2,100.0,1,0,0,0,1,0
4131,21,4.3,1.74,8.03,97.18,3.7,7.48,271.37,8.9,1,66.68,0,1,0,0,1,0
4132,17,5.03,9.68,7.29,62.89,2.74,7.08,256.24,9.48,0,99.02838993682737,0,1,0,0,1,0
4133,16,7.96,2.18,5.67,60.6,3.83,9.01,233.05,15.6,0,8.85,0,1,0,1,0,0
4134,22,7.97,6.44,5.88,92.92,4.99,9.42,215.4,16.17,0,46.95,1,0,0,0,1,0
4135,17,6.86,9.99,4.78,75.46,4.44,8.81,234.54,11.37,2,72.75762353957128,0,1,0,0,0,1
4136,17,0.51,2.25,8.18,71.06,0.45,2.59,299.06,-0.41,1,60.24,0,1,0,1,0,0
4137,20,7.63,4.82,6.55,67.53,2.87,12.34,236.27,15.07,0,38.77558878844396,0,1,0,0,1,0
4138,20,4.9,8.02,6.79,73.86,3.93,7.83,273.45,8.64,1,77.65,1,0,0,1,0,0
4139,22,6.41,1.29,8.42,98.86,3.36,9.03,238.2,15.4,0,34.67,1,0,0,1,0,0
4140,16,3.26,7.21,4.08,99.08,2.08,4.52,278.94,6.48,2,80.77,1,0,0,1,0,0
4141,23,2.56,1.72,4.33,73.26,1.61,6.25,281.18,6.58,1,41.61,1,0,0,0,0,1
4142,18,3.71,3.13,4.81,98.55,3.14,7.77,268.35,10.22,1,57.98,1,0,0,0,1,0
4143,19,1.17,2.44,4.15,71.99,2.06,6.56,312.9,6.68,1,54.69,0,1,0,1,0,0
4144,24,2.86,9.17,7.29,94.18,1.96,6.37,280.64,8.39,1,100.0,1,0,0,0,1,0
4145,19,6.86,2.62,7.17,68.48,4.18,7.9,242.43,17.52,0,19.95,0,1,0,0,1,0
4146,20,0.3,1.36,5.05,93.06,1.58,1.63,316.25,1.34,1,47.9,0,1,0,0,1,0
4147,22,1.21,6.29,4.75,74.15,3.22,3.57,312.99,3.99,1,77.31,1,0,0,1,0,0
4148,19,1.0,4.12,4.73,67.83,4.37,2.7,304.08,1.64,1,68.54,0,1,0,0,1,0
4149,16,3.22,4.65,8.77,97.39,3.11,8.07,292.21,5.08,1,76.73,0,1,0,0,0,1
4150,24,7.98,2.07,7.47,68.57,2.46,9.52,242.99,16.89,0,21.43,0,1,0,0,1,0
4151,19,1.39,7.73,6.93,99.67,0.18,3.19,286.32,5.41,1,100.0,1,0,0,0,0,1
4152,24,1.16,6.41,5.61,64.34,3.41,5.49,305.16,3.0,1,80.41,0,1,0,0,0,1
4153,21,7.32,4.28,6.17,60.4,4.99,9.52,231.23,14.72,0,29.99,1,0,0,0,1,0
4154,16,7.06,2.54,4.45,94.83,4.04,12.91,228.12,18.97,0,21.75,1,0,0,0,1,0
4155,18,0.26,6.34,8.99,83.46,3.17,5.58,320.96,3.08,1,100.0,1,0,0,0,1,0
4156,17,6.01,8.01,7.78,76.87,2.35,10.73,259.09,12.53,0,84.12999548134037,0,1,0,0,1,0
4157,24,5.24,3.81,7.11,63.28,1.12,7.96,237.38,9.92,0,53.574839194451776,1,0,0,0,0,1
4158,16,6.14,1.23,6.94,83.0,3.46,7.42,225.82,14.23,0,36.41,0,1,0,1,0,0
4159,24,3.96,2.93,6.52,75.75,0.89,6.64,289.05,9.0,1,44.45,0,1,0,0,0,1
4160,24,7.93,7.14,5.29,79.34,4.44,10.81,222.44,17.01,2,47.2844343638609,0,1,0,1,0,0
4161,23,0.35,9.9,5.13,85.22,1.77,1.99,316.69,-1.24,2,100.0,1,0,0,1,0,0
4162,23,1.87,1.12,6.75,85.6,2.0,3.47,286.88,5.49,1,60.84,0,1,0,0,0,1
4163,16,3.17,3.76,4.35,98.42,1.08,7.51,282.4,10.57,1,62.39,0,1,0,0,1,0
4164,23,3.6,1.56,4.37,86.2,2.41,5.76,290.49,7.56,1,30.34,0,1,0,1,0,0
4165,18,7.37,3.85,6.8,73.58,3.4,11.76,236.52,17.75,0,31.44,0,1,0,0,0,1
4166,22,4.48,4.65,8.6,73.19,1.51,8.22,268.17,10.02,1,65.43,1,0,0,1,0,0
4167,16,0.36,9.29,8.57,79.09,3.51,5.87,297.98,4.66,1,100.0,1,0,0,0,0,1
4168,16,3.26,1.73,4.05,70.37,3.1,8.25,288.31,10.0,1,31.44,1,0,0,1,0,0
4169,20,3.33,7.99,4.54,75.06,1.86,5.09,280.14,6.77,2,80.11,0,1,0,1,0,0
4170,20,7.72,4.56,6.92,93.68,1.56,11.77,221.28,13.21,0,41.71,0,1,0,1,0,0
4171,23,4.79,8.3,8.24,94.39,4.31,9.06,268.95,10.12,1,98.98,0,0,1,0,0,1
4172,22,5.09,5.62,8.77,85.11,0.06,10.4,250.44,13.52,0,82.34,0,1,0,0,0,1
4173,23,5.71,1.35,8.3,83.31,3.58,9.91,257.09,15.29,0,42.98,1,0,0,1,0,0
4174,21,6.16,9.52,7.39,77.08,2.09,7.86,258.25,11.96,0,90.9708999502487,0,1,0,1,0,0
4175,21,5.08,1.74,5.0,85.44,3.59,7.37,260.58,13.99,0,35.63,1,0,0,0,1,0
4176,17,1.9,6.38,4.36,92.24,2.54,6.09,292.96,8.88,1,86.06,0,1,0,0,0,1
4177,21,6.99,8.9,4.24,89.51,0.42,12.55,230.4,18.16,2,75.8719012047443,0,1,0,0,0,1
4178,20,5.86,1.72,7.06,61.42,4.91,11.32,253.51,12.18,0,30.72,1,0,0,0,1,0
4179,18,5.93,5.99,4.18,89.25,0.43,8.73,244.52,14.68,0,53.22,1,0,0,0,1,0
4180,21,7.97,8.42,7.7,88.8,0.79,13.12,248.02,17.44,0,75.65279734632385,0,1,0,0,1,0
4181,23,6.42,9.88,7.56,63.96,2.1,9.98,228.81,13.43,0,94.13800371459588,1,0,0,1,0,0
4182,24,6.63,7.52,4.4,66.01,4.72,9.95,239.14,15.83,2,54.11263315405466,1,0,0,0,1,0
4183,16,7.61,3.51,8.53,91.52,1.47,10.36,231.41,17.45,0,47.15,0,1,0,0,0,1
4184,18,1.21,7.3,6.61,82.36,2.84,5.6,307.02,5.53,1,97.99,0,1,0,1,0,0
4185,18,3.98,7.35,8.52,92.87,2.61,7.98,266.63,11.27,1,86.21,0,1,0,0,1,0
4186,23,4.64,7.3,8.51,67.39,1.65,7.51,276.64,10.6,1,71.31,0,1,0,0,1,0
4187,16,2.63,8.69,4.99,61.22,3.48,7.44,295.11,4.77,2,83.46,1,0,0,1,0,0
4188,20,6.72,1.79,5.9,66.48,2.51,9.62,246.76,19.06,0,19.62,0,1,0,1,0,0
4189,18,6.1,1.98,4.67,78.1,2.89,10.02,240.12,13.38,0,18.46,0,1,0,0,1,0
4190,17,5.77,6.77,7.87,80.93,1.05,8.73,246.73,11.59,0,68.51,0,1,0,1,0,0
4191,23,7.98,9.58,6.52,94.31,4.63,9.56,229.12,14.32,0,79.04780267681176,1,0,0,1,0,0
4192,18,2.08,5.19,8.64,88.65,0.55,3.89,284.03,5.37,1,94.05,0,1,0,1,0,0
4193,22,5.88,9.65,5.04,99.62,3.45,10.16,256.1,13.97,2,88.78100999297867,0,1,0,0,1,0
4194,16,4.41,9.44,7.44,63.15,4.43,9.47,266.07,11.11,1,87.45,0,1,0,0,0,1
4195,21,2.5,9.13,8.95,65.21,0.42,5.84,300.65,9.67,1,100.0,1,0,0,0,0,1
4196,18,1.28,9.19,7.33,63.37,0.14,3.91,300.36,5.19,1,100.0,0,1,0,0,1,0
4197,23,7.17,9.08,4.34,81.54,1.67,9.85,252.1,13.64,2,66.80050017443472,1,0,0,0,1,0
4198,21,4.76,8.38,6.94,70.67,3.95,8.75,266.99,15.66,1,80.22,0,1,0,0,1,0
4199,17,6.6,7.25,4.9,87.35,3.59,9.94,246.0,11.84,2,68.25916954345982,0,1,0,0,0,1
4200,21,4.36,1.22,4.15,65.31,4.11,5.36,260.75,8.99,1,30.87904942932205,1,0,0,0,1,0
4201,22,1.76,2.19,5.67,64.13,1.99,6.62,301.41,4.49,1,52.21,0,1,0,0,1,0
4202,20,2.7,2.21,5.33,78.41,4.97,4.41,282.11,7.0,1,44.06,1,0,0,1,0,0
4203,18,3.05,1.21,7.94,75.04,1.83,7.42,268.0,9.56,1,44.85,1,0,0,0,0,1
4204,19,7.78,2.05,5.87,93.17,4.03,10.5,224.68,16.09,0,16.02,1,0,0,0,1,0
4205,19,0.05,9.28,7.66,93.5,1.75,3.94,331.03,4.15,1,100.0,1,0,0,1,0,0
4206,21,7.89,6.97,4.08,64.7,1.09,13.17,224.68,18.82,0,34.72,0,1,0,0,0,1
4207,16,7.84,3.81,4.07,92.49,1.68,9.61,222.98,19.49,0,25.22,0,1,0,0,0,1
4208,19,7.97,8.14,4.15,82.57,0.96,12.86,221.29,20.24,2,54.26873081183903,1,0,0,0,1,0
4209,19,3.81,5.4,5.1,80.14,0.65,5.0,296.7,7.27,1,57.77,1,0,0,0,1,0
4210,16,7.71,2.28,5.87,63.79,1.82,13.32,233.56,20.34,0,24.24,1,0,0,0,0,1
4211,24,3.16,8.96,7.04,89.59,0.73,5.17,266.18,6.03,1,95.36,0,1,0,1,0,0
4212,19,0.21,4.05,8.93,62.39,2.51,5.18,312.05,4.16,1,75.58,0,1,0,0,1,0
4213,22,1.79,7.29,5.77,71.11,0.18,3.13,294.51,5.3,2,88.08070592775219,1,0,0,0,0,1
4214,18,7.56,3.62,4.28,63.82,2.16,10.2,222.07,15.41,0,19.0,0,1,0,0,1,0
4215,18,0.11,5.5,4.97,81.23,4.79,4.28,319.32,-1.68,1,86.27,0,1,0,0,1,0
4216,23,4.37,8.35,8.49,85.81,1.79,8.66,261.82,13.84,1,90.6,0,1,0,0,1,0
4217,23,0.6,2.41,7.5,95.63,0.69,5.09,307.67,4.28,1,70.48,1,0,0,1,0,0
4218,16,2.29,9.8,7.95,89.35,1.53,5.04,294.06,6.0,1,100.0,0,1,0,0,1,0
4219,17,0.7,1.63,4.62,98.44,3.96,5.03,296.19,3.6,1,67.44543707876892,1,0,0,0,1,0
4220,23,6.88,5.81,4.67,90.44,1.57,10.02,215.93,17.28,0,32.1,0,1,0,1,0,0
4221,16,4.73,9.24,4.56,71.92,1.92,8.56,275.67,15.75,2,77.92,1,0,0,0,1,0
4222,23,7.22,9.51,8.29,81.9,3.94,10.96,241.73,18.12,0,93.96727618904193,1,0,0,0,1,0
4223,23,5.51,3.09,5.05,78.32,1.3,7.35,257.57,12.68,0,46.54629036935015,0,1,0,0,1,0
4224,17,7.77,2.3,7.22,82.64,2.39,13.0,229.81,18.73,0,23.61,1,0,0,1,0,0
4225,19,4.08,7.52,6.58,82.88,0.32,9.42,269.15,11.56,1,83.79,0,1,0,0,1,0
4226,21,5.11,1.38,6.72,88.08,0.87,7.13,288.84,9.22,0,41.86,0,1,0,1,0,0
4227,24,4.61,5.37,4.98,63.32,1.05,7.69,266.61,11.93,1,52.21,1,0,0,0,1,0
4228,23,3.87,8.17,7.18,89.87,2.32,7.19,299.64,6.78,1,93.34,0,1,0,0,1,0
4229,23,6.77,6.04,4.22,65.75,4.1,10.51,259.39,16.29,0,41.72,0,1,0,1,0,0
4230,22,5.16,2.69,8.97,61.05,1.77,6.27,262.7,9.93,0,41.03,0,1,0,0,0,1
4231,24,6.41,5.38,4.13,80.76,1.9,11.2,240.98,16.95,0,34.83,0,1,0,0,1,0
4232,17,6.29,9.29,4.25,83.26,1.51,11.6,244.68,16.0,2,73.78900096552441,1,0,0,0,0,1
4233,18,1.53,6.55,5.62,61.39,1.6,3.24,297.63,3.21,1,73.84,0,1,0,0,1,0
4234,23,5.2,7.49,8.16,80.61,2.02,10.68,262.21,11.12,0,94.1722737960531,1,0,0,0,0,1
4235,21,1.6,4.03,5.29,81.38,4.5,6.85,307.54,8.78,1,74.77,1,0,0,0,0,1
4236,24,4.67,2.7,6.36,62.1,0.12,8.38,251.72,11.02,1,42.32,0,1,0,0,1,0
4237,19,5.42,3.3,4.09,88.46,3.12,7.79,281.1,15.5,0,45.77,0,1,0,1,0,0
4238,23,7.98,5.8,4.39,68.41,4.44,10.02,216.43,14.52,0,26.26,1,0,0,0,0,1
4239,18,0.24,3.52,7.04,91.78,2.08,3.69,290.26,1.7,1,73.13,0,1,0,0,1,0
4240,18,0.73,5.88,4.97,72.43,3.25,4.27,310.42,-1.27,1,76.25,0,1,0,0,1,0
4241,23,0.62,7.37,7.47,79.12,2.93,4.88,301.08,4.88,1,100.0,0,1,0,1,0,0
4242,20,3.19,7.61,7.93,95.67,1.69,8.2,281.19,10.56,1,91.73,1,0,0,0,1,0
4243,18,6.57,2.48,8.25,92.25,0.69,12.24,241.87,14.76,0,51.58,1,0,0,0,0,1
4244,16,6.75,7.75,4.67,91.27,1.1,11.73,243.45,14.68,2,69.1647670000971,0,1,0,1,0,0
4245,18,5.9,7.05,6.28,66.42,0.29,11.45,259.26,13.8,0,71.11387109843166,0,1,0,0,0,1
4246,24,7.18,1.11,8.74,61.93,3.82,10.68,223.77,15.63,0,22.53,1,0,0,0,0,1
4247,20,2.58,1.53,7.86,84.23,2.66,3.77,285.41,4.64,1,55.62,1,0,0,0,1,0
4248,17,0.71,6.82,4.58,76.43,3.93,1.97,318.27,4.21,1,85.52,1,0,0,0,0,1
4249,22,0.47,4.45,6.51,96.36,1.45,2.81,307.79,1.17,1,71.22721644654703,1,0,0,0,1,0
4250,17,6.82,2.31,8.61,73.98,4.02,10.89,219.39,11.88,0,33.18,0,1,0,1,0,0
4251,19,5.84,1.4,6.2,76.42,1.55,8.52,256.11,12.51,0,31.88,1,0,0,0,1,0
4252,22,5.59,2.43,8.19,81.04,0.61,7.42,247.27,11.07,0,43.763551266360565,0,1,0,0,1,0
4253,19,2.72,9.62,6.48,91.86,2.67,7.97,281.04,5.45,1,98.72,0,1,0,0,1,0
4254,22,3.04,7.55,4.53,70.73,4.73,8.96,284.72,9.42,2,71.57,1,0,0,0,1,0
4255,22,7.66,5.75,4.74,97.67,2.07,8.74,228.12,12.01,0,38.71,0,1,0,0,1,0
4256,16,0.51,9.47,4.23,81.6,2.58,1.96,323.85,2.51,2,94.48,0,0,1,1,0,0
4257,21,6.19,6.57,4.98,93.64,2.26,9.69,233.23,14.06,0,57.44579285336973,0,1,0,1,0,0
4258,24,2.48,7.53,8.47,81.02,2.29,5.17,312.86,5.18,1,95.2,1,0,0,0,0,1
4259,17,0.31,3.54,7.25,90.88,1.07,5.22,302.14,0.78,1,88.46449441031899,1,0,0,0,1,0
4260,18,5.94,6.3,7.69,62.06,2.11,10.21,244.84,11.09,0,60.14,0,1,0,0,1,0
4261,20,2.65,2.29,7.11,91.97,2.48,3.99,279.51,7.73,1,66.28,1,0,0,1,0,0
4262,24,5.78,4.64,5.93,80.96,3.72,9.5,251.2,12.82,0,47.05,0,1,0,0,1,0
4263,19,5.66,1.3,5.08,77.98,0.7,8.34,252.27,9.3,0,30.88,1,0,0,0,0,1
4264,16,4.28,2.95,8.63,64.46,2.86,10.11,270.3,11.45,1,47.47,0,1,0,0,1,0
4265,19,6.22,1.67,6.57,89.66,3.31,9.6,247.97,13.58,0,38.73,1,0,0,1,0,0
4266,21,4.65,4.49,6.41,65.25,1.91,10.29,277.26,14.95,1,57.56,0,1,0,0,1,0
4267,20,2.29,8.59,8.98,67.69,2.75,3.44,294.09,4.33,1,92.95,0,1,0,0,1,0
4268,16,5.87,4.4,5.92,65.06,3.55,7.39,263.44,14.46,0,43.49,0,1,0,1,0,0
4269,19,4.71,8.48,8.27,60.26,2.33,7.64,245.98,10.45,1,80.96,0,1,0,0,1,0
4270,21,0.1,6.91,8.31,86.48,1.67,5.53,296.96,0.55,1,100.0,1,0,0,0,0,1
4271,19,7.21,5.59,5.16,70.83,4.12,10.93,234.75,17.22,0,37.04,1,0,0,0,1,0
4272,24,4.37,3.13,4.47,65.98,4.94,9.49,270.83,13.74,1,35.09,1,0,0,0,0,1
4273,20,6.95,9.3,8.88,72.8,1.08,9.37,231.26,16.92,0,91.18811034103015,0,1,0,0,1,0
4274,23,7.06,1.49,6.13,79.96,4.45,8.62,235.18,15.53,0,19.95,1,0,0,0,0,1
4275,24,3.56,7.2,4.01,80.14,2.73,5.79,288.03,10.23,2,64.22,0,1,0,1,0,0
4276,20,4.06,6.59,6.5,74.69,2.24,8.29,277.98,10.58,1,71.4,1,0,0,1,0,0
4277,21,3.33,4.97,7.1,79.8,4.47,8.69,276.74,9.5,1,67.64,0,0,1,1,0,0
4278,16,3.6,3.16,7.88,77.09,4.55,6.87,278.78,5.89,1,63.03,0,1,0,1,0,0
4279,22,7.16,4.88,8.71,92.91,1.36,9.13,241.67,15.73,0,47.1,0,1,0,0,0,1
4280,19,6.31,8.85,8.58,61.18,1.79,10.5,231.98,17.73,0,96.39740855966684,0,1,0,0,1,0
4281,17,1.01,8.53,8.7,94.72,4.26,2.99,299.83,-0.26,1,100.0,1,0,0,0,0,1
4282,20,4.88,9.47,4.16,69.76,2.45,8.73,270.67,9.06,2,66.65,1,0,0,0,1,0
4283,18,7.97,3.77,7.56,88.87,1.44,9.48,207.06,16.04,0,33.51,1,0,0,0,1,0
4284,21,4.76,4.48,5.13,76.2,4.81,9.82,251.98,9.34,1,47.08,0,1,0,1,0,0
4285,23,6.29,1.17,4.94,71.77,1.09,11.32,232.39,16.46,0,12.79,1,0,0,0,0,1
4286,22,6.15,9.49,8.0,84.61,3.05,9.86,255.38,10.7,0,100.8153080249565,1,0,0,0,1,0
4287,18,2.8,3.96,6.09,90.76,2.14,3.99,275.55,7.56,1,77.13,0,1,0,1,0,0
4288,23,2.97,4.64,8.58,78.0,2.26,5.37,292.28,9.15,1,84.67,1,0,0,1,0,0
4289,17,5.79,9.17,4.21,78.66,0.53,7.48,246.99,13.74,2,77.9727782161764,0,1,0,0,0,1
4290,24,4.0,5.74,8.01,62.35,1.29,7.62,289.79,9.85,1,65.28,0,1,0,0,0,1
4291,19,4.56,6.1,4.68,96.96,0.83,6.07,266.56,10.94,1,66.33,1,0,0,0,1,0
4292,16,5.7,2.59,4.88,93.88,3.75,11.05,262.27,11.76,0,47.45914603068748,0,1,0,1,0,0
4293,23,6.22,5.49,6.39,75.92,3.49,11.47,249.96,15.58,0,51.27,1,0,0,0,1,0
4294,22,2.17,9.26,5.98,90.6,3.97,3.95,289.45,3.99,2,109.32554943709695,1,0,0,1,0,0
4295,20,1.17,6.03,6.43,72.53,3.5,5.64,305.83,6.36,1,88.35,0,1,0,1,0,0
4296,20,2.33,3.3,8.7,89.22,0.64,6.81,292.12,8.32,1,75.68,1,0,0,1,0,0
4297,22,4.06,1.28,7.29,80.67,4.89,7.04,266.66,7.99,1,38.6,1,0,0,1,0,0
4298,20,2.74,4.03,5.45,78.43,0.94,4.5,296.0,7.06,1,59.79,0,1,0,0,0,1
4299,23,4.55,6.15,4.86,62.26,1.75,6.21,290.51,10.72,1,65.16,0,1,0,1,0,0
4300,21,0.43,1.38,6.1,98.62,3.53,5.13,316.0,2.26,1,64.15,0,1,0,1,0,0
4301,20,4.08,6.49,6.26,93.5,0.7,6.18,278.21,9.25,1,81.39,0,1,0,0,1,0
4302,24,2.94,5.71,7.01,91.74,0.85,6.96,290.01,8.91,1,89.8,0,1,0,0,1,0
4303,17,4.28,8.05,5.33,72.2,4.38,9.61,242.54,10.31,2,67.67,0,1,0,0,0,1
4304,16,3.38,1.26,7.84,71.58,1.66,7.35,284.36,6.97,1,60.96,0,1,0,1,0,0
4305,23,2.27,8.03,4.49,82.93,3.33,8.14,297.18,7.93,2,97.19900938805417,1,0,0,1,0,0
4306,18,7.23,5.69,6.8,93.85,4.29,11.46,220.75,19.54,0,56.42,0,1,0,1,0,0
4307,22,1.48,4.33,7.12,97.39,4.87,4.05,284.35,3.94,1,81.73,1,0,0,0,1,0
4308,23,5.45,9.69,5.03,70.76,1.05,10.71,258.87,12.83,2,92.47239528343034,1,0,0,0,0,1
4309,21,7.4,2.44,8.13,84.3,0.61,9.95,247.65,14.49,0,28.18,1,0,0,0,0,1
4310,24,4.31,5.87,7.08,88.96,3.7,10.17,264.59,13.85,1,73.08,0,1,0,0,0,1
4311,22,7.01,3.89,7.23,69.06,0.94,10.4,232.56,17.47,0,45.15567152199824,1,0,0,0,1,0
4312,20,1.0,5.75,6.49,76.3,2.9,6.77,331.08,4.59,1,85.16,1,0,0,0,0,1
4313,23,3.95,5.97,8.55,67.5,2.66,5.87,281.56,7.29,1,80.32,1,0,0,0,0,1
4314,17,3.66,1.81,7.47,87.96,2.8,4.72,263.94,6.26,1,50.52,0,1,0,0,0,1
4315,22,0.06,6.95,5.91,94.55,3.25,2.04,312.15,-0.6,1,83.61,0,1,0,0,0,1
4316,19,3.55,6.71,5.19,95.1,4.25,5.04,299.19,6.86,1,74.95,1,0,0,0,0,1
4317,24,2.95,7.93,4.36,86.8,1.36,7.62,277.97,7.11,2,87.19,0,1,0,0,1,0
4318,16,5.36,1.82,4.83,73.89,2.78,7.68,250.35,10.4,0,39.87,0,1,0,1,0,0
4319,22,7.51,3.68,8.96,86.44,1.68,11.71,236.59,19.35,0,58.464409495396254,0,1,0,0,1,0
4320,21,0.69,6.85,6.03,94.57,1.59,5.03,309.08,6.72,1,97.78,1,0,0,1,0,0
4321,23,2.62,2.23,8.49,85.03,0.1,7.06,292.99,5.28,1,62.47,0,0,1,0,1,0
4322,20,3.55,7.1,4.85,76.52,3.0,8.71,280.28,8.54,2,83.1,0,1,0,0,0,1
4323,16,3.64,1.53,6.13,96.79,4.86,5.38,274.87,6.25,1,52.27,1,0,0,1,0,0
4324,16,6.2,4.01,8.8,93.41,3.81,7.45,257.69,13.66,0,60.02,1,0,0,0,1,0
4325,24,3.55,8.62,4.46,95.3,1.21,4.7,264.65,7.0,2,87.91,1,0,0,1,0,0
4326,21,0.22,7.97,6.97,96.13,3.58,1.74,318.53,-0.86,1,98.54,1,0,0,0,1,0
4327,20,5.68,6.8,8.6,75.75,1.49,8.58,246.04,16.12,0,72.77,1,0,0,0,1,0
4328,16,7.08,8.83,8.75,94.39,3.77,12.92,251.46,18.06,0,82.88736310790757,1,0,0,1,0,0
4329,21,4.11,7.38,8.23,82.81,4.27,6.88,268.94,7.65,1,89.51,0,1,0,1,0,0
4330,21,4.65,5.67,8.28,61.53,1.67,7.91,283.43,13.94,1,67.23,1,0,0,0,1,0
4331,18,1.3,9.82,7.26,85.43,0.01,6.37,300.18,2.84,1,100.0,0,1,0,1,0,0
4332,23,1.77,7.25,5.1,78.82,1.53,7.36,299.85,7.56,2,93.47,0,1,0,0,0,1
4333,16,1.88,6.41,7.65,71.01,1.03,7.74,308.32,11.53,1,88.42,1,0,0,0,1,0
4334,16,3.45,4.68,8.89,98.82,3.09,8.58,269.04,9.2,1,78.8,1,0,0,1,0,0
4335,21,7.43,9.12,6.63,62.2,1.45,10.94,245.93,16.04,0,70.84836592617543,1,0,0,0,0,1
4336,16,4.17,3.66,5.3,97.84,0.18,6.32,270.22,9.75,1,55.4,0,1,0,0,1,0
4337,21,1.54,1.08,6.87,66.37,2.66,5.53,305.64,9.53,1,56.22,0,1,0,1,0,0
4338,16,2.13,2.77,7.45,75.08,4.37,4.11,299.9,8.2,1,77.70444615193898,1,0,0,1,0,0
4339,21,3.07,1.99,5.04,76.69,2.26,4.35,282.4,5.89,1,40.66,0,1,0,0,0,1
4340,18,4.99,3.87,7.6,89.24,1.88,10.59,252.02,13.39,1,53.98,1,0,0,1,0,0
4341,23,3.52,8.43,6.94,68.62,0.89,6.94,278.7,10.6,1,84.55,0,1,0,1,0,0
4342,21,3.14,6.86,7.06,99.44,1.94,6.68,262.21,7.19,1,87.79,0,1,0,0,1,0
4343,16,4.52,2.52,5.53,89.96,1.65,8.57,252.65,8.8,1,48.22,0,0,1,1,0,0
4344,20,1.93,8.1,4.78,91.6,4.97,5.19,295.44,7.66,2,106.77435870249268,0,1,0,0,1,0
4345,23,0.63,5.54,7.12,64.26,0.15,3.85,327.91,3.89,1,79.78,0,1,0,0,0,1
4346,18,0.2,5.61,6.93,79.05,1.19,5.78,332.77,3.83,1,85.1,0,1,0,1,0,0
4347,21,2.01,4.26,5.69,97.82,0.34,7.09,305.67,8.77,1,68.71,1,0,0,1,0,0
4348,20,0.73,8.78,5.48,70.8,4.29,2.79,295.85,0.2,2,90.73,1,0,0,0,1,0
4349,21,2.69,3.86,5.74,65.82,2.09,5.15,290.73,6.15,1,60.43,0,1,0,0,0,1
4350,16,6.18,1.85,6.45,79.42,3.98,10.48,237.23,19.79,0,30.19,0,1,0,0,0,1
4351,22,5.73,3.72,8.87,97.22,3.46,9.59,250.57,14.53,0,65.77,1,0,0,0,1,0
4352,24,4.89,7.44,7.82,79.47,4.64,9.72,270.87,13.45,1,88.98324493105763,0,1,0,1,0,0
4353,17,6.82,6.92,8.26,76.19,0.12,11.46,244.74,16.17,0,74.58232379788947,1,0,0,1,0,0
4354,20,2.26,2.69,6.53,86.01,1.04,6.8,305.71,3.11,1,53.96,0,1,0,1,0,0
4355,19,7.08,2.01,6.63,97.48,3.51,12.48,220.95,15.22,0,33.56,0,1,0,0,0,1
4356,21,3.19,6.95,5.02,61.96,2.93,8.02,271.49,10.62,1,64.3,1,0,0,0,1,0
4357,21,3.21,7.09,7.61,66.14,3.47,5.42,296.54,6.44,1,71.9,0,1,0,1,0,0
4358,17,3.24,4.3,6.11,65.31,2.88,8.6,296.34,8.82,1,59.27,1,0,0,0,1,0
4359,17,0.78,8.59,7.71,63.41,2.91,3.46,310.48,3.48,1,100.0,0,1,0,0,1,0
4360,19,7.8,9.8,6.05,72.08,4.66,13.35,226.17,16.42,0,78.19001880565955,0,1,0,1,0,0
4361,16,1.11,2.85,4.54,69.17,4.61,6.23,318.41,2.22,1,54.26,0,0,1,1,0,0
4362,24,2.73,6.19,4.87,81.95,0.19,4.1,292.56,6.12,1,86.17,0,1,0,0,0,1
4363,22,2.55,1.05,8.06,73.09,2.07,7.41,295.46,6.79,1,56.41,1,0,0,0,1,0
4364,22,0.6,7.42,5.29,76.21,2.55,4.1,303.55,3.41,2,83.4,0,1,0,0,1,0
4365,18,1.22,4.73,5.32,97.67,1.79,7.11,316.85,2.52,1,71.04,1,0,0,0,0,1
4366,18,0.36,2.74,8.65,66.23,0.25,3.65,313.68,1.3,1,69.45,1,0,0,0,0,1
4367,16,2.34,7.77,7.29,75.54,2.36,3.68,278.0,6.73,1,81.46,0,1,0,1,0,0
4368,18,6.93,8.3,4.57,70.28,4.88,9.4,229.03,20.99,2,56.11686332822008,1,0,0,1,0,0
4369,18,2.72,2.0,4.72,81.97,0.36,5.87,281.39,7.25,1,38.0,1,0,0,0,0,1
4370,19,0.99,1.37,5.36,89.45,4.08,4.95,322.9,5.3,1,55.88775945794549,0,1,0,0,0,1
4371,19,5.17,4.01,6.97,92.68,0.98,6.93,250.99,12.2,0,59.06577726647791,1,0,0,1,0,0
4372,18,7.97,6.63,7.76,80.61,2.88,11.55,228.21,18.32,0,45.63,1,0,0,1,0,0
4373,23,1.86,8.14,5.37,94.2,1.94,5.28,276.58,6.79,2,100.0,0,1,0,1,0,0
4374,23,2.24,5.91,8.35,91.4,1.75,7.42,302.49,5.15,1,95.77934088892452,0,1,0,1,0,0
4375,16,7.77,6.23,4.55,66.28,4.35,10.28,218.84,16.08,0,38.79,0,1,0,0,1,0
4376,22,1.43,8.2,5.04,69.82,4.87,4.68,306.75,4.98,2,94.73,0,1,0,1,0,0
4377,17,4.09,5.76,8.85,86.87,1.93,7.03,274.82,7.72,1,78.44,1,0,0,0,1,0
4378,16,1.92,6.5,4.67,98.99,3.2,6.08,303.29,6.79,1,84.67,1,0,0,1,0,0
4379,18,7.46,5.65,8.44,75.05,2.78,12.64,233.8,13.68,0,62.185583503143,1,0,0,1,0,0
4380,19,7.85,8.92,7.52,69.19,0.38,12.23,244.95,19.51,0,64.98910729524616,0,1,0,0,0,1
4381,21,6.52,3.12,4.37,94.77,0.21,9.85,243.85,14.4,0,28.2,0,1,0,0,1,0
4382,20,2.52,3.38,6.42,67.98,3.87,6.71,312.25,8.52,1,55.14,1,0,0,0,1,0
4383,19,3.23,2.15,6.59,87.9,1.97,5.84,287.62,9.76,1,63.232523698259534,1,0,0,0,1,0
4384,23,1.94,8.38,8.66,61.37,1.54,3.66,299.47,7.56,1,98.38,1,0,0,1,0,0
4385,19,7.13,4.71,6.11,60.76,4.93,9.73,243.36,16.1,0,45.95737763757664,0,1,0,0,0,1
4386,17,7.32,4.13,6.23,78.06,0.43,10.54,234.13,12.78,0,38.88,0,1,0,0,0,1
4387,18,3.35,9.83,4.56,86.26,1.35,6.55,284.29,4.78,2,87.25,0,1,0,1,0,0
4388,21,5.25,9.34,7.2,65.7,4.28,9.94,260.47,10.32,0,94.4370259974146,0,0,1,0,1,0
4389,23,1.32,9.75,5.05,90.56,2.07,7.0,306.64,6.92,2,106.43597575110796,0,1,0,1,0,0
4390,23,3.48,2.28,4.39,65.15,2.92,6.42,299.43,5.61,1,38.7,1,0,0,0,0,1
4391,24,5.05,9.02,8.98,81.35,0.24,6.48,282.12,10.35,0,118.63293578685628,1,0,0,0,1,0
4392,22,3.08,3.96,5.35,72.33,4.6,4.25,286.31,5.9,1,56.56,0,1,0,1,0,0
4393,17,2.86,1.11,4.71,90.09,0.68,3.88,298.27,6.95,1,42.33,1,0,0,0,0,1
4394,23,0.01,4.52,7.5,92.16,1.07,5.7,331.89,4.3,1,96.2,1,0,0,0,1,0
4395,22,6.43,5.58,8.11,62.64,0.78,12.41,253.77,16.04,0,53.9,1,0,0,0,0,1
4396,23,7.11,1.97,4.32,67.7,2.49,8.37,240.13,16.45,0,12.344683543085363,0,1,0,1,0,0
4397,18,7.76,5.84,4.53,95.71,4.08,10.55,233.51,14.71,0,34.03,0,1,0,0,1,0
4398,22,5.75,8.38,4.45,76.62,1.33,10.1,256.71,15.72,2,84.85154266180427,0,1,0,0,0,1
4399,24,4.39,4.4,4.23,79.07,0.71,6.28,260.13,9.99,1,44.94,0,1,0,1,0,0
4400,18,2.15,4.17,7.3,66.72,2.05,6.12,293.55,7.8,1,64.42,1,0,0,1,0,0
4401,21,7.99,4.05,6.94,99.8,4.91,13.06,212.15,17.48,0,36.96,1,0,0,1,0,0
4402,17,4.72,9.31,7.31,96.92,0.06,10.01,269.12,7.98,1,102.56915866139552,0,1,0,0,1,0
4403,17,5.45,1.44,6.53,60.08,2.52,9.98,258.91,14.5,0,21.13,1,0,0,0,0,1
4404,20,5.46,5.01,8.09,82.03,3.35,6.87,261.47,11.34,0,60.12,1,0,0,1,0,0
4405,20,6.76,3.38,6.73,94.89,4.03,9.5,231.13,17.29,0,33.81,0,1,0,0,1,0
4406,22,0.08,9.04,8.59,77.22,3.73,5.92,328.68,3.92,1,100.0,0,1,0,0,0,1
4407,17,1.76,1.86,6.43,77.47,0.37,3.72,303.59,10.4,1,64.56,1,0,0,1,0,0
4408,22,5.32,4.7,7.95,75.17,2.31,8.59,278.49,14.82,0,56.75,1,0,0,1,0,0
4409,20,7.16,4.66,6.04,61.15,0.39,9.83,242.14,15.16,0,41.99,1,0,0,0,1,0
4410,21,5.48,9.0,6.18,91.61,3.1,7.51,248.26,8.81,0,84.9460695066112,0,1,0,0,1,0
4411,23,3.31,2.94,8.24,78.27,0.39,5.93,266.78,6.19,1,63.13,0,1,0,0,0,1
4412,19,2.89,6.8,4.54,81.24,0.24,4.84,287.5,4.88,1,80.04,0,1,0,1,0,0
4413,22,5.9,2.21,6.82,70.23,1.53,11.29,238.91,13.45,0,37.99,1,0,0,1,0,0
4414,21,5.93,9.59,7.63,91.36,4.69,7.8,241.49,12.54,0,107.33792050275942,1,0,0,0,1,0
4415,17,4.86,6.34,7.75,91.75,3.55,8.98,252.02,12.42,1,85.92092926496484,0,1,0,0,1,0
4416,23,2.33,6.64,6.96,82.12,0.02,8.04,286.23,10.26,1,87.04548955076007,1,0,0,0,0,1
4417,24,7.4,4.9,6.24,96.19,1.42,13.16,245.76,15.94,0,43.38,1,0,0,1,0,0
4418,20,4.42,4.08,5.3,64.64,0.09,8.42,257.29,8.06,1,42.3,1,0,0,1,0,0
4419,19,6.32,2.91,8.55,91.47,1.47,8.67,239.91,15.48,0,47.93,0,0,1,0,0,1
4420,21,1.71,6.44,5.85,82.34,3.43,3.95,285.17,7.2,1,93.44,0,1,0,1,0,0
4421,23,2.75,9.59,7.99,69.24,3.8,7.49,269.94,6.89,1,100.0,1,0,0,0,0,1
4422,18,7.0,4.24,4.16,65.29,4.02,12.9,233.21,19.03,0,24.1,0,1,0,0,0,1
4423,16,0.4,8.95,5.16,72.04,4.55,1.79,317.27,3.04,2,92.01,0,1,0,0,1,0
4424,19,4.1,2.34,5.73,94.25,1.83,9.05,259.3,7.26,1,50.26,1,0,0,1,0,0
4425,19,3.85,9.43,7.36,91.5,4.31,5.46,258.61,7.23,1,100.0,1,0,0,0,0,1
4426,16,6.01,4.15,5.6,85.81,3.64,8.5,229.17,12.31,0,37.31,1,0,0,0,1,0
4427,24,2.26,4.42,4.21,63.61,2.69,6.09,294.33,10.41,1,50.55,1,0,0,0,1,0
4428,18,1.75,5.17,4.87,98.19,4.77,4.24,308.35,5.76,1,84.65657448914709,1,0,0,0,1,0
4429,20,7.41,7.46,5.3,72.22,4.74,11.66,216.8,15.94,2,53.2906906686928,1,0,0,0,1,0
4430,21,4.57,7.48,4.88,84.28,4.49,7.66,258.68,9.29,2,61.09,0,1,0,0,1,0
4431,23,0.84,5.32,5.02,92.12,1.01,2.94,320.74,-0.41,1,81.32596209306496,1,0,0,1,0,0
4432,21,1.54,5.71,7.84,65.31,1.04,5.19,299.38,7.04,1,88.3,1,0,0,0,1,0
4433,18,7.99,1.27,6.06,86.09,4.51,9.11,223.12,17.33,0,13.03,0,1,0,0,0,1
4434,21,1.56,3.74,6.03,61.29,1.99,6.27,305.08,6.71,1,73.10685487482296,0,1,0,0,1,0
4435,16,4.88,4.11,8.83,64.07,3.99,8.49,257.01,8.99,1,52.96,1,0,0,1,0,0
4436,19,3.36,6.03,6.23,88.93,3.43,9.09,271.9,11.06,1,83.4513276150322,1,0,0,0,0,1
4437,21,7.08,6.02,8.64,66.2,3.81,8.59,238.11,14.44,0,54.44,1,0,0,0,1,0
4438,22,6.04,7.39,5.5,77.74,0.13,10.7,233.71,12.96,2,75.82814408046143,1,0,0,1,0,0
4439,18,4.78,7.45,6.0,69.93,2.15,7.28,246.52,11.84,1,56.22,0,1,0,1,0,0
4440,24,0.09,3.12,5.98,76.85,4.29,2.96,312.0,-0.79,1,56.91,1,0,0,1,0,0
4441,22,7.04,7.93,6.73,63.09,2.45,9.78,242.64,15.81,0,73.01140711546493,1,0,0,0,1,0
4442,16,3.56,1.18,6.92,90.2,3.45,6.35,288.9,7.98,1,50.75,1,0,0,0,0,1
4443,17,7.45,7.45,5.24,63.16,3.78,10.6,225.85,18.62,2,56.44658809894175,1,0,0,1,0,0
4444,16,3.96,1.92,7.97,93.52,0.6,5.07,280.78,10.26,1,51.23,1,0,0,1,0,0
4445,24,5.55,7.57,6.48,86.5,0.78,10.78,267.22,13.9,0,77.90290628157018,1,0,0,1,0,0
4446,24,0.55,5.74,4.04,76.66,3.62,5.96,313.78,4.37,1,66.39,1,0,0,0,0,1
4447,22,5.96,4.94,6.96,94.66,0.27,7.16,254.84,13.72,0,45.1,0,1,0,1,0,0
4448,18,2.7,7.22,7.99,67.45,1.71,7.58,306.27,7.82,1,87.34,1,0,0,1,0,0
4449,20,2.81,1.33,5.25,70.58,4.59,4.17,279.23,4.66,1,47.81,0,1,0,0,1,0
4450,19,0.95,3.01,4.19,65.48,2.87,5.99,306.18,3.45,1,51.77,0,1,0,0,0,1
4451,22,1.17,6.55,8.04,75.26,4.55,5.23,321.97,1.93,1,92.93,1,0,0,1,0,0
4452,24,1.49,8.62,8.88,99.47,1.55,4.02,292.72,6.1,1,100.0,0,1,0,0,1,0
4453,17,2.63,4.43,4.38,66.44,3.18,6.7,290.0,8.09,1,61.07,1,0,0,0,1,0
4454,23,7.14,3.33,8.69,93.24,1.43,10.67,228.04,15.2,0,44.96,0,1,0,0,1,0
4455,24,2.95,5.67,5.8,86.08,0.56,7.13,298.24,6.54,1,73.52,0,1,0,1,0,0
4456,24,5.79,6.6,8.71,60.63,4.95,9.17,238.67,13.74,0,57.55,1,0,0,1,0,0
4457,22,0.66,4.78,7.24,97.8,0.88,5.52,311.41,0.92,1,81.32,0,1,0,0,0,1
4458,24,4.73,8.89,8.45,98.84,0.94,5.96,252.77,7.94,1,99.89,1,0,0,1,0,0
4459,24,3.86,5.71,7.93,97.0,4.21,6.58,259.01,9.04,1,77.28,0,1,0,0,0,1
4460,18,7.82,1.32,4.14,80.07,4.01,11.62,207.18,22.42,0,1.51,0,1,0,1,0,0
4461,19,6.77,3.01,4.33,68.82,4.89,10.71,237.11,16.41,0,33.34,0,1,0,0,1,0
4462,17,3.64,5.06,6.63,75.65,0.36,5.49,281.16,8.58,1,66.03,0,1,0,1,0,0
4463,18,6.2,7.28,4.65,84.57,0.47,7.57,245.78,10.74,2,70.4671950772809,1,0,0,0,1,0
4464,20,1.54,2.98,6.31,75.15,2.24,2.64,303.87,1.76,1,66.16,0,1,0,0,1,0
4465,20,4.5,9.79,8.77,88.33,2.96,7.57,261.66,13.25,1,97.84,1,0,0,0,1,0
4466,21,0.6,3.87,5.47,91.82,0.19,3.25,322.64,1.6,1,71.35,1,0,0,0,0,1
4467,22,2.78,5.79,6.44,68.38,0.79,6.62,293.92,7.62,1,88.55204292002914,1,0,0,1,0,0
4468,22,1.81,1.17,5.92,76.2,3.52,5.06,299.54,6.43,1,55.76,1,0,0,0,0,1
4469,16,5.75,8.96,7.15,98.31,3.34,8.72,253.05,12.14,0,83.63438729291582,0,1,0,0,1,0
4470,17,3.92,8.1,4.97,69.99,0.45,9.14,268.3,9.43,2,71.77,0,1,0,1,0,0
4471,24,6.01,2.76,5.3,73.86,4.66,10.12,267.33,10.63,0,30.97,1,0,0,0,1,0
4472,17,4.12,9.4,8.29,61.43,1.27,8.35,278.64,7.92,1,83.73,1,0,0,1,0,0
4473,21,0.69,3.84,8.06,73.29,4.44,3.6,310.69,4.01,1,73.78,1,0,0,1,0,0
4474,16,5.88,7.23,7.95,74.84,4.61,10.76,247.71,13.32,0,72.49591766145325,1,0,0,0,0,1
4475,18,6.67,8.37,7.85,63.99,2.45,8.43,236.06,15.56,0,74.46802511465496,0,1,0,0,1,0
4476,17,7.23,7.67,6.3,60.06,2.06,10.24,230.25,12.8,0,60.96806847485341,0,1,0,0,0,1
4477,18,4.58,9.26,7.64,83.02,1.39,5.82,267.5,11.4,1,94.92,1,0,0,1,0,0
4478,20,6.03,8.78,5.94,72.06,4.04,7.61,230.57,12.77,2,68.33538857404203,1,0,0,0,0,1
4479,21,6.02,9.95,4.5,60.71,0.98,7.43,245.27,9.8,2,86.08133065184691,0,1,0,0,1,0
4480,24,1.25,2.64,5.97,94.4,3.11,4.46,303.69,6.36,1,68.61,1,0,0,1,0,0
4481,19,1.31,3.74,4.79,83.38,2.84,5.8,304.2,2.05,1,67.51,0,1,0,0,0,1
4482,22,0.57,6.73,5.95,66.85,1.24,3.13,314.91,4.57,1,79.28,0,1,0,0,1,0
4483,21,2.56,7.6,5.49,94.61,4.92,3.69,289.6,5.62,2,87.51,1,0,0,1,0,0
4484,17,3.79,5.81,7.0,70.14,4.23,8.33,278.57,8.06,1,71.61,1,0,0,1,0,0
4485,23,7.98,1.67,5.81,69.1,0.1,10.02,222.89,20.68,0,1.95,1,0,0,0,1,0
4486,22,3.45,8.57,7.53,95.79,2.11,8.06,288.48,10.02,1,100.0,0,1,0,0,1,0
4487,22,5.81,9.65,6.56,67.18,1.79,6.85,256.86,14.57,0,89.01649442185493,0,1,0,0,0,1
4488,23,5.55,4.65,8.6,95.16,4.41,8.11,275.86,13.25,0,56.83,1,0,0,0,1,0
4489,16,1.64,3.02,4.46,92.12,1.32,5.75,307.34,4.9,1,71.63,0,1,0,0,1,0
4490,16,0.47,1.17,7.44,72.39,4.99,5.83,306.91,1.88,1,65.43,1,0,0,1,0,0
4491,23,4.37,3.14,7.36,61.38,1.0,9.14,265.99,10.76,1,45.91,1,0,0,1,0,0
4492,19,5.6,7.3,8.75,63.3,1.22,8.85,247.73,13.15,0,77.84710687738469,1,0,0,0,1,0
4493,20,7.99,9.2,5.86,64.38,3.33,12.58,224.2,19.91,2,60.78904912131478,0,1,0,1,0,0
4494,23,2.87,1.84,5.53,95.63,0.81,6.56,296.54,6.8,1,45.24,1,0,0,0,1,0
4495,20,7.17,5.98,4.86,76.16,4.44,12.24,230.72,17.9,0,44.9,0,1,0,0,1,0
4496,19,3.06,7.26,5.33,61.3,0.55,7.92,277.59,11.91,2,63.16,0,1,0,0,1,0
4497,21,5.52,3.49,6.51,82.26,4.92,11.4,258.92,14.3,0,47.17,0,1,0,0,1,0
4498,20,4.79,6.13,8.19,68.32,4.37,6.31,254.37,6.42,1,76.91,0,1,0,0,0,1
4499,22,0.42,7.44,5.42,69.41,4.2,3.12,306.22,2.29,2,78.15,1,0,0,1,0,0
4500,22,0.63,8.54,4.79,66.43,2.04,2.59,316.26,2.05,2,87.86,0,1,0,0,0,1
4501,19,0.17,5.07,5.36,90.48,2.57,4.32,300.04,2.16,1,84.56,0,1,0,0,0,1
4502,20,2.97,7.73,4.5,60.02,2.28,7.29,279.53,4.91,2,74.16,0,0,1,0,1,0
4503,18,5.97,3.72,8.63,77.56,4.94,7.99,256.92,13.5,0,55.1,0,1,0,1,0,0
4504,19,1.38,2.92,8.36,63.47,0.17,4.49,285.1,3.25,1,68.32,1,0,0,0,1,0
4505,19,4.85,2.69,5.54,82.09,1.91,8.86,244.19,11.49,1,36.86,0,1,0,0,1,0
4506,18,2.31,4.23,5.23,73.84,4.84,6.6,277.94,8.66,1,60.43,0,1,0,0,1,0
4507,20,6.38,1.32,8.53,61.13,1.85,7.89,216.13,11.89,0,29.48,1,0,0,0,1,0
4508,20,6.39,3.55,4.01,78.44,1.99,12.0,262.29,15.38,0,31.57,0,1,0,0,0,1
4509,22,6.2,6.87,7.0,82.82,3.16,7.37,246.8,12.58,0,65.41,1,0,0,0,1,0
4510,19,4.2,6.83,8.58,69.91,4.54,10.06,262.9,11.0,1,83.95,0,1,0,1,0,0
4511,19,2.28,1.66,6.54,90.62,1.47,4.86,279.74,4.96,1,57.0,0,1,0,1,0,0
4512,24,6.48,3.59,4.01,74.84,4.74,9.06,264.25,13.47,0,21.8,0,1,0,0,1,0
4513,21,1.49,6.13,5.09,89.97,1.41,4.72,308.67,7.95,1,78.72,0,1,0,0,0,1
4514,19,2.32,3.87,8.61,83.16,4.08,6.79,290.88,6.03,1,79.33,0,1,0,0,0,1
4515,17,1.47,4.76,4.09,94.77,1.38,3.27,314.56,4.38,1,79.82,1,0,0,1,0,0
4516,21,5.39,7.42,5.97,81.88,0.36,7.66,259.21,12.12,2,92.82209158159708,1,0,0,0,1,0
4517,17,5.49,1.08,7.95,67.43,4.06,11.3,249.1,14.03,0,44.9,0,1,0,0,0,1
4518,20,5.22,3.49,8.19,92.9,2.25,10.6,251.3,14.09,0,62.58,0,1,0,0,1,0
4519,21,3.32,2.28,6.39,91.32,1.95,5.38,274.26,6.4,1,56.37,1,0,0,0,0,1
4520,19,0.8,2.15,5.16,98.89,2.15,4.67,300.24,6.34,1,59.67,1,0,0,0,1,0
4521,18,7.29,9.63,7.0,63.74,3.06,9.31,243.64,13.75,0,68.48555703383708,1,0,0,0,1,0
4522,22,4.06,4.39,5.32,83.65,1.31,7.81,266.1,9.67,1,56.69,1,0,0,0,1,0
4523,17,3.26,5.74,5.28,79.67,1.19,6.09,294.41,5.56,1,67.16,0,1,0,0,1,0
4524,21,4.71,7.6,8.04,86.83,2.42,7.52,255.19,12.62,1,92.89,0,1,0,0,1,0
4525,19,1.54,1.43,4.77,99.21,0.18,5.72,295.53,3.33,1,61.53,1,0,0,0,0,1
4526,21,1.06,3.17,4.03,81.29,3.21,3.32,302.76,4.76,1,61.2,1,0,0,0,0,1
4527,19,3.24,8.49,5.68,87.43,4.11,6.26,272.13,8.52,2,83.82,1,0,0,0,0,1
4528,19,1.82,8.76,6.45,73.89,3.64,7.45,292.3,6.81,1,100.0,0,1,0,0,1,0
4529,19,1.95,4.36,7.53,71.96,2.35,6.73,302.11,8.52,1,78.11,0,0,1,0,1,0
4530,24,7.14,4.37,7.91,73.41,2.83,10.06,246.34,14.53,0,39.47,1,0,0,1,0,0
4531,22,4.25,7.81,7.32,61.54,0.13,6.4,271.99,12.51,1,73.65,0,1,0,0,1,0
4532,18,3.87,3.66,7.13,71.39,4.56,8.17,261.65,9.12,1,59.42,1,0,0,1,0,0
4533,18,5.52,2.05,7.33,66.92,2.79,10.56,247.76,14.42,0,33.72,0,1,0,1,0,0
4534,21,7.61,3.32,5.36,78.3,1.58,12.91,222.89,17.48,0,21.25,0,1,0,0,1,0
4535,21,0.9,4.49,5.91,78.43,1.47,4.72,326.21,4.94,1,69.98,0,1,0,1,0,0
4536,19,6.67,1.47,7.08,90.61,3.3,10.25,249.82,13.12,0,44.04,0,1,0,0,0,1
4537,24,4.67,5.31,4.33,80.09,2.92,9.27,276.1,11.85,1,60.95640138192927,0,1,0,0,0,1
4538,19,1.17,7.66,5.48,78.52,0.94,3.05,298.87,3.32,2,89.79,1,0,0,1,0,0
4539,24,2.38,5.62,6.03,69.27,2.05,7.64,278.71,8.26,1,58.41,0,1,0,0,0,1
4540,19,3.86,1.65,6.67,94.1,3.38,5.23,279.41,9.22,1,41.44,1,0,0,1,0,0
4541,17,5.53,4.96,6.43,63.64,1.49,9.55,249.04,11.35,0,47.1,0,1,0,0,0,1
4542,17,1.94,7.38,7.59,99.29,2.55,5.89,299.64,8.47,1,100.0,0,1,0,1,0,0
4543,20,4.28,1.52,6.37,79.04,1.27,6.83,272.76,9.72,1,52.04,1,0,0,0,0,1
4544,19,5.48,1.54,8.52,67.44,0.36,6.66,250.29,13.01,0,36.7,1,0,0,0,1,0
4545,22,3.59,4.34,5.9,74.17,1.94,8.18,286.96,6.95,1,60.11,1,0,0,0,1,0
4546,20,6.9,2.75,6.63,60.61,3.66,8.02,222.6,13.53,0,24.13,0,0,1,1,0,0
4547,21,6.96,9.41,4.02,66.66,1.07,8.86,237.57,17.03,2,64.63958998344191,0,1,0,0,1,0
4548,19,3.77,6.23,5.55,73.41,3.77,7.49,281.54,12.67,1,65.76,0,1,0,0,0,1
4549,17,7.78,3.59,8.33,82.18,3.35,13.48,243.66,19.26,0,33.33,1,0,0,0,1,0
4550,24,0.6,7.34,5.67,65.18,2.54,1.93,314.15,1.69,2,82.06,0,0,1,0,1,0
4551,22,0.03,4.37,5.27,87.04,4.86,3.92,332.21,-0.12,1,76.95,1,0,0,0,1,0
4552,19,3.05,2.19,6.72,93.77,4.42,5.69,295.32,9.01,1,64.01,1,0,0,0,1,0
4553,18,4.81,3.14,4.39,82.89,2.82,9.16,285.65,12.41,1,37.92,1,0,0,0,0,1
4554,18,5.03,6.78,6.66,71.88,2.79,10.79,262.88,8.23,0,69.96,0,1,0,1,0,0
4555,24,3.81,1.47,5.52,64.86,1.39,6.15,294.8,5.32,1,36.27,1,0,0,0,0,1
4556,20,1.0,3.45,5.92,60.62,4.6,6.78,316.1,5.59,1,72.38073868772057,1,0,0,0,0,1
4557,18,1.36,2.87,7.96,89.27,4.48,6.71,288.34,3.73,1,81.06,1,0,0,0,0,1
4558,20,6.82,2.81,7.31,85.14,3.71,10.86,238.45,13.58,0,42.76,0,1,0,1,0,0
4559,17,6.94,7.14,6.23,79.05,0.64,11.73,227.55,16.07,0,60.86017572159167,0,1,0,0,0,1
4560,19,5.39,8.43,6.89,64.08,3.52,10.71,270.62,14.13,0,83.68413802251347,0,1,0,0,1,0
4561,17,5.31,7.44,7.83,68.28,1.27,10.33,257.97,15.99,0,91.35856129607252,0,1,0,0,0,1
4562,17,4.78,6.81,7.73,92.61,0.94,7.41,249.44,9.24,1,78.45,1,0,0,1,0,0
4563,23,1.62,9.25,4.93,79.19,3.8,6.68,309.39,6.64,2,95.88,0,1,0,1,0,0
4564,16,3.43,1.53,5.5,98.51,4.8,6.0,292.06,6.09,1,48.88,0,1,0,1,0,0
4565,22,5.57,2.51,5.74,100.0,0.54,10.91,249.13,12.82,0,41.77,0,1,0,0,1,0
4566,20,4.3,4.73,4.94,92.03,0.82,6.58,263.93,10.12,1,63.19,1,0,0,1,0,0
4567,23,0.15,4.35,4.06,70.33,1.1,4.01,320.22,1.93,1,63.1,1,0,0,0,1,0
4568,16,7.63,4.76,4.87,69.24,4.81,12.09,210.33,14.76,0,26.61,0,1,0,0,1,0
4569,22,6.76,2.86,8.04,70.15,3.48,9.89,245.98,16.11,0,34.95,0,1,0,0,0,1
4570,20,2.08,2.35,6.73,99.47,3.39,6.99,311.95,8.1,1,65.7,0,1,0,0,1,0
4571,19,4.93,5.58,5.71,73.41,2.53,10.56,254.33,17.39,1,64.03,1,0,0,0,0,1
4572,22,7.39,9.35,7.04,88.26,2.69,9.32,249.75,16.19,0,83.43434585024843,0,1,0,1,0,0
4573,17,0.77,4.53,7.7,98.36,1.45,1.94,320.71,2.47,1,87.34710212279455,1,0,0,1,0,0
4574,16,4.02,1.39,5.77,92.78,0.77,8.15,270.99,10.71,1,44.54,0,1,0,0,0,1
4575,16,3.65,7.36,6.33,83.9,3.9,7.66,282.55,6.58,1,82.43,0,1,0,0,0,1
4576,16,3.28,3.62,4.32,66.76,2.35,5.99,296.62,5.32,1,49.03,1,0,0,1,0,0
4577,20,6.68,3.21,6.99,67.0,1.28,11.61,241.26,15.66,0,25.39,0,1,0,0,0,1
4578,22,3.05,3.92,5.78,79.7,3.16,8.18,287.33,4.07,1,60.63,1,0,0,1,0,0
4579,17,0.51,7.51,6.17,98.08,1.05,3.17,308.53,0.09,1,95.6,0,1,0,1,0,0
4580,23,0.53,8.37,6.11,96.18,2.44,4.94,312.44,2.27,1,95.26,1,0,0,0,1,0
4581,19,0.34,6.29,7.16,66.65,0.95,4.55,322.93,4.8,1,92.02,1,0,0,0,1,0
4582,18,3.27,3.9,6.86,71.51,3.8,5.98,278.96,8.41,1,59.06,1,0,0,0,0,1
4583,23,5.75,3.79,6.11,83.55,1.6,11.6,245.97,11.39,0,43.33,0,1,0,1,0,0
4584,17,1.63,2.12,4.08,79.1,2.21,4.36,311.95,4.54,1,58.02,0,1,0,1,0,0
4585,18,5.17,9.4,7.1,64.77,3.77,9.27,262.79,13.56,0,101.24636980048577,0,1,0,0,0,1
4586,18,5.5,6.74,8.4,74.77,3.3,8.4,249.2,13.88,0,69.43,1,0,0,0,1,0
4587,16,2.04,1.24,7.85,98.19,2.0,3.1,313.05,6.7,1,62.62,1,0,0,0,1,0
4588,21,4.8,6.96,8.91,98.06,0.36,6.26,283.54,12.73,1,80.73,0,1,0,1,0,0
4589,17,5.48,5.02,4.7,82.38,4.61,7.64,264.39,13.18,0,51.35197149834196,0,1,0,0,0,1
4590,16,3.73,9.75,5.11,85.41,0.04,8.79,263.29,10.96,2,96.64,1,0,0,0,0,1
4591,17,2.69,8.37,6.7,68.88,3.67,5.9,291.79,7.45,1,89.09,0,1,0,1,0,0
4592,21,4.95,2.54,5.18,89.68,4.73,8.89,266.49,13.55,1,51.54920051299548,0,1,0,1,0,0
4593,19,7.82,7.48,4.17,62.1,1.53,13.54,210.31,16.92,2,50.1788944982729,0,1,0,0,0,1
4594,21,3.41,5.37,6.01,68.83,0.38,5.15,291.0,7.28,1,66.42,1,0,0,0,0,1
4595,24,3.13,2.68,5.44,60.24,1.25,8.44,284.53,7.52,1,36.12,1,0,0,1,0,0
4596,23,3.71,7.29,5.32,75.43,1.57,6.61,286.71,9.74,2,77.66,0,0,1,0,1,0
4597,16,0.61,5.93,8.77,94.01,2.26,3.3,309.62,2.05,1,97.77,0,1,0,0,0,1
4598,23,4.43,1.27,5.19,99.3,2.63,8.56,271.68,12.95,1,37.17,1,0,0,0,1,0
4599,24,2.63,6.82,4.65,86.71,3.63,8.12,293.76,8.11,1,80.15,1,0,0,1,0,0
4600,21,0.97,6.71,4.63,89.79,4.5,3.71,310.25,5.44,1,88.77,0,1,0,1,0,0
4601,20,3.73,2.3,8.03,70.51,2.32,8.54,280.15,5.64,1,50.64,1,0,0,1,0,0
4602,21,0.03,4.14,7.57,80.81,3.73,1.13,318.27,-0.83,1,73.37,0,1,0,0,1,0
4603,21,3.21,6.27,4.65,89.46,0.64,7.33,269.65,10.36,1,79.88,0,1,0,0,0,1
4604,24,0.85,2.25,5.1,79.89,1.64,5.0,289.38,3.82,1,55.22,0,1,0,0,1,0
4605,19,0.19,8.67,7.74,63.54,0.59,3.97,311.55,4.38,1,92.28,0,1,0,0,1,0
4606,17,6.6,1.25,5.37,89.63,3.46,12.29,248.71,16.55,0,27.51212485293937,1,0,0,0,0,1
4607,24,7.33,1.93,8.91,68.78,4.54,13.02,221.65,15.64,0,30.41,0,1,0,1,0,0
4608,17,1.66,2.04,6.7,63.91,4.45,4.37,310.69,8.26,1,58.53,0,1,0,0,1,0
4609,24,4.31,5.75,4.96,79.12,1.63,7.59,282.19,8.93,1,59.54,0,1,0,0,1,0
4610,17,2.22,6.58,8.29,62.98,1.17,7.18,298.09,5.43,1,83.16,1,0,0,0,0,1
4611,23,3.95,4.63,5.6,85.18,1.37,9.17,270.94,12.15,1,57.93,1,0,0,0,1,0
4612,24,3.49,3.6,5.44,85.62,1.44,6.58,288.37,6.7,1,49.62,1,0,0,0,1,0
4613,24,2.15,8.28,5.64,70.27,0.41,4.9,305.77,3.09,2,80.53,1,0,0,0,0,1
4614,24,5.6,1.61,7.84,98.58,0.67,10.7,250.55,12.21,0,51.06086937544521,0,1,0,0,0,1
4615,17,1.01,3.52,4.87,92.98,1.07,3.89,308.73,5.1,1,77.62,0,1,0,0,0,1
4616,19,0.42,1.35,5.91,64.38,0.04,3.45,306.83,6.63,1,49.13,1,0,0,0,1,0
4617,22,6.14,1.13,4.15,89.94,0.24,7.82,249.18,13.13,0,26.86,0,1,0,0,1,0
4618,17,5.33,4.18,8.13,74.12,3.49,9.04,235.37,11.07,0,60.72,0,1,0,0,1,0
4619,16,3.99,2.75,5.7,90.01,3.1,6.62,269.19,11.76,1,49.7,1,0,0,0,1,0
4620,18,3.74,3.42,5.24,92.03,4.73,7.69,266.59,8.22,1,57.81,0,1,0,0,1,0
4621,19,3.98,8.39,6.9,66.06,2.01,7.22,271.36,8.69,1,84.32,0,1,0,1,0,0
4622,23,3.5,2.47,7.52,86.47,2.22,8.24,270.05,10.2,1,55.22,0,1,0,0,1,0
4623,21,3.14,8.02,8.06,94.51,0.34,5.53,263.19,9.76,1,96.07987940052212,0,1,0,0,1,0
4624,17,4.0,7.08,5.74,72.93,0.76,5.86,265.46,9.07,2,72.01,1,0,0,0,1,0
4625,24,4.23,3.94,8.06,63.21,3.46,8.74,264.48,10.01,1,69.99239904973058,1,0,0,0,0,1
4626,17,5.54,5.92,6.32,61.09,1.18,8.46,264.17,17.18,0,50.28,1,0,0,0,1,0
4627,20,5.69,5.0,4.51,64.4,3.87,9.51,245.31,11.95,0,50.25,1,0,0,0,1,0
4628,19,3.02,2.16,8.23,60.17,3.53,8.73,275.28,7.78,1,68.35815300909086,0,1,0,0,1,0
4629,22,3.31,9.16,6.74,73.08,3.74,6.73,268.36,7.55,1,84.44,0,1,0,1,0,0
4630,23,2.99,6.13,7.01,71.97,3.45,4.75,295.55,7.96,1,75.1,0,1,0,1,0,0
4631,20,4.29,8.92,8.69,64.41,3.54,7.42,266.29,9.21,1,85.63,0,1,0,1,0,0
4632,20,3.63,8.41,6.8,86.04,2.73,7.02,279.16,10.59,1,87.8,0,0,1,0,1,0
4633,17,7.12,1.72,4.03,99.68,3.39,11.95,219.12,16.55,0,21.62,1,0,0,0,1,0
4634,23,5.57,2.87,8.35,96.04,2.63,7.55,235.61,11.49,0,51.88,0,1,0,0,0,1
4635,17,7.19,2.31,5.42,70.11,1.03,9.92,224.7,14.62,0,15.16,0,1,0,0,1,0
4636,21,5.67,8.48,6.51,90.8,1.09,6.92,268.19,11.91,0,85.99716617933741,0,1,0,0,0,1
4637,23,7.77,8.76,5.02,97.47,2.03,12.28,215.85,18.69,2,68.39128662950736,0,1,0,0,0,1
4638,21,5.09,5.75,5.48,96.25,0.07,9.81,252.66,12.47,0,66.08,0,1,0,0,0,1
4639,19,7.71,1.94,7.43,95.38,4.45,11.0,227.61,17.53,0,30.23,1,0,0,0,0,1
4640,19,1.27,2.22,6.15,91.46,1.34,4.96,298.51,2.83,1,74.35,1,0,0,0,1,0
4641,21,0.42,8.32,7.14,71.72,0.26,5.17,319.74,1.78,1,99.0,1,0,0,1,0,0
4642,19,4.63,9.36,8.12,63.34,2.12,6.97,256.13,10.42,1,85.91,0,1,0,1,0,0
4643,23,7.87,2.8,5.7,79.51,4.08,11.9,214.55,17.99,0,27.234716928091053,0,1,0,0,0,1
4644,24,3.34,1.1,6.84,62.19,1.99,9.16,307.1,9.69,1,41.61533174384684,1,0,0,0,1,0
4645,16,1.7,3.98,7.89,99.94,1.31,5.99,290.23,4.36,1,81.83,1,0,0,1,0,0
4646,19,4.17,1.27,7.58,74.33,2.72,5.56,277.91,9.18,1,46.9,1,0,0,1,0,0
4647,19,5.19,8.45,6.7,98.33,2.87,7.64,248.3,11.66,0,95.86472971993044,1,0,0,0,0,1
4648,17,2.52,5.42,5.92,90.92,3.8,6.12,274.35,6.6,1,62.25,1,0,0,0,0,1
4649,21,5.72,6.78,6.04,76.45,4.0,7.08,250.46,10.82,0,65.12,1,0,0,1,0,0
4650,18,7.8,4.7,6.17,64.73,3.53,12.18,212.99,18.83,0,26.67,0,1,0,0,0,1
4651,22,7.18,4.11,5.74,69.49,0.02,11.45,229.91,16.47,0,26.83,1,0,0,1,0,0
4652,20,2.33,3.0,7.5,86.92,0.01,7.71,284.08,5.85,1,65.33,0,1,0,1,0,0
4653,19,2.61,7.93,4.63,93.2,4.89,6.11,301.2,6.72,2,79.32,0,1,0,1,0,0
4654,20,2.97,7.26,8.84,99.18,1.32,7.43,268.94,7.0,1,97.6,1,0,0,0,0,1
4655,23,3.16,4.25,7.89,65.29,1.41,5.07,288.84,7.28,1,74.99,0,1,0,0,1,0
4656,18,0.8,3.89,5.49,66.24,3.66,1.81,313.25,4.96,1,56.0,0,1,0,0,0,1
4657,22,6.1,1.01,4.21,61.7,2.91,7.96,244.51,13.43,0,14.37,0,1,0,0,1,0
4658,21,2.92,1.57,7.56,70.41,2.32,4.23,277.38,6.9,1,55.68,0,1,0,0,0,1
4659,16,7.04,6.61,7.67,92.84,0.58,10.18,237.24,18.5,0,63.74,0,1,0,1,0,0
4660,22,7.42,5.63,8.82,67.93,0.41,10.76,233.21,17.05,0,56.68,0,1,0,0,0,1
4661,22,0.2,4.91,5.27,81.91,3.52,4.42,321.54,3.38,1,79.84,0,1,0,0,1,0
4662,16,7.91,8.45,4.41,77.86,0.62,9.61,222.39,16.96,2,62.5306647053331,0,1,0,0,1,0
4663,24,5.68,5.54,8.58,73.03,2.18,7.75,240.39,11.63,0,67.59,0,0,1,0,1,0
4664,21,4.16,4.46,5.29,84.73,3.68,9.15,278.86,11.71,1,69.50509008651692,0,1,0,1,0,0
4665,17,3.12,2.45,7.61,80.09,4.62,7.0,282.53,11.58,1,56.4,0,1,0,1,0,0
4666,20,4.15,8.39,4.3,73.39,4.37,5.3,264.07,6.23,2,75.8,1,0,0,1,0,0
4667,19,2.6,6.19,7.8,87.55,4.32,7.84,278.78,6.91,1,84.86,1,0,0,0,1,0
4668,22,4.98,1.83,4.64,71.2,1.79,9.13,269.46,10.33,1,22.0,1,0,0,0,1,0
4669,23,0.74,6.84,7.48,85.73,4.64,2.67,324.96,0.96,1,100.0,0,1,0,1,0,0
4670,16,4.97,4.83,6.66,98.29,3.42,7.23,266.11,13.52,1,60.18,1,0,0,0,1,0
4671,20,2.2,8.3,8.78,89.16,4.43,5.97,300.02,5.97,1,100.0,1,0,0,0,0,1
4672,18,0.14,9.27,4.18,76.74,0.44,3.94,330.04,3.63,2,97.93,1,0,0,1,0,0
4673,16,4.42,6.4,5.46,89.9,0.2,9.45,263.34,10.02,1,64.15,1,0,0,0,0,1
4674,18,4.63,7.58,4.35,92.37,2.15,7.42,285.78,9.37,2,66.79,1,0,0,0,0,1
4675,21,3.41,1.51,8.4,73.03,4.14,7.16,268.48,6.66,1,53.96,1,0,0,0,1,0
4676,22,0.58,6.04,6.97,88.21,2.04,4.49,310.61,6.01,1,91.7,1,0,0,1,0,0
4677,23,7.15,7.8,6.67,77.38,4.42,10.94,226.48,17.75,0,64.09045461920309,0,1,0,0,1,0
4678,19,4.89,5.47,4.66,92.74,1.17,6.25,261.96,8.36,1,49.75,1,0,0,0,1,0
4679,18,0.93,6.34,6.45,71.82,0.2,3.99,326.15,5.67,1,87.61,1,0,0,0,0,1
4680,20,4.09,9.09,5.99,97.51,3.81,6.78,268.54,9.01,2,76.58,0,1,0,0,1,0
4681,24,3.98,2.78,5.58,82.99,3.13,9.94,276.46,11.85,1,49.76,0,0,1,0,0,1
4682,21,0.48,1.88,7.86,74.13,2.2,3.81,285.16,2.72,1,69.96,0,1,0,0,0,1
4683,24,4.85,7.22,4.31,76.77,4.23,8.03,266.08,8.42,2,52.98,0,1,0,0,1,0
4684,21,6.47,8.41,7.23,73.91,4.12,9.89,252.34,12.99,0,76.26941267463728,1,0,0,0,1,0
4685,17,5.99,8.65,8.11,65.85,1.62,11.59,249.35,17.49,0,80.49620269983933,0,1,0,0,1,0
4686,20,1.62,6.77,8.54,62.74,4.19,5.68,289.9,7.15,1,95.45,0,1,0,0,1,0
4687,24,6.9,8.5,7.73,72.87,1.73,9.85,225.2,13.23,0,82.93732463867757,0,1,0,0,1,0
4688,23,2.74,7.31,5.41,78.35,3.11,8.3,281.57,8.68,2,73.2,0,1,0,1,0,0
4689,22,7.57,1.79,7.0,74.47,0.96,13.22,217.07,17.54,0,28.30729184548472,0,1,0,0,1,0
4690,16,0.57,7.86,4.71,60.56,1.32,2.89,328.92,4.58,2,82.48,0,1,0,0,1,0
4691,19,3.89,2.61,4.59,83.16,2.24,6.86,278.0,8.86,1,33.88,0,1,0,0,1,0
4692,22,4.78,3.13,7.19,65.79,1.57,10.61,277.09,10.94,1,49.24,0,0,1,0,0,1
4693,22,1.98,4.55,8.26,68.44,0.65,5.69,293.35,7.29,1,97.41910563523614,0,0,1,1,0,0
4694,21,6.17,3.83,4.34,64.83,2.41,9.33,238.31,16.3,0,32.49,0,1,0,1,0,0
4695,23,5.02,3.89,4.53,80.82,2.56,7.0,252.73,11.82,0,43.86,1,0,0,0,0,1
4696,21,0.14,2.52,6.83,63.81,0.79,3.06,313.7,2.88,1,65.91,0,1,0,0,1,0
4697,18,4.87,3.64,5.09,70.25,0.87,9.03,256.62,9.43,1,38.81,0,1,0,0,1,0
4698,19,3.93,1.18,7.06,78.07,0.15,5.12,285.06,5.9,1,38.75,0,1,0,0,1,0
4699,18,1.57,5.26,5.07,66.71,0.15,2.99,310.3,1.15,1,81.37991517963299,0,0,1,1,0,0
4700,16,7.97,7.92,4.58,77.85,1.79,9.0,227.07,18.56,2,59.08582121884935,1,0,0,0,0,1
4701,20,7.18,8.76,6.73,73.71,0.73,9.27,217.24,14.63,0,71.00086126689163,0,1,0,0,1,0
4702,16,2.34,8.38,8.31,94.42,4.6,4.25,294.87,7.29,1,100.0,0,1,0,1,0,0
4703,16,4.33,4.75,7.43,91.8,1.0,9.58,264.93,10.08,1,60.21,0,1,0,1,0,0
4704,17,2.53,7.57,8.09,99.71,0.33,4.46,303.7,6.0,1,94.45,1,0,0,1,0,0
4705,19,6.2,3.59,5.33,81.16,2.02,10.51,254.55,12.94,0,32.07,1,0,0,0,1,0
4706,21,7.44,1.5,8.43,83.02,0.96,9.03,232.14,15.02,0,16.83,0,1,0,0,1,0
4707,23,2.87,7.08,5.89,97.87,0.31,6.84,264.58,4.31,2,88.05,1,0,0,0,1,0
4708,18,6.44,6.84,8.26,75.98,3.76,9.62,241.36,13.83,0,57.74,0,1,0,0,0,1
4709,16,3.99,8.21,6.36,82.23,2.79,7.03,265.59,8.69,1,76.71,1,0,0,0,0,1
4710,18,3.17,6.54,5.34,75.16,0.29,8.45,286.01,5.59,1,70.55,1,0,0,1,0,0
4711,18,7.51,2.41,5.3,81.83,2.34,9.35,218.46,16.79,0,14.52,0,1,0,0,1,0
4712,20,4.08,8.68,6.84,63.23,0.19,8.06,273.66,11.3,1,74.04,1,0,0,0,0,1
4713,19,3.74,6.65,4.4,91.35,1.77,8.85,252.94,8.71,1,63.1,1,0,0,1,0,0
4714,19,5.38,8.27,8.65,99.41,1.82,9.95,241.58,10.63,0,98.19770014450538,0,1,0,0,1,0
4715,24,2.09,7.97,5.36,62.63,4.11,8.01,286.12,10.6,2,80.32,0,1,0,0,1,0
4716,22,2.6,3.68,5.68,92.04,3.68,3.61,283.34,6.22,1,56.46,1,0,0,0,0,1
4717,19,7.46,1.67,5.17,69.67,4.48,12.88,234.37,12.87,0,18.13,0,1,0,1,0,0
4718,18,5.43,2.59,4.02,67.9,0.7,9.5,238.29,12.04,0,23.13,0,1,0,1,0,0
4719,21,6.61,1.84,7.46,87.73,2.67,7.62,234.27,12.42,0,35.86,0,1,0,1,0,0
4720,18,2.17,3.19,6.95,61.77,0.1,5.5,287.8,4.55,1,58.54,1,0,0,1,0,0
4721,21,4.35,5.14,8.05,78.53,4.13,9.19,274.68,13.3,1,68.94,1,0,0,0,0,1
4722,24,7.77,9.16,4.21,60.06,1.83,9.68,224.84,17.0,2,55.88479805367045,1,0,0,0,1,0
4723,21,2.55,8.85,8.64,82.18,0.35,6.94,279.73,8.57,1,97.28,1,0,0,1,0,0
4724,19,1.28,7.47,5.65,78.48,1.62,2.98,293.85,3.13,2,100.0,0,1,0,1,0,0
4725,20,4.09,1.22,8.57,96.62,1.43,9.11,265.39,12.4,1,50.24,1,0,0,0,1,0
4726,21,3.1,4.07,4.54,88.81,3.83,6.94,266.32,7.37,1,62.43,1,0,0,0,1,0
4727,18,1.28,7.14,7.72,65.04,0.63,2.45,320.9,3.61,1,100.04779722291003,0,1,0,0,0,1
4728,23,7.11,2.16,6.9,74.18,2.78,8.56,234.64,15.92,0,19.37,0,1,0,1,0,0
4729,19,7.93,8.21,5.79,97.26,3.97,13.25,215.7,17.27,2,70.03387335906189,0,1,0,0,1,0
4730,23,4.55,9.23,4.4,89.01,3.7,5.72,254.86,5.49,2,88.06,1,0,0,1,0,0
4731,18,6.2,4.19,7.02,83.77,4.68,8.69,233.53,10.26,0,49.74,1,0,0,1,0,0
4732,22,6.87,7.35,4.13,82.36,0.0,10.7,241.27,20.28,2,68.14151039738456,1,0,0,1,0,0
4733,24,5.61,2.33,6.51,75.92,1.77,7.68,236.15,13.56,0,29.95,0,0,1,0,0,1
4734,19,0.35,7.22,7.02,83.41,1.85,2.47,314.02,3.16,1,99.31,0,1,0,1,0,0
4735,23,1.26,1.19,7.66,90.87,0.17,6.14,310.62,7.8,1,70.46,1,0,0,0,1,0
4736,18,0.57,2.36,8.96,65.1,4.09,3.02,307.3,0.12,1,70.86,1,0,0,0,1,0
4737,22,0.08,7.39,5.3,98.79,3.44,1.27,308.92,-0.69,2,100.0,0,1,0,0,1,0
4738,18,2.45,7.41,5.61,69.57,2.64,7.06,298.98,5.0,2,68.7,0,0,1,0,1,0
4739,22,3.14,6.77,5.71,77.91,2.03,8.91,271.0,13.88,1,74.81,0,1,0,0,1,0
4740,21,1.93,5.3,7.66,60.91,4.48,7.09,294.06,4.44,1,87.76,1,0,0,0,1,0
4741,17,0.52,7.07,8.66,82.01,1.32,4.26,314.91,5.42,1,95.35,1,0,0,1,0,0
4742,18,4.24,7.96,8.87,75.27,1.67,7.36,263.08,8.72,1,91.61,1,0,0,0,0,1
4743,21,2.19,9.7,8.73,69.99,4.76,7.82,281.74,7.37,1,100.0,1,0,0,1,0,0
4744,19,6.37,9.0,8.4,99.42,0.32,11.2,237.97,17.7,0,99.49641369548678,0,1,0,0,1,0
4745,21,0.06,8.15,8.95,77.13,3.9,3.91,322.68,2.62,1,100.0,1,0,0,0,1,0
4746,16,6.74,7.25,5.88,76.57,3.59,12.14,231.83,15.92,2,71.95767642814612,0,1,0,0,1,0
4747,16,7.64,6.17,8.74,78.52,4.51,11.65,232.87,21.82,0,47.57,1,0,0,0,1,0
4748,18,5.73,2.09,7.81,64.65,0.45,11.6,248.69,10.73,0,35.09,1,0,0,0,1,0
4749,23,5.87,2.49,4.84,75.72,4.85,11.16,243.51,12.5,0,27.28,1,0,0,0,1,0
4750,23,7.47,8.38,4.23,73.46,0.14,11.22,223.11,16.2,2,67.84872014163939,0,1,0,0,0,1
4751,19,1.67,8.23,5.07,78.6,1.69,7.28,302.28,8.23,2,94.27,1,0,0,0,1,0
4752,21,7.96,6.53,7.89,94.26,0.42,10.67,235.75,16.27,0,46.22,1,0,0,0,1,0
4753,23,6.19,4.95,7.16,67.71,0.26,10.69,246.94,16.57,0,44.64,1,0,0,0,1,0
4754,22,5.81,1.23,5.12,84.31,4.82,7.67,240.63,9.11,0,14.33,0,1,0,1,0,0
4755,22,2.89,3.94,7.71,61.51,3.6,8.37,296.25,10.82,1,63.47,0,1,0,0,1,0
4756,19,4.37,4.79,4.71,72.67,2.53,6.61,258.71,11.65,1,60.02,0,1,0,0,1,0
4757,24,5.23,5.37,8.11,78.91,0.54,10.98,274.53,11.19,0,63.42,1,0,0,0,1,0
4758,21,4.96,9.36,7.97,62.97,2.63,6.04,258.87,10.39,1,86.54,1,0,0,1,0,0
4759,18,5.64,1.98,8.86,81.76,1.6,10.05,243.54,12.95,0,50.57,0,0,1,0,0,1
4760,20,0.66,5.67,4.75,72.41,1.36,2.41,317.67,3.1,1,70.22,0,1,0,0,1,0
4761,20,2.85,4.31,8.53,99.71,3.09,7.7,282.69,10.45,1,85.77,0,1,0,0,0,1
4762,20,3.47,9.91,5.71,85.24,3.95,6.93,282.79,7.3,2,100.0,1,0,0,0,0,1
4763,23,2.09,8.76,6.08,69.77,2.22,7.64,295.84,7.69,1,92.55435896451584,1,0,0,0,1,0
4764,24,1.38,4.95,6.34,64.11,2.47,5.96,289.65,5.54,1,81.74,1,0,0,0,1,0
4765,24,1.11,10.0,7.13,61.63,3.26,5.95,305.98,4.89,1,100.0,1,0,0,1,0,0
4766,21,2.93,5.63,8.97,63.63,0.62,4.53,289.85,9.57,1,74.84,0,1,0,0,0,1
4767,21,3.95,2.5,7.0,87.2,4.14,5.43,273.73,8.96,1,59.12,1,0,0,0,0,1
4768,24,0.5,6.0,8.63,94.2,4.18,5.75,326.56,1.2,1,99.68,1,0,0,0,1,0
4769,19,7.57,3.04,5.28,66.27,2.71,9.7,232.28,17.68,0,15.29,1,0,0,1,0,0
4770,21,6.12,6.73,5.99,76.09,0.94,11.45,244.14,18.11,0,68.06,0,1,0,0,1,0
4771,19,5.85,9.44,6.52,74.17,2.5,7.56,251.9,12.83,0,82.86447207365738,0,1,0,0,1,0
4772,16,1.38,8.08,5.61,85.78,0.53,3.92,298.52,6.73,2,100.0,0,1,0,0,0,1
4773,22,4.83,3.46,8.88,67.31,3.82,10.47,265.64,11.64,1,53.72,1,0,0,0,0,1
4774,21,4.24,3.67,7.63,98.13,1.56,9.44,272.71,11.91,1,66.81,0,1,0,1,0,0
4775,24,7.86,1.62,6.39,89.14,1.56,9.13,213.29,13.23,0,20.41,0,1,0,0,1,0
4776,22,5.98,3.57,7.76,98.2,4.73,9.22,255.97,12.36,0,53.07,0,1,0,0,0,1
4777,22,4.61,1.83,6.34,71.09,2.11,10.16,287.01,12.33,1,30.78,1,0,0,0,1,0
4778,17,6.81,5.5,4.09,83.51,3.95,7.88,243.74,15.49,0,40.26,0,1,0,1,0,0
4779,24,1.24,7.38,6.72,89.29,3.19,2.78,284.82,4.12,1,97.29,1,0,0,0,1,0
4780,24,0.12,7.76,7.13,88.44,1.58,4.35,314.29,4.92,1,99.24,0,1,0,0,0,1
4781,21,5.52,1.54,8.91,60.85,0.62,7.04,240.97,8.74,0,40.16,0,1,0,0,1,0
4782,18,0.79,4.06,4.2,99.93,3.99,4.03,307.6,6.14,1,72.36,1,0,0,0,0,1
4783,16,0.92,3.59,6.56,97.12,3.81,4.46,315.82,2.18,1,71.37,0,1,0,0,0,1
4784,19,5.96,1.94,4.49,64.79,0.85,11.26,241.3,12.11,0,21.02,0,1,0,0,1,0
4785,18,2.16,4.26,4.74,81.74,1.25,7.95,312.93,9.29,1,62.79,0,1,0,0,0,1
4786,16,5.03,3.69,7.05,72.58,3.83,8.59,230.83,9.62,0,45.24,1,0,0,0,1,0
4787,18,7.34,6.71,5.16,95.16,4.92,10.89,229.44,19.28,0,45.68,1,0,0,1,0,0
4788,19,2.53,8.95,7.75,87.9,4.22,7.16,293.43,3.01,1,99.1,0,1,0,0,0,1
4789,23,1.74,5.09,6.57,68.94,3.42,3.7,286.93,2.95,1,77.86,0,1,0,1,0,0
4790,24,0.85,7.72,5.09,61.35,4.58,6.55,298.92,6.3,2,82.0,0,0,1,0,1,0
4791,18,1.04,2.31,6.47,71.67,1.43,2.05,315.08,3.93,1,74.98329592831172,1,0,0,0,1,0
4792,21,0.5,9.05,4.0,61.53,0.05,1.51,333.28,-3.76,2,91.63348795563591,0,1,0,0,1,0
4793,20,0.7,2.37,8.31,65.65,1.6,4.83,332.06,2.14,1,65.12,1,0,0,0,1,0
4794,21,3.46,2.73,4.06,85.45,4.86,6.17,275.01,4.84,1,44.89,1,0,0,0,1,0
4795,19,2.57,1.96,4.04,89.8,4.41,5.56,302.67,6.91,1,48.25,1,0,0,0,1,0
4796,21,5.65,3.79,7.06,78.72,0.25,7.76,251.51,12.46,0,62.089784336655846,0,1,0,1,0,0
4797,22,6.96,5.97,8.87,84.01,2.51,10.0,245.65,14.94,0,72.06506070510335,0,1,0,0,0,1
4798,24,6.28,9.89,8.28,66.24,0.4,11.42,242.53,14.92,0,94.26968367701548,0,1,0,0,0,1
4799,22,4.25,8.14,5.26,72.67,3.95,8.75,257.65,8.55,2,66.18,1,0,0,1,0,0
4800,21,0.82,4.42,4.98,88.52,1.86,2.29,326.18,0.91,1,68.95,1,0,0,0,1,0
4801,16,5.68,6.18,7.13,74.6,4.56,6.96,270.47,14.13,0,65.51,0,1,0,1,0,0
4802,17,2.9,6.61,8.11,73.95,0.27,6.43,280.99,6.59,1,84.13,1,0,0,0,0,1
4803,16,0.69,8.4,5.81,67.76,3.67,5.34,321.09,2.56,2,86.53,1,0,0,0,1,0
4804,24,6.74,7.63,6.16,83.79,2.0,11.06,237.67,17.92,0,67.91468837776014,0,0,1,1,0,0
4805,24,2.71,6.12,4.58,92.38,1.34,8.03,309.29,5.72,1,71.48,1,0,0,0,0,1
4806,22,1.75,7.02,4.76,78.78,2.59,3.42,284.07,7.29,2,91.47,0,0,1,0,0,1
4807,17,6.97,7.71,6.84,64.62,2.43,11.0,234.58,19.08,0,58.99001095906928,0,1,0,1,0,0
4808,21,7.22,2.2,4.51,93.53,1.74,12.05,218.89,14.82,0,22.57,1,0,0,1,0,0
4809,19,2.71,2.8,5.01,62.86,3.24,8.4,271.61,10.11,1,50.22,1,0,0,1,0,0
4810,16,2.84,7.2,5.17,78.87,3.31,4.34,284.76,2.11,2,71.78,0,1,0,0,0,1
4811,16,4.64,8.65,6.22,70.44,0.39,6.84,259.82,10.58,1,74.2,0,1,0,1,0,0
4812,20,5.87,4.68,4.23,97.45,2.98,8.64,239.45,11.11,0,49.3182551440842,0,0,1,0,1,0
4813,17,0.51,9.82,6.5,89.5,3.55,4.21,322.25,3.88,1,106.4354836375544,0,1,0,1,0,0
4814,19,4.75,2.94,8.64,82.66,0.38,7.79,275.99,11.65,1,53.32,1,0,0,0,1,0
4815,16,7.62,4.75,4.12,86.71,3.3,12.93,233.69,17.34,0,22.05,0,1,0,0,0,1
4816,19,2.1,4.41,7.15,81.31,4.02,7.85,276.03,4.89,1,76.68147070943411,0,1,0,1,0,0
4817,21,7.27,9.37,8.18,65.9,4.16,8.62,236.15,17.05,0,86.99620059843873,0,1,0,1,0,0
4818,19,7.6,3.57,5.56,88.36,0.21,12.1,232.1,17.39,0,38.62,0,1,0,1,0,0
4819,16,2.15,5.24,4.66,79.71,3.49,3.72,285.78,3.67,1,69.21,1,0,0,0,1,0
4820,22,6.03,2.69,4.22,85.37,3.98,11.52,251.1,13.78,0,43.78253634973897,1,0,0,0,1,0
4821,17,1.91,5.69,7.22,61.81,1.98,3.62,292.01,4.48,1,83.05,0,1,0,1,0,0
4822,24,5.9,8.72,6.76,65.68,2.71,11.86,241.0,14.58,0,80.71510960263637,0,1,0,0,0,1
4823,18,6.38,3.74,5.15,83.57,1.33,9.52,231.61,14.95,0,39.58,0,1,0,1,0,0
4824,23,1.98,8.3,8.16,78.38,1.55,4.89,304.58,7.33,1,100.0,0,1,0,1,0,0
4825,23,5.73,9.2,7.68,69.07,2.51,9.66,264.17,15.52,0,88.0702196046585,1,0,0,1,0,0
4826,18,6.5,1.66,5.38,69.63,0.76,9.47,240.59,14.03,0,19.94,0,1,0,0,0,1
4827,19,2.87,7.81,7.77,85.27,1.85,5.04,295.41,7.68,1,91.77,0,1,0,1,0,0
4828,17,1.34,3.3,5.22,62.36,1.51,5.49,319.18,4.35,1,63.91,1,0,0,0,1,0
4829,19,0.74,2.58,7.38,77.37,1.19,5.38,312.43,6.23,1,68.49,0,1,0,1,0,0
4830,24,4.6,6.41,4.59,80.92,2.42,10.33,264.03,11.8,1,56.83,0,1,0,0,1,0
4831,17,7.82,7.35,7.46,72.33,4.19,10.87,230.86,17.41,0,70.53606020508536,0,1,0,0,1,0
4832,18,6.58,4.55,5.19,92.82,1.21,11.11,232.66,15.37,0,47.11,1,0,0,0,0,1
4833,19,3.49,1.35,6.86,62.27,3.3,8.66,283.59,10.49,1,42.15,1,0,0,1,0,0
4834,20,4.29,9.18,4.86,94.63,1.27,9.45,270.03,12.42,2,91.03,1,0,0,1,0,0
4835,16,2.24,7.58,7.63,88.93,0.71,3.41,280.05,7.84,1,99.61,0,1,0,0,1,0
4836,22,1.3,3.45,4.3,77.85,4.72,4.08,291.45,6.41,1,61.09,0,1,0,1,0,0
4837,22,3.86,5.47,4.83,96.98,3.17,4.93,263.83,8.34,1,66.3741177334196,1,0,0,1,0,0
4838,24,3.71,1.25,4.92,88.09,0.52,7.51,280.61,9.23,1,30.07,1,0,0,0,0,1
4839,19,4.18,4.05,4.21,97.24,3.16,9.51,266.47,10.57,1,59.53,0,0,1,0,1,0
4840,21,7.62,5.7,7.73,78.9,0.88,12.69,228.31,19.79,0,46.58,0,1,0,0,0,1
4841,17,4.83,5.66,8.9,78.12,4.44,9.89,275.7,12.68,1,69.91,0,1,0,1,0,0
4842,19,4.85,2.87,7.89,81.23,1.24,7.61,266.23,16.0,1,48.49,1,0,0,1,0,0
4843,17,1.02,7.99,8.3,62.62,4.03,2.25,301.33,2.53,1,107.93367385110872,1,0,0,0,1,0
4844,20,7.97,3.69,4.03,96.34,1.0,9.83,214.49,19.91,0,26.73,1,0,0,0,1,0
4845,22,6.18,6.22,4.59,86.71,2.79,10.53,248.89,17.6,0,46.9,1,0,0,0,1,0
4846,16,7.02,3.44,6.8,84.7,4.56,8.69,226.05,17.88,0,36.52,1,0,0,0,0,1
4847,22,3.31,4.83,8.89,97.06,1.48,4.94,292.81,6.78,1,94.9,1,0,0,0,0,1
4848,21,4.02,2.87,7.3,99.75,0.41,6.79,274.22,9.26,1,69.3,1,0,0,0,0,1
4849,21,4.18,6.7,5.87,66.54,2.76,5.65,271.13,8.77,1,55.39,0,0,1,0,0,1
4850,23,1.55,4.83,4.73,89.96,0.86,4.2,291.85,7.37,1,66.96,1,0,0,0,1,0
4851,23,5.52,1.15,4.76,83.2,3.64,11.37,259.95,13.06,0,33.99,0,1,0,0,1,0
4852,21,7.22,1.25,5.81,78.44,2.95,8.32,244.64,13.83,0,19.95,0,1,0,0,1,0
4853,18,1.31,5.24,7.57,99.1,1.73,6.46,302.92,6.58,1,93.71,1,0,0,0,1,0
4854,20,0.69,2.65,4.16,94.01,3.53,6.66,321.0,1.71,1,62.24,0,1,0,1,0,0
4855,17,5.91,6.27,8.26,87.87,1.19,9.09,245.03,14.95,0,66.7,1,0,0,0,1,0
4856,20,2.19,4.67,8.71,75.31,4.59,7.91,293.1,4.96,1,75.64,0,1,0,0,0,1
4857,24,4.99,6.89,8.44,86.64,1.73,7.3,280.98,10.31,1,82.45,0,1,0,0,1,0
4858,16,5.57,9.57,8.57,81.27,3.81,11.48,249.45,16.41,0,94.9118970360268,1,0,0,0,0,1
4859,20,2.58,5.76,4.08,69.97,1.29,7.89,294.44,6.7,1,67.91,0,1,0,0,0,1
4860,21,6.52,8.09,8.89,78.02,3.57,11.94,237.87,16.36,0,79.82961213970665,0,1,0,0,1,0
4861,22,4.4,7.78,5.83,68.49,0.16,6.05,270.0,12.04,2,75.65,0,1,0,0,0,1
4862,24,6.95,9.3,8.35,80.02,1.48,12.3,243.56,14.3,0,88.73077871780677,1,0,0,0,1,0
4863,21,6.11,2.93,4.93,88.81,0.46,11.82,237.67,15.42,0,27.06,0,1,0,0,0,1
4864,20,6.95,8.45,6.23,61.47,2.26,12.05,229.55,17.74,0,70.94788725707579,1,0,0,1,0,0
4865,22,0.16,9.15,4.22,90.62,2.18,1.62,323.76,-1.79,2,91.8,0,1,0,0,0,1
4866,16,1.95,4.53,4.2,60.8,1.8,3.37,298.22,2.53,1,68.43,1,0,0,1,0,0
4867,20,0.72,3.82,8.72,80.69,4.91,3.51,323.08,6.07,1,83.06,0,1,0,0,1,0
4868,17,3.54,9.57,8.05,82.94,1.22,8.06,280.22,7.05,1,100.0,0,1,0,0,1,0
4869,19,7.12,6.65,6.65,90.45,3.96,8.18,253.16,14.07,0,53.17,0,1,0,0,1,0
4870,22,3.74,4.43,6.63,90.44,2.24,9.49,282.09,6.32,1,63.92,0,1,0,0,1,0
4871,20,6.8,8.13,7.74,76.7,1.67,10.43,257.19,13.84,0,76.5539300231175,1,0,0,0,0,1
4872,21,2.62,3.74,5.71,62.65,1.02,5.41,305.46,8.19,1,49.15,0,1,0,0,0,1
4873,17,2.72,2.59,7.81,87.74,3.17,6.53,280.94,9.26,1,67.01,0,1,0,1,0,0
4874,18,7.16,5.9,6.43,80.44,1.67,11.74,248.88,18.2,0,45.14,1,0,0,1,0,0
4875,22,3.41,6.1,7.19,73.32,4.06,5.78,288.48,7.94,1,71.48078015986349,0,1,0,0,0,1
4876,17,6.32,8.43,8.82,69.39,4.84,8.78,252.86,11.72,0,92.8776669441845,0,1,0,0,0,1
4877,21,1.89,5.11,6.36,64.79,1.14,5.23,309.17,6.28,1,76.67,1,0,0,0,1,0
4878,20,7.59,8.33,6.09,71.81,0.64,11.94,225.83,16.47,0,72.526711211123,1,0,0,0,0,1
4879,16,4.6,3.8,8.53,78.34,1.58,9.13,268.08,8.25,1,66.35507421343766,0,1,0,0,1,0
4880,19,6.07,6.18,8.51,79.1,2.34,8.69,242.95,13.51,0,66.6,0,1,0,0,0,1
4881,17,0.72,2.88,8.96,83.31,1.5,3.33,334.46,5.29,1,80.57,0,0,1,1,0,0
4882,19,3.94,4.47,6.75,74.5,4.85,7.38,265.19,11.82,1,53.26,0,1,0,0,0,1
4883,16,7.21,8.72,5.72,96.8,3.9,10.92,220.7,18.63,2,76.24431349439914,0,0,1,0,1,0
4884,17,7.02,2.94,5.2,79.83,4.83,11.27,227.58,16.77,0,19.89,0,1,0,1,0,0
4885,23,0.37,8.29,4.17,76.95,1.87,4.46,315.01,0.93,2,82.62,1,0,0,0,1,0
4886,21,2.43,3.55,7.63,61.93,1.52,5.29,290.22,7.46,1,58.42,0,1,0,1,0,0
4887,17,3.55,1.31,5.17,83.96,2.04,6.03,286.3,8.64,1,50.85,1,0,0,1,0,0
4888,21,1.38,1.99,7.03,84.11,2.61,3.92,303.75,3.52,1,70.97,0,1,0,0,0,1
4889,24,5.84,7.71,8.58,83.33,3.71,10.07,244.97,15.13,0,85.65129954795526,1,0,0,0,1,0
4890,22,1.48,3.36,8.75,95.5,4.41,4.65,307.07,5.46,1,93.72,0,1,0,1,0,0
4891,24,2.77,6.89,4.02,90.52,2.32,4.44,298.41,5.14,1,70.74,0,1,0,0,0,1
4892,20,5.31,7.29,5.59,94.7,1.45,6.34,258.35,9.8,2,73.81918798143515,1,0,0,0,1,0
4893,22,3.86,4.11,8.19,62.38,1.59,5.01,282.37,5.99,1,56.38,1,0,0,0,0,1
4894,22,5.91,5.27,6.68,72.73,3.48,11.25,249.91,15.0,0,60.81,1,0,0,0,0,1
4895,18,7.69,4.63,8.04,72.75,2.84,10.98,225.12,18.84,0,43.46,0,1,0,0,1,0
4896,22,0.93,9.53,8.27,86.28,2.43,5.22,315.82,2.82,1,100.0,1,0,0,0,1,0
4897,16,5.68,3.88,6.21,77.94,1.01,11.33,254.13,12.05,0,40.97,0,1,0,0,1,0
4898,24,1.84,2.65,5.79,91.1,4.38,3.47,307.96,5.5,1,67.81,0,0,1,0,1,0
4899,21,3.32,4.29,6.28,75.38,3.91,6.56,295.58,11.42,1,55.71,1,0,0,0,1,0
4900,20,0.26,7.03,7.26,68.86,0.7,3.96,315.75,6.35,1,90.72,0,1,0,0,1,0
4901,22,1.09,7.28,5.84,71.64,1.84,6.3,313.39,7.82,2,86.29,1,0,0,0,1,0
4902,20,2.56,9.32,7.87,67.3,2.71,8.53,299.96,8.01,1,99.05,1,0,0,0,1,0
4903,20,2.74,8.94,8.52,67.92,2.27,7.3,291.22,5.96,1,100.0,0,1,0,1,0,0
4904,22,7.2,3.59,5.41,68.67,1.99,11.41,238.7,17.72,0,33.86,1,0,0,0,0,1
4905,22,5.93,5.1,8.82,60.64,3.59,11.53,250.27,14.52,0,47.36,0,1,0,0,0,1
4906,18,7.78,7.73,7.11,88.64,0.27,12.97,229.19,17.76,0,67.29181607743422,1,0,0,0,0,1
4907,18,4.79,9.25,8.39,75.98,2.36,10.12,267.74,16.05,1,94.28,0,1,0,0,1,0
4908,18,1.93,4.03,4.52,60.91,1.31,2.94,290.76,7.14,1,59.01,0,1,0,1,0,0
4909,21,2.62,5.0,5.26,74.8,0.42,6.19,271.58,8.3,1,62.04,0,1,0,0,0,1
4910,21,2.56,9.1,5.61,96.21,2.32,7.47,288.4,7.38,2,94.74,1,0,0,0,0,1
4911,18,2.61,4.23,5.51,80.45,0.86,4.52,286.99,6.19,1,53.86,1,0,0,1,0,0
4912,18,5.38,5.32,4.86,99.47,1.29,10.14,271.64,10.05,0,65.83944946231762,0,0,1,1,0,0
4913,23,4.25,9.14,8.34,81.6,2.54,5.3,271.96,11.12,1,96.3559997924435,0,1,0,0,1,0
4914,23,3.08,8.22,6.09,98.51,4.87,6.96,288.66,10.69,1,84.08,0,1,0,1,0,0
4915,22,1.19,3.19,8.82,68.07,3.42,6.45,301.6,3.48,1,78.86,1,0,0,1,0,0
4916,19,0.18,3.92,6.92,71.6,1.4,3.34,311.88,0.68,1,74.09,1,0,0,1,0,0
4917,19,1.75,4.18,4.69,88.0,1.91,6.45,290.65,7.8,1,74.84,0,1,0,0,1,0
4918,18,0.86,9.21,6.73,99.47,2.03,4.51,297.08,2.9,1,100.0,0,1,0,1,0,0
4919,20,6.28,9.99,8.97,93.01,0.77,10.52,251.9,16.95,0,99.527831634696,1,0,0,0,0,1
4920,18,0.9,7.97,6.83,82.15,0.8,4.48,312.27,2.03,1,96.58,0,1,0,0,0,1
4921,23,5.79,5.36,4.01,63.41,0.74,9.17,265.29,12.65,0,37.41,1,0,0,0,1,0
4922,22,3.09,1.09,8.67,74.58,2.61,8.3,288.42,9.82,1,59.00109858285251,1,0,0,0,1,0
4923,18,0.59,7.28,5.17,63.46,3.37,2.05,315.35,1.26,2,86.56699848827161,1,0,0,0,1,0
4924,24,6.5,4.5,7.44,72.45,2.95,10.42,222.19,14.2,0,43.18,1,0,0,0,0,1
4925,20,4.64,6.7,6.58,70.35,4.89,6.21,283.4,9.26,1,64.03,0,1,0,0,1,0
4926,24,1.89,6.46,5.63,75.54,0.63,5.7,297.71,7.07,1,78.55,1,0,0,0,1,0
4927,22,7.16,5.33,5.41,93.49,4.93,12.98,213.24,19.16,0,52.03,1,0,0,1,0,0
4928,22,0.36,9.5,8.64,66.02,2.33,1.65,317.94,2.35,1,109.95102663480048,0,1,0,1,0,0
4929,21,1.61,1.21,8.56,72.24,1.09,4.72,292.57,3.38,1,54.77,1,0,0,0,0,1
4930,17,6.02,7.41,6.57,70.44,4.72,11.03,239.29,17.28,0,78.02493551993366,0,1,0,1,0,0
4931,24,5.68,4.69,5.29,71.85,2.34,8.53,254.51,13.3,0,43.46,1,0,0,0,0,1
4932,21,2.31,7.42,4.51,74.42,1.74,5.91,286.41,8.52,2,78.59,0,1,0,0,1,0
4933,23,0.5,7.08,4.78,69.77,1.07,2.07,324.27,-0.8,2,74.57,1,0,0,0,0,1
4934,16,6.86,1.09,6.61,97.7,1.34,8.98,236.53,17.12,0,17.12,0,1,0,0,0,1
4935,20,2.51,3.57,5.54,76.8,4.9,6.94,293.88,6.49,1,58.39,0,1,0,0,1,0
4936,16,1.57,2.7,4.21,64.56,1.52,6.71,306.83,4.83,1,51.62,0,0,1,0,1,0
4937,23,4.13,2.5,6.28,78.71,4.89,8.36,272.96,11.19,1,44.2,1,0,0,0,1,0
4938,23,7.28,7.56,7.73,67.38,1.65,12.46,234.78,13.05,0,70.61522943822307,0,1,0,0,0,1
4939,16,0.35,3.16,8.46,68.65,1.16,4.38,317.22,3.41,1,75.98,0,1,0,0,1,0
4940,24,6.13,5.27,6.93,71.4,0.92,11.18,261.38,14.23,0,54.81,0,1,0,1,0,0
4941,17,4.58,3.22,7.62,64.99,2.06,10.49,273.48,14.94,1,44.79,1,0,0,0,1,0
4942,24,3.4,6.22,5.82,88.84,1.18,4.81,272.29,8.05,1,70.28,1,0,0,0,0,1
4943,16,5.95,7.49,6.48,91.68,3.48,9.35,237.48,11.61,0,85.01628588780721,1,0,0,1,0,0
4944,24,7.73,3.98,7.65,75.77,1.2,9.68,219.3,14.83,0,40.34,1,0,0,1,0,0
4945,19,1.83,6.43,7.64,87.56,4.18,5.16,302.32,0.41,1,94.39,1,0,0,1,0,0
4946,24,1.15,8.42,6.12,75.56,4.17,4.65,295.16,8.91,1,100.0,0,1,0,0,1,0
4947,22,7.3,1.85,6.72,66.56,1.43,11.41,225.87,11.65,0,11.68,0,1,0,1,0,0
4948,21,5.35,7.4,8.62,75.89,3.77,8.55,242.37,11.22,0,75.70659691397492,1,0,0,0,0,1
4949,20,3.5,3.91,7.16,82.28,4.29,6.12,287.32,9.79,1,75.25,1,0,0,1,0,0
4950,24,4.59,2.1,7.21,61.64,2.95,5.81,271.55,12.73,1,41.65,1,0,0,1,0,0
4951,17,5.96,5.91,7.92,86.18,1.83,7.13,257.27,16.11,0,58.8,1,0,0,0,1,0
4952,17,6.18,3.04,4.58,89.7,2.2,8.06,241.09,13.1,0,22.03,1,0,0,0,0,1
4953,24,7.36,8.39,6.61,94.4,3.93,10.6,214.09,17.34,0,78.74556737573,1,0,0,0,1,0
4954,18,3.41,1.39,8.8,64.11,1.47,6.5,270.73,7.75,1,45.46,0,1,0,0,1,0
4955,23,2.35,1.89,5.81,60.0,1.67,4.3,278.33,2.56,1,40.65,0,1,0,0,0,1
4956,24,5.12,5.69,5.47,62.93,0.8,10.23,244.98,10.7,0,48.14,0,0,1,0,0,1
4957,23,3.33,6.3,7.01,96.96,2.0,7.75,291.41,5.44,1,83.46,1,0,0,0,0,1
4958,19,4.76,7.57,5.11,90.62,0.43,7.48,260.41,11.51,2,75.47,0,1,0,1,0,0
4959,16,3.36,3.33,6.78,93.42,1.61,8.34,282.57,8.53,1,61.31,0,1,0,0,0,1
4960,19,1.22,8.58,4.78,80.68,1.87,7.17,316.39,5.04,2,91.87,0,1,0,1,0,0
4961,24,3.76,9.58,6.9,81.07,1.28,5.99,264.68,9.98,1,100.0,0,1,0,1,0,0
4962,17,5.53,5.49,7.01,71.94,0.51,8.34,259.78,12.96,0,54.1,1,0,0,1,0,0
4963,18,6.39,7.84,6.09,93.71,2.61,12.35,228.79,17.08,0,79.09771229809414,0,1,0,1,0,0
4964,23,3.95,5.72,5.91,93.19,4.33,5.64,275.12,12.37,1,62.71,1,0,0,0,0,1
4965,21,1.32,1.63,5.23,75.69,1.68,2.71,314.84,1.75,1,58.27,0,1,0,0,0,1
4966,23,3.32,3.94,5.65,73.17,1.18,6.92,268.77,4.69,1,61.55,1,0,0,1,0,0
4967,22,6.29,1.79,6.49,89.53,1.43,9.63,252.81,13.09,0,27.71,0,1,0,0,0,1
4968,20,3.3,9.9,5.24,61.05,4.31,4.69,282.65,6.88,2,77.48,1,0,0,0,0,1
4969,24,5.57,3.06,7.91,94.4,2.64,8.02,248.62,13.24,0,50.12,1,0,0,1,0,0
4970,19,4.06,6.72,7.55,77.85,0.65,7.15,259.28,11.11,1,86.99,1,0,0,1,0,0
4971,21,1.93,3.56,5.35,77.65,3.55,7.04,299.26,4.29,1,62.49,0,1,0,0,1,0
4972,17,6.37,6.88,4.49,86.76,0.77,10.91,248.5,12.58,0,65.78,0,1,0,0,0,1
4973,17,0.67,2.89,4.0,85.83,0.3,6.24,308.79,6.85,1,55.19,0,1,0,0,0,1
4974,17,4.2,8.07,6.98,70.64,1.28,6.86,259.79,10.37,1,71.19,0,1,0,0,1,0
4975,22,1.67,2.0,5.06,97.73,0.84,4.22,307.58,5.32,1,59.69,1,0,0,1,0,0
4976,17,0.54,9.06,4.06,99.45,3.02,3.86,325.37,3.27,2,90.29,1,0,0,1,0,0
4977,17,4.02,8.56,5.8,81.04,2.42,5.06,281.3,8.86,2,79.16,1,0,0,0,1,0
4978,24,4.0,7.11,8.81,82.46,3.62,6.04,287.89,8.57,1,88.55,1,0,0,0,1,0
4979,22,5.66,1.61,7.45,82.17,2.56,7.72,245.56,10.93,0,34.86,0,1,0,1,0,0
4980,18,5.96,2.88,8.29,79.43,2.1,7.27,234.33,11.5,0,50.67,0,1,0,0,1,0
4981,18,5.82,8.73,4.72,97.81,2.63,9.1,254.27,17.61,2,84.20827357452795,0,1,0,0,0,1
4982,22,3.28,2.1,4.37,69.79,2.17,8.81,276.61,12.93,1,31.68,1,0,0,0,1,0
4983,20,5.05,2.4,4.06,64.32,0.19,6.07,269.28,12.46,0,27.98,1,0,0,1,0,0
4984,21,4.62,5.9,8.78,97.18,3.4,8.76,254.19,11.18,1,79.07,0,1,0,1,0,0
4985,23,3.37,3.47,5.5,68.52,4.81,8.77,269.92,10.57,1,50.88,0,1,0,0,1,0
4986,24,4.78,3.0,6.3,89.97,2.11,6.32,263.32,7.48,1,42.92,1,0,0,1,0,0
4987,16,7.58,6.18,5.97,68.15,2.12,13.17,230.79,19.95,0,41.01,1,0,0,1,0,0
4988,18,1.54,4.35,7.65,98.41,0.23,6.63,308.27,5.14,1,94.35,1,0,0,0,0,1
4989,22,7.25,2.27,5.55,91.64,4.45,9.32,232.02,15.57,0,17.7,0,1,0,0,1,0
4990,21,0.43,5.81,6.68,96.75,4.65,5.96,295.67,3.82,1,80.49,0,1,0,1,0,0
4991,22,2.47,4.48,8.98,98.04,4.07,7.49,324.88,7.09,1,76.73,0,0,1,0,1,0
4992,23,2.31,7.61,6.22,63.38,0.53,3.87,292.62,7.01,1,82.39,1,0,0,0,0,1
4993,21,5.01,1.92,6.76,77.34,4.5,10.16,288.77,15.78,0,31.3,0,1,0,0,1,0
4994,18,1.05,6.59,6.51,85.92,0.12,4.76,306.14,5.67,1,95.84,1,0,0,0,0,1
4995,17,7.06,4.93,8.02,92.1,2.22,12.14,224.75,16.79,0,53.56,1,0,0,0,1,0
4996,22,6.63,4.65,5.33,69.66,2.5,10.72,237.27,13.17,0,37.81,0,1,0,0,0,1
4997,16,5.22,3.09,4.85,96.58,4.17,8.18,268.37,12.0,0,56.01,0,1,0,0,1,0
4998,18,3.67,1.27,7.77,68.84,3.75,7.68,282.15,9.19,1,35.96,0,1,0,0,0,1
4999,19,7.46,8.63,6.08,94.65,3.99,11.64,233.56,18.66,0,60.52003752603707,0,1,0,1,0,0
5000,16,6.65,3.94,8.57,80.51,4.34,11.48,239.59,14.43,0,62.45085511210443,1,0,0,0,1,0
5001,20,3.99,7.13,7.22,80.62,2.38,9.14,273.41,8.78,1,82.57,0,1,0,1,0,0
5002,18,5.61,9.53,6.82,74.96,3.9,9.93,251.19,13.98,0,91.33042545789291,1,0,0,0,1,0
5003,17,4.54,6.08,4.35,64.14,0.34,10.49,277.49,13.9,1,43.57,0,0,1,0,0,1
5004,18,4.7,4.57,7.65,73.88,2.22,9.59,272.76,12.15,1,53.01,0,1,0,0,0,1
5005,23,2.65,3.41,7.43,77.07,0.15,8.2,278.78,10.01,1,69.57,0,1,0,0,0,1
5006,21,3.7,9.41,7.2,79.16,4.58,6.3,260.83,6.15,1,93.94,1,0,0,0,1,0
5007,22,0.62,7.14,5.34,89.56,4.79,3.2,300.3,3.48,2,96.66,1,0,0,0,1,0
5008,21,2.86,6.99,8.73,74.08,0.42,5.67,282.12,4.56,1,87.33,1,0,0,0,1,0
5009,21,5.57,4.84,5.61,76.26,2.66,8.77,255.37,18.07,0,47.01,0,1,0,1,0,0
5010,18,7.63,8.61,4.76,96.24,1.63,13.44,227.89,20.85,2,79.99535151474376,0,1,0,0,0,1
5011,23,7.7,7.42,8.94,90.1,1.71,9.07,233.9,16.85,0,64.76444981423793,1,0,0,1,0,0
5012,22,4.45,3.55,7.73,60.91,2.25,7.94,266.45,7.44,1,55.42,0,0,1,1,0,0
5013,22,4.85,6.4,6.07,92.48,0.63,6.66,277.76,7.85,1,61.22,0,1,0,1,0,0
5014,21,1.49,4.87,8.68,99.6,0.9,6.54,307.21,9.3,1,90.85,1,0,0,0,0,1
5015,20,5.56,1.06,4.46,97.59,2.89,6.72,253.46,9.38,0,30.94,0,1,0,0,1,0
5016,23,0.57,8.27,4.44,93.44,0.09,3.85,298.05,3.78,2,87.48,0,0,1,1,0,0
5017,20,2.28,2.11,7.41,85.17,3.0,5.25,296.14,9.69,1,65.35,1,0,0,0,1,0
5018,24,5.35,5.59,4.89,71.13,1.59,6.81,260.79,11.64,0,48.59,0,1,0,0,0,1
5019,24,2.48,4.03,8.59,86.18,4.16,5.36,283.1,4.01,1,71.71,1,0,0,1,0,0
5020,16,0.4,4.08,8.2,87.82,3.0,5.45,303.64,-0.23,1,82.58,0,1,0,0,0,1
5021,21,6.65,5.3,5.53,71.26,3.54,8.34,251.15,14.91,0,38.07,0,1,0,0,1,0
5022,22,2.48,9.97,8.44,70.21,0.57,8.4,280.55,5.71,1,100.0,0,1,0,0,1,0
5023,18,0.5,4.68,4.21,75.88,1.33,1.79,315.66,1.65,1,64.5,0,1,0,1,0,0
5024,22,0.6,2.64,6.74,85.65,4.98,3.05,313.1,0.29,1,60.6,0,1,0,1,0,0
5025,22,2.01,6.52,8.68,71.72,2.17,6.88,300.35,5.25,1,80.84,1,0,0,1,0,0
5026,17,1.42,3.13,8.28,82.23,1.79,4.21,293.35,3.1,1,67.55,1,0,0,1,0,0
5027,22,6.19,1.95,5.78,95.97,4.37,9.59,244.51,13.56,0,35.33,0,1,0,0,1,0
5028,16,2.57,1.45,4.91,71.8,0.17,4.5,279.49,4.62,1,49.49904901756099,1,0,0,0,1,0
5029,20,6.44,1.21,5.05,98.64,2.67,11.02,243.46,15.74,0,20.4,1,0,0,0,1,0
5030,24,1.39,4.88,6.57,78.93,1.05,3.29,308.36,5.72,1,80.31,0,0,1,0,1,0
5031,22,3.94,4.84,6.98,64.04,1.84,9.18,281.67,9.78,1,72.47986378881951,1,0,0,0,1,0
5032,22,5.5,2.67,4.16,62.2,1.0,9.2,268.95,13.37,0,22.39,0,1,0,0,1,0
5033,17,5.22,8.06,6.07,73.55,0.19,8.96,254.72,10.44,0,78.43577693902378,0,1,0,0,0,1
5034,23,4.81,2.16,8.15,70.35,2.08,10.48,259.47,9.32,1,55.26,1,0,0,0,1,0
5035,18,7.4,9.24,6.22,93.75,3.95,12.26,243.93,18.03,0,78.8942856947345,0,1,0,0,1,0
5036,23,1.83,6.29,4.85,89.51,4.76,6.55,303.79,7.78,1,88.57,0,1,0,1,0,0
5037,18,3.95,1.25,8.77,95.38,3.12,9.24,284.97,6.72,1,59.04,0,1,0,0,1,0
5038,22,7.07,9.67,5.33,83.57,1.94,8.53,254.69,14.69,2,75.32980580311948,0,1,0,0,1,0
5039,17,0.62,3.77,7.99,77.42,3.85,5.25,304.12,4.42,1,73.2,0,1,0,0,1,0
5040,19,0.45,5.05,4.97,70.82,2.53,2.62,322.69,2.56,1,65.96,1,0,0,1,0,0
5041,21,1.87,3.56,6.12,83.32,1.84,4.27,291.57,3.76,1,74.09,0,1,0,0,0,1
5042,24,5.06,7.56,6.45,84.72,0.9,6.14,274.91,10.76,0,88.88881444876726,1,0,0,0,0,1
5043,20,2.08,5.37,6.5,75.72,3.98,7.55,283.16,8.75,1,76.1,1,0,0,0,1,0
5044,24,1.52,2.19,6.58,97.46,2.5,6.22,310.94,3.67,1,71.41,0,1,0,0,0,1
5045,20,3.67,1.94,5.12,85.6,4.82,5.37,270.42,11.3,1,39.88,0,1,0,0,1,0
5046,23,4.91,7.53,6.58,93.5,4.01,7.55,266.62,8.36,1,71.9,0,1,0,0,1,0
5047,16,1.99,3.13,6.41,84.82,2.1,5.39,308.8,7.48,1,65.59,0,1,0,0,0,1
5048,22,2.41,2.24,5.04,72.66,3.7,5.88,284.64,6.66,1,46.66,0,1,0,1,0,0
5049,19,4.91,5.49,8.94,89.46,2.27,8.89,246.4,10.78,1,70.8,0,1,0,0,1,0
5050,20,7.57,8.22,8.33,69.21,0.4,10.93,226.57,13.14,0,75.6788682985935,1,0,0,1,0,0
5051,21,5.4,3.51,8.44,83.86,2.58,9.64,251.33,15.3,0,62.26,1,0,0,0,1,0
5052,20,6.26,3.49,7.43,76.09,4.33,11.68,232.04,13.36,0,46.42,0,1,0,0,1,0
5053,16,2.93,8.5,4.8,66.0,4.28,5.92,264.75,7.3,2,86.07,0,1,0,0,1,0
5054,24,2.18,2.33,6.84,76.53,2.87,7.56,306.01,7.99,1,51.39,1,0,0,1,0,0
5055,17,3.63,6.55,8.11,72.41,1.9,5.73,291.36,13.07,1,83.22,1,0,0,0,1,0
5056,24,6.46,9.6,4.19,64.49,0.05,8.07,236.46,13.01,2,77.13491604277326,1,0,0,0,0,1
5057,17,3.65,8.57,6.48,92.95,1.56,5.85,273.27,8.5,1,88.97,1,0,0,0,1,0
5058,24,6.77,1.56,5.98,79.94,4.95,8.8,246.84,15.38,0,20.62,0,1,0,0,0,1
5059,21,7.91,3.88,5.06,73.85,3.63,13.84,233.31,19.02,0,19.83,0,1,0,0,0,1
5060,24,0.58,2.28,5.89,80.2,3.59,3.49,330.83,1.09,1,58.52,1,0,0,0,1,0
5061,21,0.36,9.54,8.92,90.18,3.81,4.62,321.9,5.82,1,100.0,0,1,0,1,0,0
5062,21,1.2,9.87,7.62,60.73,3.1,5.68,295.35,3.72,1,100.0,0,0,1,1,0,0
5063,17,3.07,3.11,5.5,81.87,2.93,6.3,291.07,8.69,1,54.41228420854964,1,0,0,0,1,0
5064,23,1.05,7.03,7.03,79.17,2.27,3.17,300.42,2.73,1,98.91,1,0,0,0,0,1
5065,18,6.97,8.57,5.23,95.72,2.22,10.16,235.7,14.32,2,62.48240949966856,0,1,0,0,1,0
5066,22,0.19,3.1,7.05,82.24,4.35,3.56,328.85,4.16,1,81.03,1,0,0,1,0,0
5067,20,2.53,2.69,8.48,65.49,1.97,8.3,280.59,8.47,1,58.55,1,0,0,0,0,1
5068,18,1.48,1.1,6.78,75.55,4.2,5.32,301.51,0.51,1,48.79,0,1,0,0,1,0
5069,16,7.45,4.71,7.67,84.84,4.19,13.3,218.34,18.42,0,46.33,0,1,0,1,0,0
5070,23,5.36,9.09,6.27,61.84,3.85,9.24,245.79,11.41,0,83.86178983037294,1,0,0,0,1,0
5071,18,7.3,9.13,6.62,95.39,0.19,9.02,226.93,12.28,0,75.41616310922666,1,0,0,0,1,0
5072,17,7.78,2.15,7.48,62.71,0.74,10.7,242.94,18.93,0,15.36,0,1,0,1,0,0
5073,16,3.98,2.84,8.06,61.22,1.57,8.94,272.57,8.91,1,51.32,0,1,0,0,1,0
5074,19,1.87,4.67,7.3,60.08,4.24,4.98,324.0,5.82,1,80.55,1,0,0,0,1,0
5075,23,1.55,8.03,8.89,87.35,4.37,3.05,310.95,5.69,1,97.86,1,0,0,0,1,0
5076,18,1.78,6.51,8.1,78.24,0.21,3.26,308.46,3.82,1,96.77,1,0,0,1,0,0
5077,16,5.67,5.62,7.89,64.11,1.62,7.86,241.02,12.94,0,65.74,1,0,0,0,1,0
5078,19,0.32,6.33,8.23,94.25,4.25,4.14,314.63,1.19,1,94.74,0,1,0,0,1,0
5079,24,0.41,1.87,5.41,68.11,1.25,5.56,303.65,5.6,1,56.51,1,0,0,0,1,0
5080,16,4.87,5.3,6.16,73.05,4.88,8.54,258.46,11.21,1,60.22,0,1,0,0,1,0
5081,17,5.14,9.93,6.82,67.11,2.45,9.87,253.75,13.72,0,104.17545226738972,1,0,0,1,0,0
5082,24,5.32,1.8,6.31,97.07,4.69,9.55,255.74,15.77,0,41.79,1,0,0,0,0,1
5083,17,2.98,5.67,8.24,90.32,2.14,6.6,292.5,4.07,1,87.31,0,1,0,1,0,0
5084,18,6.45,3.66,4.14,88.96,1.62,8.52,239.98,12.56,0,37.77,0,1,0,0,0,1
5085,22,4.27,5.86,5.05,61.76,1.81,9.69,277.2,10.9,1,59.33,1,0,0,0,1,0
5086,18,0.84,6.16,8.41,80.91,4.42,3.22,295.26,3.13,1,88.87,0,1,0,0,0,1
5087,24,6.38,6.2,4.3,83.02,1.65,8.64,247.92,15.12,0,43.43,0,1,0,1,0,0
5088,21,7.62,8.67,5.13,75.3,3.35,9.91,224.2,18.83,2,67.0305286501294,1,0,0,0,0,1
5089,18,0.48,4.51,5.76,72.87,2.35,1.96,316.77,0.21,1,75.63,0,1,0,1,0,0
5090,24,3.13,5.65,7.75,94.08,4.71,6.62,291.07,7.6,1,83.74,1,0,0,1,0,0
5091,16,3.9,1.1,6.8,60.92,0.8,6.54,258.78,11.36,1,31.49,0,1,0,1,0,0
5092,18,1.17,8.11,8.77,85.01,2.14,4.78,320.65,4.82,1,100.0,1,0,0,1,0,0
5093,16,6.94,3.34,5.14,75.77,0.62,10.21,234.78,12.11,0,19.83,0,1,0,0,0,1
5094,17,2.27,8.35,8.36,86.64,2.89,5.87,311.38,2.77,1,100.0,0,1,0,0,1,0
5095,23,6.26,3.39,5.41,67.92,2.01,8.75,245.59,12.79,0,40.93,1,0,0,0,0,1
5096,22,5.37,1.1,5.23,69.55,0.3,10.45,268.77,14.38,0,33.429071977320326,1,0,0,0,1,0
5097,17,4.78,2.39,6.49,83.47,4.25,8.45,263.24,12.46,1,34.66,0,1,0,0,1,0
5098,17,1.54,9.87,4.36,99.2,1.88,3.58,304.19,2.31,2,107.65823999108378,0,1,0,0,0,1
5099,24,1.77,3.88,5.92,98.99,2.47,7.28,299.92,7.62,1,76.87,1,0,0,0,1,0
5100,21,0.38,1.98,5.78,69.96,2.04,1.93,313.24,2.04,1,52.87,1,0,0,0,1,0
5101,20,1.93,2.07,4.8,64.09,2.44,6.6,294.27,4.03,1,40.26,0,0,1,0,0,1
5102,21,2.76,3.79,8.3,83.61,0.08,7.15,289.14,6.51,1,74.25,0,0,1,0,1,0
5103,24,6.67,1.34,5.93,76.8,4.08,8.03,245.44,10.13,0,25.09,1,0,0,0,1,0
5104,22,2.93,5.6,8.91,90.47,1.66,8.44,287.18,6.23,1,81.93,0,1,0,1,0,0
5105,24,6.04,2.92,8.5,81.12,3.62,8.62,252.71,9.6,0,41.7,1,0,0,0,1,0
5106,19,3.52,5.67,4.97,80.42,0.32,8.22,262.58,6.3,1,63.23,1,0,0,1,0,0
5107,17,6.28,2.27,6.53,85.86,2.62,8.67,253.68,17.11,0,47.91085264650077,0,1,0,1,0,0
5108,23,7.81,4.87,7.01,65.06,4.54,11.44,218.85,16.63,0,31.71,0,1,0,1,0,0
5109,19,1.92,6.38,8.09,87.09,1.99,7.78,280.49,3.22,1,98.44670155354518,0,1,0,0,1,0
5110,24,6.9,1.56,8.43,79.54,0.99,10.95,255.68,16.66,0,28.7,0,1,0,1,0,0
5111,19,4.97,4.59,7.12,92.81,0.5,7.45,274.46,11.76,1,64.6,0,1,0,0,1,0
5112,23,6.54,3.72,4.18,65.55,4.3,9.83,241.42,15.11,0,15.14,1,0,0,0,0,1
5113,24,5.21,3.16,6.41,72.03,1.19,9.59,268.18,10.86,0,41.27,1,0,0,0,0,1
5114,24,3.39,6.44,8.42,98.01,4.88,6.62,276.01,9.64,1,87.5,1,0,0,0,0,1
5115,19,1.82,6.3,7.57,82.12,1.24,7.37,293.47,4.22,1,92.26,0,1,0,1,0,0
5116,16,0.56,6.68,8.35,97.17,2.4,5.9,307.34,5.38,1,98.31,0,1,0,0,0,1
5117,18,4.28,2.43,7.37,87.56,2.29,6.01,262.24,11.19,1,45.96,1,0,0,0,0,1
5118,24,7.92,3.57,4.22,97.06,0.31,12.84,222.37,18.17,0,27.5,0,1,0,0,1,0
5119,19,5.9,2.89,8.84,72.71,2.66,11.61,242.06,11.73,0,36.66,1,0,0,0,0,1
5120,20,2.62,5.86,8.59,63.62,3.36,5.2,260.07,8.13,1,87.95,0,0,1,0,0,1
5121,22,6.62,5.15,4.63,92.09,3.71,8.81,238.73,13.17,0,44.72,0,1,0,0,0,1
5122,20,6.15,3.97,4.56,92.18,2.61,7.2,236.51,13.37,0,42.62,0,1,0,0,0,1
5123,19,2.25,8.07,6.7,84.75,4.06,3.83,295.97,6.67,1,102.58517699065808,0,1,0,0,1,0
5124,17,0.11,1.85,7.79,83.18,3.76,5.91,316.28,1.5,1,73.03,0,0,1,0,1,0
5125,17,0.95,9.77,5.91,96.6,0.97,3.91,314.95,7.67,2,100.0,1,0,0,0,0,1
5126,19,7.02,2.05,4.68,67.06,2.01,9.96,235.89,15.42,0,20.46,1,0,0,0,0,1
5127,24,6.69,7.96,6.55,84.66,0.71,9.02,227.06,13.2,0,90.24840317006228,0,1,0,0,1,0
5128,23,2.36,4.31,5.69,61.99,0.67,4.18,279.02,7.63,1,65.56,0,0,1,0,1,0
5129,18,2.28,8.79,5.76,65.63,3.56,5.82,280.23,9.43,2,85.01,0,1,0,0,0,1
5130,24,6.34,1.67,7.22,77.49,2.65,10.96,235.28,10.86,0,28.32,0,1,0,1,0,0
5131,20,7.5,4.37,8.43,92.85,3.0,11.25,222.97,14.11,0,53.32543077943292,1,0,0,0,1,0
5132,18,6.23,4.02,6.79,89.33,3.66,7.41,254.43,11.5,0,47.0,1,0,0,0,0,1
5133,20,4.84,9.94,7.44,98.96,1.39,9.86,263.78,16.42,1,100.0,0,1,0,1,0,0
5134,19,1.94,9.87,7.3,61.79,2.01,7.6,278.11,5.75,1,100.0,0,1,0,0,1,0
5135,23,4.21,2.71,6.76,75.25,3.03,7.41,260.72,13.06,1,48.57,0,1,0,0,1,0
5136,20,1.87,6.67,5.55,66.35,0.48,4.7,297.19,5.6,1,85.15,0,1,0,1,0,0
5137,23,6.46,5.82,5.89,61.48,4.17,8.61,232.44,11.09,0,34.51,0,1,0,0,1,0
5138,24,3.1,2.39,5.58,70.58,1.72,5.61,283.61,9.22,1,52.2,0,0,1,0,0,1
5139,19,6.67,2.51,8.59,69.78,3.29,10.89,231.57,16.08,0,46.13,1,0,0,0,0,1
5140,22,3.05,9.9,8.13,76.8,4.98,7.9,282.06,6.8,1,99.73,1,0,0,0,1,0
5141,17,6.59,5.07,6.9,65.6,2.38,9.25,235.23,13.19,0,51.26,1,0,0,0,1,0
5142,21,2.67,2.13,8.56,79.54,1.08,5.37,289.08,4.59,1,63.29,1,0,0,0,0,1
5143,23,3.52,2.93,8.43,96.8,1.08,6.78,292.17,7.42,1,62.7,1,0,0,1,0,0
5144,22,4.92,3.42,8.64,89.93,0.3,6.77,269.89,12.08,1,64.37,1,0,0,0,1,0
5145,22,0.56,5.6,5.11,93.69,3.84,6.2,302.47,2.13,1,91.01,0,1,0,0,0,1
5146,23,7.59,4.02,7.59,92.19,1.47,12.12,254.03,17.61,0,38.3,1,0,0,0,0,1
5147,22,4.59,5.1,7.05,75.59,0.86,7.76,276.73,11.39,1,56.48,1,0,0,0,1,0
5148,20,4.06,2.5,7.67,88.36,3.57,5.67,264.42,8.82,1,44.65,1,0,0,0,0,1
5149,22,6.72,3.94,5.32,90.17,1.55,11.96,230.7,12.83,0,36.41,0,0,1,0,1,0
5150,18,6.93,1.63,7.47,68.23,3.0,10.35,240.24,17.07,0,24.46,0,1,0,0,0,1
5151,20,4.18,9.01,6.05,94.41,2.09,9.16,276.88,8.52,1,98.56,1,0,0,0,0,1
5152,22,7.42,2.79,8.17,78.31,1.67,8.59,248.63,14.27,0,41.79,0,1,0,0,0,1
5153,24,0.52,7.81,7.98,60.65,2.45,2.89,318.84,1.3,1,92.91,1,0,0,0,1,0
5154,17,0.91,4.15,5.06,85.74,1.57,5.02,302.44,3.81,1,73.16,0,1,0,1,0,0
5155,19,4.77,5.27,4.92,87.07,4.35,8.21,257.69,11.45,1,50.83,0,1,0,0,0,1
5156,22,2.83,3.62,7.59,82.07,0.37,5.31,292.31,8.27,1,67.54,0,1,0,0,0,1
5157,16,3.71,7.27,6.75,68.5,0.15,5.72,262.08,7.8,1,76.23,1,0,0,1,0,0
5158,17,2.62,8.6,6.79,79.29,2.03,5.13,303.51,4.06,1,89.68,0,1,0,1,0,0
5159,24,3.24,3.58,7.76,76.01,0.86,7.95,275.67,11.01,1,63.06,1,0,0,0,0,1
5160,22,6.58,3.18,8.27,98.99,3.72,8.5,250.64,13.32,0,52.32,0,1,0,0,1,0
5161,22,4.75,7.13,5.19,92.99,1.77,8.72,274.99,11.12,2,76.21,1,0,0,1,0,0
5162,21,7.98,2.76,6.78,90.48,1.31,11.1,254.79,15.52,0,32.242338855450576,1,0,0,0,1,0
5163,18,6.3,6.76,8.14,67.24,1.8,11.12,241.35,13.28,0,61.23,0,1,0,0,0,1
5164,18,2.19,1.85,8.36,73.24,1.1,4.2,290.94,8.27,1,50.83,0,1,0,0,0,1
5165,17,2.11,6.58,5.44,75.19,1.5,4.46,291.38,2.64,1,86.71577650498119,1,0,0,1,0,0
5166,21,2.69,5.62,4.52,79.71,2.84,5.68,289.46,4.42,1,65.56,1,0,0,1,0,0
5167,19,6.75,2.03,5.16,61.21,4.32,8.58,232.55,13.49,0,23.45945810854485,1,0,0,1,0,0
5168,20,0.22,6.84,8.73,83.72,1.85,3.53,329.48,2.73,1,106.46782553918432,0,1,0,0,0,1
5169,18,1.84,5.02,6.31,74.31,1.6,4.92,308.0,3.29,1,72.92,1,0,0,0,0,1
5170,21,7.24,2.95,6.09,82.47,3.91,13.19,230.55,14.3,0,23.47,0,0,1,0,1,0
5171,18,5.12,4.18,4.07,60.36,0.11,9.09,251.45,9.78,0,32.91,0,1,0,1,0,0
5172,23,1.81,5.43,4.26,72.86,1.51,3.16,293.92,3.46,1,64.97,0,1,0,1,0,0
5173,24,1.75,1.82,7.34,90.75,2.26,5.05,294.31,3.15,1,69.33,0,1,0,1,0,0
5174,19,6.9,9.62,6.95,80.04,3.0,12.29,242.14,20.94,0,82.101869091895,1,0,0,0,1,0
5175,24,7.15,6.99,6.88,91.56,0.78,12.48,236.13,20.93,0,58.0,1,0,0,0,1,0
5176,22,2.05,1.92,4.55,87.96,2.16,7.86,303.62,9.34,1,51.12,0,1,0,0,0,1
5177,18,3.36,8.41,5.76,94.2,2.83,8.83,294.55,10.21,2,98.03023556470116,0,1,0,0,1,0
5178,22,6.68,3.9,8.06,60.3,2.55,8.56,242.83,15.06,0,44.91,0,1,0,0,1,0
5179,16,6.17,6.37,4.87,70.45,2.87,7.19,251.89,15.49,0,48.45,0,1,0,0,1,0
5180,18,6.51,3.49,8.41,81.95,3.31,10.59,266.44,15.32,0,47.33,0,1,0,1,0,0
5181,21,4.15,7.6,4.61,97.64,1.9,8.66,275.91,8.91,2,88.04847696105895,0,0,1,1,0,0
5182,19,7.29,7.51,4.85,87.19,0.32,8.95,227.62,19.66,2,65.99201839519932,0,1,0,0,0,1
5183,22,2.61,5.97,6.39,78.26,0.28,4.44,288.0,7.29,1,83.39,0,1,0,0,1,0
5184,18,1.25,3.17,8.73,65.21,4.29,7.07,288.34,8.32,1,72.38,1,0,0,0,1,0
5185,16,5.67,3.28,5.65,79.73,3.39,11.39,257.41,17.82,0,47.83,1,0,0,0,1,0
5186,24,4.31,4.45,7.29,77.64,3.82,6.09,262.78,5.97,1,60.27,1,0,0,0,0,1
5187,21,6.84,2.31,6.94,91.14,4.64,9.08,229.01,13.07,0,29.92,0,1,0,1,0,0
5188,23,0.65,4.04,4.75,76.53,3.75,6.11,303.55,3.62,1,57.31,0,1,0,0,1,0
5189,18,6.75,7.16,5.24,72.75,3.46,9.92,250.43,16.09,2,63.50388286712988,1,0,0,0,1,0
5190,23,2.35,8.48,8.65,63.59,3.28,7.34,289.21,9.03,1,95.52,1,0,0,0,1,0
5191,17,5.24,3.99,4.92,61.86,1.29,8.22,264.76,11.84,0,38.91,0,1,0,1,0,0
5192,19,0.32,3.1,7.48,77.57,4.79,5.0,320.02,5.57,1,72.74,1,0,0,1,0,0
5193,18,4.88,8.49,8.82,73.87,2.71,7.86,263.44,12.47,1,84.38,1,0,0,1,0,0
5194,16,5.74,9.02,4.6,82.21,1.11,11.24,247.29,15.42,2,84.29372768745668,0,1,0,0,0,1
5195,22,2.95,4.69,6.0,88.48,1.05,5.58,289.56,6.66,1,70.82,1,0,0,0,1,0
5196,17,1.72,1.24,5.12,61.6,4.08,5.34,295.1,5.88,1,42.63,1,0,0,1,0,0
5197,19,4.3,7.25,5.11,79.85,1.25,7.91,269.96,11.02,2,63.34,0,1,0,0,1,0
5198,24,6.67,8.06,4.59,94.48,0.21,10.91,251.02,17.39,2,73.66489625293084,1,0,0,0,1,0
5199,21,2.59,1.16,7.25,78.21,2.14,5.12,302.09,3.81,1,49.88,1,0,0,0,1,0
5200,23,2.02,6.36,7.73,80.85,4.09,6.23,291.4,7.55,1,91.08,1,0,0,0,1,0
5201,17,2.23,6.3,7.38,79.47,2.07,3.94,296.96,2.02,1,83.25,0,1,0,0,1,0
5202,22,7.59,4.41,8.62,75.59,4.02,13.06,234.76,16.21,0,42.86,0,1,0,1,0,0
5203,21,2.87,7.75,4.73,64.4,4.14,4.59,287.93,7.82,2,79.04,1,0,0,0,1,0
5204,24,0.03,4.85,5.6,65.05,4.29,5.23,327.28,0.98,1,63.5,0,1,0,1,0,0
5205,22,6.25,7.09,5.72,67.16,2.94,10.72,252.75,14.79,2,74.07932259319644,0,1,0,1,0,0
5206,16,5.59,5.65,5.16,91.7,3.5,8.3,271.3,10.69,0,57.5,0,1,0,0,0,1
5207,23,1.03,3.24,4.71,71.01,1.31,3.67,329.2,4.58,1,52.27,0,1,0,0,1,0
5208,18,7.88,6.46,6.43,97.92,0.5,13.71,223.79,18.77,0,56.36,0,0,1,0,0,1
5209,17,4.86,7.63,8.17,92.41,2.66,6.83,278.28,10.66,1,89.7,0,1,0,1,0,0
5210,18,4.01,9.77,8.77,87.38,0.05,8.62,276.27,12.52,1,100.0,0,0,1,0,1,0
5211,21,3.06,4.42,4.65,88.82,2.33,4.98,281.51,7.91,1,68.04,0,1,0,1,0,0
5212,18,7.19,1.58,8.12,61.91,0.51,12.72,239.79,18.13,0,18.78,1,0,0,0,0,1
5213,20,1.95,9.89,8.12,82.74,0.54,6.66,294.27,8.47,1,100.0,0,1,0,1,0,0
5214,21,2.29,6.61,5.94,97.64,4.35,7.95,292.09,9.83,1,97.5,1,0,0,1,0,0
5215,23,0.98,9.52,4.55,61.56,3.2,6.38,297.27,2.76,2,94.45,1,0,0,0,1,0
5216,22,6.07,1.93,8.95,71.64,3.23,9.82,247.96,15.49,0,44.38,0,1,0,0,0,1
5217,23,4.76,4.08,7.28,62.06,2.02,6.52,272.21,11.27,1,55.53,1,0,0,0,1,0
5218,18,4.87,2.21,8.91,82.79,2.07,6.98,268.77,13.42,1,45.31,0,1,0,0,1,0
5219,19,1.75,8.52,6.42,64.65,1.52,3.76,302.64,1.93,1,98.06,1,0,0,1,0,0
5220,21,5.21,8.92,5.98,79.17,2.17,7.31,274.85,10.09,2,89.17174435478269,0,0,1,1,0,0
5221,22,6.12,5.51,5.24,88.8,2.94,9.5,267.9,13.54,0,65.61513313218104,1,0,0,1,0,0
5222,24,2.86,2.68,8.92,66.58,0.93,8.2,290.66,11.2,1,77.75706016102933,1,0,0,0,1,0
5223,16,6.41,2.14,5.27,90.21,1.31,7.53,259.06,12.81,0,34.97,0,1,0,0,1,0
5224,23,2.79,6.29,4.12,62.41,2.47,4.98,290.01,6.59,1,61.26,0,1,0,0,0,1
5225,23,6.07,5.56,6.56,65.98,1.92,10.05,248.04,12.76,0,42.3,0,1,0,0,1,0
5226,21,0.27,7.25,5.89,71.2,4.1,5.6,326.37,4.77,2,90.64,1,0,0,0,1,0
5227,19,4.41,3.75,5.31,91.84,4.11,6.9,266.37,11.42,1,52.33,1,0,0,1,0,0
5228,18,7.76,4.62,7.17,94.01,1.68,10.67,203.28,15.89,0,36.11,0,1,0,1,0,0
5229,18,7.85,1.19,5.82,68.82,2.25,10.72,223.21,15.05,0,3.6,1,0,0,1,0,0
5230,21,2.25,6.49,6.01,63.83,4.88,4.72,277.94,7.28,1,75.08,0,1,0,0,0,1
5231,23,3.53,4.81,4.12,93.92,4.14,8.02,273.76,10.32,1,61.54,0,1,0,0,0,1
5232,22,0.5,9.28,6.95,85.97,1.08,4.78,308.55,1.81,1,100.0,1,0,0,1,0,0
5233,16,6.99,6.78,4.61,66.31,1.4,12.21,230.73,17.98,0,47.07978789497216,0,1,0,0,1,0
5234,21,4.55,4.59,5.07,82.31,0.42,10.14,254.88,13.17,1,52.74,1,0,0,1,0,0
5235,22,3.08,3.37,7.59,94.89,3.39,8.58,271.05,11.37,1,69.61,0,1,0,0,1,0
5236,22,0.9,9.15,5.57,62.78,1.58,4.6,302.73,5.34,2,99.281506630085,1,0,0,1,0,0
5237,24,7.57,1.15,4.82,63.35,2.68,9.5,225.45,15.43,0,0.04,0,1,0,1,0,0
5238,20,4.24,3.94,6.89,70.94,3.84,6.35,266.14,8.01,1,61.76,0,1,0,0,1,0
5239,16,2.26,9.49,5.07,86.09,4.18,6.21,295.47,10.53,2,94.96,1,0,0,1,0,0
5240,17,2.8,6.89,5.35,67.12,1.63,8.39,293.46,7.37,1,85.76866626473802,1,0,0,0,1,0
5241,19,2.17,5.79,7.11,92.65,1.19,5.82,283.86,2.5,1,78.49,0,1,0,0,0,1
5242,20,4.81,2.83,7.7,90.02,4.24,10.49,253.53,10.04,1,67.97037582722291,0,1,0,1,0,0
5243,24,7.44,8.5,7.7,82.44,1.91,9.75,247.37,11.98,0,82.3082693685406,1,0,0,1,0,0
5244,16,6.85,2.84,6.41,64.64,4.11,8.28,245.37,16.86,0,27.71,0,1,0,1,0,0
5245,18,3.68,3.23,6.27,99.53,0.75,8.66,268.08,13.49,1,57.13,1,0,0,0,1,0
5246,20,6.61,2.73,7.94,79.6,4.56,12.01,228.15,16.42,0,30.85,1,0,0,0,0,1
5247,18,3.38,2.42,4.97,78.08,2.42,6.62,274.46,5.17,1,56.77,0,1,0,1,0,0
5248,19,2.02,9.58,4.76,99.82,0.85,3.53,293.23,7.2,2,98.7,0,1,0,0,0,1
5249,18,7.87,6.42,7.32,94.55,2.68,9.08,232.38,17.28,0,44.84,1,0,0,1,0,0
5250,19,2.43,6.74,6.05,78.25,4.35,3.74,267.82,7.98,1,77.56,0,1,0,0,0,1
5251,16,2.59,9.59,7.55,76.75,1.95,5.79,279.27,7.96,1,100.0,1,0,0,1,0,0
5252,23,7.92,3.08,5.28,63.84,0.89,10.09,242.96,14.16,0,7.94,0,1,0,1,0,0
5253,19,1.07,1.05,5.62,97.06,2.88,4.38,307.32,5.12,1,57.73,1,0,0,1,0,0
5254,22,6.08,6.39,8.48,93.75,4.17,9.52,247.66,10.77,0,63.2,0,1,0,1,0,0
5255,17,7.49,5.57,6.11,72.4,0.61,10.78,224.48,15.08,0,45.8,1,0,0,0,1,0
5256,17,4.09,5.3,6.95,90.13,0.21,8.19,278.81,12.3,1,69.68,0,1,0,0,0,1
5257,21,0.02,1.56,4.53,90.51,0.28,4.42,301.72,4.21,1,47.37,0,1,0,0,1,0
5258,17,3.0,5.09,4.89,69.12,1.15,5.98,279.75,5.6,1,55.94,1,0,0,0,1,0
5259,21,0.89,3.59,4.18,84.55,0.04,3.58,288.51,0.85,1,58.72,0,1,0,0,0,1
5260,17,3.33,3.47,6.12,70.2,2.14,6.17,279.84,8.13,1,54.32,0,1,0,1,0,0
5261,19,6.32,3.0,8.94,91.6,3.49,7.67,239.7,17.32,0,44.91,0,1,0,0,0,1
5262,22,3.51,3.99,8.37,66.15,3.55,6.12,261.58,9.45,1,62.29,0,1,0,1,0,0
5263,23,3.46,4.18,7.16,86.76,3.18,5.46,288.59,12.63,1,63.69,1,0,0,1,0,0
5264,18,4.45,3.78,8.31,73.04,1.48,6.9,273.5,9.8,1,51.87,1,0,0,0,1,0
5265,24,4.65,9.81,6.97,61.45,3.68,9.22,274.5,13.35,1,80.54,0,1,0,0,1,0
5266,17,6.85,9.39,5.84,64.95,2.88,12.79,222.73,16.04,2,72.28338580422627,1,0,0,0,1,0
5267,23,2.47,6.17,4.87,86.2,4.31,8.09,280.32,6.15,1,68.5,1,0,0,0,0,1
5268,23,6.57,9.83,7.27,69.6,2.39,11.68,253.18,13.79,0,82.31976401735055,1,0,0,0,1,0
5269,19,4.53,9.92,4.97,85.24,0.9,9.22,273.75,12.11,2,82.71,0,1,0,1,0,0
5270,16,2.4,4.2,6.09,76.59,3.17,8.12,305.24,10.25,1,69.42,1,0,0,0,1,0
5271,16,2.36,5.01,8.13,87.71,0.75,7.12,289.28,6.45,1,80.9,1,0,0,0,1,0
5272,17,2.89,9.63,4.65,79.72,4.82,6.24,284.23,10.3,2,74.55,1,0,0,0,1,0
5273,24,4.98,6.48,4.65,72.34,3.52,8.99,266.4,15.63,1,62.01,0,1,0,0,0,1
5274,17,1.85,2.92,5.12,65.83,3.78,4.38,284.29,6.7,1,54.25,0,1,0,1,0,0
5275,17,7.36,7.2,6.76,73.64,3.4,8.38,233.64,15.88,0,72.8074476250649,1,0,0,1,0,0
5276,21,4.6,2.85,5.26,85.4,0.49,7.37,290.15,9.24,1,48.06,0,1,0,1,0,0
5277,22,7.36,4.05,6.52,89.62,2.33,10.38,228.1,18.84,0,35.8,1,0,0,0,1,0
5278,22,0.37,3.05,5.51,66.41,3.26,5.04,299.53,0.79,1,65.43392476463347,0,1,0,0,0,1
5279,24,2.74,3.2,6.53,86.57,1.15,8.04,291.23,9.34,1,56.52,1,0,0,0,0,1
5280,21,0.18,1.04,5.39,67.17,3.4,5.99,308.83,0.69,1,51.06,1,0,0,0,1,0
5281,23,2.18,8.93,8.9,68.87,4.1,4.94,292.77,3.63,1,100.0,1,0,0,0,0,1
5282,21,6.9,3.66,6.46,81.25,1.37,12.69,248.08,16.57,0,32.29,1,0,0,0,1,0
5283,17,0.29,1.78,7.72,71.57,1.0,5.29,322.1,4.49,1,59.7,1,0,0,0,1,0
5284,16,3.49,1.78,7.5,86.46,4.42,4.64,273.23,9.56,1,70.10501886769947,0,1,0,0,1,0
5285,20,0.94,6.0,6.45,98.23,0.03,4.92,317.1,3.88,1,89.88,1,0,0,1,0,0
5286,24,3.33,9.94,5.19,65.96,1.28,6.16,263.36,7.24,2,80.41,0,1,0,1,0,0
5287,23,6.71,2.31,6.55,82.82,2.03,7.88,241.45,12.42,0,23.32,1,0,0,0,1,0
5288,19,4.98,1.9,7.4,96.93,3.36,8.64,256.4,13.19,1,56.37,0,1,0,1,0,0
5289,20,5.89,4.94,6.3,67.06,4.99,9.81,225.72,15.06,0,48.74,1,0,0,1,0,0
5290,20,2.79,6.07,4.41,74.67,1.85,5.05,274.41,7.07,1,68.90398308133864,1,0,0,1,0,0
5291,21,7.56,3.65,4.09,64.94,4.74,13.26,229.13,18.57,0,17.86,0,1,0,0,0,1
5292,18,5.67,3.72,5.64,85.68,1.83,9.72,259.43,16.57,0,45.35041783043333,0,1,0,0,1,0
5293,20,3.37,4.82,4.75,86.77,3.48,5.25,279.78,9.71,1,51.98,0,0,1,0,0,1
5294,17,3.41,3.83,8.53,86.57,0.83,8.02,276.12,6.29,1,68.75,0,1,0,0,0,1
5295,16,7.35,9.24,4.88,81.69,2.3,10.85,239.9,18.23,2,71.77949868310131,0,1,0,1,0,0
5296,16,4.61,1.38,5.97,89.85,4.36,7.98,267.42,13.67,1,31.48,0,1,0,1,0,0
5297,22,5.65,3.11,7.56,61.44,1.6,10.82,262.17,12.25,0,42.95821269463231,0,0,1,0,1,0
5298,17,3.34,8.28,8.08,98.3,0.53,5.03,285.66,9.42,1,94.27,0,0,1,0,0,1
5299,19,1.79,8.51,6.39,68.88,2.61,5.24,291.4,11.32,1,96.47,1,0,0,0,0,1
5300,20,5.79,2.0,4.91,64.86,2.2,10.69,257.23,14.99,0,23.88,1,0,0,1,0,0
5301,22,4.86,9.76,5.35,97.65,1.15,9.16,271.29,11.4,2,80.61,0,1,0,0,1,0
5302,17,4.01,7.24,6.09,93.22,4.53,5.04,285.88,8.33,1,76.8,0,0,1,1,0,0
5303,21,4.99,3.45,5.82,90.59,3.01,9.93,254.85,12.71,1,46.51,0,1,0,0,1,0
5304,16,1.67,5.1,5.74,64.19,1.74,7.39,296.33,3.05,1,64.81,0,1,0,0,1,0
5305,22,6.35,3.67,4.66,92.3,4.98,10.87,252.6,11.71,0,37.47,0,1,0,1,0,0
5306,24,7.59,2.35,8.57,84.36,0.69,12.97,237.34,18.41,0,34.85,1,0,0,0,1,0
5307,20,7.13,3.62,4.15,89.28,4.24,9.93,229.34,15.56,0,28.59,1,0,0,1,0,0
5308,20,2.57,6.22,6.2,99.12,1.15,5.32,282.44,7.84,1,77.01,0,1,0,0,1,0
5309,19,3.25,8.43,8.9,67.78,1.2,5.85,276.67,7.24,1,97.79,0,0,1,1,0,0
5310,18,6.47,4.27,7.3,80.18,2.49,11.14,243.15,15.44,0,45.45,0,1,0,1,0,0
5311,24,4.76,4.13,5.78,90.13,3.31,10.47,254.0,14.28,1,59.08,0,1,0,0,1,0
5312,20,4.38,5.21,4.73,77.35,3.45,9.81,271.64,6.92,1,57.44,0,1,0,1,0,0
5313,23,7.41,6.8,8.82,62.19,0.11,9.16,213.81,13.86,0,55.96,1,0,0,0,1,0
5314,24,4.29,7.76,4.07,64.46,1.43,8.42,260.2,9.6,2,63.0,1,0,0,0,0,1
5315,20,4.12,3.94,7.41,84.08,3.3,10.1,272.4,10.91,1,66.56,0,1,0,0,1,0
5316,24,0.34,6.28,8.4,71.4,4.45,2.82,306.73,-0.91,1,86.59,1,0,0,0,1,0
5317,17,0.56,4.5,4.13,65.51,3.35,4.73,309.1,1.39,1,56.02,0,1,0,1,0,0
5318,24,0.06,7.45,7.63,73.6,1.33,5.59,318.01,4.28,1,100.0,1,0,0,0,1,0
5319,19,7.31,2.48,8.99,68.04,2.54,12.81,253.49,18.3,0,22.01,0,0,1,0,0,1
5320,21,3.27,3.31,7.2,60.96,3.24,5.88,267.7,2.26,1,49.16,0,1,0,0,1,0
5321,21,3.75,4.83,6.07,66.07,0.68,5.22,277.36,7.78,1,62.58,1,0,0,0,0,1
5322,21,6.76,9.0,8.37,95.32,2.72,10.99,228.63,15.35,0,78.2955590683598,1,0,0,0,1,0
5323,17,4.87,6.16,6.77,60.48,2.36,10.6,250.94,10.78,1,64.37,0,1,0,0,1,0
5324,22,4.88,9.69,7.75,90.95,1.68,8.42,252.69,11.25,1,100.0,1,0,0,0,1,0
5325,21,2.37,1.93,6.94,90.14,3.12,5.66,289.99,7.17,1,65.82,1,0,0,0,1,0
5326,16,6.67,5.14,4.19,82.57,3.18,11.99,254.3,17.43,0,38.25,0,1,0,1,0,0
5327,17,1.33,4.77,5.07,68.34,4.86,4.45,315.79,4.42,1,65.47,0,1,0,1,0,0
5328,22,0.43,6.4,4.39,95.12,2.14,4.83,310.26,4.35,1,79.36,0,1,0,1,0,0
5329,16,1.53,8.31,4.53,79.0,2.66,4.47,298.98,4.55,2,99.22,1,0,0,0,1,0
5330,16,2.14,8.57,4.08,66.93,0.79,5.03,300.23,1.16,2,72.23,1,0,0,0,1,0
5331,16,2.26,7.03,6.11,77.16,2.74,4.2,293.46,5.22,1,87.09,1,0,0,0,0,1
5332,23,5.36,6.77,4.89,67.8,0.18,6.8,249.31,8.98,0,47.66,0,1,0,1,0,0
5333,19,1.74,9.54,8.28,75.04,0.75,7.17,305.73,6.42,1,100.0,0,1,0,0,0,1
5334,19,5.41,4.45,7.75,79.87,0.86,7.32,271.29,11.34,0,53.38,0,1,0,0,1,0
5335,17,0.73,8.5,6.87,74.4,3.16,2.04,321.82,1.66,1,97.34,1,0,0,1,0,0
5336,16,1.18,9.29,6.45,86.28,2.84,5.09,319.41,2.64,1,100.0,0,0,1,0,1,0
5337,24,4.07,5.42,5.28,97.44,3.99,7.8,269.77,9.21,1,69.99773800802532,1,0,0,1,0,0
5338,22,7.38,7.56,6.37,73.93,2.32,11.22,220.61,17.29,0,65.62476641383658,0,1,0,1,0,0
5339,19,6.88,4.39,7.21,74.23,2.37,10.22,217.44,13.6,0,37.76,1,0,0,1,0,0
5340,21,7.75,2.43,7.91,89.53,0.81,9.46,206.28,15.11,0,31.24,1,0,0,0,1,0
5341,17,5.2,6.28,4.41,81.22,3.71,6.3,255.57,7.44,0,55.33,0,1,0,0,0,1
5342,22,5.41,2.77,7.54,77.15,0.02,6.64,260.15,11.99,0,37.89,1,0,0,0,0,1
5343,17,5.0,5.12,7.71,92.55,2.12,10.72,268.43,10.31,1,60.21,0,1,0,0,1,0
5344,23,4.98,8.86,6.79,95.64,0.94,8.64,262.67,11.85,1,85.47,0,1,0,0,0,1
5345,23,1.18,1.77,5.07,83.62,3.86,4.18,298.62,5.27,1,56.45,0,1,0,0,0,1
5346,16,4.35,1.27,6.7,67.4,3.37,7.4,274.34,12.77,1,39.88,0,1,0,0,1,0
5347,23,3.09,6.46,6.51,78.65,3.53,7.35,270.94,7.67,1,68.26,0,1,0,0,1,0
5348,17,3.54,3.98,6.38,80.17,0.74,6.42,266.48,9.77,1,55.99,0,1,0,0,1,0
5349,21,4.19,4.76,6.3,77.29,3.34,9.17,275.85,10.86,1,61.95,0,1,0,1,0,0
5350,16,1.03,4.65,4.55,70.5,3.45,3.33,295.31,-0.53,1,68.91,1,0,0,1,0,0
5351,20,2.88,1.78,4.91,78.89,0.01,5.72,277.79,4.21,1,36.94,0,0,1,1,0,0
5352,22,0.51,1.03,4.49,77.86,1.59,6.18,304.1,5.55,1,48.57,1,0,0,0,1,0
5353,16,7.84,9.09,5.21,68.38,0.44,10.14,227.61,19.15,2,62.27856967406894,0,1,0,0,0,1
5354,17,0.95,2.96,5.32,96.14,3.41,5.26,314.48,-0.18,1,61.04,0,1,0,0,1,0
5355,22,2.07,4.83,5.23,95.41,1.06,4.89,301.3,6.22,1,77.4,0,1,0,0,0,1
5356,21,7.13,9.75,5.05,90.38,1.32,10.49,228.64,16.48,2,78.30731000757197,0,1,0,0,0,1
5357,18,3.86,8.44,7.68,76.04,0.39,5.09,272.0,6.73,1,87.22,1,0,0,1,0,0
5358,17,1.09,1.97,8.09,74.81,2.42,2.93,314.27,1.52,1,66.68,1,0,0,0,1,0
5359,19,3.07,5.58,5.64,88.66,0.17,4.58,277.86,4.78,1,76.95,1,0,0,0,1,0
5360,18,0.93,7.57,5.53,84.32,4.23,6.15,299.71,0.63,2,90.23,1,0,0,1,0,0
5361,22,1.6,7.29,8.22,84.02,0.13,7.41,294.38,4.0,1,100.0,0,1,0,1,0,0
5362,23,0.42,7.85,7.12,64.96,0.31,1.76,308.88,2.9,1,92.1,0,1,0,0,0,1
5363,17,3.51,5.12,5.47,84.73,3.2,4.89,278.19,7.01,1,66.66,1,0,0,0,1,0
5364,22,6.45,2.58,7.57,96.07,4.58,10.21,242.33,16.25,0,43.14881980042756,0,1,0,0,0,1
5365,23,4.69,5.18,5.72,63.43,4.46,8.21,262.05,7.14,1,57.68,0,1,0,0,0,1
5366,21,4.85,6.83,6.93,73.57,0.42,9.1,253.8,12.7,1,67.88,0,1,0,1,0,0
5367,21,1.6,6.48,8.96,80.36,1.44,6.28,291.48,7.1,1,100.0,0,1,0,1,0,0
5368,16,2.75,1.63,5.51,87.44,2.61,7.74,293.49,2.77,1,48.67,0,1,0,0,1,0
5369,19,6.76,1.58,8.65,63.59,0.13,8.51,242.31,13.34,0,28.48,1,0,0,1,0,0
5370,16,0.7,9.69,5.6,94.91,2.64,1.89,307.25,2.68,2,100.0,1,0,0,0,1,0
5371,19,6.86,2.37,6.7,61.62,2.24,12.31,237.11,19.05,0,27.3,0,1,0,0,1,0
5372,17,3.87,3.65,6.3,94.31,2.94,7.22,285.68,6.66,1,61.14,0,1,0,0,1,0
5373,20,6.7,7.91,7.92,61.11,4.6,12.56,238.88,19.1,0,73.84223101949144,1,0,0,0,1,0
5374,24,2.54,4.69,4.31,66.14,1.37,6.2,289.46,7.79,1,53.35,0,1,0,1,0,0
5375,18,2.71,2.63,7.14,92.01,3.2,6.26,302.75,5.19,1,66.95,0,1,0,0,0,1
5376,23,6.01,5.21,7.8,94.41,2.15,10.12,258.58,16.06,0,59.65,0,1,0,0,0,1
5377,18,6.28,6.12,6.36,99.29,2.18,8.13,238.23,18.09,0,59.44,0,1,0,0,0,1
5378,21,1.84,5.07,4.53,64.63,3.24,4.11,308.62,4.14,1,62.53,1,0,0,1,0,0
5379,19,7.78,9.27,5.22,81.06,4.76,13.31,224.94,17.49,2,71.58262109187022,1,0,0,1,0,0
5380,23,0.68,3.56,7.4,63.09,4.32,2.74,301.33,0.49,1,69.29,0,1,0,1,0,0
5381,21,0.55,6.95,8.48,66.26,3.2,2.71,326.44,5.86,1,98.25,0,1,0,0,1,0
5382,23,4.76,2.01,6.11,66.98,2.31,8.31,255.78,9.84,1,42.01,0,1,0,0,1,0
5383,16,5.78,4.53,6.8,62.54,2.12,9.99,245.54,11.73,0,47.59,0,1,0,0,0,1
5384,21,7.69,7.67,5.14,95.72,3.94,8.69,223.91,14.63,2,59.01254277920896,0,0,1,0,0,1
5385,16,3.24,3.02,6.06,65.05,1.09,6.52,301.49,6.9,1,42.65,1,0,0,0,1,0
5386,16,0.2,6.31,5.68,85.17,2.94,3.2,308.08,0.74,1,89.61,1,0,0,0,1,0
5387,23,4.82,2.38,7.28,85.03,2.52,10.15,256.13,10.73,1,48.35,1,0,0,0,0,1
5388,22,2.32,1.92,8.92,67.95,3.25,7.52,288.74,5.81,1,69.27,1,0,0,0,0,1
5389,18,3.46,5.71,8.07,99.94,0.94,8.99,283.75,9.97,1,83.77,1,0,0,0,0,1
5390,21,3.91,7.08,4.96,73.89,3.48,9.12,272.39,13.12,2,60.39,0,1,0,1,0,0
5391,24,0.52,2.02,6.89,96.2,3.13,5.45,307.09,1.52,1,61.46,0,1,0,0,0,1
5392,22,3.89,9.26,4.33,97.93,0.9,9.19,279.56,7.82,2,90.61742429267431,1,0,0,0,1,0
5393,18,3.41,3.03,5.23,97.96,2.25,5.28,292.64,8.41,1,64.6,0,1,0,0,0,1
5394,21,5.7,2.08,4.86,90.11,3.39,8.4,235.37,13.82,0,37.58,0,0,1,1,0,0
5395,19,5.17,2.82,5.68,70.15,4.51,9.59,251.14,15.63,0,34.49,1,0,0,0,1,0
5396,18,1.48,2.53,7.39,64.83,0.61,7.1,307.36,8.59,1,64.62,1,0,0,0,0,1
5397,24,1.65,1.82,6.5,82.8,0.04,5.98,287.87,2.29,1,55.71,0,1,0,0,1,0
5398,17,2.01,8.18,8.66,74.4,0.83,4.05,294.33,1.04,1,93.36,1,0,0,0,1,0
5399,16,1.43,5.46,5.06,93.24,4.95,7.15,315.55,6.85,1,88.15,0,1,0,0,0,1
5400,17,5.26,4.5,5.82,89.8,3.84,10.06,263.11,14.0,0,57.8,0,0,1,0,0,1
5401,22,7.96,9.56,5.65,71.06,3.07,12.54,229.69,21.17,2,72.61412780765886,0,1,0,0,0,1
5402,16,5.22,4.34,5.18,60.68,0.67,10.03,264.83,13.63,0,50.33,1,0,0,0,1,0
5403,21,4.85,2.5,8.97,69.49,2.08,9.15,265.05,10.72,1,52.54,1,0,0,0,0,1
5404,22,3.28,3.47,5.94,82.68,3.58,4.39,277.27,9.19,1,58.56,0,1,0,0,1,0
5405,24,2.5,3.15,8.7,63.16,4.48,4.77,299.65,4.05,1,65.83,0,1,0,0,1,0
5406,23,7.29,5.49,5.95,86.33,1.91,13.07,227.76,21.48,0,42.97978070448842,0,0,1,0,1,0
5407,21,7.75,3.62,5.02,86.87,5.0,10.19,225.38,17.26,0,29.43,0,1,0,1,0,0
5408,18,3.97,5.64,4.6,66.78,0.7,8.83,255.8,8.9,1,61.21,1,0,0,0,1,0
5409,23,2.32,7.02,8.28,83.85,1.93,5.44,287.38,4.43,1,94.53,0,1,0,0,1,0
5410,22,6.16,8.0,4.16,84.28,4.38,11.7,246.87,15.48,2,64.1840140808414,1,0,0,0,1,0
5411,18,1.06,7.39,8.82,79.12,3.25,4.85,307.54,3.86,1,100.0,1,0,0,0,0,1
5412,24,6.12,2.85,6.09,98.13,4.05,10.28,255.8,14.05,0,31.62,0,1,0,1,0,0
5413,17,6.55,2.04,5.24,64.33,4.54,8.75,237.02,11.58,0,15.1,0,1,0,1,0,0
5414,18,1.0,5.88,7.09,76.27,2.54,2.29,304.02,2.32,1,92.42,1,0,0,1,0,0
5415,17,7.81,2.79,4.66,95.32,1.17,12.59,220.87,19.66,0,18.28,0,1,0,0,1,0
5416,16,7.88,1.76,4.36,75.45,3.47,9.22,227.85,14.92,0,6.672988564069667,0,1,0,1,0,0
5417,19,7.49,5.74,8.14,76.99,2.82,12.1,245.58,17.8,0,56.02,1,0,0,0,0,1
5418,20,3.97,3.94,6.12,86.73,3.86,7.75,249.26,12.07,1,63.99,0,1,0,0,1,0
5419,21,1.97,7.81,6.59,86.62,2.56,7.07,291.48,7.75,1,106.86651161106676,0,1,0,0,0,1
5420,20,4.66,3.83,4.88,60.92,4.06,6.69,260.57,7.91,1,42.32,1,0,0,0,0,1
5421,16,3.36,9.81,4.31,78.23,4.51,7.07,258.36,9.22,2,87.43,0,1,0,0,1,0
5422,18,1.65,7.83,5.84,73.34,3.75,5.72,298.96,8.26,2,109.79475480888313,0,1,0,1,0,0
5423,16,3.39,1.52,6.53,85.11,3.72,4.76,275.79,8.46,1,55.47,0,1,0,0,0,1
5424,20,5.31,5.58,7.83,82.23,2.94,10.0,251.89,15.33,0,71.38917114818706,1,0,0,0,0,1
5425,20,0.57,6.06,6.51,86.03,2.36,3.52,302.13,4.58,1,100.0,1,0,0,0,1,0
5426,21,2.67,7.26,7.91,86.15,4.86,4.31,287.09,3.88,1,91.69,1,0,0,0,1,0
5427,23,0.14,5.48,4.58,70.19,3.23,3.08,306.66,5.31,1,81.02666862373354,0,1,0,1,0,0
5428,16,6.0,5.35,4.32,69.86,4.2,7.49,239.58,15.25,0,47.9,0,1,0,1,0,0
5429,19,5.13,4.31,4.79,74.81,2.53,10.57,256.45,12.41,0,46.08,0,1,0,0,0,1
5430,16,0.5,3.44,7.86,69.68,2.77,3.78,324.22,5.23,1,70.96,0,1,0,0,0,1
5431,24,7.72,9.52,7.8,87.31,3.31,9.41,231.46,16.03,0,84.31749948069304,1,0,0,1,0,0
5432,22,0.18,3.86,4.71,84.11,3.64,2.44,323.98,1.31,1,67.05,0,1,0,0,0,1
5433,22,4.72,1.57,4.15,68.66,2.24,9.34,282.98,9.96,1,15.46,0,1,0,0,1,0
5434,20,6.21,2.51,7.43,95.36,1.78,11.14,249.88,12.82,0,54.67209851079347,0,1,0,0,0,1
5435,22,6.3,8.72,8.28,78.43,1.2,7.51,233.93,13.5,0,80.85314676796179,1,0,0,0,0,1
5436,17,0.27,6.28,7.77,65.08,2.12,1.57,311.13,0.68,1,82.25,1,0,0,1,0,0
5437,19,7.25,8.01,5.01,68.52,1.06,12.84,224.43,14.32,2,73.18626751561206,1,0,0,1,0,0
5438,22,7.35,8.28,6.92,81.59,2.08,10.0,230.44,16.73,0,80.69126078603968,1,0,0,0,1,0
5439,18,4.49,8.41,7.79,73.54,4.37,6.46,262.01,10.99,1,88.05,1,0,0,0,1,0
5440,17,3.86,5.96,5.28,94.05,4.89,5.48,264.25,9.13,1,69.3,0,1,0,0,0,1
5441,17,0.36,2.59,6.64,79.79,2.89,3.74,324.92,2.99,1,76.57919347699168,0,1,0,0,0,1
5442,16,4.5,2.33,5.57,96.61,0.73,9.36,275.96,12.25,1,44.65,1,0,0,0,1,0
5443,20,3.28,6.17,5.13,64.07,2.14,6.89,282.43,8.7,1,60.57,1,0,0,0,0,1
5444,21,6.18,4.3,8.85,86.74,3.01,7.28,235.82,13.61,0,59.92,1,0,0,1,0,0
5445,21,3.23,6.02,8.56,95.43,1.85,6.65,282.46,9.18,1,88.57,1,0,0,0,1,0
5446,24,5.47,5.49,6.23,71.72,1.03,8.03,248.24,11.05,0,62.4,1,0,0,1,0,0
5447,19,0.81,6.42,4.68,65.43,1.13,5.22,323.14,1.29,1,64.23,1,0,0,0,1,0
5448,16,1.06,1.29,7.64,78.27,2.37,4.68,295.32,4.57,1,70.49,1,0,0,0,1,0
5449,21,1.12,1.3,5.28,98.45,1.08,6.95,313.14,5.46,1,59.14,1,0,0,0,1,0
5450,20,0.36,7.49,4.84,85.34,1.25,4.35,322.04,3.62,2,87.06,0,1,0,0,0,1
5451,21,4.33,2.74,5.91,85.76,4.37,8.49,277.0,13.02,1,50.71,1,0,0,1,0,0
5452,18,6.35,6.87,6.65,86.86,3.9,9.95,245.76,14.43,0,57.43,1,0,0,1,0,0
5453,17,4.88,5.92,4.49,61.59,0.28,7.44,258.14,10.77,1,48.15,0,1,0,0,1,0
5454,21,4.6,9.84,6.86,77.83,1.6,8.75,288.73,12.21,1,93.07,1,0,0,0,1,0
5455,16,5.44,8.52,4.08,63.1,2.66,8.1,245.95,10.17,2,69.46892175533475,1,0,0,0,0,1
5456,22,2.72,4.72,8.46,72.63,0.3,7.31,294.54,7.82,1,71.45,0,1,0,0,1,0
5457,22,2.9,6.55,8.6,92.86,3.42,5.08,285.38,6.69,1,88.14,1,0,0,1,0,0
5458,22,2.51,2.06,7.67,86.25,1.92,5.35,293.31,8.19,1,62.72,0,1,0,0,1,0
5459,16,5.7,4.48,6.33,99.82,1.99,9.62,254.98,12.44,0,48.91,0,0,1,0,1,0
5460,19,1.29,7.6,5.27,66.89,1.33,5.43,293.7,4.83,2,92.6,1,0,0,0,1,0
5461,22,0.1,6.6,7.72,75.88,1.67,4.44,305.38,2.06,1,100.0,0,1,0,1,0,0
5462,24,4.77,5.36,8.66,92.39,4.31,9.27,249.99,6.82,1,73.7,0,1,0,0,1,0
5463,20,7.54,2.59,4.79,68.63,3.94,10.13,225.06,15.32,0,24.16221180748866,1,0,0,0,1,0
5464,17,4.88,8.23,6.33,66.15,4.68,10.34,263.92,12.47,1,74.31,0,1,0,0,0,1
5465,22,6.26,3.46,5.58,77.1,3.49,7.41,238.01,11.31,0,30.22,0,1,0,0,0,1
5466,16,5.38,8.38,5.78,75.35,2.89,7.32,241.08,11.49,2,94.7081740532658,1,0,0,1,0,0
5467,22,3.98,6.5,6.03,99.21,1.3,5.33,281.43,11.31,1,78.11,0,1,0,0,1,0
5468,21,5.75,4.35,8.76,78.25,3.33,10.11,235.61,15.61,0,65.9,0,1,0,0,1,0
5469,22,6.59,1.37,5.29,94.44,4.53,8.96,245.72,10.63,0,25.12,1,0,0,0,0,1
5470,18,1.8,3.09,6.46,95.52,0.35,3.8,290.89,6.12,1,85.41822924131132,1,0,0,0,1,0
5471,18,2.69,9.0,8.76,66.31,2.22,6.09,299.9,8.2,1,100.0,1,0,0,0,0,1
5472,22,1.79,8.36,6.38,88.61,0.75,5.89,293.26,5.44,1,99.93,1,0,0,0,1,0
5473,17,3.62,6.17,8.32,71.1,4.05,7.72,258.95,4.6,1,71.93,0,1,0,1,0,0
5474,16,7.08,5.2,4.29,63.79,3.07,10.87,234.64,17.62,0,31.36,0,1,0,0,1,0
5475,24,2.76,6.82,8.77,94.99,4.4,8.72,278.48,7.64,1,99.13,0,1,0,1,0,0
5476,24,3.0,5.2,4.94,71.7,0.32,8.3,292.11,9.07,1,61.63,1,0,0,1,0,0
5477,22,6.88,6.8,8.9,73.81,4.53,9.07,240.74,12.92,0,59.29,1,0,0,1,0,0
5478,22,4.12,3.77,4.88,72.96,0.34,8.91,264.27,9.15,1,54.34,1,0,0,0,0,1
5479,18,4.28,8.55,6.22,68.01,1.44,8.13,258.61,12.36,1,81.90306830552028,1,0,0,1,0,0
5480,17,6.89,7.32,5.54,77.38,0.78,8.24,226.34,17.7,2,58.51227711332388,1,0,0,0,0,1
5481,22,3.92,3.97,6.17,77.13,0.73,5.17,267.1,7.61,1,55.79,0,1,0,0,1,0
5482,24,5.45,8.48,5.25,76.35,0.86,10.45,268.24,16.43,2,81.56678171904515,0,1,0,1,0,0
5483,16,0.69,5.39,8.83,96.65,2.4,4.41,310.28,2.38,1,91.83,0,1,0,0,0,1
5484,19,1.43,2.57,5.53,73.59,3.92,5.29,312.31,3.91,1,60.74,0,1,0,0,1,0
5485,21,3.24,1.7,7.27,61.22,4.49,5.92,266.31,4.98,1,37.51,1,0,0,1,0,0
5486,22,3.96,7.3,4.69,67.14,2.83,9.61,253.27,11.74,2,69.06,0,1,0,0,0,1
5487,22,7.73,8.79,8.12,88.86,0.79,12.3,217.79,17.35,0,75.296153380902,1,0,0,1,0,0
5488,17,7.77,8.27,6.71,83.63,0.4,13.41,233.33,18.08,0,70.11691539758228,1,0,0,1,0,0
5489,19,6.81,6.9,8.9,98.07,2.47,8.31,235.39,13.61,0,67.49,0,1,0,0,1,0
5490,20,2.52,2.27,6.12,87.78,3.83,6.44,298.66,5.02,1,63.44,0,1,0,0,1,0
5491,16,7.71,1.85,4.98,67.77,3.1,11.9,240.12,18.77,0,7.02,0,1,0,1,0,0
5492,16,5.51,4.11,5.73,64.83,2.91,7.14,244.31,11.71,0,46.41533148777375,0,1,0,0,0,1
5493,18,3.14,8.69,7.68,80.83,0.24,5.87,290.66,9.26,1,100.0,1,0,0,0,1,0
5494,18,5.61,9.66,7.3,86.61,2.06,7.68,266.56,10.37,0,103.53766042634524,0,1,0,0,1,0
5495,23,0.13,3.17,7.89,66.63,2.75,6.05,328.78,3.7,1,74.66,1,0,0,0,1,0
5496,24,1.17,7.86,4.37,84.07,2.99,4.89,290.02,8.47,2,95.14,1,0,0,0,0,1
5497,16,6.64,6.16,6.9,94.6,0.02,9.22,221.77,13.15,0,54.39,1,0,0,0,1,0
5498,17,5.16,1.29,8.66,89.1,1.0,9.48,253.59,11.51,0,51.1,1,0,0,0,1,0
5499,17,2.91,5.89,4.54,86.57,4.75,7.21,280.97,6.98,1,71.37,0,1,0,0,0,1
5500,19,4.01,8.25,4.47,91.57,2.54,6.75,280.31,7.3,2,75.61,0,1,0,0,1,0
5501,17,7.24,3.49,7.58,64.16,3.52,13.21,223.44,20.78,0,32.25,0,1,0,0,1,0
5502,22,5.05,9.08,5.58,68.15,1.54,10.09,263.56,8.01,2,81.24757167835688,0,1,0,1,0,0
5503,24,3.19,3.13,7.29,61.52,2.93,6.19,270.89,5.43,1,47.39,1,0,0,0,0,1
5504,22,0.96,1.69,6.73,65.8,1.78,5.26,311.93,5.01,1,70.47895776724563,1,0,0,0,1,0
5505,21,2.35,2.44,8.93,96.53,1.48,6.9,287.23,5.51,1,63.05,0,1,0,1,0,0
5506,16,7.83,8.53,8.45,68.89,2.06,9.7,229.63,16.53,0,82.05412730916905,0,1,0,0,1,0
5507,24,3.5,4.76,7.39,86.48,2.3,8.89,274.36,9.64,1,69.9,0,1,0,0,0,1
5508,20,3.77,8.17,5.31,87.66,1.66,8.9,252.69,11.1,2,84.18,1,0,0,0,1,0
5509,20,3.99,5.78,5.31,85.81,1.29,8.77,277.21,10.53,1,76.32829636292986,1,0,0,1,0,0
5510,21,7.07,5.33,8.41,82.16,3.12,9.18,246.86,14.42,0,47.72,1,0,0,0,1,0
5511,24,4.83,8.26,6.93,79.45,1.9,6.51,253.68,10.76,1,78.83,1,0,0,0,1,0
5512,23,5.55,4.81,7.95,76.8,1.01,7.45,261.5,11.69,0,57.04,0,1,0,0,0,1
5513,23,3.12,8.22,6.25,96.68,3.79,4.59,276.43,10.36,1,89.28,0,1,0,1,0,0
5514,23,0.23,1.91,4.52,60.38,3.62,5.93,303.74,2.16,1,52.62,0,1,0,0,0,1
5515,16,7.45,6.73,5.66,62.14,4.43,12.71,224.49,18.64,0,34.95,0,1,0,1,0,0
5516,16,7.59,7.32,4.81,79.7,2.78,9.04,227.08,17.73,2,59.660041603225,1,0,0,0,0,1
5517,23,7.59,9.09,7.91,73.22,1.4,11.98,215.72,14.73,0,68.02418045989454,1,0,0,1,0,0
5518,20,7.55,3.02,7.5,76.33,4.32,9.78,242.9,13.99,0,30.72,1,0,0,0,0,1
5519,24,6.52,6.44,4.44,99.91,1.4,7.61,226.45,17.45,0,61.03408923968673,1,0,0,0,1,0
5520,17,5.48,4.9,7.11,91.01,3.28,7.94,248.83,10.84,0,69.02,0,1,0,1,0,0
5521,24,6.76,4.44,8.37,95.1,0.95,9.96,229.66,15.14,0,50.42,0,1,0,1,0,0
5522,23,4.8,1.96,7.49,74.74,3.15,5.9,275.94,9.8,1,42.26,1,0,0,1,0,0
5523,24,1.07,2.21,6.56,69.58,4.2,3.69,292.09,3.37,1,61.96,1,0,0,0,0,1
5524,19,3.13,8.53,5.56,90.72,2.7,7.63,290.69,7.77,2,105.62081697722948,0,1,0,0,0,1
5525,16,7.77,7.75,8.44,92.3,2.35,9.91,228.73,16.85,0,74.90531631629692,1,0,0,1,0,0
5526,16,2.81,4.44,6.11,82.0,4.97,6.23,273.8,5.7,1,67.39,1,0,0,0,1,0
5527,20,6.94,8.46,8.28,95.84,0.11,12.38,233.2,16.15,0,88.66524012447829,0,1,0,1,0,0
5528,17,0.75,1.73,7.91,98.69,1.66,1.89,309.17,-1.87,1,69.57,1,0,0,0,1,0
5529,23,2.67,6.62,8.08,78.84,4.59,7.6,293.81,7.57,1,87.02,0,1,0,0,1,0
5530,20,2.81,8.81,8.95,68.91,3.21,5.73,279.83,7.75,1,100.0,1,0,0,0,1,0
5531,20,0.41,8.55,7.74,80.68,2.71,4.12,321.39,4.59,1,106.16826150950806,1,0,0,0,0,1
5532,17,0.95,4.36,4.17,99.58,3.19,3.1,309.09,5.27,1,63.92,0,0,1,0,1,0
5533,22,1.55,7.71,5.03,71.72,1.61,5.44,305.91,4.29,2,92.94,0,1,0,0,1,0
5534,23,6.7,4.85,4.18,84.7,0.36,11.35,230.79,17.41,0,42.82,0,1,0,0,0,1
5535,16,0.51,8.56,4.95,87.76,1.38,2.52,311.47,-0.28,2,98.46,0,1,0,0,0,1
5536,17,2.39,5.78,4.31,68.56,1.68,5.11,292.42,5.11,1,71.02,0,1,0,1,0,0
5537,19,0.08,7.88,6.51,83.54,2.4,3.92,319.86,5.32,1,92.09,1,0,0,0,1,0
5538,20,5.57,1.71,4.14,72.58,1.97,8.65,252.76,13.04,0,24.84,1,0,0,0,1,0
5539,17,4.96,6.31,6.36,94.17,2.61,7.43,281.4,11.62,1,75.7,0,1,0,0,1,0
5540,16,5.16,5.95,8.49,88.59,0.98,8.42,263.82,11.59,0,69.64,0,1,0,0,0,1
5541,24,3.0,6.49,7.74,93.05,0.92,5.45,291.27,10.96,1,80.98,0,1,0,0,1,0
5542,16,1.67,7.26,8.72,67.99,1.76,4.18,302.43,5.66,1,100.0,0,1,0,0,1,0
5543,19,5.76,9.26,5.13,61.38,2.37,9.81,256.21,16.51,2,82.78096588980691,0,1,0,0,0,1
5544,17,6.49,8.07,6.66,94.02,1.71,9.88,244.11,13.49,0,73.44286445917172,0,1,0,1,0,0
5545,19,1.11,2.98,5.59,75.47,2.88,5.5,324.86,2.47,1,56.14,1,0,0,0,1,0
5546,23,3.89,8.43,6.47,67.19,1.55,9.08,272.72,8.84,1,78.7,0,1,0,0,0,1
5547,23,1.99,2.1,6.79,63.68,0.89,7.7,304.43,8.09,1,54.76,1,0,0,0,1,0
5548,24,1.34,6.6,4.18,80.66,4.31,3.1,324.77,6.85,1,73.4,1,0,0,0,1,0
5549,20,5.87,8.94,5.17,66.01,1.0,10.0,256.09,15.3,2,69.75940981502661,0,1,0,0,1,0
5550,22,4.3,1.91,7.52,82.67,4.83,8.21,265.55,12.31,1,54.43,1,0,0,0,0,1
5551,18,1.73,8.65,7.86,89.09,4.94,7.06,291.9,6.47,1,100.0,1,0,0,0,0,1
5552,19,2.48,8.19,6.85,81.4,3.48,7.96,285.28,5.15,1,84.96,1,0,0,1,0,0
5553,24,7.73,5.53,5.35,96.15,2.51,12.53,231.16,21.91,0,42.39,0,1,0,1,0,0
5554,16,6.79,3.78,6.03,66.22,3.98,10.77,256.36,16.9,0,34.91,0,1,0,0,0,1
5555,17,7.04,4.65,4.48,79.76,4.37,9.04,241.56,16.13,0,32.91,1,0,0,0,1,0
5556,20,3.68,9.72,8.77,66.53,3.55,6.06,271.97,10.3,1,99.06,1,0,0,1,0,0
5557,18,4.99,2.82,8.34,95.04,0.51,9.0,257.07,8.56,1,52.53,0,1,0,1,0,0
5558,17,3.01,6.22,4.33,97.29,0.01,4.71,282.39,5.87,1,75.47,0,1,0,1,0,0
5559,16,0.62,1.75,4.83,76.0,0.96,2.54,299.15,3.44,1,54.57,0,1,0,0,1,0
5560,18,3.21,2.96,6.91,72.23,0.94,8.77,276.9,8.91,1,56.97,0,1,0,1,0,0
5561,16,4.75,7.87,5.16,71.17,0.91,10.53,257.98,12.24,2,77.23,1,0,0,1,0,0
5562,16,2.3,3.72,8.67,94.39,2.55,3.33,320.18,7.68,1,77.31,0,1,0,0,0,1
5563,16,6.78,9.87,7.78,87.3,2.6,12.09,247.91,16.45,0,87.98076962195906,0,1,0,1,0,0
5564,23,1.21,5.51,5.37,95.22,3.62,6.9,294.75,10.02,1,93.82,1,0,0,1,0,0
5565,18,2.94,5.65,4.03,64.7,1.01,6.57,269.03,7.61,1,55.44397330438685,0,1,0,0,0,1
5566,16,1.0,1.33,8.0,79.04,0.46,4.24,294.94,5.23,1,64.7,1,0,0,1,0,0
5567,22,3.24,9.61,6.12,87.05,3.33,8.83,295.26,10.24,1,91.99,1,0,0,1,0,0
5568,18,0.32,2.57,7.21,95.88,2.42,1.36,302.67,0.01,1,72.15,0,1,0,1,0,0
5569,23,2.18,5.85,5.43,75.28,3.33,7.38,309.94,4.9,1,72.29,1,0,0,1,0,0
5570,19,3.21,4.56,4.71,72.52,1.9,5.69,283.88,7.73,1,51.67,1,0,0,0,0,1
5571,19,3.83,4.74,7.38,96.52,3.75,8.04,271.58,13.61,1,77.26,0,1,0,0,1,0
5572,20,4.35,6.79,6.25,61.9,3.41,6.97,256.35,9.22,1,65.49,0,1,0,0,1,0
5573,21,2.2,6.96,5.18,79.18,3.25,5.81,306.24,7.24,1,85.8,1,0,0,1,0,0
5574,22,4.18,2.39,4.69,78.35,0.14,9.22,275.3,10.37,1,33.67,1,0,0,0,1,0
5575,19,4.07,5.5,6.9,65.84,4.29,5.98,280.16,9.54,1,58.53,1,0,0,0,1,0
5576,23,2.53,8.11,7.63,75.8,1.88,6.85,286.91,9.5,1,88.34,0,1,0,0,0,1
5577,21,6.64,4.99,5.42,88.9,0.68,12.13,246.99,16.25,0,46.66,1,0,0,0,1,0
5578,16,4.37,2.49,7.68,74.67,3.78,9.88,282.38,10.26,1,58.53,0,1,0,0,0,1
5579,16,2.66,3.82,4.92,72.39,2.43,8.13,294.03,11.27,1,54.12,1,0,0,1,0,0
5580,24,7.58,2.91,5.69,91.28,0.16,11.17,218.48,15.75,0,23.57620979498286,1,0,0,0,1,0
5581,21,6.76,2.13,7.72,99.55,3.91,11.6,244.08,17.29,0,49.066649717831055,1,0,0,1,0,0
5582,23,7.86,4.4,7.3,91.17,2.18,11.09,233.23,14.35,0,42.2,1,0,0,0,0,1
5583,22,5.54,5.87,5.35,93.85,3.77,8.84,270.29,15.3,0,53.53,1,0,0,0,0,1
5584,21,3.03,1.65,4.61,97.58,3.78,5.45,289.49,12.48,1,55.590013964569096,1,0,0,0,1,0
5585,19,2.25,6.43,4.21,92.07,0.5,4.68,304.02,5.66,1,80.34,0,1,0,1,0,0
5586,22,5.31,9.94,8.19,99.21,3.07,6.5,262.44,9.16,0,98.07787519092902,1,0,0,0,0,1
5587,24,7.85,9.68,4.38,89.89,1.8,11.51,212.25,19.07,2,74.31898654020277,1,0,0,0,1,0
5588,22,5.01,8.46,4.57,86.46,2.73,7.55,268.17,11.47,2,93.12829564776212,0,1,0,0,0,1
5589,16,7.05,3.4,5.19,87.73,0.44,8.99,236.6,19.35,0,35.56463747351618,1,0,0,1,0,0
5590,24,2.63,1.2,6.23,96.0,2.94,4.24,308.41,4.87,1,55.62,0,1,0,0,0,1
5591,19,3.26,8.5,7.95,87.32,3.89,5.99,266.49,5.21,1,100.0,1,0,0,1,0,0
5592,18,7.25,1.5,5.24,90.45,4.93,12.75,221.68,17.86,0,14.77,1,0,0,0,0,1
5593,19,6.05,2.85,6.72,68.64,1.6,9.63,254.65,15.06,0,40.61,0,1,0,0,1,0
5594,19,7.85,5.9,4.45,96.51,0.78,11.63,240.92,16.05,0,39.39,1,0,0,0,1,0
5595,17,6.2,2.61,6.32,77.89,1.83,7.47,244.4,14.96,0,27.73,0,1,0,0,1,0
5596,16,3.59,8.5,4.89,66.44,0.1,7.19,275.77,9.09,2,67.78,1,0,0,0,1,0
5597,16,4.25,7.99,5.06,91.99,2.04,8.59,271.07,10.13,2,81.86,0,1,0,0,0,1
5598,23,7.2,7.8,5.83,74.26,4.57,8.95,228.76,16.36,2,55.90903027781094,0,1,0,0,1,0
5599,17,4.41,8.35,7.81,67.36,0.97,10.33,276.96,11.2,1,87.87,0,1,0,1,0,0
5600,20,2.04,2.98,7.72,70.25,2.39,7.62,290.69,5.4,1,53.08,0,1,0,1,0,0
5601,19,3.48,7.56,6.07,61.4,2.86,9.45,285.24,6.72,1,75.82,1,0,0,0,0,1
5602,23,4.13,4.2,4.59,63.62,0.9,6.93,257.21,8.43,1,44.26,1,0,0,0,0,1
5603,17,0.77,7.0,5.4,83.7,1.65,5.88,327.95,9.08,1,95.74,0,1,0,0,1,0
5604,24,5.95,2.1,6.53,94.65,4.56,8.59,227.4,13.29,0,39.22,0,1,0,0,0,1
5605,22,0.87,7.35,8.35,77.94,1.48,5.62,298.93,2.08,1,100.0,0,1,0,0,0,1
5606,22,3.24,9.75,8.84,85.04,3.18,8.98,303.65,11.88,1,100.0,1,0,0,0,1,0
5607,16,6.44,1.39,7.19,92.39,0.68,8.22,243.73,13.68,0,41.23885832830221,1,0,0,0,1,0
5608,17,3.74,1.84,5.75,74.27,3.35,5.44,268.52,8.91,1,55.97127594199817,0,1,0,0,0,1
5609,19,6.74,2.11,7.47,86.17,1.4,8.26,226.35,14.79,0,33.48,1,0,0,0,0,1
5610,19,2.74,4.88,5.68,74.02,1.16,7.73,282.76,10.95,1,60.54,0,1,0,1,0,0
5611,18,7.66,3.62,7.13,85.71,0.62,11.99,230.98,14.83,0,39.25,1,0,0,1,0,0
5612,22,1.68,8.26,5.22,68.7,0.23,5.29,304.71,8.08,2,100.0,1,0,0,1,0,0
5613,23,0.31,5.26,5.33,99.11,4.84,5.18,319.5,4.55,1,89.78,1,0,0,0,1,0
5614,17,6.98,5.36,4.38,63.05,2.07,12.23,218.38,16.74,0,38.16,1,0,0,1,0,0
5615,19,6.02,7.45,6.1,80.21,3.89,11.77,249.15,13.21,0,67.61947754047138,1,0,0,0,0,1
5616,18,1.86,4.26,7.09,71.45,4.6,3.87,301.07,4.23,1,70.37,1,0,0,1,0,0
5617,17,7.88,4.18,7.94,84.03,1.02,11.09,228.93,17.45,0,31.88,1,0,0,1,0,0
5618,21,4.02,7.81,8.05,77.13,4.35,9.64,272.05,14.47,1,79.54,0,1,0,0,1,0
5619,19,7.61,8.02,8.96,72.27,3.54,10.92,216.39,19.75,0,70.74164540968738,0,1,0,0,1,0
5620,21,4.04,1.13,4.44,70.0,2.89,7.48,262.3,9.02,1,38.16,0,1,0,0,0,1
5621,17,3.77,2.29,6.47,67.3,4.05,9.48,286.89,14.41,1,36.9,1,0,0,0,1,0
5622,19,3.59,2.92,6.61,91.32,0.55,8.26,269.16,11.42,1,57.84,0,1,0,0,0,1
5623,21,2.68,4.16,8.02,68.89,1.32,6.44,280.62,8.18,1,67.33,0,1,0,1,0,0
5624,20,4.27,3.62,5.33,90.94,0.66,7.06,265.8,9.37,1,46.8,0,1,0,0,1,0
5625,18,3.62,7.02,4.35,79.4,4.48,9.2,264.39,8.88,2,74.47775846064701,0,1,0,0,0,1
5626,23,0.29,8.45,5.57,62.89,0.49,1.33,322.86,2.19,2,97.98,1,0,0,0,0,1
5627,22,2.08,2.73,8.92,66.62,4.9,4.69,282.36,6.23,1,67.18,1,0,0,0,1,0
5628,18,1.7,6.07,8.5,95.72,0.55,7.43,310.44,5.48,1,107.72527989787888,1,0,0,1,0,0
5629,21,6.94,4.31,5.98,84.11,3.31,10.43,223.27,17.85,0,43.79,1,0,0,0,0,1
5630,19,4.79,5.55,8.38,67.37,3.3,8.91,259.72,11.97,1,68.0,1,0,0,0,0,1
5631,20,6.11,6.59,4.16,88.15,4.66,9.77,250.12,14.89,0,50.58,1,0,0,1,0,0
5632,20,7.65,9.04,5.57,92.93,1.62,10.64,236.11,18.94,2,70.42736515546514,0,1,0,0,0,1
5633,22,5.15,2.73,7.63,73.23,1.66,9.48,255.95,14.12,0,49.87937047491855,1,0,0,0,1,0
5634,20,7.86,1.78,5.11,82.26,4.23,12.69,218.65,14.9,0,12.01,0,1,0,1,0,0
5635,18,2.49,6.64,4.99,71.74,4.89,5.31,304.31,7.91,1,74.07,0,1,0,0,0,1
5636,20,1.49,4.55,8.31,63.2,0.15,5.44,303.93,5.01,1,87.45,1,0,0,1,0,0
5637,22,3.23,2.47,7.08,75.98,3.18,4.64,279.53,6.27,1,61.06933186341058,0,1,0,0,1,0
5638,20,3.77,2.05,8.95,90.06,1.22,7.51,256.57,9.51,1,58.86,0,1,0,0,1,0
5639,20,7.16,6.03,4.67,78.35,3.64,11.9,236.0,16.08,0,38.76202534409552,0,1,0,1,0,0
5640,24,4.48,3.7,5.78,76.21,3.86,8.41,266.19,11.18,1,52.46,0,1,0,0,1,0
5641,18,2.34,9.98,5.56,74.64,3.81,7.73,278.36,7.33,2,90.01,0,1,0,0,0,1
5642,21,5.94,4.65,8.4,78.36,2.18,8.37,240.91,14.47,0,59.00892647141751,0,1,0,0,0,1
5643,16,4.05,2.91,5.28,72.73,0.79,7.51,272.33,6.77,1,40.55,1,0,0,0,0,1
5644,20,1.3,6.66,5.77,84.49,2.92,2.74,309.07,3.69,1,94.88,1,0,0,0,1,0
5645,23,4.61,3.2,4.71,62.54,3.95,9.11,254.5,11.41,1,39.45,0,1,0,0,1,0
5646,20,7.29,5.45,7.88,92.3,4.56,10.5,222.43,20.69,0,56.08,1,0,0,0,1,0
5647,24,6.74,5.34,5.19,66.93,2.26,10.39,240.28,11.39,0,47.863637298771295,0,1,0,0,0,1
5648,21,4.69,5.08,4.34,85.34,1.23,6.33,255.31,12.04,1,49.93,0,1,0,1,0,0
5649,23,3.02,8.16,6.18,78.0,0.59,9.01,281.75,9.9,1,82.25,0,1,0,0,1,0
5650,23,0.7,2.95,5.96,90.94,3.99,5.56,329.35,5.36,1,65.70683801641411,1,0,0,1,0,0
5651,18,3.76,9.14,4.89,93.05,2.68,6.76,274.45,8.13,2,88.37,0,1,0,0,1,0
5652,22,6.02,8.12,4.67,68.17,3.37,9.87,257.99,14.6,2,64.5242536453268,1,0,0,1,0,0
5653,22,2.88,4.0,8.48,87.09,0.8,6.97,272.98,8.1,1,76.53,1,0,0,0,0,1
5654,21,1.88,2.63,4.34,67.6,0.03,7.68,289.76,13.73,1,59.07,1,0,0,0,1,0
5655,22,7.45,3.52,4.5,64.96,4.84,12.29,222.71,16.7,0,22.59,1,0,0,0,0,1
5656,17,6.57,3.99,5.23,97.21,4.05,9.32,230.12,12.94,0,40.95,1,0,0,0,0,1
5657,24,5.11,6.01,8.76,66.58,2.0,11.0,241.0,17.17,0,68.36,0,1,0,0,1,0
5658,16,1.09,1.42,4.43,69.13,2.29,3.6,308.85,4.12,1,56.35932211413805,0,1,0,0,1,0
5659,16,1.16,9.23,8.08,65.21,4.65,5.04,309.95,5.29,1,100.0,1,0,0,0,1,0
5660,18,0.83,1.89,8.46,78.81,1.04,5.33,300.58,6.16,1,64.4,1,0,0,1,0,0
5661,18,4.93,3.51,5.89,96.78,4.01,7.29,253.39,11.19,1,52.16,0,1,0,1,0,0
5662,16,0.92,1.98,5.47,70.56,0.09,6.7,309.74,3.89,1,52.26,0,1,0,0,1,0
5663,22,6.74,3.31,7.39,81.67,4.38,8.82,239.33,14.78,0,35.01,0,1,0,0,0,1
5664,19,7.94,8.54,7.51,76.46,2.95,11.15,235.05,15.8,0,62.64174047972634,0,1,0,0,1,0
5665,17,2.93,6.54,7.9,73.44,2.39,4.83,296.18,3.91,1,82.98,0,1,0,0,1,0
5666,20,3.63,3.05,8.15,82.89,3.53,9.0,269.76,8.26,1,56.01,1,0,0,0,0,1
5667,21,5.69,8.85,5.34,82.36,0.34,7.8,251.04,7.71,2,95.15259915393776,1,0,0,1,0,0
5668,24,7.5,8.21,7.43,74.37,0.98,8.67,219.99,14.86,0,69.45923642768011,1,0,0,0,1,0
5669,19,7.15,7.78,4.67,94.02,2.03,8.34,249.22,13.9,2,68.11220264485264,1,0,0,1,0,0
5670,17,0.46,8.63,6.55,62.13,3.09,3.53,317.14,3.66,1,95.19,1,0,0,0,1,0
5671,20,1.35,6.58,7.06,63.41,0.72,4.96,313.74,4.76,1,87.04,0,1,0,1,0,0
5672,18,6.04,5.51,4.81,99.63,1.9,7.25,243.89,12.41,0,57.49692549639226,0,1,0,0,0,1
5673,17,5.51,4.37,4.38,89.91,1.3,6.97,264.09,14.11,0,41.36,1,0,0,0,1,0
5674,16,1.07,3.01,4.97,92.16,3.23,2.56,314.6,2.05,1,74.87,1,0,0,1,0,0
5675,17,4.02,6.02,6.1,84.11,4.6,8.36,284.55,7.99,1,76.62,0,1,0,0,1,0
5676,21,6.25,9.01,8.44,76.79,0.83,8.75,231.56,8.69,0,94.0844926292403,0,0,1,0,1,0
5677,23,1.75,6.35,6.66,85.17,0.95,5.56,299.75,5.45,1,99.15,0,1,0,0,1,0
5678,18,6.97,9.28,7.74,63.7,3.0,8.34,247.34,14.52,0,95.70569891814054,0,1,0,0,1,0
5679,24,0.42,4.21,4.87,90.31,2.27,5.88,305.6,6.11,1,80.52,0,1,0,0,1,0
5680,24,6.26,7.26,4.53,81.63,3.59,8.78,250.1,12.04,2,62.61839445644297,0,1,0,0,0,1
5681,17,4.93,6.84,5.2,98.27,1.44,9.82,266.55,13.81,1,57.33,1,0,0,0,1,0
5682,23,2.52,7.03,5.57,85.5,2.72,7.65,296.77,2.64,2,85.82,1,0,0,0,1,0
5683,20,5.77,6.81,6.74,66.07,1.93,11.71,254.1,11.91,0,62.06,0,1,0,1,0,0
5684,19,6.26,2.99,8.41,79.1,1.41,10.97,251.06,15.64,0,44.53,1,0,0,1,0,0
5685,20,7.47,2.29,6.13,62.31,3.65,10.68,234.69,17.92,0,14.96,1,0,0,0,1,0
5686,19,2.94,9.81,6.59,89.82,3.98,4.7,296.57,3.44,1,100.0,1,0,0,1,0,0
5687,23,5.49,1.41,4.02,80.07,1.64,6.73,246.94,10.01,0,23.87754323271928,1,0,0,0,0,1
5688,19,4.82,5.21,4.17,74.79,3.11,10.25,265.56,12.45,1,56.87,0,1,0,0,1,0
5689,21,4.2,4.83,4.42,98.74,0.89,7.43,281.79,9.82,1,75.56622402515883,1,0,0,0,1,0
5690,17,7.12,4.24,7.49,97.62,3.95,11.87,226.72,17.71,0,47.44,0,1,0,1,0,0
5691,20,0.03,8.04,6.43,98.11,1.41,3.51,312.73,3.63,1,100.0,1,0,0,1,0,0
5692,21,2.26,7.71,4.96,68.84,0.85,7.66,298.12,4.66,2,74.03,0,1,0,1,0,0
5693,20,4.31,9.15,6.96,89.14,4.7,9.06,282.1,11.88,1,96.61,1,0,0,0,0,1
5694,17,1.43,4.56,6.72,97.82,2.11,2.86,301.5,2.14,1,91.52,1,0,0,0,0,1
5695,22,7.26,6.08,4.44,82.83,3.22,12.02,233.84,17.57,0,43.79,0,1,0,0,0,1
5696,19,5.18,9.03,7.2,68.57,4.05,7.51,261.48,10.59,0,82.18782062735693,0,1,0,1,0,0
5697,23,3.82,9.94,7.84,92.71,3.43,8.69,269.29,12.23,1,95.83,1,0,0,1,0,0
5698,22,6.52,9.72,5.43,95.2,2.82,12.26,263.7,17.08,2,80.72473527218486,1,0,0,0,1,0
5699,22,3.61,7.46,7.44,88.13,1.86,9.26,267.43,8.07,1,87.64,0,1,0,0,0,1
5700,24,4.47,2.29,5.0,71.74,4.59,6.1,267.26,6.4,1,41.44,1,0,0,0,0,1
5701,16,0.02,1.21,7.78,67.63,0.67,1.29,320.82,3.05,1,57.46,0,1,0,0,1,0
5702,21,2.93,8.43,8.56,84.97,4.42,7.81,262.96,6.89,1,100.0,0,1,0,0,0,1
5703,21,1.11,8.57,6.21,79.31,3.55,5.66,298.26,3.29,1,100.0,0,1,0,1,0,0
5704,21,5.52,7.72,5.22,86.75,2.86,7.4,240.24,13.46,2,83.68349526691789,0,1,0,1,0,0
5705,21,3.83,3.52,6.0,64.47,1.62,8.25,281.24,7.82,1,53.82,1,0,0,1,0,0
5706,22,2.41,6.76,5.25,65.44,0.73,3.49,274.15,5.76,1,71.63,0,0,1,0,1,0
5707,21,3.74,3.85,4.01,74.52,2.22,7.9,284.54,9.6,1,41.32,0,1,0,0,1,0
5708,16,1.68,5.06,7.25,70.35,3.92,6.84,288.04,5.78,1,78.27,1,0,0,0,1,0
5709,18,7.4,4.44,4.21,84.77,3.73,11.61,240.82,19.3,0,24.49,0,1,0,0,0,1
5710,17,0.43,9.22,5.05,74.7,3.23,1.76,300.88,2.46,2,100.0,1,0,0,1,0,0
5711,21,6.92,3.11,7.61,87.36,4.96,12.87,241.2,18.77,0,43.21,0,1,0,1,0,0
5712,23,4.09,6.2,7.33,90.75,4.86,6.87,280.27,9.07,1,67.05,1,0,0,1,0,0
5713,18,4.95,4.25,4.37,67.49,2.0,7.85,266.33,9.9,1,42.1,1,0,0,0,1,0
5714,23,2.42,6.97,7.3,96.79,0.96,3.84,278.75,7.63,1,83.6,0,1,0,0,1,0
5715,23,7.73,6.08,8.65,91.49,2.32,9.57,238.54,15.24,0,50.12,1,0,0,1,0,0
5716,20,2.25,9.32,4.37,85.07,4.22,4.61,298.46,5.93,2,96.33,0,1,0,1,0,0
5717,23,4.71,1.91,6.08,96.36,2.29,9.71,239.9,12.77,1,35.62,0,1,0,0,0,1
5718,21,7.95,2.99,7.65,70.63,1.68,12.41,225.71,16.59,0,18.08,0,1,0,0,0,1
5719,20,7.05,7.9,7.34,76.87,3.71,10.97,263.74,14.53,0,62.76077170932624,0,1,0,0,0,1
5720,24,4.29,4.32,5.13,63.43,3.25,9.61,279.68,10.7,1,39.77,0,1,0,0,0,1
5721,22,7.92,2.49,4.82,78.25,4.84,13.91,219.97,20.32,0,6.02,0,1,0,0,1,0
5722,23,5.61,5.53,7.92,80.26,2.75,8.53,258.12,13.37,0,62.08,0,1,0,0,0,1
5723,16,1.67,6.87,8.78,84.64,4.84,4.63,296.03,2.11,1,103.3367839388023,0,1,0,0,0,1
5724,17,3.24,1.4,7.84,62.56,1.45,7.92,291.27,12.73,1,45.62,1,0,0,0,1,0
5725,23,2.68,3.62,8.82,61.3,4.32,6.9,279.7,8.23,1,66.66,1,0,0,1,0,0
5726,24,2.75,8.28,7.02,76.8,1.75,3.82,299.09,5.19,1,95.44,0,1,0,0,1,0
5727,19,6.08,5.68,8.65,67.57,4.05,10.36,256.24,13.99,0,63.61,0,1,0,0,0,1
5728,24,4.67,1.32,7.45,90.35,4.63,9.27,270.39,11.16,1,37.76,0,1,0,0,0,1
5729,19,0.3,3.54,8.54,86.75,3.12,6.23,337.11,2.82,1,74.48,1,0,0,0,0,1
5730,24,7.02,6.75,4.81,73.03,3.64,10.95,245.82,18.34,0,45.73062043398536,1,0,0,0,1,0
5731,22,2.37,2.79,8.08,61.83,4.79,6.79,301.78,11.7,1,64.27,0,1,0,0,0,1
5732,17,7.98,8.45,4.98,67.3,1.88,12.92,235.5,17.4,2,53.149719702420576,0,1,0,0,1,0
5733,24,7.63,7.09,4.14,87.67,2.56,9.11,235.58,15.08,2,47.1178204532452,0,1,0,0,1,0
5734,19,7.52,5.24,6.59,99.61,4.49,12.19,234.4,17.19,0,40.48,0,1,0,0,1,0
5735,23,6.49,9.24,5.59,73.06,3.36,10.22,235.35,12.09,2,77.09439725220066,1,0,0,0,1,0
5736,22,1.76,4.53,4.22,92.08,4.37,3.26,292.24,5.33,1,78.86,1,0,0,1,0,0
5737,22,4.26,3.12,8.9,94.68,3.09,8.61,273.2,11.07,1,71.66,0,1,0,0,0,1
5738,23,1.79,6.95,7.33,61.93,3.7,3.96,304.61,4.96,1,82.44,1,0,0,0,1,0
5739,16,2.08,6.16,8.51,96.65,0.07,5.77,295.22,2.3,1,104.76175580416384,0,1,0,1,0,0
5740,20,4.89,4.02,9.0,78.65,1.7,7.29,256.5,6.46,1,54.66,0,1,0,0,1,0
5741,17,0.33,4.09,5.96,98.57,3.85,1.85,314.68,0.68,1,75.56,1,0,0,0,1,0
5742,17,7.76,4.58,5.27,81.54,2.02,10.01,226.35,17.97,0,27.19,1,0,0,0,1,0
5743,16,7.35,3.62,4.92,69.41,1.81,10.54,234.55,12.74,0,23.7,0,1,0,1,0,0
5744,20,3.05,7.39,6.58,98.99,4.76,6.52,281.18,9.63,1,84.69,0,1,0,0,0,1
5745,17,4.12,6.86,7.03,69.73,2.76,5.86,282.22,8.5,1,73.99,1,0,0,0,1,0
5746,19,3.73,4.97,6.36,95.3,0.96,6.33,274.13,7.1,1,64.04,1,0,0,0,1,0
5747,18,7.06,4.58,5.94,66.93,2.36,12.36,228.85,16.94,0,34.66,0,1,0,0,0,1
5748,18,5.51,4.29,4.84,86.99,2.59,11.06,253.07,11.2,0,38.74,0,1,0,0,0,1
5749,17,2.22,3.55,6.21,76.45,4.94,5.9,282.35,1.2,1,60.47,0,1,0,1,0,0
5750,21,3.57,1.77,4.43,98.88,3.59,7.02,297.29,11.28,1,44.53,1,0,0,0,0,1
5751,17,3.43,3.41,8.33,67.39,2.6,7.34,285.4,8.72,1,60.04,1,0,0,0,0,1
5752,23,7.67,3.89,4.23,76.35,2.16,9.74,227.83,14.93,0,34.87352326591249,0,1,0,1,0,0
5753,23,1.4,5.93,5.9,85.59,4.58,7.37,317.36,4.63,1,84.04730212445564,1,0,0,0,0,1
5754,20,0.72,7.96,4.5,99.1,3.23,5.45,309.31,2.26,2,95.14,1,0,0,0,1,0
5755,22,7.04,4.56,7.87,72.15,1.78,9.23,235.19,14.47,0,38.98,0,1,0,0,1,0
5756,19,7.17,9.5,5.56,75.87,2.32,9.53,226.92,15.3,2,80.87186116394696,0,1,0,0,0,1
5757,16,6.97,8.45,4.57,78.47,1.39,11.21,226.95,17.44,2,66.42784947831005,1,0,0,1,0,0
5758,17,4.09,9.86,6.66,70.11,4.8,6.7,273.03,8.09,1,95.73,1,0,0,0,1,0
5759,19,5.28,8.89,8.58,92.69,3.51,8.06,267.28,9.84,0,98.58666692408462,1,0,0,0,0,1
5760,16,4.51,6.55,8.54,63.68,1.96,9.41,257.1,10.4,1,79.58,1,0,0,0,1,0
5761,23,0.56,6.39,5.25,88.19,0.92,2.89,310.89,7.21,1,85.74,0,1,0,0,1,0
5762,24,4.77,2.17,7.6,81.36,0.89,9.3,260.72,12.12,1,40.53,0,1,0,0,1,0
5763,19,0.11,7.5,4.15,69.68,2.39,5.78,326.4,3.85,2,87.96226229796926,1,0,0,0,1,0
5764,18,2.6,6.4,4.66,79.71,2.34,4.22,284.49,5.5,1,69.64,0,1,0,0,0,1
5765,17,7.46,5.56,6.5,93.2,2.09,9.18,238.01,19.25,0,47.14,1,0,0,0,1,0
5766,20,2.43,7.24,5.14,77.82,4.26,8.14,297.99,9.43,2,84.27,1,0,0,0,0,1
5767,18,7.52,5.0,7.99,64.88,4.9,9.54,223.14,13.97,0,43.23,1,0,0,0,1,0
5768,22,2.0,5.71,8.66,61.63,1.77,3.1,293.07,4.87,1,90.06,0,1,0,0,0,1
5769,21,2.52,4.59,4.02,91.11,1.47,7.86,290.56,6.94,1,59.22,1,0,0,0,1,0
5770,16,5.03,7.46,5.16,73.22,3.85,7.44,255.27,12.09,2,76.6052965311391,1,0,0,0,1,0
5771,23,6.09,8.89,6.2,97.25,2.25,8.58,237.97,15.42,0,87.92483757481594,1,0,0,0,0,1
5772,17,4.01,8.57,6.82,84.69,1.09,6.14,286.7,6.64,1,92.02,1,0,0,0,0,1
5773,20,7.06,8.07,8.58,77.45,0.9,12.65,217.45,17.63,0,70.48513073435639,0,1,0,1,0,0
5774,24,0.32,1.12,8.46,82.58,1.4,5.19,318.49,1.46,1,67.23,0,1,0,0,1,0
5775,23,7.38,9.21,7.19,78.29,0.01,11.36,245.09,19.58,0,70.29452200732754,0,1,0,0,0,1
5776,17,1.57,3.47,5.29,96.23,4.71,4.84,293.1,6.71,1,65.59,0,1,0,0,1,0
5777,24,7.07,8.99,7.92,78.32,2.15,8.79,235.42,11.02,0,79.8129772654364,1,0,0,0,0,1
5778,20,3.21,2.77,5.01,64.16,0.41,8.84,290.51,6.98,1,42.26,1,0,0,0,1,0
5779,21,6.66,4.96,8.83,83.88,0.82,11.41,209.66,13.01,0,58.52,1,0,0,1,0,0
5780,18,5.37,7.74,4.03,84.92,1.62,7.76,255.06,11.81,2,69.2103443838528,1,0,0,0,0,1
5781,18,1.41,6.76,6.85,90.61,2.76,7.15,287.36,6.29,1,100.0,0,1,0,1,0,0
5782,23,7.34,4.74,4.44,97.33,3.52,13.02,241.55,19.1,0,35.03,0,0,1,1,0,0
5783,17,1.96,7.11,6.04,77.72,1.54,6.26,288.56,5.58,1,87.3,0,1,0,1,0,0
5784,17,1.95,5.94,7.17,74.08,4.79,7.88,314.44,6.3,1,91.05,0,1,0,0,0,1
5785,20,6.51,3.48,7.45,79.63,3.8,8.45,232.33,14.56,0,40.92,1,0,0,1,0,0
5786,21,0.85,6.82,7.93,96.01,4.13,5.51,314.3,10.33,1,100.0,1,0,0,0,1,0
5787,17,1.78,2.84,6.97,99.2,1.62,3.54,289.88,1.41,1,80.76,1,0,0,0,1,0
5788,20,4.03,7.25,5.26,98.85,1.9,8.49,269.27,6.53,2,75.65,0,1,0,0,0,1
5789,22,6.64,1.03,8.45,69.19,2.69,12.24,240.28,15.01,0,26.89,1,0,0,1,0,0
5790,23,1.18,5.94,8.06,79.88,2.26,4.86,306.1,2.76,1,94.61,0,1,0,1,0,0
5791,22,4.38,4.61,4.8,70.38,1.3,9.2,283.99,9.69,1,44.36,0,1,0,0,1,0
5792,23,5.69,3.73,8.13,74.72,4.99,7.41,265.99,12.22,0,56.59,1,0,0,0,0,1
5793,24,6.88,5.64,8.86,61.27,4.24,11.05,229.95,13.5,0,49.42,1,0,0,0,1,0
5794,20,7.48,6.81,7.19,66.42,1.19,8.8,230.67,14.43,0,47.39,1,0,0,0,0,1
5795,20,6.28,9.69,5.41,75.88,4.46,7.46,233.0,12.56,2,85.74386717980059,1,0,0,0,1,0
5796,19,5.22,8.5,7.03,74.59,2.93,9.39,243.45,11.98,0,84.15837760642356,1,0,0,0,1,0
5797,24,3.47,7.45,5.71,71.15,0.06,7.33,271.69,8.59,2,77.01,1,0,0,0,1,0
5798,20,0.9,5.31,7.38,69.21,1.73,3.55,326.03,2.83,1,77.92,1,0,0,1,0,0
5799,17,5.68,4.53,6.72,89.96,0.13,9.24,234.96,11.53,0,51.59,1,0,0,0,0,1
5800,23,7.94,1.29,8.65,71.78,0.44,12.36,230.48,17.58,0,18.32,0,0,1,0,1,0
5801,22,5.89,4.23,7.09,88.26,0.89,10.11,253.92,13.88,0,47.95,0,0,1,0,0,1
5802,23,0.13,8.64,5.07,74.75,2.42,1.5,311.01,2.87,2,86.63,0,1,0,1,0,0
5803,18,3.97,4.46,7.63,92.08,1.91,8.36,278.81,7.17,1,75.42549844527976,1,0,0,1,0,0
5804,19,4.92,5.15,5.5,66.69,0.74,9.22,267.36,12.04,1,39.63,1,0,0,1,0,0
5805,20,5.52,3.45,5.36,66.3,1.97,9.87,253.39,13.54,0,24.82,0,1,0,0,1,0
5806,21,5.76,3.47,5.96,87.19,1.52,11.0,249.38,14.51,0,43.39,1,0,0,0,1,0
5807,16,4.46,1.56,4.06,96.6,2.05,8.34,264.02,11.32,1,34.83,0,1,0,0,1,0
5808,19,1.79,6.52,8.85,65.72,0.86,7.48,290.08,3.8,1,95.74,1,0,0,0,0,1
5809,20,7.54,5.03,6.66,62.95,3.05,13.44,231.17,18.35,0,37.62,1,0,0,0,0,1
5810,22,5.57,6.45,7.87,97.39,0.22,10.33,248.11,13.73,0,63.22,0,1,0,0,1,0
5811,20,1.89,5.92,5.29,64.69,1.94,4.68,298.94,6.27,1,72.82,0,1,0,1,0,0
5812,16,2.58,8.19,7.73,70.01,4.47,4.3,282.94,5.69,1,90.54,1,0,0,1,0,0
5813,22,7.38,7.76,6.84,97.18,2.1,12.48,224.87,16.23,0,72.80354153520898,0,1,0,0,0,1
5814,23,7.1,7.94,6.12,92.12,2.21,8.83,229.35,17.07,0,69.59218912736844,0,1,0,0,0,1
5815,22,3.24,5.49,8.85,73.71,0.34,4.97,293.81,4.91,1,76.76,0,1,0,0,0,1
5816,19,0.31,4.18,6.47,98.18,3.03,5.91,302.51,0.67,1,80.29,1,0,0,0,0,1
5817,23,0.39,9.4,7.29,82.72,4.68,4.19,333.05,0.2,1,100.0,1,0,0,1,0,0
5818,20,2.27,1.49,4.08,62.89,1.46,4.74,300.44,6.47,1,32.72,1,0,0,0,1,0
5819,24,5.03,2.37,5.51,88.12,1.97,10.84,244.01,11.52,0,40.4,0,1,0,0,0,1
5820,20,4.67,4.78,8.44,81.49,2.94,9.21,258.18,11.39,1,55.98,1,0,0,0,1,0
5821,16,5.07,6.53,7.79,82.9,0.47,8.74,242.93,14.75,0,73.6,1,0,0,0,0,1
5822,24,5.74,1.07,6.68,99.76,4.75,8.39,257.59,10.45,0,42.63,0,1,0,0,0,1
5823,20,0.15,7.47,8.5,66.1,2.34,4.53,330.97,-0.91,1,96.8,1,0,0,0,1,0
5824,21,0.84,6.03,6.43,86.27,0.58,5.49,312.21,5.66,1,96.55,1,0,0,0,1,0
5825,19,2.88,5.36,6.83,78.35,1.68,7.44,297.63,6.37,1,85.80535502791653,1,0,0,0,1,0
5826,21,1.24,4.81,5.91,70.88,1.87,3.22,306.96,1.13,1,83.29,0,1,0,0,1,0
5827,23,0.6,5.68,7.1,87.74,1.73,5.09,322.51,3.23,1,89.8,0,1,0,0,0,1
5828,18,5.13,2.46,5.6,86.73,3.47,9.04,261.36,11.83,0,42.7,0,1,0,1,0,0
5829,20,6.52,1.98,5.93,94.26,1.73,11.77,241.9,13.93,0,31.3,0,1,0,0,1,0
5830,17,6.02,3.61,8.83,95.15,1.62,10.14,255.5,15.22,0,48.15,1,0,0,0,1,0
5831,17,6.54,7.39,4.56,82.47,1.61,8.27,239.96,12.39,2,56.430508115711554,0,1,0,0,0,1
5832,22,5.33,6.29,4.53,73.02,3.89,7.92,270.61,10.31,0,59.52130449013119,1,0,0,0,1,0
5833,21,5.88,5.32,4.22,81.18,1.54,10.6,246.29,10.39,0,41.62,0,1,0,0,1,0
5834,19,2.17,6.14,5.6,74.37,0.07,6.87,299.63,1.78,1,72.3,0,1,0,0,0,1
5835,20,7.94,6.03,5.99,71.09,1.83,10.05,217.65,17.41,0,30.4,1,0,0,1,0,0
5836,16,1.47,3.76,4.47,82.06,1.39,4.24,286.63,1.68,1,72.04,0,1,0,1,0,0
5837,22,1.72,1.88,6.75,86.32,4.55,2.8,302.94,3.67,1,59.51,1,0,0,0,1,0
5838,23,2.31,9.07,6.92,83.62,2.39,4.97,274.24,9.81,1,94.68,0,1,0,0,1,0
5839,24,7.8,6.4,7.76,98.18,1.17,8.93,247.89,17.1,0,55.52,0,1,0,0,0,1
5840,23,7.91,7.28,8.88,71.95,4.91,13.27,221.54,18.56,0,73.73156074154983,1,0,0,0,1,0
5841,20,6.36,5.18,7.1,74.89,1.23,10.69,242.9,15.73,0,54.11,1,0,0,1,0,0
5842,18,5.03,7.81,4.56,86.71,3.82,10.88,256.54,17.3,2,78.76907645800448,0,1,0,0,0,1
5843,24,4.16,6.26,4.44,84.01,3.25,9.62,271.49,7.28,1,62.49,0,1,0,0,1,0
5844,21,7.76,1.48,7.89,60.07,2.31,11.78,230.28,17.26,0,23.43,1,0,0,0,1,0
5845,20,5.56,9.01,7.25,72.49,2.03,9.07,244.88,15.82,0,98.94867307594252,0,0,1,1,0,0
5846,18,7.56,3.75,4.81,70.15,4.36,12.98,203.74,18.45,0,25.6,1,0,0,0,0,1
5847,21,2.53,2.24,5.27,93.6,2.38,5.02,278.63,8.71,1,62.97467362817682,0,1,0,1,0,0
5848,18,2.67,1.79,7.75,94.65,1.88,4.79,283.11,5.15,1,61.91,0,0,1,0,0,1
5849,21,6.84,7.48,6.83,71.36,1.77,9.89,240.72,12.7,0,81.6171459744261,0,1,0,0,0,1
5850,19,1.2,7.34,6.93,64.08,1.38,2.47,307.44,6.86,1,107.89871754035944,0,1,0,0,1,0
5851,17,7.57,7.3,5.05,68.21,2.04,10.08,236.69,16.55,2,51.06587209809374,1,0,0,1,0,0
5852,23,4.06,9.24,7.15,67.06,0.6,5.48,254.85,10.48,1,91.41,0,1,0,1,0,0
5853,19,7.41,4.14,7.85,69.5,0.33,8.67,222.15,17.23,0,35.5,0,1,0,0,1,0
5854,24,2.69,6.05,8.43,69.39,2.71,6.45,283.31,9.82,1,73.99,0,1,0,0,1,0
5855,22,5.73,6.58,7.68,79.19,2.27,10.27,266.48,14.32,0,69.65609766531587,0,1,0,0,0,1
5856,17,3.86,9.82,6.88,72.79,0.87,7.54,300.89,10.24,1,90.81,1,0,0,0,0,1
5857,19,5.01,3.81,7.37,82.39,0.53,6.36,246.4,11.69,0,52.0,1,0,0,0,0,1
5858,20,4.03,9.61,6.43,73.77,0.72,7.0,282.56,8.26,1,85.72,0,1,0,0,0,1
5859,18,7.74,2.34,5.13,92.59,1.58,9.29,227.99,18.36,0,15.88,1,0,0,1,0,0
5860,24,5.54,7.88,8.41,98.03,2.26,9.79,259.08,12.06,0,99.2177311783759,1,0,0,0,0,1
5861,20,2.01,6.7,6.66,76.16,0.97,7.14,282.64,8.8,1,93.15,1,0,0,0,0,1
5862,17,7.28,8.35,6.97,61.98,3.78,8.86,246.19,16.94,0,74.22705098409996,0,1,0,0,1,0
5863,18,2.35,1.26,8.95,69.58,0.97,3.68,269.59,0.95,1,46.24,0,0,1,0,1,0
5864,24,2.97,1.7,8.93,64.07,0.62,6.0,271.21,9.07,1,60.29,1,0,0,0,0,1
5865,22,0.82,1.63,6.93,73.79,4.97,3.34,307.46,3.37,1,61.83,0,1,0,1,0,0
5866,17,7.2,6.34,4.17,85.8,2.24,9.5,227.67,18.22,0,50.00946108116205,0,1,0,1,0,0
5867,24,2.29,6.43,5.98,80.76,0.85,4.35,292.78,9.08,1,77.31,0,1,0,1,0,0
5868,19,2.07,9.15,8.69,69.72,4.47,4.65,288.31,5.65,1,100.0,1,0,0,0,0,1
5869,24,7.36,5.21,5.44,90.69,1.16,13.19,228.11,18.35,0,45.24,0,1,0,0,1,0
5870,17,6.44,1.61,9.0,65.26,4.63,11.73,240.88,12.96,0,34.48,1,0,0,0,0,1
5871,19,1.13,2.89,4.42,69.13,0.59,5.14,304.21,3.93,1,73.89746221724384,0,1,0,0,1,0
5872,20,6.15,1.07,6.84,87.04,4.21,11.15,247.69,18.11,0,33.46,1,0,0,0,0,1
5873,17,7.3,7.99,6.58,67.89,0.92,8.37,241.36,15.14,0,67.91230770671777,0,1,0,0,1,0
5874,16,0.63,8.34,5.28,87.15,4.69,2.19,304.9,3.89,2,99.47,1,0,0,0,1,0
5875,22,6.6,9.98,8.74,99.08,2.87,9.06,254.28,14.39,0,92.72759157675078,1,0,0,0,0,1
5876,16,4.38,4.71,7.1,93.25,0.95,8.6,267.93,10.64,1,58.3,0,1,0,0,1,0
5877,23,5.35,1.17,5.15,66.4,4.22,10.77,268.41,14.56,0,26.02,0,1,0,0,0,1
5878,18,3.94,3.11,5.92,80.82,1.95,6.1,269.29,3.14,1,53.95,0,1,0,0,0,1
5879,21,5.58,6.29,7.61,76.89,3.66,7.28,244.38,12.75,0,68.0536360767039,1,0,0,1,0,0
5880,22,0.27,9.66,5.49,99.67,3.22,5.51,317.56,-1.34,2,106.60909844333564,1,0,0,0,1,0
5881,16,6.1,1.93,8.4,98.58,3.57,9.15,272.44,13.56,0,48.38220621802011,0,1,0,0,1,0
5882,21,0.27,2.09,4.83,65.08,1.72,4.77,303.11,1.12,1,57.51882163041287,0,1,0,1,0,0
5883,22,3.64,7.32,5.32,96.35,4.69,7.38,283.09,6.84,2,73.05,0,1,0,0,1,0
5884,21,1.21,7.0,4.72,67.74,2.8,3.09,307.25,6.32,1,83.76,1,0,0,1,0,0
5885,19,6.59,3.25,4.52,72.78,0.39,11.09,244.96,17.67,0,23.0,1,0,0,0,1,0
5886,16,2.51,8.32,5.5,74.14,0.33,5.61,277.82,5.86,2,88.1,1,0,0,0,0,1
5887,24,3.63,2.16,9.0,71.47,3.69,6.07,281.01,13.24,1,47.8,0,1,0,0,1,0
5888,19,3.43,9.33,4.47,94.13,4.25,8.94,281.79,11.6,2,92.4,0,1,0,0,0,1
5889,22,6.18,2.81,5.07,73.2,3.48,7.21,231.0,12.56,0,25.8,0,0,1,1,0,0
5890,22,3.85,1.73,5.36,92.67,1.39,6.87,275.11,5.43,1,39.18,0,1,0,0,0,1
5891,17,6.31,4.06,7.1,99.78,1.13,8.81,241.85,13.67,0,48.79,1,0,0,0,0,1
5892,16,0.59,2.69,7.73,93.63,2.83,1.86,309.38,0.55,1,66.25,0,1,0,0,1,0
5893,23,1.53,5.74,7.76,73.85,0.98,2.93,301.18,2.84,1,87.4,0,1,0,1,0,0
5894,23,4.41,7.18,4.04,88.45,1.9,6.27,277.96,10.58,2,67.87,1,0,0,0,0,1
5895,22,7.58,5.42,7.26,81.36,3.14,11.1,233.62,15.66,0,44.59,0,0,1,0,1,0
5896,23,0.6,6.95,7.15,91.46,1.42,3.01,302.37,5.05,1,106.57947788542504,0,0,1,0,1,0
5897,18,0.34,4.28,6.59,66.12,1.88,5.53,320.89,2.21,1,68.64,0,1,0,0,1,0
5898,17,1.25,1.25,5.9,85.53,1.8,3.45,304.56,1.56,1,62.86,0,1,0,0,1,0
5899,22,5.13,9.77,7.99,90.95,2.3,9.73,252.28,13.86,0,108.90147110109022,1,0,0,1,0,0
5900,23,3.19,8.37,5.72,90.45,3.37,5.24,269.32,7.35,2,92.92,1,0,0,0,1,0
5901,16,6.6,1.66,5.15,98.54,3.91,7.81,248.87,15.52,0,34.51,1,0,0,0,1,0
5902,24,0.58,5.04,5.55,62.34,3.33,2.9,307.34,2.66,1,62.5,0,1,0,0,0,1
5903,19,1.57,6.72,6.2,73.83,0.13,6.76,310.24,2.96,1,86.42,1,0,0,0,0,1
5904,19,2.4,2.72,5.07,79.06,4.48,3.81,280.43,6.11,1,49.07,1,0,0,0,1,0
5905,18,5.01,6.2,7.04,72.39,2.91,7.73,279.83,9.56,0,75.34,1,0,0,0,1,0
5906,21,5.48,5.8,8.42,72.39,4.6,6.52,280.58,11.77,0,67.53,1,0,0,0,1,0
5907,16,0.99,2.87,6.98,67.05,4.82,5.14,313.54,2.86,1,64.72,0,1,0,0,0,1
5908,21,7.55,2.27,6.23,92.52,2.34,13.26,242.36,17.54,0,30.79,0,0,1,0,1,0
5909,17,2.73,7.83,7.98,96.32,4.58,5.65,282.71,7.01,1,98.84,1,0,0,1,0,0
5910,24,5.71,3.9,7.74,63.29,1.83,9.59,245.96,14.83,0,48.39,1,0,0,0,0,1
5911,17,4.19,3.2,5.84,66.2,1.3,7.45,281.66,8.91,1,42.99,1,0,0,0,0,1
5912,22,1.78,7.64,7.02,69.14,0.37,7.65,300.15,0.92,1,88.09,1,0,0,1,0,0
5913,16,6.77,7.62,7.65,80.36,2.26,11.45,225.04,13.97,0,75.17366580523407,1,0,0,0,0,1
5914,22,6.55,3.49,5.23,91.65,3.44,7.77,242.17,13.98,0,31.03,0,1,0,0,0,1
5915,20,3.17,8.85,5.83,62.86,4.88,4.71,269.74,9.47,2,97.2093253150383,0,1,0,0,1,0
5916,23,4.71,7.19,4.53,85.47,2.61,8.06,261.63,11.69,2,71.88,0,1,0,1,0,0
5917,19,2.06,4.11,8.94,65.97,3.67,6.22,305.77,8.19,1,63.08,0,1,0,0,1,0
5918,22,5.52,4.85,4.43,98.86,4.48,7.97,268.35,12.58,0,61.69513525588835,0,1,0,0,0,1
5919,21,2.47,7.54,4.84,95.95,2.72,6.84,293.12,7.56,2,95.29891671278556,0,1,0,0,0,1
5920,20,6.75,2.9,6.4,97.98,0.83,10.63,252.38,14.96,0,32.47,0,1,0,0,0,1
5921,19,1.74,5.22,8.33,64.25,4.24,4.92,294.52,7.17,1,75.63,0,1,0,1,0,0
5922,22,0.12,6.88,5.78,79.52,2.87,4.03,335.57,5.49,1,87.82,0,1,0,0,0,1
5923,20,2.15,5.86,7.84,66.61,3.79,7.73,286.97,5.16,1,79.31,0,1,0,0,1,0
5924,20,1.53,6.47,7.38,84.01,3.29,3.75,293.55,4.62,1,100.0,1,0,0,0,0,1
5925,16,4.07,5.92,7.19,69.31,0.31,9.03,266.55,8.24,1,68.97,1,0,0,1,0,0
5926,17,1.63,2.79,8.23,90.83,0.85,2.69,292.97,7.13,1,72.31,0,1,0,0,0,1
5927,20,6.11,4.69,4.07,85.76,1.43,7.53,251.85,13.27,0,32.17,1,0,0,0,1,0
5928,18,1.93,5.79,8.65,82.86,1.42,7.68,309.36,6.7,1,94.57,1,0,0,1,0,0
5929,17,5.66,8.02,8.15,93.01,4.2,10.15,252.24,11.29,0,94.88876199950568,0,1,0,0,1,0
5930,19,4.63,6.89,8.69,80.01,2.99,8.8,267.55,10.89,1,86.78,1,0,0,1,0,0
5931,19,7.89,4.84,7.97,70.79,0.42,10.56,211.5,16.96,0,35.37,1,0,0,0,1,0
5932,19,8.0,9.77,8.39,84.83,1.94,9.92,224.96,14.81,0,81.3164115421336,1,0,0,1,0,0
5933,19,6.96,1.97,5.02,98.28,2.78,9.86,254.19,15.67,0,24.0,0,1,0,0,1,0
5934,18,6.08,2.86,5.6,84.05,1.26,10.07,261.17,12.44,0,21.28,1,0,0,1,0,0
5935,22,3.09,4.07,5.58,85.18,0.2,7.26,271.97,9.13,1,65.01,0,1,0,1,0,0
5936,24,6.03,3.06,4.55,97.39,1.9,7.88,243.26,11.01,0,34.03,1,0,0,0,0,1
5937,20,7.65,6.63,7.65,80.61,2.31,10.88,262.27,17.23,0,62.33484517656221,0,0,1,1,0,0
5938,19,0.19,1.36,4.68,99.85,4.52,4.02,321.9,1.91,1,57.52,1,0,0,0,0,1
5939,17,4.3,2.6,4.26,66.39,4.54,10.1,283.55,12.1,1,29.78,1,0,0,0,1,0
5940,17,1.74,3.64,7.88,81.48,2.5,5.49,315.06,5.69,1,77.34,0,1,0,0,1,0
5941,20,4.46,7.15,8.52,68.52,2.36,8.36,255.32,11.06,1,78.54,0,0,1,0,0,1
5942,22,3.73,8.88,7.82,78.13,3.2,8.56,282.48,8.4,1,101.49581283871468,1,0,0,0,0,1
5943,24,4.61,8.19,8.13,66.82,1.29,7.7,266.55,11.87,1,84.47,0,1,0,0,1,0
5944,22,4.41,2.64,6.98,68.9,1.43,7.33,284.5,10.85,1,46.06,1,0,0,0,1,0
5945,20,7.68,6.09,8.44,68.43,0.01,11.63,247.46,18.61,0,56.99,0,1,0,0,0,1
5946,21,4.42,1.27,6.48,72.8,0.39,9.34,258.64,11.25,1,48.63573880123111,0,1,0,1,0,0
5947,18,6.77,3.79,8.94,65.38,0.89,10.96,273.18,15.28,0,47.86,1,0,0,1,0,0
5948,20,2.56,8.25,4.52,92.37,3.2,4.49,290.97,4.06,2,91.22,0,1,0,0,1,0
5949,23,3.5,5.11,8.05,68.83,1.06,6.49,284.32,7.17,1,70.8,1,0,0,1,0,0
5950,16,3.76,2.35,7.21,76.66,0.62,7.32,248.36,8.35,1,55.02,0,1,0,1,0,0
5951,16,2.23,4.95,6.9,60.64,3.08,5.85,303.32,8.19,1,75.08,0,1,0,0,1,0
5952,22,3.04,2.78,7.63,64.2,3.26,5.74,261.98,4.94,1,56.49,0,0,1,0,0,1
5953,20,4.79,4.54,8.2,95.85,0.3,8.4,261.08,8.71,1,73.08,0,1,0,0,0,1
5954,20,4.64,5.39,8.31,93.49,3.86,9.0,258.79,11.32,1,67.13,1,0,0,0,0,1
5955,16,5.09,4.15,4.88,93.64,3.03,8.43,263.58,10.32,0,55.04,1,0,0,0,0,1
5956,24,2.81,9.43,4.99,76.45,1.99,6.07,288.07,6.49,2,86.2,1,0,0,0,0,1
5957,16,2.53,6.06,4.08,65.66,4.92,7.54,295.51,6.69,1,57.81,1,0,0,0,1,0
5958,20,4.89,8.59,4.66,64.32,0.05,9.67,273.78,10.91,2,66.45,1,0,0,0,1,0
5959,24,1.06,7.85,5.32,84.22,2.72,4.17,297.24,2.15,2,97.5,0,1,0,0,1,0
5960,19,2.02,6.95,7.61,93.13,0.8,8.0,293.72,5.17,1,96.01,1,0,0,1,0,0
5961,23,0.34,5.47,6.38,96.0,1.65,1.67,307.47,0.61,1,93.2,0,1,0,0,1,0
5962,21,0.58,1.02,7.79,71.55,0.67,3.21,303.83,-0.45,1,55.08,1,0,0,1,0,0
5963,18,1.95,6.52,6.43,72.84,3.34,3.13,315.93,5.7,1,94.47,1,0,0,0,0,1
5964,19,0.16,4.2,6.78,64.04,2.01,5.36,305.39,1.15,1,79.63,1,0,0,0,0,1
5965,17,1.96,2.06,4.56,90.98,4.93,6.74,288.26,7.22,1,58.53,1,0,0,1,0,0
5966,16,5.24,5.0,7.88,71.03,3.27,9.66,279.06,11.37,0,54.7,1,0,0,0,1,0
5967,23,0.49,7.62,7.79,79.24,4.59,2.56,312.85,4.09,1,100.0,1,0,0,0,1,0
5968,16,3.49,9.66,5.54,97.16,1.2,8.03,277.48,9.33,2,100.0,1,0,0,1,0,0
5969,16,7.3,4.37,5.64,90.09,1.59,10.08,236.41,13.84,0,45.951025318440784,0,1,0,0,0,1
5970,19,6.33,5.88,5.1,62.11,1.81,11.67,231.99,20.33,0,35.65,0,1,0,0,1,0
5971,21,2.44,8.66,8.07,60.33,4.19,4.44,281.5,5.04,1,97.82,1,0,0,0,1,0
5972,24,7.4,4.01,7.74,91.5,1.06,9.49,225.03,14.73,0,39.26,1,0,0,1,0,0
5973,16,2.64,2.28,7.05,82.1,4.73,8.44,298.74,7.2,1,62.3,0,1,0,0,0,1
5974,22,0.58,3.54,5.19,88.81,0.22,4.17,319.76,3.75,1,68.91,0,1,0,0,1,0
5975,20,7.95,9.09,4.86,66.27,4.45,11.18,218.3,14.61,2,49.10076783526781,0,1,0,1,0,0
5976,23,6.96,2.43,4.25,94.88,2.26,9.72,235.14,15.57,0,17.42,0,0,1,0,0,1
5977,22,3.73,3.96,4.23,90.93,2.63,8.89,283.03,6.67,1,49.74,1,0,0,1,0,0
5978,19,5.33,5.18,4.94,95.63,4.99,8.09,232.19,11.89,0,63.12,0,1,0,0,1,0
5979,19,5.37,8.62,4.5,73.64,4.35,8.15,258.58,14.38,2,75.8507557641847,0,1,0,0,0,1
5980,21,1.56,9.44,6.78,71.03,4.52,3.18,308.86,2.82,1,94.8,0,1,0,0,1,0
5981,21,1.6,4.83,5.79,66.07,2.93,5.2,291.62,6.78,1,71.91,0,1,0,0,0,1
5982,24,3.76,9.39,6.22,97.2,4.78,9.38,281.38,6.99,1,94.49,0,1,0,0,1,0
5983,20,7.29,2.45,6.97,67.07,3.44,13.08,232.67,16.23,0,31.28,1,0,0,0,1,0
5984,23,0.08,2.41,7.3,64.77,4.1,6.06,337.15,0.7,1,70.62,0,0,1,0,1,0
5985,20,6.26,9.54,7.24,67.71,3.6,9.63,239.65,18.02,0,81.2860491740655,0,1,0,0,1,0
5986,17,0.46,5.59,5.3,90.86,3.9,5.33,320.39,2.54,1,83.34,0,1,0,1,0,0
5987,21,3.83,2.67,8.05,95.58,3.19,7.59,259.34,8.24,1,73.69794160178546,0,1,0,0,1,0
5988,24,5.1,5.39,8.59,92.44,3.63,8.84,259.55,11.55,0,70.79,0,1,0,0,0,1
5989,18,5.49,8.05,5.58,82.53,2.18,10.52,262.27,13.51,2,77.6381595692176,0,1,0,0,0,1
5990,16,0.47,8.44,4.09,99.76,3.53,5.65,309.11,2.79,2,100.0,0,1,0,0,0,1
5991,16,3.35,8.78,8.5,62.75,1.38,4.45,291.0,4.87,1,94.71,0,1,0,1,0,0
5992,18,4.67,6.13,8.62,94.69,3.17,10.38,273.16,14.89,1,82.84,1,0,0,1,0,0
5993,20,0.53,8.8,4.25,77.11,2.62,5.64,315.08,5.79,2,99.2,1,0,0,1,0,0
5994,18,1.08,5.59,4.02,78.2,4.49,5.69,304.33,5.13,1,73.6,1,0,0,1,0,0
5995,24,5.31,6.46,8.08,65.1,3.37,10.57,225.44,13.81,0,70.12,0,1,0,1,0,0
5996,23,4.17,7.83,5.51,61.34,2.98,7.86,263.47,10.62,2,68.17,1,0,0,0,0,1
5997,18,1.29,4.83,8.57,72.67,1.57,6.16,315.53,4.1,1,92.5,0,0,1,0,0,1
5998,24,4.28,1.66,5.08,66.99,4.31,8.27,265.91,9.42,1,29.56,0,1,0,0,0,1
5999,21,7.3,4.15,8.31,79.33,0.27,11.01,236.92,19.64,0,44.66,0,1,0,0,1,0
6000,22,0.12,6.62,4.34,65.89,4.5,2.18,313.92,2.52,1,75.62,1,0,0,0,1,0
6001,19,5.14,2.73,5.3,65.52,3.26,10.38,244.05,10.24,0,36.86,0,1,0,0,1,0
6002,19,0.59,2.34,8.87,95.08,0.95,6.01,320.4,2.99,1,72.91,0,1,0,0,1,0
6003,17,0.05,3.64,5.16,96.85,4.51,5.91,307.12,4.01,1,70.12,1,0,0,0,0,1
6004,20,1.21,1.29,4.67,98.57,1.63,2.81,302.86,3.96,1,58.07,1,0,0,0,1,0
6005,23,3.38,7.69,8.29,87.22,0.84,5.84,283.08,9.05,1,87.67,0,1,0,0,0,1
6006,22,6.42,3.33,4.59,90.84,1.6,10.85,236.18,12.08,0,30.02,1,0,0,1,0,0
6007,22,2.25,2.12,4.49,93.43,4.81,7.53,308.7,7.78,1,43.76,1,0,0,0,0,1
6008,21,5.01,7.29,5.62,86.36,3.76,9.77,279.6,14.63,2,80.64374838057235,0,1,0,0,1,0
6009,18,3.29,8.59,7.18,73.21,4.58,6.57,272.42,5.21,1,94.26,1,0,0,0,1,0
6010,20,1.87,1.18,7.55,66.26,1.49,6.5,289.86,9.53,1,50.09,0,1,0,1,0,0
6011,16,4.11,3.1,8.41,69.49,0.41,5.47,266.29,9.56,1,50.57,0,1,0,1,0,0
6012,22,6.38,9.51,6.7,93.62,2.81,10.69,254.97,15.13,0,82.33889102711827,1,0,0,1,0,0
6013,24,6.66,4.47,5.97,87.84,2.42,7.7,244.94,11.94,0,36.31,0,1,0,0,1,0
6014,16,6.77,9.45,5.79,78.23,3.6,8.01,246.27,12.89,2,80.23293672767447,0,1,0,0,1,0
6015,17,2.71,3.47,8.23,61.18,2.71,7.5,300.63,7.06,1,59.71,0,1,0,1,0,0
6016,18,6.35,2.96,7.62,70.65,1.98,9.74,234.74,11.54,0,44.510472795178806,1,0,0,0,1,0
6017,18,1.7,2.93,8.53,89.16,0.02,3.0,304.63,3.42,1,75.28,1,0,0,0,1,0
6018,23,5.91,1.77,8.82,80.5,2.34,9.32,249.59,11.74,0,39.61,0,1,0,0,1,0
6019,22,7.59,9.07,5.5,77.42,0.6,8.9,233.22,17.2,2,74.5440163191856,1,0,0,1,0,0
6020,21,0.11,9.82,6.65,72.55,4.61,2.84,330.17,-4.51,1,100.0,0,1,0,0,0,1
6021,19,3.52,9.59,7.16,84.28,4.61,5.31,276.24,7.44,1,95.45,1,0,0,1,0,0
6022,24,5.18,8.67,4.82,98.66,4.02,7.28,250.87,9.47,2,87.11075186183972,0,1,0,0,1,0
6023,16,5.61,8.62,4.27,96.04,0.79,7.59,242.17,12.22,2,79.06147558487677,1,0,0,1,0,0
6024,17,1.41,6.95,8.34,61.22,0.74,4.27,320.62,8.96,1,96.02,0,0,1,0,1,0
6025,19,7.78,8.44,6.68,79.24,2.82,9.32,226.22,19.68,0,78.03631269156634,1,0,0,0,1,0
6026,18,4.92,2.88,6.85,73.18,3.64,8.56,247.28,10.67,1,37.27,0,1,0,0,0,1
6027,16,1.31,4.49,6.77,80.42,4.52,4.35,318.11,3.77,1,93.92673819838988,1,0,0,0,0,1
6028,20,0.16,6.77,7.77,84.25,4.47,5.36,300.98,1.24,1,104.5595001284411,0,1,0,0,0,1
6029,22,6.27,8.87,4.73,68.0,0.78,11.4,229.26,14.8,2,78.29973687729029,1,0,0,1,0,0
6030,17,0.64,6.94,7.07,91.26,4.98,5.76,309.16,5.31,1,97.96,0,1,0,0,1,0
6031,20,1.13,8.55,6.35,79.0,0.78,4.48,300.97,1.31,1,100.0,0,1,0,0,1,0
6032,21,4.6,5.27,8.48,99.68,4.2,7.05,267.92,13.56,1,80.82,0,1,0,0,0,1
6033,22,4.83,7.46,6.6,61.01,2.93,7.91,242.78,13.03,1,74.38,0,1,0,1,0,0
6034,16,5.5,9.82,8.71,67.59,3.39,9.94,257.26,14.96,0,97.2691821766491,1,0,0,1,0,0
6035,22,3.15,2.38,5.77,87.59,3.02,6.8,294.98,8.89,1,61.39,1,0,0,0,0,1
6036,19,6.19,9.34,8.83,87.81,4.35,10.31,235.9,12.63,0,90.97998742313231,1,0,0,1,0,0
6037,23,7.79,5.7,8.38,83.29,3.19,12.26,222.74,19.84,0,51.04,1,0,0,0,1,0
6038,19,2.17,6.79,6.92,98.88,4.24,7.76,285.94,6.5,1,96.01,1,0,0,0,1,0
6039,21,5.62,8.9,5.77,76.61,0.77,11.34,255.76,10.72,2,94.08490032596733,0,1,0,0,0,1
6040,24,7.43,4.69,5.88,76.68,4.33,12.63,220.09,17.62,0,39.63,0,1,0,1,0,0
6041,20,5.49,4.77,7.86,96.42,4.96,6.82,242.11,9.33,0,60.63,0,1,0,0,0,1
6042,19,5.45,5.74,6.9,81.54,3.31,11.35,253.09,12.64,0,62.4,0,1,0,0,0,1
6043,23,1.79,1.17,6.01,74.15,4.88,6.31,301.89,7.25,1,46.78,0,1,0,0,0,1
6044,24,4.28,5.47,7.18,88.76,1.1,8.75,270.14,10.56,1,86.62269469362559,0,1,0,0,0,1
6045,19,4.5,3.62,7.67,84.79,4.15,5.62,261.6,9.49,1,43.11,0,1,0,1,0,0
6046,18,5.6,9.35,4.11,72.26,0.85,9.0,259.48,15.24,2,72.48166819678505,0,1,0,0,0,1
6047,23,7.97,1.79,4.45,71.92,2.58,12.1,226.66,13.49,0,16.09,1,0,0,0,1,0
6048,20,0.27,5.13,4.47,75.82,3.32,2.66,305.07,3.98,1,74.92,0,1,0,1,0,0
6049,17,0.52,9.53,5.16,62.86,3.3,1.94,287.0,2.04,2,98.38,1,0,0,0,0,1
6050,24,0.62,9.11,6.13,97.7,3.35,4.28,317.78,2.93,1,100.0,1,0,0,1,0,0
6051,18,5.94,7.31,8.02,67.32,1.6,9.17,246.15,13.42,0,88.56823475015948,1,0,0,1,0,0
6052,17,1.09,6.3,5.76,67.75,4.87,2.31,295.82,4.07,1,79.32,0,1,0,0,1,0
6053,16,4.98,3.53,4.09,85.88,0.03,8.58,276.49,13.81,1,36.55,0,1,0,0,0,1
6054,23,2.6,4.3,6.42,88.97,3.1,4.14,304.95,5.5,1,76.43,0,1,0,0,0,1
6055,18,3.66,1.81,8.98,89.47,4.33,6.78,288.82,8.61,1,54.88,0,1,0,0,1,0
6056,22,1.73,8.07,5.75,75.0,4.46,4.08,301.5,5.85,2,87.05,0,1,0,1,0,0
6057,16,6.93,3.91,8.81,94.93,3.6,12.78,205.2,12.59,0,45.87,1,0,0,0,0,1
6058,16,4.69,7.01,4.51,81.76,2.87,5.86,275.47,9.77,2,65.26,1,0,0,1,0,0
6059,24,7.56,4.22,4.87,77.54,2.29,11.36,220.07,18.02,0,29.241658956380757,1,0,0,1,0,0
6060,23,4.6,5.18,7.62,92.42,2.25,6.36,259.21,9.09,1,78.64,0,1,0,0,1,0
6061,18,0.99,6.0,6.51,69.74,2.13,3.59,317.11,1.68,1,81.16,0,1,0,1,0,0
6062,21,1.37,8.22,7.83,94.41,3.5,3.29,323.88,3.4,1,100.0,1,0,0,1,0,0
6063,18,7.91,2.9,8.32,81.55,3.66,13.89,240.49,17.64,0,21.31,0,1,0,1,0,0
6064,19,5.8,4.59,5.26,96.0,2.57,6.96,252.13,11.69,0,53.95,1,0,0,0,0,1
6065,16,0.39,2.17,7.41,68.06,3.7,4.1,322.71,1.69,1,64.09,1,0,0,0,0,1
6066,20,5.63,1.68,7.04,97.44,2.64,9.67,241.38,16.4,0,43.8,0,1,0,0,1,0
6067,16,3.3,6.44,8.31,87.52,0.49,8.16,264.17,6.75,1,84.01,0,1,0,1,0,0
6068,16,2.46,2.7,6.15,84.73,4.26,6.59,301.28,8.65,1,59.27,0,1,0,0,0,1
6069,22,1.23,1.54,4.26,76.88,4.35,3.39,308.47,2.37,1,64.5449510737004,0,1,0,0,0,1
6070,21,6.72,9.07,6.87,98.25,1.33,10.71,224.88,16.09,0,82.29933696531636,0,1,0,0,1,0
6071,17,0.51,5.81,8.79,77.76,3.93,6.38,313.4,5.25,1,95.00230930140944,0,1,0,0,0,1
6072,17,2.32,2.21,4.07,79.94,2.56,7.56,298.33,10.32,1,50.07,0,1,0,0,1,0
6073,22,2.45,1.48,5.2,91.26,0.62,5.72,299.67,7.32,1,47.64,1,0,0,1,0,0
6074,16,1.29,2.08,5.58,71.39,1.99,4.68,310.8,3.48,1,63.12,1,0,0,1,0,0
6075,17,4.07,5.24,7.83,71.66,0.38,5.73,267.53,9.1,1,67.96,0,1,0,0,1,0
6076,23,0.09,7.02,5.62,91.01,3.93,3.94,310.44,5.94,2,96.16,1,0,0,0,0,1
6077,21,2.41,6.77,5.2,65.14,0.98,4.81,292.25,6.35,1,76.01,1,0,0,0,0,1
6078,17,7.47,2.3,7.24,92.92,0.82,9.01,238.38,13.09,0,36.29,1,0,0,1,0,0
6079,22,2.48,6.7,4.23,85.01,1.04,5.85,299.29,5.88,1,79.62,1,0,0,1,0,0
6080,19,2.88,4.64,4.85,81.56,1.13,4.11,301.24,5.56,1,55.41,0,1,0,1,0,0
6081,17,3.79,5.18,6.04,69.16,3.37,5.39,274.87,9.84,1,51.86,0,1,0,0,1,0
6082,21,4.49,8.21,5.78,91.45,3.19,6.59,255.02,7.59,2,80.4,1,0,0,0,1,0
6083,24,6.47,3.99,5.74,92.2,0.65,12.42,253.22,14.9,0,53.28105462541103,1,0,0,0,0,1
6084,24,1.52,2.32,4.54,79.32,3.62,6.56,302.59,5.99,1,53.5,1,0,0,1,0,0
6085,23,6.97,8.86,5.8,75.57,1.75,10.68,223.53,15.23,2,73.32025889415087,0,0,1,0,1,0
6086,18,6.06,2.91,7.99,69.85,2.29,8.22,253.52,13.38,0,42.56,1,0,0,0,1,0
6087,18,5.78,3.65,6.07,90.17,0.62,9.37,264.76,13.65,0,45.07,0,1,0,1,0,0
6088,17,0.69,7.36,6.93,85.58,3.54,4.93,315.55,3.93,1,93.23,0,1,0,1,0,0
6089,20,0.17,7.15,4.82,68.27,1.88,1.19,332.2,-1.0,2,77.42,0,1,0,0,1,0
6090,19,4.75,8.2,4.35,91.78,3.16,10.69,258.15,14.07,2,85.83,1,0,0,1,0,0
6091,22,6.91,2.65,8.4,95.29,2.14,11.04,229.8,14.81,0,31.15,1,0,0,0,1,0
6092,19,4.68,4.17,5.66,62.37,0.24,10.62,272.39,12.31,1,39.93,1,0,0,0,1,0
6093,24,1.71,2.13,5.75,90.9,3.52,5.06,295.95,2.67,1,76.58,1,0,0,0,1,0
6094,17,0.72,5.87,8.39,94.11,2.76,4.84,323.41,3.58,1,90.63,1,0,0,1,0,0
6095,21,5.6,3.63,7.54,99.66,2.17,8.91,254.51,13.24,0,52.52,1,0,0,0,0,1
6096,22,5.77,7.2,7.78,69.5,1.01,6.82,262.95,12.14,0,83.76639063942773,1,0,0,0,1,0
6097,19,1.38,1.0,7.41,74.84,3.12,6.63,309.75,3.82,1,62.26,0,1,0,0,1,0
6098,21,0.23,1.54,4.53,98.65,1.38,3.48,308.24,4.34,1,58.95,1,0,0,1,0,0
6099,22,3.27,4.89,8.79,63.76,2.15,6.62,260.84,9.38,1,79.28,1,0,0,0,0,1
6100,19,4.66,9.62,8.55,80.95,0.28,7.46,271.9,10.44,1,91.3,0,1,0,1,0,0
6101,23,5.65,9.02,5.18,80.27,3.88,8.81,257.85,12.58,2,86.44618757614101,0,1,0,1,0,0
6102,24,6.48,9.95,8.02,84.26,0.45,11.11,232.06,13.8,0,91.48471461465388,1,0,0,0,1,0
6103,16,4.88,4.75,6.05,73.23,4.45,9.38,269.43,10.76,1,48.71,0,1,0,1,0,0
6104,22,0.89,1.42,7.42,97.04,4.34,5.93,323.23,7.21,1,66.15,0,1,0,0,1,0
6105,24,5.46,3.75,4.83,70.8,4.86,11.33,247.41,13.14,0,45.74080602782107,0,1,0,1,0,0
6106,20,7.87,7.08,6.69,85.99,4.54,10.83,206.22,22.75,0,65.20994989330777,1,0,0,0,1,0
6107,17,7.24,2.22,4.63,79.84,4.86,9.93,242.83,13.51,0,22.18,1,0,0,0,1,0
6108,21,6.97,3.7,6.68,70.67,4.44,10.44,249.08,16.41,0,33.12,0,1,0,0,0,1
6109,22,2.42,1.51,5.22,67.55,0.56,4.19,283.62,6.18,1,37.64,0,1,0,0,1,0
6110,17,6.01,5.27,6.26,98.26,2.19,10.8,255.62,14.49,0,49.75,0,0,1,0,1,0
6111,17,6.81,2.88,7.34,82.45,0.38,10.72,241.6,12.39,0,39.67264923172958,1,0,0,0,0,1
6112,16,5.43,1.82,8.39,84.17,2.73,7.49,253.74,9.15,0,37.66,1,0,0,0,0,1
6113,19,2.0,4.7,4.83,91.32,2.65,7.32,301.81,7.05,1,70.71,0,1,0,0,0,1
6114,22,7.63,4.16,8.47,63.25,4.61,11.73,223.42,15.26,0,29.75,0,1,0,1,0,0
6115,24,3.61,5.84,5.95,88.55,4.85,4.78,265.67,10.22,1,68.41,0,1,0,0,0,1
6116,18,1.04,7.74,8.22,66.61,1.3,3.02,311.58,2.62,1,100.0,1,0,0,1,0,0
6117,22,0.88,2.01,6.56,89.62,2.91,6.34,312.12,5.0,1,62.92,0,1,0,0,1,0
6118,22,5.18,8.12,8.31,65.65,2.32,8.09,232.37,11.73,0,98.17959616190385,0,1,0,0,1,0
6119,22,3.5,1.24,7.31,93.3,2.73,9.42,266.19,9.82,1,53.66,0,1,0,0,0,1
6120,17,0.76,4.99,6.54,87.24,2.66,4.41,304.16,6.39,1,77.83,0,1,0,0,1,0
6121,21,5.92,6.29,5.56,75.44,4.57,7.96,254.21,15.03,0,53.19,1,0,0,0,1,0
6122,17,6.39,9.61,8.84,74.35,4.48,10.36,228.09,15.07,0,88.92901567090745,0,1,0,1,0,0
6123,21,5.8,6.17,8.0,65.96,0.61,7.31,247.2,13.7,0,59.22,1,0,0,0,0,1
6124,18,1.62,2.43,5.91,96.16,1.73,6.66,319.94,8.11,1,61.39,1,0,0,0,1,0
6125,17,5.52,5.66,4.83,64.74,3.76,9.66,254.43,11.91,0,49.76,0,1,0,1,0,0
6126,21,0.09,4.56,7.9,78.88,3.42,5.91,320.21,-0.02,1,80.4,1,0,0,0,1,0
6127,17,2.44,5.31,8.95,69.46,3.16,6.89,290.11,8.21,1,79.36,0,0,1,0,0,1
6128,20,3.19,2.77,5.39,99.85,4.97,4.44,291.54,9.5,1,54.65,0,0,1,0,1,0
6129,17,6.68,5.51,8.58,83.43,1.68,10.06,240.26,11.62,0,62.37,0,1,0,0,1,0
6130,18,3.12,2.35,4.63,65.98,2.58,6.78,280.36,6.86,1,36.94,0,1,0,0,1,0
6131,18,0.09,7.7,8.76,86.7,4.9,5.67,320.44,2.49,1,100.0,0,1,0,1,0,0
6132,21,2.82,6.35,7.73,99.66,3.48,5.98,299.42,5.26,1,100.96750195116708,1,0,0,0,1,0
6133,21,3.99,1.71,5.73,84.2,3.24,7.96,276.14,9.68,1,47.93,1,0,0,0,0,1
6134,18,7.59,9.01,5.52,78.3,0.77,9.52,229.49,13.92,2,73.36123534546846,1,0,0,0,1,0
6135,18,7.53,6.55,7.22,71.73,1.23,9.75,241.42,15.53,0,59.31,0,1,0,0,1,0
6136,16,1.45,3.84,6.97,63.68,1.89,5.19,297.38,6.17,1,66.86,0,1,0,0,0,1
6137,22,1.48,1.41,8.59,69.13,2.32,5.96,270.22,1.06,1,54.13,1,0,0,0,0,1
6138,23,1.31,6.69,7.83,82.14,2.49,4.49,308.76,2.11,1,100.0,1,0,0,1,0,0
6139,17,6.31,4.36,6.7,90.15,4.51,9.47,248.64,17.0,0,47.54,1,0,0,1,0,0
6140,19,0.05,9.17,8.64,95.12,0.54,2.33,313.18,-0.41,1,100.0,0,1,0,0,1,0
6141,22,1.02,1.31,6.96,91.75,1.24,5.51,305.07,-0.91,1,70.45,0,1,0,0,1,0
6142,23,4.3,1.35,8.25,65.02,0.72,5.33,280.98,9.46,1,35.15,0,1,0,1,0,0
6143,16,1.98,9.54,8.2,90.94,3.68,5.54,300.78,5.59,1,105.67409823069424,0,1,0,1,0,0
6144,19,0.74,9.68,8.6,83.26,4.85,1.76,325.87,2.29,1,100.0,0,1,0,0,0,1
6145,21,2.88,1.25,4.34,78.76,4.47,6.85,288.13,7.86,1,39.99,0,1,0,0,0,1
6146,18,2.19,7.44,6.92,82.91,3.62,3.34,292.18,7.5,1,89.83,0,1,0,0,1,0
6147,20,4.09,2.99,6.34,60.32,0.11,9.79,278.0,9.62,1,48.54,0,1,0,0,0,1
6148,24,7.83,7.31,6.45,62.71,1.74,11.22,229.72,17.17,0,58.99117082258619,0,1,0,0,1,0
6149,18,0.99,8.82,6.3,81.03,4.32,5.41,312.51,3.32,1,90.2,1,0,0,1,0,0
6150,20,2.98,1.91,8.19,66.94,3.27,8.25,281.94,9.95,1,61.89,0,1,0,0,1,0
6151,23,7.46,3.15,5.59,81.82,1.05,9.64,224.76,17.57,0,18.94,1,0,0,0,1,0
6152,21,7.01,1.22,6.31,74.17,2.33,10.71,230.54,16.61,0,20.67,1,0,0,0,0,1
6153,19,3.15,1.39,5.0,96.3,0.44,8.47,287.4,13.27,1,44.4,1,0,0,0,1,0
6154,23,5.59,1.27,5.26,97.99,2.6,9.28,259.41,14.13,0,37.9,1,0,0,0,0,1
6155,18,0.7,8.21,7.3,99.19,4.51,3.66,285.31,5.39,1,107.96060018848338,0,1,0,1,0,0
6156,18,5.7,3.68,4.58,95.96,0.19,8.54,244.27,11.05,0,44.92,1,0,0,0,0,1
6157,19,7.78,5.44,4.94,99.44,3.07,10.7,210.73,15.62,0,39.94,1,0,0,1,0,0
6158,24,4.3,8.09,6.64,88.25,1.17,8.38,263.42,14.6,1,81.06,1,0,0,0,1,0
6159,20,3.99,5.45,4.22,98.42,4.95,5.22,266.09,5.89,1,58.22,0,1,0,0,1,0
6160,23,1.5,4.86,4.63,85.67,0.33,4.58,303.48,6.08,1,67.79,0,1,0,1,0,0
6161,21,5.07,1.1,8.32,92.37,3.09,8.87,261.02,14.61,0,41.63,0,1,0,0,1,0
6162,18,4.72,6.11,8.23,65.28,1.28,9.65,284.66,14.26,1,73.22,1,0,0,1,0,0
6163,23,5.22,2.12,5.74,87.3,4.41,8.87,261.09,9.07,0,33.01,1,0,0,0,0,1
6164,24,0.21,7.88,5.74,97.24,0.61,5.84,323.87,2.53,2,100.0,0,1,0,0,0,1
6165,23,4.39,3.32,8.68,81.6,2.15,7.61,253.1,11.63,1,55.59,1,0,0,0,0,1
6166,19,4.76,7.07,4.13,67.47,0.93,9.01,259.53,13.13,2,57.59,1,0,0,1,0,0
6167,21,1.66,6.82,6.9,81.08,4.0,2.75,289.25,3.85,1,95.82,0,1,0,1,0,0
6168,16,1.67,6.55,6.99,88.28,1.76,3.86,305.95,3.04,1,99.56,1,0,0,0,1,0
6169,19,2.21,3.4,7.94,90.79,0.93,7.29,294.0,6.41,1,70.99,1,0,0,0,0,1
6170,23,5.69,3.4,8.76,80.95,3.63,9.62,248.3,12.11,0,54.99,0,1,0,0,1,0
6171,16,4.85,8.77,5.78,68.69,4.09,10.58,271.36,10.08,2,84.55462707331489,1,0,0,1,0,0
6172,18,6.77,1.12,6.19,97.07,2.31,11.53,236.07,15.32,0,24.12,0,1,0,0,1,0
6173,16,2.37,2.63,7.36,90.94,1.89,5.62,304.9,10.06,1,60.01,1,0,0,0,0,1
6174,24,7.3,6.49,8.84,70.83,3.16,12.19,245.61,16.49,0,63.83543599562162,1,0,0,0,1,0
6175,17,5.95,8.35,8.45,92.47,3.26,9.29,242.24,10.54,0,93.16342600609012,1,0,0,0,1,0
6176,24,3.16,4.23,7.34,73.91,3.3,5.81,293.21,6.93,1,64.08,0,1,0,1,0,0
6177,19,0.76,6.88,8.28,72.5,1.38,2.0,312.01,5.6,1,95.4,0,1,0,0,1,0
6178,17,2.06,6.01,4.43,94.52,4.71,7.39,291.34,3.6,1,79.08,0,1,0,0,0,1
6179,19,7.65,1.58,5.89,94.93,1.07,10.74,232.15,16.84,0,10.8,1,0,0,0,0,1
6180,21,2.48,6.6,4.07,75.94,1.87,6.91,274.37,8.65,1,68.12,0,1,0,0,1,0
6181,22,2.64,8.33,4.89,60.36,1.42,4.41,282.94,3.88,2,74.2,1,0,0,0,1,0
6182,18,1.52,9.93,7.15,67.46,4.66,6.66,305.94,5.99,1,100.0,0,1,0,1,0,0
6183,18,6.45,1.27,8.43,96.37,4.14,11.57,239.66,13.63,0,39.17983640389682,0,1,0,1,0,0
6184,23,2.21,6.94,7.16,95.95,4.06,5.62,304.26,3.67,1,97.99,0,1,0,0,1,0
6185,20,2.64,4.73,7.32,78.13,0.02,7.0,284.34,8.71,1,74.19,0,0,1,0,1,0
6186,19,3.31,1.09,4.52,72.16,3.43,6.92,281.49,12.07,1,28.72,1,0,0,0,1,0
6187,22,3.47,6.53,7.32,72.11,1.15,7.23,277.16,8.05,1,78.09,0,1,0,1,0,0
6188,22,3.29,2.1,6.27,95.89,4.84,8.73,265.24,10.46,1,56.65,0,1,0,0,0,1
6189,24,4.03,4.41,7.26,72.99,2.65,9.86,275.56,11.94,1,59.42,1,0,0,0,1,0
6190,24,6.52,3.35,5.63,80.46,2.82,9.36,244.93,14.81,0,27.02,0,1,0,0,1,0
6191,20,6.55,4.25,6.91,89.24,1.78,9.21,222.07,13.05,0,40.94,1,0,0,1,0,0
6192,23,6.39,5.43,6.12,68.38,2.68,8.91,218.62,12.01,0,37.34,1,0,0,0,0,1
6193,16,0.81,4.23,6.79,70.15,3.75,5.66,305.75,2.45,1,82.83,1,0,0,1,0,0
6194,24,6.4,5.97,4.74,74.32,2.81,11.01,255.51,14.75,0,36.05,1,0,0,0,1,0
6195,23,0.96,3.15,5.98,86.17,3.21,2.18,335.66,1.69,1,60.52,1,0,0,1,0,0
6196,21,1.0,6.72,5.87,92.7,2.36,2.44,289.79,0.42,1,94.49,1,0,0,0,0,1
6197,18,7.58,8.68,7.68,81.87,3.58,11.81,245.3,16.86,0,69.4991892402821,1,0,0,0,0,1
6198,18,6.56,3.02,7.53,65.32,4.5,8.93,252.9,13.03,0,28.44,1,0,0,0,0,1
6199,23,4.42,5.57,8.54,77.85,0.26,5.88,261.13,10.68,1,72.92,0,1,0,0,0,1
6200,20,7.0,6.84,7.16,65.11,0.54,10.07,254.83,14.75,0,53.19,0,1,0,0,0,1
6201,22,7.91,6.08,5.57,63.53,3.43,13.3,229.75,20.2,0,35.37,0,1,0,0,1,0
6202,20,4.89,4.29,7.92,83.58,1.89,7.72,259.05,11.65,1,64.44,1,0,0,1,0,0
6203,23,4.9,6.78,6.48,98.25,1.41,9.38,243.4,11.05,1,74.18,1,0,0,1,0,0
6204,19,6.04,1.25,4.97,93.5,0.89,11.54,248.54,14.5,0,22.3,0,1,0,0,0,1
6205,17,1.86,4.33,7.74,90.98,2.86,3.71,298.09,4.37,1,86.45,0,1,0,0,1,0
6206,18,1.34,5.79,4.66,89.08,1.74,5.39,326.31,5.04,1,88.95,0,1,0,0,1,0
6207,23,6.08,1.19,4.89,95.89,2.54,11.62,237.58,15.65,0,28.57,1,0,0,1,0,0
6208,22,2.76,5.57,7.79,90.11,4.79,4.73,278.02,5.6,1,78.12,1,0,0,1,0,0
6209,17,1.08,6.89,7.85,85.08,3.79,7.02,301.93,4.65,1,100.0,1,0,0,0,1,0
6210,21,2.52,7.83,7.95,74.59,3.98,5.35,316.32,6.68,1,95.95,0,1,0,1,0,0
6211,24,2.87,2.02,5.47,64.04,0.62,4.96,274.06,0.87,1,37.3,1,0,0,0,0,1
6212,19,7.72,9.92,8.33,78.44,1.62,12.91,240.44,19.14,0,91.99837826342196,0,1,0,0,1,0
6213,24,5.58,6.46,7.61,96.99,0.53,8.92,237.46,10.92,0,74.77,1,0,0,0,0,1
6214,17,4.25,4.27,8.17,83.32,4.84,8.6,273.32,10.1,1,71.58,0,1,0,0,0,1
6215,17,7.75,3.24,7.54,67.38,3.41,11.2,227.98,15.87,0,23.43,1,0,0,0,1,0
6216,24,7.23,6.16,6.9,85.96,0.1,11.45,226.24,18.07,0,44.18,0,1,0,0,1,0
6217,22,4.1,8.94,4.55,78.62,2.38,5.28,277.98,10.84,2,81.37,0,1,0,0,1,0
6218,22,7.25,5.69,7.55,97.26,1.32,10.0,225.0,15.65,0,53.23,0,0,1,1,0,0
6219,16,3.23,6.95,7.45,66.44,2.7,7.52,265.09,8.41,1,81.02,0,1,0,0,0,1
6220,21,1.84,4.22,5.56,88.48,0.89,4.59,294.8,4.98,1,75.06,0,1,0,0,0,1
6221,22,1.86,4.49,7.68,87.26,0.28,6.74,288.51,6.13,1,84.51,1,0,0,1,0,0
6222,21,5.3,3.58,6.75,99.34,1.62,11.1,258.99,15.5,0,51.81,1,0,0,1,0,0
6223,21,4.01,7.35,6.8,82.6,1.48,5.2,269.02,14.64,1,84.55,0,1,0,0,1,0
6224,17,5.27,4.23,5.84,94.86,3.58,10.55,272.4,12.84,0,48.76,1,0,0,0,1,0
6225,21,5.49,2.72,4.58,60.99,2.37,7.34,250.93,13.04,0,37.38919785636591,1,0,0,0,1,0
6226,19,0.18,4.32,5.08,64.92,1.46,5.77,320.6,1.46,1,67.51,0,1,0,1,0,0
6227,24,0.43,8.68,7.84,73.84,2.85,6.16,303.22,2.21,1,100.0,0,1,0,0,0,1
6228,16,4.26,7.64,5.36,84.77,0.36,8.11,264.61,8.4,2,85.78022709185892,0,1,0,1,0,0
6229,23,1.53,4.01,4.01,77.96,3.31,4.93,292.52,7.44,1,62.38,1,0,0,0,1,0
6230,20,5.06,9.16,8.99,68.11,0.74,9.85,271.13,13.92,0,108.56050529193644,0,1,0,0,0,1
6231,16,4.42,1.67,5.05,83.57,1.4,10.01,259.38,10.87,1,37.89,0,1,0,0,1,0
6232,19,4.69,1.45,7.28,82.67,1.41,6.85,257.22,10.89,1,48.5,1,0,0,0,0,1
6233,16,2.42,2.15,8.63,80.98,2.33,5.33,293.95,7.82,1,68.62,1,0,0,0,1,0
6234,21,5.12,2.05,7.0,63.62,4.77,8.21,251.42,14.18,0,43.33,0,1,0,0,0,1
6235,17,6.64,1.79,8.0,97.08,1.62,11.87,254.42,16.71,0,38.08,1,0,0,1,0,0
6236,20,7.98,6.95,8.88,83.69,1.41,9.66,243.82,16.98,0,62.88,0,1,0,1,0,0
6237,22,6.71,6.41,8.3,70.56,0.84,10.83,230.51,18.12,0,65.35,0,1,0,0,1,0
6238,17,4.46,6.83,6.79,87.5,1.96,7.21,274.94,8.09,1,76.99,1,0,0,1,0,0
6239,21,1.55,7.2,5.82,72.72,0.91,6.98,292.95,1.97,2,85.94,1,0,0,1,0,0
6240,21,5.45,7.81,6.41,80.23,0.69,8.15,251.03,14.76,0,94.7738533381644,0,1,0,0,1,0
6241,20,7.5,2.86,8.21,73.65,4.29,13.39,236.9,17.05,0,31.11,1,0,0,0,0,1
6242,20,1.69,6.6,8.27,95.22,0.26,2.77,301.12,6.59,1,100.0,1,0,0,0,0,1
6243,18,2.05,6.22,8.23,99.76,3.55,4.25,297.06,9.04,1,104.2268242331924,0,1,0,0,1,0
6244,17,1.19,9.49,6.99,66.45,1.01,4.48,316.7,7.73,1,100.0,1,0,0,0,1,0
6245,22,5.89,3.09,6.38,60.94,0.06,8.17,260.23,6.9,0,43.868019077710585,0,1,0,0,1,0
6246,16,3.25,1.53,5.56,68.77,3.98,7.94,281.51,10.45,1,42.07,0,0,1,0,0,1
6247,21,0.5,6.88,4.02,83.6,3.51,5.57,307.66,2.52,1,81.68,1,0,0,0,1,0
6248,21,7.0,7.66,7.82,66.96,1.67,11.49,236.01,14.94,0,74.92729168575147,0,1,0,0,1,0
6249,18,4.46,3.55,5.38,92.46,0.4,10.31,256.39,12.59,1,50.61,0,1,0,1,0,0
6250,17,2.65,6.14,5.65,76.35,1.8,5.93,296.06,5.69,1,71.82,0,1,0,0,1,0
6251,17,2.75,1.54,8.22,84.42,0.91,8.65,285.12,9.95,1,61.96,0,1,0,0,1,0
6252,24,2.32,9.64,4.26,78.22,4.66,3.94,281.1,8.09,2,92.73,0,1,0,0,1,0
6253,20,3.64,1.99,8.64,96.13,2.65,8.87,289.73,9.49,1,66.11,0,1,0,1,0,0
6254,22,2.7,1.61,4.01,61.41,4.82,3.89,287.46,6.71,1,32.64,1,0,0,0,1,0
6255,20,4.38,1.4,8.7,89.17,1.76,8.04,259.96,9.67,1,57.26,0,1,0,0,1,0
6256,22,6.19,4.85,6.27,86.09,2.78,9.61,257.15,15.03,0,53.66,1,0,0,0,1,0
6257,19,5.4,1.87,4.51,85.98,0.95,10.68,267.77,16.27,0,36.27580848364004,1,0,0,0,1,0
6258,23,2.36,7.7,7.37,76.56,4.04,6.86,272.81,7.79,1,88.07,0,1,0,0,0,1
6259,22,4.23,9.09,8.48,60.63,0.21,7.44,280.31,9.83,1,92.22,1,0,0,1,0,0
6260,20,6.72,3.34,6.19,87.57,3.48,12.2,240.94,18.8,0,37.48894728970433,0,1,0,0,0,1
6261,21,0.55,6.66,7.46,93.18,1.96,5.98,323.11,3.0,1,94.86,0,1,0,0,0,1
6262,20,0.63,1.38,8.9,63.41,2.89,1.75,311.76,1.06,1,63.28,1,0,0,0,1,0
6263,22,4.45,4.48,5.2,77.66,2.96,9.81,270.39,10.25,1,51.45,0,1,0,0,1,0
6264,17,5.11,3.64,8.1,66.5,3.55,8.74,255.64,8.9,0,45.73,1,0,0,0,1,0
6265,20,1.69,3.06,5.48,84.44,1.02,6.88,309.64,4.25,1,66.67,1,0,0,1,0,0
6266,18,5.96,6.8,6.13,91.42,2.66,7.87,241.77,12.99,0,58.65,0,0,1,0,0,1
6267,24,5.17,2.17,5.41,86.67,2.13,6.93,268.22,11.68,0,38.45,1,0,0,0,1,0
6268,21,7.39,8.75,6.23,72.72,1.41,12.0,233.11,15.15,0,71.43037118542614,1,0,0,0,1,0
6269,18,1.35,6.98,4.03,65.59,2.48,3.73,311.37,2.87,1,78.85,0,1,0,0,1,0
6270,22,6.01,7.4,5.52,91.77,4.76,9.8,237.79,10.13,2,68.88700543964221,0,1,0,1,0,0
6271,19,0.67,9.42,6.23,72.96,4.74,5.11,316.19,7.93,1,100.0,1,0,0,0,0,1
6272,18,4.52,9.48,7.16,60.89,1.39,8.57,271.09,14.0,1,83.84,0,1,0,1,0,0
6273,23,4.42,5.96,7.19,82.86,4.42,8.91,285.5,9.65,1,67.1,0,1,0,0,0,1
6274,19,3.11,5.46,6.92,69.87,4.38,7.21,289.66,8.55,1,69.83,0,1,0,0,1,0
6275,16,6.76,4.02,5.47,93.65,1.25,9.66,233.0,13.21,0,47.62,1,0,0,1,0,0
6276,21,0.03,7.44,8.74,65.73,2.99,1.48,313.34,2.83,1,100.0,0,1,0,0,1,0
6277,16,4.16,5.84,5.96,77.39,4.35,9.44,277.69,12.25,1,70.51,1,0,0,0,1,0
6278,20,1.74,9.4,5.08,70.13,2.57,6.97,293.72,3.47,2,90.11,0,1,0,1,0,0
6279,22,5.95,3.15,6.77,87.58,1.85,6.98,243.41,10.47,0,42.24,0,1,0,0,1,0
6280,21,0.34,3.79,7.74,81.94,3.25,5.54,307.33,3.14,1,72.89,0,1,0,0,0,1
6281,17,6.65,3.84,4.06,91.64,0.86,8.4,241.53,16.94,0,29.88,0,1,0,1,0,0
6282,19,6.7,8.25,5.38,78.34,0.81,9.36,241.79,13.97,2,63.42328580270417,1,0,0,0,0,1
6283,17,6.66,1.89,8.12,60.19,4.16,9.73,236.82,17.47,0,33.95,0,1,0,0,1,0
6284,16,1.22,5.1,6.54,68.61,0.21,5.62,322.31,5.26,1,83.23,0,1,0,0,0,1
6285,18,5.04,4.85,6.04,99.97,4.02,6.5,265.23,9.14,0,56.84,1,0,0,1,0,0
6286,18,0.11,1.66,8.65,76.21,1.45,5.24,336.26,1.95,1,65.03,1,0,0,0,0,1
6287,22,6.78,4.7,4.45,84.81,2.42,12.49,239.95,17.68,0,43.33531929963725,0,1,0,0,0,1
6288,16,5.78,5.62,7.08,96.2,2.72,11.54,243.31,16.12,0,67.56,0,1,0,1,0,0
6289,24,4.25,1.59,5.71,60.82,3.84,5.71,259.05,11.09,1,38.31,0,0,1,1,0,0
6290,21,5.84,5.59,4.35,86.38,4.42,11.44,248.69,14.91,0,51.8,1,0,0,0,0,1
6291,19,0.75,9.63,5.07,71.54,4.02,4.59,318.53,4.31,2,100.0,0,1,0,0,1,0
6292,18,4.23,9.81,7.14,71.17,2.86,8.86,266.27,15.29,1,93.51,0,1,0,1,0,0
6293,18,2.33,5.79,4.14,68.99,1.74,7.98,300.61,12.3,1,62.66,0,1,0,0,1,0
6294,17,7.78,5.64,6.96,92.91,2.63,12.08,240.67,17.8,0,42.08,0,1,0,0,0,1
6295,17,6.86,3.57,8.78,74.92,0.15,10.14,229.61,11.82,0,37.68,1,0,0,0,1,0
6296,20,5.87,9.97,7.98,62.68,1.22,9.5,238.57,13.81,0,85.98125443995445,1,0,0,1,0,0
6297,24,7.47,3.47,5.73,63.87,1.83,11.89,239.84,17.38,0,34.8062127420094,0,1,0,0,1,0
6298,17,2.77,5.08,4.69,65.94,1.6,8.49,289.45,5.88,1,67.76,1,0,0,1,0,0
6299,17,7.21,1.03,6.33,95.96,0.48,12.66,236.73,17.39,0,22.09,0,1,0,0,1,0
6300,21,2.6,4.14,5.96,77.1,0.25,6.49,295.77,5.06,1,79.56374058148394,0,1,0,0,1,0
6301,17,5.86,1.64,8.86,96.64,2.1,7.92,234.42,13.5,0,55.26147337819102,0,1,0,1,0,0
6302,19,5.89,7.69,8.95,92.7,0.37,8.62,253.73,14.33,0,97.048027705426,0,1,0,0,0,1
6303,21,0.15,6.05,6.05,93.52,1.43,2.96,320.0,2.76,1,80.53,1,0,0,0,0,1
6304,20,2.89,6.15,4.74,71.47,2.37,5.34,289.94,8.98,1,71.54,0,1,0,1,0,0
6305,16,0.16,3.58,8.55,70.85,1.05,4.89,308.53,3.62,1,73.62,0,1,0,0,0,1
6306,21,7.98,8.33,7.97,82.4,0.4,13.16,225.05,20.13,0,73.3513809618865,1,0,0,0,0,1
6307,16,0.98,1.03,6.56,76.72,2.16,3.58,303.4,5.84,1,69.40200609024025,1,0,0,0,1,0
6308,18,4.34,4.0,5.83,80.36,2.24,9.57,278.36,10.41,1,54.87,1,0,0,0,0,1
6309,20,6.32,6.94,6.24,62.13,4.58,10.99,243.29,14.69,0,55.63,1,0,0,0,1,0
6310,20,1.61,9.17,8.51,98.86,0.64,4.82,294.68,4.11,1,100.0,0,1,0,0,0,1
6311,21,3.88,3.11,4.92,62.33,3.07,8.37,263.53,8.51,1,44.95,1,0,0,1,0,0
6312,23,4.86,5.87,8.03,67.15,1.6,9.71,270.41,11.55,1,75.42,1,0,0,0,0,1
6313,20,1.28,5.84,4.09,87.13,0.62,5.09,314.45,6.13,1,79.7,1,0,0,1,0,0
6314,16,6.23,8.87,8.6,66.22,1.97,9.45,264.47,15.52,0,86.27600852257646,1,0,0,1,0,0
6315,20,2.39,1.45,6.5,64.27,2.14,3.9,288.1,2.15,1,37.7,0,1,0,1,0,0
6316,18,1.69,4.82,5.13,66.14,1.82,2.7,289.59,7.32,1,72.0,1,0,0,0,0,1
6317,19,4.47,2.64,4.01,62.48,3.83,10.16,265.1,13.48,1,27.82,0,1,0,0,0,1
6318,23,3.28,1.19,6.8,70.05,4.2,5.62,273.66,8.19,1,42.49,0,1,0,0,1,0
6319,22,7.36,2.32,5.22,70.84,0.74,11.67,225.39,14.11,0,25.97862134521885,0,1,0,0,1,0
6320,20,7.04,9.79,7.16,79.94,0.84,12.76,240.26,14.57,0,72.4343111181051,1,0,0,0,1,0
6321,17,3.87,2.93,5.41,77.55,2.11,8.96,284.48,13.29,1,49.59,0,1,0,1,0,0
6322,21,2.87,9.42,4.44,78.95,1.6,4.48,289.69,8.55,2,89.5,1,0,0,0,1,0
6323,21,2.6,2.85,6.53,84.64,4.1,7.61,289.93,9.96,1,63.74,0,1,0,1,0,0
6324,21,2.14,9.38,6.82,69.24,4.98,6.77,302.53,6.33,1,94.88,1,0,0,0,0,1
6325,24,4.36,6.89,6.26,65.39,0.91,7.01,265.41,12.66,1,73.35,0,1,0,0,0,1
6326,23,6.44,2.02,6.29,95.16,3.81,10.89,257.22,12.37,0,34.67,1,0,0,0,0,1
6327,23,2.49,6.24,6.95,85.36,3.04,7.62,320.11,5.08,1,79.44,1,0,0,0,1,0
6328,16,1.52,3.87,6.63,62.43,3.22,3.98,295.46,6.29,1,62.87,0,1,0,1,0,0
6329,20,3.8,4.45,4.66,98.44,1.32,9.15,286.49,8.44,1,57.35,0,1,0,1,0,0
6330,22,0.55,4.96,4.99,87.72,0.49,1.94,325.51,1.72,1,86.12341094711448,1,0,0,0,0,1
6331,21,5.61,4.8,4.71,66.07,2.72,9.25,257.95,9.49,0,43.11,1,0,0,1,0,0
6332,20,4.15,6.98,7.47,98.77,3.07,6.32,283.06,3.7,1,73.75,1,0,0,0,1,0
6333,23,3.97,7.92,6.64,74.62,4.82,8.61,275.91,8.22,1,78.98,0,1,0,0,1,0
6334,18,2.4,3.96,6.15,99.38,3.38,4.27,297.69,4.98,1,78.91931545123872,1,0,0,0,0,1
6335,21,7.24,9.32,7.99,64.13,2.22,9.95,233.94,13.99,0,89.71594547107017,0,1,0,1,0,0
6336,20,0.72,9.45,5.63,66.4,4.97,2.36,312.76,3.5,2,100.0,1,0,0,0,1,0
6337,23,6.96,1.37,6.84,86.3,1.87,12.02,242.84,18.47,0,23.85,1,0,0,0,0,1
6338,19,3.01,1.13,4.37,60.89,0.81,4.67,288.09,8.07,1,32.99,0,1,0,0,1,0
6339,23,7.04,4.83,7.72,60.75,3.09,11.66,225.05,14.08,0,33.91,1,0,0,1,0,0
6340,17,5.83,6.32,7.48,91.68,1.33,10.37,255.13,14.98,0,54.06,1,0,0,1,0,0
6341,24,0.83,3.5,8.01,66.71,4.61,2.54,307.58,0.06,1,69.56,1,0,0,0,1,0
6342,24,6.65,3.33,8.42,96.75,2.14,10.48,234.64,18.94,0,53.4,0,1,0,1,0,0
6343,21,5.46,7.11,7.79,77.04,0.75,8.94,264.18,12.76,0,84.69406212344583,0,1,0,0,1,0
6344,19,0.26,6.42,8.22,94.95,0.71,4.23,307.54,0.79,1,95.87,1,0,0,0,0,1
6345,19,1.07,2.5,5.73,76.71,3.25,6.76,304.45,5.09,1,68.28,0,1,0,0,1,0
6346,21,5.09,8.96,5.72,81.21,1.83,6.49,248.26,11.22,2,96.95588425758596,0,1,0,0,1,0
6347,20,5.3,7.12,8.72,72.66,1.82,10.4,252.38,14.57,0,79.92379793807024,0,0,1,0,1,0
6348,21,5.97,4.26,8.57,86.32,3.06,11.28,272.29,10.82,0,56.3,0,1,0,0,1,0
6349,22,5.76,7.15,6.74,72.73,1.11,7.39,243.23,10.94,0,72.81413259196971,0,0,1,1,0,0
6350,22,5.28,2.01,5.83,68.93,0.73,9.56,255.13,13.66,0,32.02,0,1,0,0,0,1
6351,24,6.13,5.21,8.33,63.24,3.29,10.64,260.36,16.07,0,50.92,0,1,0,0,1,0
6352,23,4.6,2.52,5.62,62.31,0.03,8.34,269.19,17.61,1,50.52,1,0,0,0,0,1
6353,21,2.09,1.37,4.77,72.24,4.54,5.6,293.53,8.69,1,50.01024548801893,1,0,0,0,0,1
6354,21,7.3,4.04,7.2,89.46,0.91,9.89,225.47,14.52,0,41.93,1,0,0,1,0,0
6355,20,0.15,2.36,4.21,68.22,2.24,4.6,324.94,6.07,1,52.19,1,0,0,0,0,1
6356,16,2.93,6.7,5.9,71.97,1.06,5.36,281.6,8.23,1,78.30971871968734,1,0,0,1,0,0
6357,24,5.83,7.07,8.04,96.21,1.09,9.13,271.79,16.04,0,90.6042830436516,0,1,0,0,1,0
6358,24,3.42,2.34,5.48,85.57,4.18,8.71,276.13,10.42,1,41.62,0,1,0,0,1,0
6359,24,0.2,1.22,8.66,96.79,2.93,1.65,334.5,4.0,1,79.83,0,1,0,0,0,1
6360,23,0.53,8.14,8.78,96.45,1.56,4.17,322.42,5.05,1,100.0,1,0,0,0,0,1
6361,18,5.19,1.02,8.08,62.54,1.26,8.62,266.41,13.2,0,30.67,0,1,0,0,0,1
6362,16,7.72,4.1,8.94,98.2,1.06,10.61,225.78,16.01,0,46.09,0,1,0,0,0,1
6363,23,4.41,5.45,6.65,62.05,2.77,8.4,262.49,9.93,1,64.52,0,1,0,0,0,1
6364,22,4.05,8.37,6.85,97.02,3.65,5.13,268.8,6.74,1,91.79,0,1,0,1,0,0
6365,20,2.55,8.55,8.18,81.87,1.27,6.01,299.85,6.68,1,92.18,0,1,0,1,0,0
6366,22,2.05,7.52,6.46,81.33,1.66,5.48,300.64,8.03,1,90.33,1,0,0,0,0,1
6367,19,0.17,3.22,6.03,88.53,3.6,3.75,299.3,3.29,1,75.29,0,1,0,0,0,1
6368,24,2.18,7.48,7.07,95.17,3.69,4.24,280.95,3.84,1,83.6,1,0,0,0,0,1
6369,17,3.59,3.22,7.29,84.68,1.04,5.63,275.57,10.14,1,60.97,1,0,0,0,1,0
6370,24,1.58,2.93,7.75,77.02,1.91,5.82,306.4,2.93,1,68.54,0,1,0,1,0,0
6371,24,0.7,5.92,7.34,64.48,4.35,2.16,309.31,2.79,1,96.48295168679678,1,0,0,0,1,0
6372,20,5.74,7.11,7.73,91.57,3.7,8.27,246.09,15.53,0,82.145737593733,0,1,0,0,0,1
6373,16,7.16,1.48,7.37,65.13,0.81,12.31,224.24,14.54,0,16.8,1,0,0,0,1,0
6374,22,7.49,1.54,6.4,89.05,1.93,9.01,239.25,16.08,0,24.7,0,0,1,1,0,0
6375,19,4.94,8.06,4.67,81.12,4.87,8.28,261.72,10.15,2,64.93,1,0,0,0,1,0
6376,24,0.42,8.74,7.93,75.43,2.63,4.76,331.76,6.27,1,107.74359614792426,1,0,0,1,0,0
6377,21,5.93,6.44,4.15,84.52,3.6,7.64,235.84,17.21,0,62.09376857918334,0,1,0,0,1,0
6378,18,0.88,4.86,8.96,90.89,0.46,3.44,316.35,4.15,1,89.65,0,1,0,1,0,0
6379,21,5.36,8.61,8.14,97.65,4.16,9.15,261.16,14.37,0,90.74864135271156,1,0,0,1,0,0
6380,21,6.23,7.56,7.35,70.59,3.02,8.87,253.71,16.51,0,72.77650229711739,0,1,0,1,0,0
6381,20,5.81,6.22,8.83,97.89,0.88,7.36,258.55,13.92,0,73.35,0,1,0,0,0,1
6382,17,7.62,3.88,7.06,98.44,1.9,9.78,223.49,14.67,0,29.51,0,1,0,0,1,0
6383,17,5.91,2.78,4.28,92.55,0.42,7.46,247.27,11.71,0,33.26,1,0,0,1,0,0
6384,22,5.55,4.77,6.8,95.26,3.89,11.47,255.06,13.16,0,56.93,0,1,0,1,0,0
6385,17,2.09,3.58,5.39,87.7,3.72,4.27,284.89,1.8,1,66.17,1,0,0,0,1,0
6386,21,7.4,4.05,5.85,61.56,2.45,11.05,241.52,18.58,0,29.16,0,1,0,0,0,1
6387,20,1.44,5.64,6.3,83.0,2.26,4.58,277.97,1.95,1,86.84433834585664,0,1,0,0,1,0
6388,19,7.24,2.52,7.87,89.89,2.32,11.09,221.5,18.06,0,32.01,1,0,0,0,0,1
6389,22,2.5,8.26,6.51,97.67,0.19,5.99,273.22,5.29,1,92.36,0,1,0,0,1,0
6390,23,1.04,2.31,6.37,82.82,1.84,5.68,318.52,3.96,1,64.43,1,0,0,0,0,1
6391,19,6.61,5.33,5.51,91.77,0.64,11.98,242.84,17.02,0,46.3,0,1,0,0,0,1
6392,16,0.02,7.71,6.7,88.2,0.92,2.45,314.43,4.31,1,100.0,0,1,0,0,1,0
6393,16,6.66,5.37,5.24,71.23,4.81,8.58,241.04,16.02,0,37.19,0,1,0,1,0,0
6394,16,2.1,4.25,5.3,66.19,1.31,8.02,297.44,6.92,1,64.9,1,0,0,1,0,0
6395,16,7.08,5.27,7.79,90.04,2.42,12.41,222.64,16.76,0,53.42,1,0,0,0,0,1
6396,20,5.53,8.64,5.71,69.35,4.44,8.35,255.1,10.12,2,81.97759524875624,1,0,0,1,0,0
6397,19,5.33,9.91,4.26,69.79,2.07,10.8,269.93,14.67,2,80.82326882583749,0,1,0,1,0,0
6398,24,2.92,6.68,5.72,85.76,2.64,7.27,300.61,7.85,1,74.64,1,0,0,0,0,1
6399,18,0.48,8.14,7.19,91.56,0.84,3.67,322.77,0.69,1,100.0,1,0,0,0,1,0
6400,22,6.64,1.13,8.07,83.29,1.43,12.01,242.9,17.52,0,21.79,1,0,0,0,0,1
6401,23,1.37,8.92,8.81,95.4,2.53,5.75,312.81,7.77,1,100.0,1,0,0,1,0,0
6402,21,2.98,9.59,7.73,68.46,1.82,8.11,291.3,8.17,1,100.0,1,0,0,0,0,1
6403,16,4.8,6.18,6.14,70.1,0.19,7.89,251.16,10.02,1,67.13,0,1,0,0,0,1
6404,23,3.86,7.78,5.5,85.48,2.0,8.85,264.54,9.06,2,81.19,1,0,0,1,0,0
6405,18,1.59,5.61,4.65,93.17,4.08,4.42,307.27,5.4,1,80.49,0,1,0,0,1,0
6406,23,1.12,3.58,7.14,81.57,0.58,5.8,299.87,2.2,1,86.85,1,0,0,0,1,0
6407,19,0.99,8.67,6.55,60.42,0.09,4.17,297.87,3.72,1,101.856997033466,0,1,0,1,0,0
6408,23,6.9,6.37,7.39,87.08,0.59,9.93,250.09,14.5,0,52.36,0,1,0,0,1,0
6409,16,0.25,6.21,5.19,92.54,3.43,5.23,317.63,4.0,1,85.36,0,1,0,0,1,0
6410,18,7.82,6.93,5.62,71.06,3.97,9.45,225.51,17.62,0,34.92,0,1,0,1,0,0
6411,21,1.59,8.7,5.46,62.17,0.24,7.23,288.89,3.75,2,87.51,0,1,0,0,0,1
6412,24,0.88,7.59,7.99,80.72,4.44,4.42,304.95,4.87,1,100.0,1,0,0,0,0,1
6413,17,4.62,2.9,4.86,61.69,3.14,8.8,261.13,12.25,1,28.86,1,0,0,0,0,1
6414,16,0.64,5.2,7.04,76.64,2.59,3.67,303.27,2.41,1,78.24,1,0,0,0,1,0
6415,18,4.82,9.82,4.26,60.71,1.27,9.05,250.01,10.89,2,67.17,1,0,0,0,0,1
6416,19,6.81,5.99,6.75,69.0,1.86,11.36,255.76,15.05,0,48.8,0,1,0,0,0,1
6417,20,0.38,9.44,4.32,75.55,4.73,5.72,329.53,3.09,2,92.56,1,0,0,0,1,0
6418,18,6.4,8.32,4.88,64.47,4.56,11.67,242.15,13.57,2,73.71950645907941,0,1,0,1,0,0
6419,17,3.16,6.99,4.57,64.57,3.13,5.95,268.8,6.35,1,70.61,1,0,0,0,1,0
6420,17,1.28,4.14,5.73,93.08,2.89,5.36,287.39,5.01,1,71.27,0,1,0,0,1,0
6421,22,1.41,3.74,5.72,61.66,1.05,6.31,298.56,4.13,1,70.07,0,1,0,0,1,0
6422,24,7.35,6.79,8.13,87.56,4.77,12.17,209.26,18.87,0,58.82,0,1,0,0,0,1
6423,17,0.88,4.89,5.13,92.58,3.78,6.33,304.91,4.22,1,69.86,0,1,0,1,0,0
6424,22,6.93,8.19,4.43,65.23,1.91,12.09,216.63,15.49,2,69.29297260492706,0,1,0,0,0,1
6425,22,4.35,7.84,7.02,67.81,4.08,8.94,266.86,11.66,1,86.12,0,1,0,0,1,0
6426,22,0.31,3.81,7.44,85.66,1.06,5.05,318.24,2.18,1,76.99,1,0,0,0,1,0
6427,18,3.72,7.32,5.47,72.63,1.07,8.76,273.49,8.4,2,65.0,1,0,0,0,0,1
6428,22,6.54,5.45,7.01,79.06,3.95,11.73,263.24,15.0,0,55.62,0,1,0,0,1,0
6429,16,5.81,3.91,7.88,93.44,2.8,8.57,248.22,8.92,0,62.88,0,1,0,0,1,0
6430,16,3.91,4.72,5.74,65.52,2.78,8.82,290.38,6.33,1,50.07,1,0,0,1,0,0
6431,20,6.88,9.06,6.63,84.79,2.87,12.63,240.4,14.79,0,81.23614785301312,0,1,0,1,0,0
6432,17,0.96,4.24,4.73,97.7,0.63,3.12,328.61,0.61,1,71.97,1,0,0,1,0,0
6433,24,7.28,3.59,4.12,62.3,1.75,8.52,215.08,16.48,0,7.76,0,1,0,1,0,0
6434,22,6.77,4.17,8.91,62.4,2.87,8.13,227.94,16.74,0,54.56,1,0,0,0,1,0
6435,19,5.67,2.93,5.5,82.19,1.24,7.75,249.09,13.03,0,36.98,1,0,0,1,0,0
6436,19,6.54,5.9,5.39,98.4,2.52,12.14,257.55,12.09,0,53.24,1,0,0,0,0,1
6437,17,4.35,2.33,8.87,68.82,2.79,5.98,265.41,6.7,1,53.75,1,0,0,0,1,0
6438,20,5.4,8.36,7.64,73.23,4.71,10.14,248.4,13.87,0,85.22850359584294,0,1,0,0,0,1
6439,19,4.48,3.03,6.93,63.95,1.23,9.82,272.31,11.29,1,43.54,0,1,0,0,1,0
6440,16,2.84,6.38,7.5,74.49,2.2,8.23,294.98,4.66,1,84.20124617763622,1,0,0,0,1,0
6441,23,4.55,2.13,7.55,61.77,4.91,7.63,257.73,8.93,1,36.21,1,0,0,0,1,0
6442,18,2.06,9.81,7.82,75.56,0.93,5.54,288.39,3.71,1,100.0,0,1,0,1,0,0
6443,21,3.52,5.09,4.34,82.22,3.9,6.14,294.71,11.26,1,66.12,1,0,0,1,0,0
6444,19,2.25,8.4,6.06,99.0,0.89,3.99,305.49,6.78,1,100.0,0,1,0,0,0,1
6445,24,0.98,7.92,5.48,92.74,4.25,3.04,323.4,2.42,2,93.88,0,1,0,0,1,0
6446,22,2.57,7.42,4.35,92.88,2.44,4.24,298.57,6.43,2,80.58,1,0,0,0,1,0
6447,24,6.82,8.45,6.06,69.13,4.86,9.86,229.62,15.45,0,86.83543012308219,0,1,0,0,0,1
6448,18,3.05,1.9,7.08,63.49,0.85,4.9,283.07,7.18,1,44.12,1,0,0,0,0,1
6449,16,5.98,7.11,4.89,84.12,3.44,9.0,237.63,17.12,2,55.46555865204475,0,1,0,1,0,0
6450,20,1.4,3.39,5.53,80.85,3.48,6.66,312.96,8.25,1,69.66,0,1,0,0,1,0
6451,18,3.4,8.07,7.2,80.66,3.59,7.67,273.77,11.98,1,93.14,1,0,0,0,0,1
6452,21,0.92,9.61,6.9,64.36,0.5,5.23,291.84,4.66,1,90.36,1,0,0,1,0,0
6453,23,1.11,9.11,8.34,79.76,1.44,6.17,307.82,4.07,1,100.0,0,1,0,0,1,0
6454,19,4.94,2.03,7.96,66.01,1.69,6.15,271.97,8.0,1,36.22,0,1,0,0,0,1
6455,20,4.86,4.33,8.83,76.88,1.62,9.83,247.91,10.21,1,55.84,0,1,0,0,1,0
6456,20,1.71,4.28,6.99,62.49,3.38,3.69,298.23,6.44,1,71.47,0,1,0,0,1,0
6457,19,3.8,2.1,7.49,94.28,0.27,6.53,268.85,6.42,1,50.25,1,0,0,1,0,0
6458,19,6.91,1.88,8.3,60.53,3.65,9.45,246.99,14.73,0,17.46,1,0,0,0,0,1
6459,19,1.39,4.46,8.2,97.57,2.63,2.92,282.85,0.77,1,91.09,0,1,0,0,0,1
6460,19,0.15,9.93,7.59,94.52,0.86,2.02,329.55,1.04,1,100.0,0,1,0,0,1,0
6461,19,5.22,6.12,6.5,90.1,1.13,11.0,250.31,11.21,0,57.31,1,0,0,1,0,0
6462,20,0.43,6.6,5.37,99.3,0.49,4.43,313.24,4.19,1,83.27,1,0,0,0,1,0
6463,17,7.84,5.24,8.39,62.15,2.3,11.21,234.51,16.88,0,42.07,1,0,0,0,1,0
6464,17,4.88,6.96,7.88,85.66,2.97,9.67,276.23,10.54,1,80.06,1,0,0,1,0,0
6465,24,3.76,9.61,8.19,93.97,2.9,8.83,275.39,8.14,1,90.8,0,1,0,1,0,0
6466,17,3.44,6.3,4.7,65.06,4.81,4.99,271.47,7.92,1,57.04,1,0,0,1,0,0
6467,21,4.58,1.59,5.57,83.39,1.48,9.28,259.72,11.61,1,44.340667240606464,0,0,1,0,0,1
6468,17,0.72,5.44,6.12,75.76,3.81,6.38,323.02,3.17,1,80.74,1,0,0,0,1,0
6469,20,7.44,9.93,8.19,77.43,3.62,11.37,221.88,16.21,0,85.64692184282163,0,1,0,1,0,0
6470,19,5.01,4.49,8.46,96.5,0.31,9.08,263.17,11.07,0,70.32,0,1,0,0,0,1
6471,22,1.47,6.34,5.42,81.55,4.65,6.82,302.43,1.26,1,82.02,0,1,0,0,1,0
6472,22,4.5,1.96,7.43,63.73,4.66,8.9,273.59,11.12,1,42.4,1,0,0,0,1,0
6473,21,1.07,2.27,4.39,97.49,1.98,7.05,307.5,2.02,1,61.24,0,1,0,0,1,0
6474,20,0.14,8.87,6.05,67.41,2.09,2.55,313.98,-0.29,1,94.74,0,1,0,0,1,0
6475,16,5.04,3.7,6.43,95.71,4.1,10.27,254.48,13.34,0,46.45,1,0,0,0,1,0
6476,18,5.19,3.75,7.83,98.84,2.48,9.25,252.49,11.93,0,61.31,0,1,0,0,1,0
6477,24,4.67,4.48,8.46,95.11,4.0,7.5,250.17,13.81,1,60.82,0,1,0,0,1,0
6478,16,1.47,9.7,5.69,87.09,0.18,6.89,307.42,4.06,2,100.0,0,1,0,0,1,0
6479,20,4.83,1.76,6.64,89.74,1.25,10.81,264.14,11.83,1,51.35731037863557,0,1,0,0,1,0
6480,17,0.45,8.37,7.24,87.99,0.46,1.74,299.94,1.87,1,100.0,0,1,0,0,1,0
6481,19,4.87,4.07,5.64,78.42,2.27,10.5,257.5,12.48,1,54.27,1,0,0,0,1,0
6482,16,4.43,8.65,8.93,70.98,4.27,6.45,264.08,11.97,1,88.58,1,0,0,0,1,0
6483,18,5.24,9.93,8.38,71.4,2.85,7.27,251.27,12.78,0,94.1620785973486,0,1,0,0,0,1
6484,22,7.16,4.14,5.48,89.25,2.6,8.37,232.88,17.7,0,40.95,0,1,0,0,0,1
6485,18,6.8,2.16,6.54,85.04,1.83,12.41,237.33,13.17,0,27.17,1,0,0,0,1,0
6486,19,7.85,2.3,5.15,83.4,0.32,12.65,234.74,19.67,0,16.84,0,1,0,0,1,0
6487,17,7.81,7.83,6.57,86.1,3.83,9.08,226.23,14.29,0,63.58502101473407,0,1,0,1,0,0
6488,18,6.18,2.3,7.42,90.99,2.85,10.35,251.78,15.33,0,40.65,1,0,0,0,0,1
6489,24,7.65,3.34,4.43,89.93,4.65,9.25,214.29,15.61,0,21.31,0,1,0,1,0,0
6490,18,6.94,2.84,8.35,64.22,2.16,11.7,226.1,14.88,0,37.53,0,1,0,0,0,1
6491,20,5.82,4.2,6.97,74.52,2.01,8.87,236.42,15.51,0,47.7,0,1,0,0,1,0
6492,17,0.6,1.67,8.95,70.56,4.87,1.86,308.84,-1.52,1,64.4,1,0,0,0,0,1
6493,19,0.39,8.71,4.13,81.53,0.71,5.54,315.88,6.98,2,94.02,0,1,0,0,0,1
6494,22,6.7,8.74,8.16,62.46,1.26,10.56,256.28,16.59,0,66.40890685518984,0,1,0,0,1,0
6495,22,3.92,4.72,7.96,90.5,2.44,8.78,264.66,10.61,1,76.85,0,1,0,0,0,1
6496,18,6.52,6.51,4.66,64.26,2.62,10.89,250.25,14.93,0,36.15,1,0,0,1,0,0
6497,20,2.5,6.78,5.68,70.86,2.74,5.67,281.68,5.84,1,73.43,0,1,0,0,1,0
6498,16,3.18,7.74,8.42,91.31,1.06,7.67,282.08,9.54,1,93.91,0,1,0,0,1,0
6499,16,5.6,5.69,6.59,62.06,4.63,6.67,251.28,8.95,0,53.86,1,0,0,0,1,0
6500,20,7.32,5.59,6.01,86.41,3.52,10.02,222.92,9.84,0,52.0,1,0,0,0,1,0
6501,24,0.7,6.68,8.53,96.98,1.29,5.59,303.14,4.02,1,100.0,0,1,0,0,1,0
6502,16,6.89,7.33,4.47,84.71,1.47,11.71,253.29,14.7,2,53.12237558519502,0,1,0,0,1,0
6503,16,6.34,4.12,6.37,88.51,4.4,11.78,238.59,13.57,0,40.4,1,0,0,0,1,0
6504,19,2.52,3.97,7.26,91.69,1.9,6.58,299.75,3.92,1,65.37,1,0,0,1,0,0
6505,19,2.84,3.43,7.04,68.89,2.78,8.55,292.71,10.94,1,53.34,0,1,0,0,0,1
6506,17,0.37,5.94,5.32,83.24,0.6,4.16,309.45,6.28,1,78.49,0,1,0,0,0,1
6507,24,0.13,4.24,6.82,72.36,1.26,3.63,318.41,1.91,1,80.88,0,1,0,0,1,0
6508,24,3.82,5.86,7.54,69.98,2.08,5.81,275.37,8.32,1,70.15,0,1,0,0,1,0
6509,17,0.76,4.65,6.92,67.7,3.28,5.65,315.75,4.81,1,73.99,1,0,0,1,0,0
6510,24,1.55,8.53,7.42,83.42,1.4,6.01,297.35,6.06,1,100.0,0,1,0,0,1,0
6511,21,6.77,1.66,5.28,91.78,4.75,10.07,223.69,14.15,0,18.69,1,0,0,0,1,0
6512,23,4.57,6.15,8.16,95.04,1.1,6.01,258.16,12.29,1,78.16,1,0,0,1,0,0
6513,19,5.07,6.18,6.25,77.14,3.89,6.7,270.82,13.22,0,63.62,0,1,0,0,1,0
6514,17,1.5,4.45,8.94,74.92,1.82,3.07,301.69,5.27,1,98.56,0,1,0,0,1,0
6515,17,6.63,4.79,4.12,87.49,4.17,9.51,236.23,18.26,0,41.94,1,0,0,1,0,0
6516,24,6.94,8.2,5.9,91.21,4.62,8.73,221.97,16.32,2,86.22150347669266,0,1,0,0,1,0
6517,16,4.19,3.53,4.9,70.13,0.94,9.49,282.09,9.72,1,44.81,1,0,0,1,0,0
6518,22,7.3,8.84,6.78,71.89,2.46,12.8,230.33,17.51,0,77.5436291586779,0,0,1,1,0,0
6519,18,6.76,9.07,5.22,81.34,0.77,12.04,249.75,18.04,2,73.2716006264419,0,1,0,0,1,0
6520,18,5.85,6.86,7.69,77.78,3.53,9.89,256.62,11.62,0,58.01,0,1,0,1,0,0
6521,17,5.87,7.96,8.41,88.23,4.16,9.85,257.51,13.18,0,74.81053211663998,0,1,0,0,0,1
6522,21,0.84,6.52,5.05,80.18,1.95,6.29,326.51,1.24,1,76.21,1,0,0,1,0,0
6523,17,2.17,5.73,4.8,64.46,1.98,5.2,295.17,9.88,1,72.74,1,0,0,0,1,0
6524,19,0.53,9.7,8.38,66.64,1.02,1.84,312.31,2.53,1,100.0,1,0,0,1,0,0
6525,24,0.07,3.54,5.81,96.08,1.53,3.42,334.8,3.01,1,77.16,1,0,0,0,0,1
6526,24,1.27,2.39,6.17,69.1,1.62,5.04,313.1,1.41,1,68.41,0,1,0,0,0,1
6527,21,7.04,3.59,5.1,62.0,0.78,10.79,228.47,18.18,0,16.77,1,0,0,1,0,0
6528,19,1.92,6.53,6.13,89.26,1.55,3.72,307.39,5.36,1,97.54,1,0,0,0,0,1
6529,22,7.76,2.67,5.16,87.36,4.54,12.68,242.03,14.38,0,13.82,1,0,0,0,1,0
6530,16,4.78,9.18,7.33,84.0,1.63,9.44,239.64,12.8,1,87.67,0,1,0,0,1,0
6531,19,1.9,4.7,6.49,80.09,1.37,4.05,284.76,2.92,1,72.55,1,0,0,0,1,0
6532,20,3.98,8.65,7.94,98.78,1.92,7.74,264.14,9.95,1,98.6,1,0,0,0,0,1
6533,23,1.75,3.24,5.56,64.79,4.8,6.7,306.23,7.48,1,60.68,1,0,0,1,0,0
6534,17,7.87,3.82,6.53,80.41,3.82,8.91,233.45,16.65,0,32.99,1,0,0,0,0,1
6535,20,6.78,1.53,5.3,82.56,1.01,9.16,243.84,11.06,0,24.84,1,0,0,0,0,1
6536,21,0.21,3.32,8.67,60.9,3.76,3.57,326.24,2.63,1,80.58,1,0,0,1,0,0
6537,20,7.58,5.41,6.61,76.48,3.83,12.81,217.96,19.48,0,43.86,1,0,0,0,1,0
6538,24,5.77,9.52,4.87,91.31,4.75,10.76,238.7,13.63,2,88.44221913863129,1,0,0,0,0,1
6539,16,0.66,4.5,5.36,78.84,4.46,2.41,324.61,3.23,1,68.78,0,1,0,0,1,0
6540,18,5.37,6.76,4.41,95.01,0.48,8.68,256.6,13.46,0,60.93,0,1,0,0,1,0
6541,17,5.18,4.85,4.14,85.79,2.27,7.7,269.93,7.58,0,49.39,0,1,0,0,0,1
6542,18,1.75,1.42,6.63,90.64,3.51,4.76,292.01,7.51,1,56.4,1,0,0,0,1,0
6543,24,6.07,5.53,5.69,92.18,4.87,9.77,236.6,12.87,0,59.3,1,0,0,0,1,0
6544,24,0.7,1.59,8.82,87.58,0.43,4.2,298.89,1.7,1,69.25,0,0,1,0,0,1
6545,17,3.92,8.95,4.86,89.98,1.84,5.63,280.97,7.31,2,85.58,0,1,0,0,0,1
6546,18,0.08,7.78,7.97,87.81,2.46,1.69,330.36,3.43,1,97.27,0,1,0,0,0,1
6547,19,7.75,4.41,5.58,82.02,2.07,9.4,232.42,19.27,0,28.42,0,1,0,1,0,0
6548,24,6.01,6.76,5.12,82.66,2.28,11.22,243.05,15.57,0,60.68,0,1,0,0,0,1
6549,18,1.27,2.01,8.85,67.6,1.85,2.37,311.13,2.13,1,71.98,1,0,0,0,0,1
6550,22,2.73,7.32,8.01,93.1,4.85,4.74,293.34,12.28,1,99.02,0,1,0,0,1,0
6551,18,1.28,8.4,7.15,72.49,4.02,7.06,284.39,5.41,1,107.35658642326676,1,0,0,0,0,1
6552,22,6.13,8.4,7.49,81.43,3.68,7.46,242.94,11.62,0,81.00688054657846,1,0,0,0,1,0
6553,22,0.47,3.56,8.96,69.98,2.05,1.65,317.15,3.58,1,77.03,0,1,0,0,0,1
6554,24,6.72,3.37,6.97,87.83,4.41,9.66,250.44,14.67,0,49.55180566271498,1,0,0,0,1,0
6555,17,7.54,5.69,4.51,99.01,0.47,9.3,228.67,20.14,0,41.78,0,1,0,0,1,0
6556,21,5.41,9.71,4.32,92.08,0.72,9.24,256.57,11.04,2,90.99947300321696,0,1,0,0,0,1
6557,24,1.7,9.28,7.33,84.76,4.77,4.39,298.93,4.38,1,98.19,1,0,0,0,0,1
6558,17,2.88,4.24,7.29,82.7,2.83,4.92,288.09,9.85,1,70.49,1,0,0,0,1,0
6559,17,3.82,8.02,7.74,79.59,0.8,9.81,260.47,11.61,1,79.63,0,1,0,0,0,1
6560,20,4.84,9.29,4.54,68.2,4.75,7.55,255.87,10.44,2,76.51,0,1,0,0,0,1
6561,23,5.35,3.35,8.72,73.92,4.87,9.56,233.49,10.96,0,56.57,0,1,0,1,0,0
6562,24,4.43,8.47,6.76,76.26,4.41,9.8,262.42,9.27,1,70.67,0,1,0,0,1,0
6563,17,2.81,3.41,7.25,97.78,1.19,8.42,291.24,5.84,1,70.87,0,0,1,0,0,1
6564,20,7.13,4.09,4.17,77.02,1.39,10.18,226.52,17.73,0,27.62,1,0,0,0,1,0
6565,22,0.65,2.79,8.8,83.45,2.03,6.53,309.68,5.81,1,77.81,0,1,0,0,1,0
6566,21,3.73,5.56,6.81,96.9,2.9,8.35,279.15,10.81,1,69.1,1,0,0,0,0,1
6567,21,6.2,8.59,6.82,80.74,4.96,10.12,272.83,12.15,0,86.2284535059149,0,1,0,0,1,0
6568,22,0.49,5.75,8.72,70.06,4.78,4.96,313.3,2.63,1,83.42,0,1,0,0,0,1
6569,18,5.64,2.11,8.65,75.24,4.61,8.44,259.51,13.33,0,46.49,1,0,0,1,0,0
6570,18,6.56,3.27,5.1,75.02,0.45,9.68,239.41,17.2,0,31.09,1,0,0,0,0,1
6571,24,5.29,6.07,8.66,88.59,3.79,9.22,260.08,13.27,0,71.65,1,0,0,1,0,0
6572,23,0.1,6.25,7.68,71.84,4.38,2.73,318.52,1.78,1,91.83,1,0,0,0,0,1
6573,20,1.44,6.19,4.09,89.21,1.67,6.28,298.5,3.44,1,77.07,1,0,0,1,0,0
6574,21,2.74,1.69,5.2,95.57,1.1,5.0,285.09,8.41,1,47.75,0,1,0,0,1,0
6575,16,1.87,7.78,6.06,73.44,3.74,6.85,310.03,5.67,1,98.66,1,0,0,0,0,1
6576,16,7.7,9.18,6.91,65.41,0.45,9.46,230.49,13.46,0,77.61448622135464,0,0,1,0,0,1
6577,19,5.21,5.59,7.51,85.54,4.7,7.3,245.51,9.7,0,59.97,0,1,0,1,0,0
6578,17,2.38,7.47,5.05,74.43,0.78,7.15,287.2,8.51,2,76.91,1,0,0,0,1,0
6579,22,7.44,9.23,8.18,81.36,2.29,9.76,221.8,17.47,0,87.8880107864721,1,0,0,0,1,0
6580,17,5.92,6.78,8.23,85.37,4.91,10.9,258.23,8.97,0,70.71,0,1,0,1,0,0
6581,17,2.28,7.07,7.17,76.31,4.94,7.2,285.05,6.84,1,86.44,1,0,0,0,1,0
6582,20,3.03,7.49,8.61,96.99,3.88,5.32,292.26,4.62,1,100.0,0,1,0,0,1,0
6583,19,1.6,3.34,8.06,75.98,4.2,2.97,310.57,4.68,1,90.5729966696167,1,0,0,0,0,1
6584,23,7.77,6.24,5.11,72.29,4.84,9.6,228.2,17.63,0,45.27,0,1,0,0,0,1
6585,19,4.14,8.58,7.99,95.43,4.64,8.9,275.76,8.51,1,109.35113458757286,1,0,0,1,0,0
6586,21,7.17,3.67,8.77,65.45,3.11,12.4,228.95,16.97,0,30.44,0,1,0,0,0,1
6587,20,2.77,9.07,4.69,64.97,3.67,5.69,295.25,8.67,2,82.51,0,1,0,0,0,1
6588,17,6.89,6.58,8.89,97.43,2.97,8.71,224.92,16.74,0,64.63,0,1,0,0,1,0
6589,23,0.43,4.81,4.12,68.36,2.53,1.81,310.21,-0.14,1,60.79,1,0,0,0,0,1
6590,17,7.86,6.61,6.61,65.94,4.4,9.94,222.6,18.92,0,48.85,1,0,0,0,1,0
6591,24,7.3,4.62,7.87,81.41,3.69,13.2,242.26,18.07,0,54.13994317199656,1,0,0,0,1,0
6592,24,2.91,8.54,7.95,61.87,4.3,4.76,302.13,5.76,1,83.73,1,0,0,1,0,0
6593,18,6.2,5.34,7.67,84.8,0.48,7.63,241.05,12.93,0,70.25,0,1,0,0,1,0
6594,19,6.02,9.11,6.65,78.12,2.88,10.95,246.79,16.11,0,75.73059509409367,0,1,0,0,0,1
6595,23,7.21,5.59,7.25,85.62,1.65,11.29,221.67,18.03,0,47.74,1,0,0,1,0,0
6596,24,2.46,6.94,7.5,71.36,2.57,6.13,289.65,8.57,1,85.77,0,1,0,0,1,0
6597,18,3.72,9.98,6.47,96.22,3.06,6.96,286.37,7.71,1,94.62,0,0,1,0,1,0
6598,20,6.92,2.32,6.98,70.82,4.23,11.43,219.0,16.54,0,29.43,1,0,0,0,0,1
6599,23,6.23,7.63,8.23,85.5,0.16,10.72,245.42,14.23,0,83.32331470514173,0,1,0,0,1,0
6600,18,3.15,2.25,5.56,97.8,0.82,6.27,289.38,8.28,1,58.01,0,1,0,1,0,0
6601,22,6.77,8.55,6.62,76.03,4.61,8.94,239.33,13.61,0,74.72744722134433,1,0,0,0,1,0
6602,23,0.38,6.37,4.04,66.46,4.84,5.59,313.55,6.54,1,61.33,0,1,0,1,0,0
6603,18,6.26,9.44,7.44,62.74,0.28,8.08,253.64,13.39,0,75.03151613002322,0,1,0,1,0,0
6604,17,1.65,8.79,4.98,98.52,1.66,5.32,292.11,4.86,2,100.0,0,1,0,1,0,0
6605,22,2.29,1.67,6.41,90.55,0.05,6.75,284.73,7.7,1,57.91,1,0,0,0,1,0
6606,24,3.95,2.24,5.05,96.76,3.79,8.14,254.14,12.21,1,41.84,1,0,0,0,1,0
6607,16,3.6,6.41,4.12,87.95,3.41,7.69,280.05,9.34,1,64.32,0,1,0,0,1,0
6608,18,4.16,5.66,6.42,73.7,2.82,8.47,272.29,9.85,1,64.34,0,1,0,0,0,1
6609,20,4.36,2.52,6.12,64.92,3.46,9.74,261.95,13.19,1,30.74,0,1,0,0,1,0
6610,18,2.65,2.16,6.13,97.17,2.69,5.48,279.26,10.2,1,69.36,1,0,0,1,0,0
6611,16,1.4,6.08,5.04,79.58,1.19,5.54,302.73,7.71,1,77.3,0,1,0,0,0,1
6612,22,6.15,1.44,8.74,75.86,3.77,10.63,247.16,12.57,0,36.01,0,1,0,0,0,1
6613,22,3.2,8.86,4.02,83.11,3.92,7.15,269.62,9.92,2,91.08,1,0,0,0,0,1
6614,23,4.05,8.26,8.46,64.26,4.27,9.57,251.94,10.72,1,85.46,1,0,0,0,0,1
6615,20,5.16,8.07,7.68,72.37,4.77,9.43,240.83,15.0,0,87.27859947932926,0,0,1,0,1,0
6616,20,7.28,1.14,4.86,85.52,3.74,10.4,218.1,19.79,0,7.87,1,0,0,0,1,0
6617,20,5.66,1.43,6.36,64.0,0.27,10.89,240.02,9.19,0,23.55,0,1,0,0,0,1
6618,16,0.36,5.95,8.94,65.41,0.1,3.81,314.84,2.47,1,86.03,0,1,0,0,0,1
6619,20,6.71,9.95,7.22,80.42,3.7,10.36,240.33,14.33,0,98.8662391738036,0,1,0,0,1,0
6620,21,7.91,4.08,4.64,84.94,0.28,11.82,223.4,16.35,0,20.69,0,1,0,1,0,0
6621,16,3.78,4.1,6.29,67.48,1.58,6.39,278.23,7.02,1,51.59,1,0,0,1,0,0
6622,22,7.76,2.21,6.34,61.32,0.68,12.37,230.89,16.93,0,9.48,1,0,0,0,1,0
6623,16,4.38,7.07,8.01,98.33,4.84,5.87,270.74,8.93,1,87.54,1,0,0,0,0,1
6624,17,3.68,6.82,8.58,61.1,1.58,9.02,276.73,9.33,1,82.36,0,1,0,0,1,0
6625,17,2.65,1.91,4.41,60.08,0.28,7.42,277.64,3.64,1,33.90105782588603,1,0,0,0,1,0
6626,20,5.26,5.21,5.57,72.93,4.75,8.03,243.53,12.16,0,51.63,1,0,0,1,0,0
6627,22,1.84,7.0,5.49,68.9,3.04,3.97,292.3,6.86,1,86.15,0,1,0,1,0,0
6628,16,0.84,5.44,8.98,82.94,0.18,3.78,321.27,2.03,1,98.93,1,0,0,0,0,1
6629,16,0.22,7.07,6.8,95.77,4.17,5.25,340.8,-0.33,1,92.03,0,1,0,1,0,0
6630,16,2.34,8.35,8.4,79.24,0.76,3.5,297.49,5.45,1,94.71,0,1,0,0,0,1
6631,21,3.17,7.17,6.13,90.93,4.01,6.51,285.54,10.13,1,86.74,1,0,0,0,0,1
6632,17,4.42,6.55,7.61,96.37,3.01,6.69,277.63,10.29,1,79.76,1,0,0,0,0,1
6633,16,2.34,8.68,5.43,67.58,0.89,7.71,307.05,5.91,2,93.81,0,1,0,0,1,0
6634,21,7.87,9.11,8.56,79.53,3.76,10.94,216.34,15.18,0,79.5003496762435,0,1,0,0,1,0
6635,17,2.33,4.5,6.28,85.68,2.27,6.82,321.07,8.32,1,72.11,0,0,1,0,0,1
6636,21,3.53,2.56,8.02,73.28,3.19,6.32,293.52,7.99,1,55.83,1,0,0,0,0,1
6637,23,0.83,8.36,5.28,89.59,4.35,3.48,296.38,1.95,2,95.86,1,0,0,0,0,1
6638,17,2.09,2.92,7.47,88.21,1.3,4.72,284.94,4.28,1,67.67,0,1,0,0,0,1
6639,24,0.39,9.36,6.03,76.84,1.83,4.78,343.49,3.41,1,100.0,0,1,0,0,1,0
6640,23,4.48,1.21,4.16,63.52,4.99,10.3,276.61,12.1,1,31.1,0,1,0,0,1,0
6641,16,6.01,9.29,6.07,60.46,2.54,8.05,241.91,13.15,0,64.26385639555645,0,1,0,0,0,1
6642,22,1.57,6.3,6.75,74.77,2.79,5.79,301.95,3.32,1,86.2,0,1,0,0,1,0
6643,21,2.94,7.97,4.76,63.28,1.43,5.27,292.26,4.99,2,76.79,0,1,0,1,0,0
6644,21,0.13,4.59,4.92,91.26,2.08,3.88,327.33,0.83,1,71.49,1,0,0,0,0,1
6645,21,6.72,9.93,6.32,73.37,2.51,10.43,253.04,15.88,0,85.16115671708592,0,1,0,0,1,0
6646,21,6.24,3.05,5.71,86.64,1.29,9.49,247.54,15.2,0,33.75,1,0,0,1,0,0
6647,22,0.51,3.38,6.2,73.86,1.19,4.0,316.68,5.7,1,73.03,0,1,0,0,0,1
6648,18,2.92,1.46,6.3,91.84,3.0,8.32,281.32,6.87,1,49.42,0,1,0,0,0,1
6649,21,7.64,9.46,4.7,95.54,0.92,9.08,219.03,17.45,2,79.16808324027427,0,1,0,1,0,0
6650,18,3.14,5.1,4.91,93.5,2.77,8.29,272.57,5.42,1,71.06,1,0,0,0,0,1
6651,22,4.21,7.07,8.24,79.38,3.53,7.52,268.04,10.78,1,79.24,0,1,0,1,0,0
6652,22,2.84,7.19,4.81,63.36,0.99,5.51,289.36,3.99,2,70.97,0,0,1,1,0,0
6653,23,4.77,8.87,7.33,74.87,3.73,6.66,248.21,8.03,1,78.63,1,0,0,0,1,0
6654,17,7.83,6.98,6.09,76.98,1.8,12.9,246.5,19.7,0,43.49,1,0,0,0,1,0
6655,24,7.98,6.06,8.84,98.41,4.96,11.94,217.28,18.25,0,55.98,0,1,0,0,0,1
6656,20,6.2,7.39,4.33,82.62,4.9,10.84,237.03,14.09,2,60.60899595033513,1,0,0,1,0,0
6657,24,3.23,7.76,8.15,85.63,3.99,5.8,280.96,4.96,1,92.74,1,0,0,1,0,0
6658,20,3.96,2.67,6.46,91.28,1.71,6.92,248.78,10.14,1,56.05,0,1,0,1,0,0
6659,22,2.85,1.99,4.03,82.73,4.69,8.42,289.42,8.66,1,33.3,1,0,0,0,0,1
6660,24,7.88,1.67,5.32,83.94,4.99,13.69,215.54,20.11,0,8.98,1,0,0,1,0,0
6661,19,5.66,4.37,6.04,69.81,2.31,10.36,232.86,10.2,0,57.16,1,0,0,1,0,0
6662,17,3.59,5.48,5.57,62.35,3.07,8.34,278.35,10.8,1,59.24,1,0,0,0,1,0
6663,24,0.1,6.54,5.81,88.86,0.03,4.57,320.22,1.35,1,94.77,1,0,0,0,1,0
6664,17,4.16,9.62,8.58,93.95,0.22,8.1,289.53,10.87,1,100.0,1,0,0,0,0,1
6665,18,7.87,3.98,5.8,76.48,2.5,11.85,227.36,17.6,0,24.22,0,1,0,0,0,1
6666,17,4.18,7.85,6.09,81.96,3.05,10.0,271.56,9.57,1,83.62,1,0,0,0,0,1
6667,18,1.46,5.78,7.81,72.29,1.56,6.21,302.89,4.47,1,95.06,1,0,0,0,1,0
6668,21,0.18,2.98,7.97,78.01,0.5,4.46,292.06,0.75,1,68.55,1,0,0,0,1,0
6669,18,2.84,6.54,4.42,68.36,3.91,4.79,286.69,5.6,1,62.37,0,0,1,1,0,0
6670,23,7.35,9.7,7.52,90.4,2.09,13.24,231.32,15.83,0,81.90289977910561,0,1,0,1,0,0
6671,21,7.97,2.12,6.41,79.68,3.24,11.57,222.91,18.54,0,12.87,0,1,0,1,0,0
6672,22,7.56,5.57,4.67,81.89,3.25,13.28,220.94,16.26,0,40.78,0,1,0,0,0,1
6673,16,5.84,1.46,5.32,61.48,2.73,10.41,255.57,15.08,0,20.41,0,1,0,1,0,0
6674,18,4.47,3.89,4.23,84.9,0.89,5.67,256.59,16.07,1,52.75,0,1,0,0,1,0
6675,18,4.73,6.59,5.8,68.11,3.08,8.42,270.29,10.79,1,57.43,1,0,0,1,0,0
6676,17,4.31,8.57,5.28,75.34,1.61,9.77,272.16,8.19,2,82.17102272768523,0,1,0,0,0,1
6677,22,5.66,7.57,5.91,76.51,4.1,6.92,266.1,16.16,2,77.28852241285136,1,0,0,1,0,0
6678,24,3.35,5.17,6.9,77.95,0.97,8.68,275.16,10.06,1,71.23,1,0,0,0,1,0
6679,19,5.35,9.18,7.66,69.1,1.46,9.42,269.17,12.47,0,102.20503096870242,0,1,0,1,0,0
6680,20,0.97,3.72,7.03,94.0,2.2,2.19,310.48,1.8,1,80.22,0,1,0,0,0,1
6681,18,2.13,7.79,7.39,77.11,3.7,5.0,293.69,3.59,1,95.29,1,0,0,0,1,0
6682,24,6.69,5.27,8.33,84.49,3.6,7.84,231.19,13.28,0,58.12,1,0,0,0,1,0
6683,19,7.23,9.09,8.37,84.56,1.69,8.24,237.2,13.41,0,91.82811324049064,1,0,0,0,1,0
6684,20,4.31,8.18,8.3,84.28,2.55,9.79,263.52,9.82,1,95.15,1,0,0,0,0,1
6685,16,0.25,9.11,4.77,82.37,1.17,4.99,316.72,4.04,2,85.9,0,0,1,0,1,0
6686,17,7.42,2.93,5.26,92.91,3.85,9.87,238.73,18.01,0,32.82109862276665,1,0,0,0,0,1
6687,24,5.62,7.01,6.51,92.5,0.98,7.19,252.25,11.57,0,86.80754348191208,1,0,0,1,0,0
6688,17,3.31,7.65,5.79,76.69,4.1,4.58,283.45,8.26,2,92.64,1,0,0,1,0,0
6689,20,4.79,7.68,4.66,85.43,4.68,10.38,277.66,16.57,2,68.88,1,0,0,0,1,0
6690,23,3.44,5.54,5.44,64.11,4.96,7.57,284.35,7.26,1,50.48,0,1,0,0,1,0
6691,18,3.72,1.1,8.88,63.63,4.28,5.52,268.57,5.07,1,53.99,0,0,1,0,1,0
6692,21,7.09,3.35,5.73,79.2,1.11,11.5,230.87,18.05,0,22.94,0,1,0,0,1,0
6693,19,1.29,3.91,6.09,96.01,2.08,7.28,305.93,4.11,1,81.0,1,0,0,1,0,0
6694,22,0.83,8.67,4.03,86.0,0.44,5.77,331.26,3.08,2,95.12,0,1,0,0,0,1
6695,18,0.02,8.57,7.6,86.77,0.82,3.25,306.41,1.9,1,100.0,0,1,0,0,0,1
6696,21,2.51,1.94,6.07,66.31,0.25,7.58,291.78,10.03,1,37.19,0,1,0,0,1,0
6697,24,1.18,9.55,4.52,78.13,3.21,5.9,319.48,4.98,2,99.44,0,1,0,1,0,0
6698,16,1.76,2.64,8.84,76.03,2.67,3.2,305.03,0.0,1,66.49,0,1,0,1,0,0
6699,18,0.09,4.73,7.89,91.32,4.59,5.72,317.6,3.71,1,89.55,1,0,0,0,0,1
6700,17,1.82,2.94,7.63,65.51,2.32,7.24,280.96,6.81,1,63.48,0,1,0,1,0,0
6701,23,2.66,8.74,8.79,81.57,3.21,6.61,303.19,5.57,1,92.77,0,1,0,0,1,0
6702,22,0.25,7.74,6.04,96.45,2.01,3.79,312.27,-1.13,1,100.0,0,1,0,0,1,0
6703,17,4.86,4.18,7.59,95.7,4.15,7.0,252.15,10.03,1,56.39,1,0,0,1,0,0
6704,21,4.55,7.14,5.03,94.09,4.63,9.72,267.91,7.08,2,72.45,0,1,0,1,0,0
6705,18,0.78,2.66,7.49,75.0,2.16,3.94,324.91,-0.43,1,63.36,0,1,0,0,1,0
6706,23,4.76,4.44,4.07,97.64,0.41,8.66,266.93,8.77,1,55.78,1,0,0,0,1,0
6707,18,7.99,4.39,4.63,92.21,0.82,9.84,220.47,14.4,0,31.48,1,0,0,0,0,1
6708,24,7.56,3.14,6.13,94.05,3.6,9.63,231.76,17.91,0,40.68892407475515,0,1,0,1,0,0
6709,16,0.02,8.89,4.06,97.29,1.63,5.95,320.94,2.7,2,98.22,0,1,0,1,0,0
6710,20,6.36,7.11,6.31,97.48,3.93,9.83,239.0,15.15,0,69.06381044261325,0,1,0,0,1,0
6711,18,2.83,3.52,6.61,69.6,3.75,7.91,286.71,8.62,1,61.832764025623824,0,0,1,0,0,1
6712,21,0.51,3.18,7.11,65.11,3.47,5.66,305.64,0.52,1,63.38,0,1,0,0,0,1
6713,17,2.37,1.16,4.5,87.63,4.07,8.28,281.67,6.57,1,55.04320690964128,1,0,0,0,0,1
6714,24,2.57,4.12,4.91,82.53,3.78,8.48,294.69,7.64,1,77.10839948150051,0,1,0,0,0,1
6715,21,4.19,5.74,7.07,73.1,3.16,7.47,265.78,9.75,1,70.35,1,0,0,0,0,1
6716,22,5.29,3.5,7.29,87.38,0.02,11.04,256.26,14.41,0,55.62,0,1,0,0,1,0
6717,20,5.99,7.3,4.13,62.48,2.58,8.82,240.4,15.25,2,60.55314454059129,0,1,0,0,0,1
6718,24,1.97,4.71,6.7,61.89,2.98,6.01,290.69,6.7,1,84.76320153940233,0,1,0,0,1,0
6719,16,2.57,3.85,7.92,74.17,4.8,7.68,284.33,11.22,1,58.05,0,1,0,0,1,0
6720,20,2.47,9.45,4.35,67.75,3.25,8.04,284.49,8.6,2,83.05,0,1,0,0,1,0
6721,21,2.9,3.37,6.07,88.74,2.88,6.52,281.1,6.54,1,64.76,1,0,0,0,1,0
6722,22,8.0,4.58,5.63,97.92,2.71,11.09,225.97,20.11,0,37.73,0,0,1,0,0,1
6723,19,6.22,4.44,8.57,86.47,0.52,10.86,259.26,12.32,0,53.12,0,1,0,0,1,0
6724,16,7.8,3.17,4.93,86.19,2.14,11.08,234.01,18.31,0,14.49,1,0,0,0,0,1
6725,23,5.54,2.96,5.59,60.26,0.67,9.9,250.17,12.96,0,31.76,0,0,1,1,0,0
6726,19,3.25,3.72,8.49,80.49,0.26,8.27,274.67,7.29,1,66.54,1,0,0,0,1,0
6727,18,3.12,8.78,5.65,92.68,1.65,8.33,264.77,9.26,2,96.77,0,1,0,0,1,0
6728,22,3.91,7.9,6.66,86.16,3.23,6.18,266.35,8.38,1,97.27794382951768,1,0,0,0,0,1
6729,17,3.33,7.13,4.17,69.11,4.33,7.19,269.06,4.9,2,75.78,0,1,0,0,1,0
6730,23,6.63,5.11,8.92,93.94,4.05,7.76,240.99,14.19,0,65.93,1,0,0,0,0,1
6731,21,3.72,5.57,8.12,98.58,1.47,8.71,292.05,7.87,1,79.75,0,1,0,0,1,0
6732,22,2.36,3.4,7.17,71.16,0.23,3.99,287.73,5.78,1,64.92,0,1,0,0,1,0
6733,20,6.2,1.67,4.3,68.28,2.01,11.56,231.07,14.83,0,32.08635802955138,0,1,0,1,0,0
6734,24,6.84,3.98,4.37,73.54,1.57,9.87,235.96,16.06,0,25.64,0,1,0,0,1,0
6735,20,3.36,5.46,6.72,62.53,1.86,5.2,275.27,3.1,1,66.96,1,0,0,0,1,0
6736,20,5.34,1.52,5.43,94.94,2.8,10.32,268.53,11.19,0,34.62,0,1,0,0,1,0
6737,18,0.47,1.79,7.11,97.17,0.15,2.47,295.51,2.15,1,67.77,1,0,0,0,1,0
6738,16,4.24,3.37,6.99,85.33,1.85,7.21,259.2,15.73,1,51.95,0,1,0,0,1,0
6739,17,0.36,4.3,8.19,90.57,2.79,4.19,323.29,2.91,1,91.84,0,1,0,0,1,0
6740,23,0.23,4.54,5.41,86.75,2.15,3.03,301.54,0.98,1,77.89052381901317,1,0,0,0,0,1
6741,16,4.9,2.06,6.89,75.09,3.34,6.8,266.94,12.5,1,50.04,0,0,1,1,0,0
6742,22,2.43,3.03,7.89,85.28,0.93,5.46,284.19,5.2,1,75.94,0,1,0,0,0,1
6743,20,5.94,3.35,6.45,93.45,0.77,7.66,258.98,13.61,0,46.24,0,1,0,0,0,1
6744,18,7.17,1.61,8.15,92.4,1.54,11.77,233.47,16.74,0,31.61,1,0,0,1,0,0
6745,22,1.12,3.93,4.66,63.24,0.51,2.98,304.96,5.31,1,59.94,0,1,0,1,0,0
6746,24,5.8,1.65,7.67,78.5,1.18,9.21,256.39,14.63,0,36.55,1,0,0,0,0,1
6747,17,4.12,7.33,8.71,75.89,0.43,7.92,270.75,9.18,1,90.26,1,0,0,1,0,0
6748,23,0.9,4.47,5.66,90.08,2.01,6.63,296.84,1.66,1,71.36,0,1,0,0,0,1
6749,24,5.21,3.94,5.83,80.06,3.56,6.6,252.27,8.98,0,54.53,0,1,0,1,0,0
6750,18,4.88,2.14,4.42,73.99,1.43,10.53,245.17,13.18,1,36.28,0,1,0,0,0,1
6751,17,4.13,3.04,7.21,88.25,0.02,6.17,261.8,9.18,1,56.24,0,1,0,1,0,0
6752,22,7.41,3.09,6.76,78.94,2.79,12.61,209.69,17.47,0,32.9,1,0,0,0,0,1
6753,20,4.17,9.87,4.2,70.26,3.46,5.62,293.34,9.57,2,75.5,1,0,0,0,0,1
6754,20,7.92,8.52,7.76,95.62,1.96,13.86,224.7,17.17,0,75.66088797658698,1,0,0,0,0,1
6755,20,4.07,1.14,8.15,64.52,1.48,9.11,276.49,10.45,1,53.46,1,0,0,1,0,0
6756,19,0.93,6.55,8.54,60.72,2.45,2.24,300.49,2.49,1,95.85,0,1,0,1,0,0
6757,20,3.76,3.3,6.73,65.76,0.51,5.83,280.14,5.68,1,54.36,1,0,0,0,1,0
6758,19,1.46,1.94,6.26,66.55,3.22,5.2,310.22,3.57,1,58.46,0,1,0,0,0,1
6759,21,4.78,7.35,8.38,81.52,3.67,8.4,272.0,12.15,1,80.8,1,0,0,0,1,0
6760,19,5.55,2.18,5.99,84.99,3.52,9.7,252.57,14.57,0,36.24,0,1,0,0,1,0
6761,17,3.75,4.99,7.28,77.94,1.64,7.07,285.15,7.54,1,64.05,1,0,0,1,0,0
6762,24,0.78,6.69,7.08,68.17,4.21,5.45,304.56,4.89,1,90.79,1,0,0,0,0,1
6763,17,3.75,5.99,5.86,65.29,4.73,6.49,278.74,7.64,1,69.67,0,1,0,0,1,0
6764,24,0.65,9.8,4.43,79.69,1.49,2.53,312.68,0.48,2,98.12,0,1,0,0,0,1
6765,21,5.46,8.07,4.11,82.62,1.31,6.63,242.73,15.33,2,79.27524265416011,1,0,0,0,0,1
6766,24,6.32,7.97,6.14,72.16,3.52,8.94,225.86,13.12,0,73.1614876858559,0,1,0,0,1,0
6767,24,7.7,4.2,6.41,68.82,3.54,10.83,224.61,14.02,0,28.42,1,0,0,0,1,0
6768,18,1.19,1.08,8.11,63.22,2.55,5.49,302.77,3.65,1,65.20422943760231,1,0,0,0,0,1
6769,16,4.26,7.61,6.07,61.05,4.62,9.29,266.18,10.5,1,69.54,1,0,0,0,1,0
6770,16,4.54,10.0,5.41,64.23,0.73,6.74,276.02,12.01,2,87.5658099368652,0,1,0,0,1,0
6771,18,7.38,4.65,6.31,89.68,2.39,10.85,245.2,15.78,0,42.97,1,0,0,0,1,0
6772,20,5.02,9.87,5.19,73.76,0.18,7.19,266.33,11.88,2,85.19470312082487,0,1,0,1,0,0
6773,18,1.16,2.28,4.46,61.1,0.26,6.92,311.95,7.33,1,54.73,0,1,0,0,1,0
6774,24,3.49,3.67,4.57,80.33,0.27,7.73,277.32,7.93,1,46.58,1,0,0,1,0,0
6775,24,5.24,2.54,5.6,81.44,2.46,9.63,258.89,13.26,0,49.02517687849388,1,0,0,0,0,1
6776,18,5.6,5.28,4.06,77.15,2.94,9.26,257.1,12.9,0,55.62,0,1,0,0,1,0
6777,18,6.9,8.17,5.1,64.43,0.02,9.31,238.6,15.46,2,63.187852631236105,0,1,0,0,0,1
6778,20,1.44,4.07,7.94,90.2,3.16,3.44,308.65,4.08,1,78.12,1,0,0,0,0,1
6779,17,7.61,9.16,5.17,87.56,2.45,11.89,229.14,17.65,2,71.53113827581981,1,0,0,1,0,0
6780,21,0.47,5.9,4.55,75.79,1.12,6.08,309.41,3.17,1,77.12,1,0,0,1,0,0
6781,22,7.87,5.19,8.75,75.23,0.08,9.93,228.17,16.82,0,46.84,0,1,0,0,1,0
6782,24,6.86,8.08,7.11,66.24,0.78,10.72,235.32,15.1,0,76.4345615524647,1,0,0,1,0,0
6783,21,5.28,1.91,4.3,90.14,3.0,8.93,271.16,17.05,0,27.88,1,0,0,0,1,0
6784,18,5.88,7.96,4.31,83.98,3.29,10.09,245.17,15.08,2,70.50114415436701,1,0,0,0,1,0
6785,20,0.58,3.19,7.06,63.43,3.24,4.52,341.64,3.13,1,68.25,1,0,0,0,1,0
6786,19,0.33,3.53,6.7,75.12,0.77,2.69,332.44,1.16,1,75.33,0,1,0,0,0,1
6787,20,0.81,6.4,4.34,96.14,4.56,5.27,298.95,5.81,1,84.33,0,0,1,0,1,0
6788,23,0.7,9.12,5.12,78.09,2.05,3.06,324.12,0.95,2,97.1,0,1,0,0,0,1
6789,23,4.38,6.21,8.65,73.0,3.84,8.64,266.19,8.32,1,77.04,0,1,0,1,0,0
6790,21,1.72,6.84,6.86,85.75,0.83,4.22,305.02,1.97,1,98.36,1,0,0,1,0,0
6791,16,6.88,7.99,6.2,68.12,2.35,8.29,253.21,17.06,0,55.71096316223149,1,0,0,1,0,0
6792,23,3.57,3.33,5.25,80.95,2.61,5.21,269.41,10.45,1,46.82,1,0,0,0,1,0
6793,23,5.56,8.45,4.67,86.78,3.85,10.73,248.65,14.02,2,82.3701497652394,1,0,0,0,0,1
6794,17,5.22,4.76,6.01,94.2,3.11,6.83,264.89,10.12,0,60.46,0,1,0,1,0,0
6795,19,2.56,2.58,8.61,87.7,2.0,5.21,285.61,5.35,1,78.9,1,0,0,0,1,0
6796,17,1.95,4.15,4.24,75.38,1.41,4.39,274.35,9.2,1,63.46,0,1,0,1,0,0
6797,19,2.74,3.22,8.95,90.71,4.86,4.03,296.76,5.94,1,74.49,1,0,0,0,1,0
6798,22,6.37,3.06,5.04,95.94,1.42,10.37,247.25,15.43,0,31.82,0,1,0,0,0,1
6799,24,4.69,3.54,6.04,79.11,0.65,9.68,263.49,11.0,1,52.1,1,0,0,1,0,0
6800,23,2.03,2.63,4.23,60.18,1.5,7.99,296.89,7.22,1,39.48,0,1,0,1,0,0
6801,24,6.54,7.01,6.92,95.24,1.63,12.22,263.9,16.68,0,78.97059626672973,1,0,0,0,0,1
6802,23,0.44,6.22,6.42,66.62,0.64,1.69,324.85,5.12,1,77.65,1,0,0,1,0,0
6803,17,5.59,6.84,7.33,65.05,3.54,7.88,244.31,12.15,0,52.88,0,1,0,0,1,0
6804,22,3.51,4.09,6.71,72.31,3.1,6.57,279.11,9.58,1,82.54653785223002,1,0,0,0,0,1
6805,17,5.85,7.93,5.99,75.2,1.58,11.23,261.66,13.68,2,83.53029808298817,1,0,0,0,0,1
6806,17,7.42,2.17,7.69,91.98,4.97,10.22,242.61,16.61,0,34.99,1,0,0,0,0,1
6807,19,6.0,6.14,4.13,75.57,3.28,9.85,232.98,14.61,0,51.18,1,0,0,0,0,1
6808,16,3.54,3.48,6.71,61.95,3.52,7.84,272.51,8.82,1,60.11,0,1,0,1,0,0
6809,20,1.21,5.75,4.57,85.44,2.79,3.7,294.14,4.14,1,81.56,0,1,0,0,1,0
6810,21,6.45,3.91,6.18,86.85,2.76,10.36,249.0,13.44,0,45.81,0,1,0,0,1,0
6811,24,3.69,8.11,7.96,92.57,0.1,4.94,266.65,9.01,1,91.59,0,1,0,1,0,0
6812,23,0.6,9.02,4.71,75.95,3.85,4.0,328.35,3.01,2,93.95,0,1,0,0,0,1
6813,17,5.75,7.68,8.68,63.44,4.55,8.64,263.95,11.84,0,69.58752044641787,1,0,0,0,0,1
6814,16,2.33,2.58,8.44,82.12,0.61,5.11,289.57,5.82,1,76.04229928395301,0,1,0,0,1,0
6815,17,0.39,3.47,6.07,64.84,3.98,2.56,302.67,4.48,1,68.90291339127616,0,1,0,0,1,0
6816,22,7.22,9.27,4.03,60.68,2.67,12.31,225.47,16.78,2,63.51456627958855,0,1,0,0,1,0
6817,19,3.86,4.93,7.95,91.14,1.43,9.27,278.19,11.28,1,77.7,1,0,0,0,1,0
6818,20,2.25,9.47,8.4,76.14,4.6,7.69,301.52,8.07,1,100.0,1,0,0,0,0,1
6819,22,5.73,4.53,4.87,81.0,0.09,8.71,250.86,14.11,0,48.68,0,1,0,1,0,0
6820,18,7.09,9.57,8.58,86.51,1.37,9.39,209.24,13.12,0,90.94979225653108,1,0,0,1,0,0
6821,17,0.0,9.33,8.57,76.04,4.43,1.49,326.8,-1.33,1,100.0,0,1,0,0,1,0
6822,22,5.5,6.94,6.36,62.05,2.41,9.86,233.8,11.68,0,56.7,0,0,1,0,1,0
6823,20,6.14,1.08,7.99,70.11,2.99,8.79,225.13,14.82,0,28.16,1,0,0,0,0,1
6824,16,1.68,4.6,6.22,67.77,3.75,4.06,309.82,5.07,1,71.92,0,1,0,0,1,0
6825,16,3.92,9.2,6.82,99.1,0.74,6.78,261.1,9.69,1,91.62,1,0,0,1,0,0
6826,24,0.71,8.97,5.6,89.58,1.08,4.48,313.99,3.06,2,99.83,1,0,0,0,0,1
6827,20,5.97,2.69,4.8,78.06,4.99,7.78,249.28,10.2,0,39.193113266029,0,1,0,1,0,0
6828,16,6.78,4.59,7.73,62.53,1.19,12.59,230.59,15.26,0,37.33,1,0,0,0,1,0
6829,22,0.87,8.52,4.01,64.63,2.7,5.53,311.62,4.49,2,81.61,0,1,0,0,1,0
6830,24,6.53,6.2,6.9,92.52,1.49,7.76,236.14,13.33,0,72.37486187229676,0,1,0,0,1,0
6831,16,6.17,8.63,8.32,97.82,4.26,8.7,246.44,13.96,0,105.6783307572632,0,1,0,0,1,0
6832,19,2.78,8.44,5.11,61.25,4.81,4.03,282.78,3.07,2,84.34,0,1,0,0,0,1
6833,18,5.52,9.17,5.66,96.42,0.71,7.67,248.75,12.09,2,94.52542434084218,0,1,0,1,0,0
6834,20,0.0,2.05,6.94,75.22,3.0,2.43,313.4,-2.96,1,69.45,1,0,0,0,1,0
6835,22,7.45,2.31,5.23,68.55,4.06,12.04,221.62,14.59,0,14.23,0,1,0,0,1,0
6836,23,4.4,1.75,8.24,64.09,4.12,8.99,275.73,9.15,1,54.17,0,1,0,0,1,0
6837,17,4.96,9.42,5.83,90.87,2.2,6.19,255.95,6.85,2,92.81,1,0,0,0,0,1
6838,22,5.32,5.28,6.91,78.76,1.13,9.26,244.84,11.01,0,58.04,1,0,0,0,0,1
6839,16,4.49,1.58,5.13,93.3,1.94,10.29,262.03,12.43,1,40.22,0,0,1,1,0,0
6840,22,6.85,3.89,4.21,69.05,3.76,10.99,232.52,18.1,0,21.73,1,0,0,1,0,0
6841,23,4.88,4.16,4.87,87.14,4.97,10.68,257.5,11.59,1,48.54,0,0,1,0,0,1
6842,17,7.26,8.29,4.23,64.72,2.77,10.16,240.01,14.66,2,49.81814717079106,1,0,0,0,0,1
6843,24,4.66,7.62,6.34,63.59,0.98,7.96,257.8,10.73,1,67.11,0,0,1,1,0,0
6844,16,1.37,7.2,6.93,65.34,0.21,4.85,299.76,3.94,1,96.28,1,0,0,0,1,0
6845,21,7.31,1.2,4.22,92.36,4.72,12.93,238.71,15.4,0,7.14,0,1,0,0,1,0
6846,16,5.45,9.2,4.45,86.22,2.42,8.35,259.04,13.43,2,85.66926106554389,0,1,0,0,1,0
6847,18,5.59,2.94,6.43,66.64,3.58,11.51,246.05,13.55,0,39.71,1,0,0,0,1,0
6848,21,7.88,6.66,8.0,75.39,3.3,11.6,235.1,16.3,0,48.89,0,1,0,0,1,0
6849,18,0.6,1.56,7.14,90.55,4.45,2.69,321.89,1.11,1,69.91,0,1,0,0,1,0
6850,23,3.43,1.73,4.52,71.43,1.33,4.95,287.23,12.32,1,43.17,1,0,0,0,1,0
6851,20,1.91,1.09,8.44,96.85,2.21,3.77,300.11,6.3,1,65.99,1,0,0,1,0,0
6852,17,5.04,6.09,8.59,96.58,4.57,6.24,257.78,10.0,0,82.70191863123239,0,1,0,0,0,1
6853,19,6.45,6.66,5.62,82.12,2.93,10.91,231.86,10.26,0,54.54,1,0,0,0,1,0
6854,24,7.73,1.45,7.08,85.28,0.36,11.31,213.4,13.84,0,16.3,1,0,0,1,0,0
6855,19,3.64,3.61,6.46,86.13,0.97,8.33,275.47,9.8,1,67.62,0,0,1,0,0,1
6856,23,6.29,8.66,8.71,70.34,1.19,11.2,244.66,14.45,0,86.60054332290531,1,0,0,0,1,0
6857,20,7.34,1.91,6.54,74.61,4.97,13.0,229.31,15.21,0,24.79,1,0,0,1,0,0
6858,16,5.47,2.95,8.8,65.44,1.12,7.05,253.25,11.47,0,39.46,1,0,0,0,1,0
6859,22,1.94,4.82,5.0,96.99,4.35,3.87,310.36,3.36,1,73.75,0,1,0,1,0,0
6860,18,4.86,8.58,5.73,88.95,0.39,8.6,277.95,10.31,2,74.23,1,0,0,1,0,0
6861,23,7.76,3.29,7.91,61.85,0.91,9.41,215.82,16.0,0,20.48,1,0,0,1,0,0
6862,18,7.9,9.97,7.92,81.98,4.36,9.36,228.09,14.5,0,82.64342271053374,1,0,0,0,0,1
6863,16,5.14,4.2,7.66,73.72,4.49,9.47,258.84,9.67,0,56.49,1,0,0,1,0,0
6864,20,7.1,4.48,8.3,92.61,0.88,11.72,241.55,13.8,0,57.69,0,1,0,0,1,0
6865,17,1.6,2.1,7.51,73.75,1.15,6.82,318.14,5.0,1,64.71,1,0,0,0,1,0
6866,19,1.97,7.12,7.18,85.77,2.65,7.55,318.24,3.56,1,97.05,0,1,0,0,0,1
6867,16,7.62,3.19,6.29,66.63,0.26,10.83,235.76,21.23,0,23.92,0,1,0,1,0,0
6868,24,1.08,6.66,6.34,82.35,4.73,6.98,307.44,6.98,1,89.14,0,1,0,0,0,1
6869,21,1.53,3.01,6.03,71.76,1.81,2.72,298.01,5.09,1,64.8,0,1,0,1,0,0
6870,23,3.36,4.49,7.1,66.6,2.45,8.71,304.55,7.62,1,73.44,1,0,0,0,1,0
6871,19,4.72,8.71,6.03,84.77,0.53,7.33,255.69,9.05,1,83.24,0,1,0,1,0,0
6872,24,4.83,7.65,4.74,85.55,0.16,10.44,270.27,9.63,2,79.73,0,1,0,1,0,0
6873,17,2.34,2.39,4.53,99.33,2.34,4.45,289.28,9.41,1,55.22,1,0,0,0,0,1
6874,24,7.36,6.47,8.62,86.76,0.61,12.06,218.29,19.76,0,56.29,0,1,0,1,0,0
6875,20,7.32,6.66,4.12,80.63,3.15,10.45,249.32,17.55,0,53.49459617228834,0,1,0,0,1,0
6876,21,3.14,1.82,4.53,96.5,3.97,6.05,264.9,7.49,1,53.18,0,1,0,1,0,0
6877,18,3.47,5.19,6.23,93.13,0.16,4.77,256.87,6.81,1,68.59,0,1,0,1,0,0
6878,19,5.62,3.35,5.31,81.95,3.06,10.15,259.56,14.52,0,41.1,0,1,0,0,1,0
6879,21,5.3,5.2,6.03,80.45,4.08,7.18,253.36,14.74,0,54.73,0,1,0,0,0,1
6880,22,3.06,7.99,4.59,97.68,2.2,6.37,287.6,9.06,2,77.99,1,0,0,0,0,1
6881,16,3.31,2.42,4.65,84.69,4.8,5.02,280.21,5.25,1,49.2950940743349,0,1,0,0,1,0
6882,22,2.78,2.11,8.0,88.55,0.56,6.8,292.65,6.04,1,60.93,0,1,0,0,1,0
6883,16,1.88,3.42,7.8,63.47,1.61,4.04,294.48,5.78,1,76.36,1,0,0,0,1,0
6884,20,3.67,9.57,4.52,88.73,1.15,7.64,284.98,7.6,2,92.31,0,1,0,0,0,1
6885,21,5.49,7.73,7.34,70.59,4.98,11.22,263.43,12.9,0,78.59394826200412,1,0,0,0,0,1
6886,17,5.94,1.18,7.05,64.62,1.47,11.54,264.21,17.7,0,28.512611886234836,1,0,0,1,0,0
6887,24,6.23,4.61,7.57,93.99,1.94,8.23,257.88,12.83,0,50.67,0,1,0,0,1,0
6888,21,3.0,3.32,6.37,87.65,4.24,4.5,282.94,3.6,1,56.51,1,0,0,0,0,1
6889,22,6.12,6.74,5.35,76.3,4.65,7.33,253.52,18.62,0,50.04,0,1,0,0,1,0
6890,23,0.05,5.13,7.32,77.26,4.69,5.19,323.57,4.85,1,73.09,0,1,0,0,0,1
6891,16,3.82,9.68,5.86,67.88,2.79,6.07,278.37,8.64,2,83.1992553483574,1,0,0,1,0,0
6892,23,6.35,2.97,5.09,60.38,3.32,8.77,230.56,13.9,0,11.49,1,0,0,0,1,0
6893,19,5.04,6.29,6.04,73.97,1.75,7.17,267.05,6.89,0,53.71,1,0,0,0,1,0
6894,23,3.79,7.3,7.82,65.94,3.04,8.99,280.61,9.39,1,85.94,1,0,0,0,0,1
6895,21,5.16,8.43,6.38,76.87,1.51,11.05,276.28,11.78,0,98.99170127340872,0,1,0,0,1,0
6896,24,7.26,4.66,5.5,93.35,3.73,12.04,244.54,17.11,0,48.94,1,0,0,0,0,1
6897,19,4.53,7.18,8.16,64.59,1.54,9.65,267.14,14.88,1,77.06,1,0,0,0,1,0
6898,17,6.4,3.73,8.41,63.67,4.4,10.5,242.18,15.73,0,38.86,0,0,1,0,1,0
6899,17,7.85,4.92,6.17,96.08,0.72,11.49,215.76,21.58,0,36.88,1,0,0,0,0,1
6900,20,5.64,9.06,5.87,89.81,2.86,10.25,270.5,10.79,2,101.46972828512352,1,0,0,1,0,0
6901,24,4.59,9.55,7.06,62.12,2.6,5.77,254.27,6.69,1,94.84,0,1,0,0,0,1
6902,18,0.3,7.47,4.29,63.18,1.32,1.61,297.71,3.74,2,75.65,1,0,0,0,1,0
6903,23,3.0,4.37,7.46,87.4,0.14,7.44,293.0,8.43,1,71.9,0,1,0,0,1,0
6904,19,4.52,8.38,7.91,74.81,0.74,7.2,266.63,11.31,1,85.63,0,1,0,1,0,0
6905,21,6.38,1.23,5.99,88.97,4.84,9.82,246.08,14.43,0,25.36,1,0,0,1,0,0
6906,21,3.5,1.92,4.87,76.18,4.71,8.41,279.87,9.85,1,30.71,0,1,0,0,1,0
6907,18,7.68,6.95,4.14,98.71,0.6,11.57,217.26,18.68,0,43.93,0,0,1,1,0,0
6908,20,2.17,3.62,7.19,87.78,1.87,7.2,297.65,7.36,1,63.66,0,1,0,1,0,0
6909,18,5.96,9.56,5.34,61.86,2.33,9.06,245.25,12.33,2,90.79729572168176,1,0,0,0,1,0
6910,16,3.35,4.92,6.32,73.22,2.39,5.79,275.17,12.58,1,67.36,0,1,0,1,0,0
6911,22,3.89,4.86,5.93,82.54,1.49,6.06,287.55,9.05,1,67.88,0,1,0,0,0,1
6912,19,6.42,7.1,4.87,65.67,4.56,8.08,250.87,13.27,2,52.2946666647188,0,1,0,0,1,0
6913,22,2.37,7.91,6.54,60.1,4.54,3.55,268.55,4.64,1,82.11,1,0,0,0,1,0
6914,18,0.77,5.28,6.3,63.17,0.09,2.04,312.92,2.86,1,84.69,0,1,0,0,1,0
6915,20,4.16,2.93,7.12,80.97,3.25,6.51,280.74,9.01,1,58.5,1,0,0,1,0,0
6916,20,4.23,7.96,5.26,85.29,0.37,6.62,256.78,5.6,2,79.1,0,1,0,1,0,0
6917,17,6.38,3.88,5.07,63.72,2.99,9.29,234.8,13.71,0,37.16,0,1,0,0,1,0
6918,17,7.75,2.58,8.07,86.61,4.33,11.71,237.0,15.31,0,40.4,0,1,0,0,0,1
6919,19,0.44,6.68,7.51,84.68,3.25,5.24,310.18,3.81,1,100.0,0,1,0,0,0,1
6920,19,4.73,1.81,7.86,97.6,2.34,6.72,243.46,10.39,1,56.25,1,0,0,0,0,1
6921,19,5.45,9.74,4.62,93.63,4.79,10.25,266.6,11.97,2,97.08827377183812,1,0,0,1,0,0
6922,21,7.89,6.69,5.12,97.73,3.73,9.58,223.58,18.51,0,43.97,0,1,0,0,0,1
6923,17,7.54,9.87,6.88,98.64,1.25,13.48,233.26,17.91,0,86.04397280172678,1,0,0,0,1,0
6924,21,5.7,4.05,8.29,77.63,1.93,8.13,251.11,11.86,0,56.94,1,0,0,0,1,0
6925,22,4.17,9.74,8.46,79.52,3.8,9.36,281.17,10.21,1,100.0,0,1,0,0,0,1
6926,18,1.29,2.31,8.16,71.26,0.1,3.24,293.53,2.79,1,79.21673264135691,0,1,0,0,0,1
6927,23,3.07,1.37,4.22,80.34,0.32,8.82,289.8,10.03,1,37.74,1,0,0,0,0,1
6928,17,4.68,1.3,8.1,66.03,4.3,9.81,277.03,10.37,1,26.11,0,1,0,0,0,1
6929,23,5.8,5.18,8.5,86.86,0.21,8.6,236.91,13.14,0,66.58,0,1,0,1,0,0
6930,20,5.08,1.75,4.28,61.0,3.39,8.19,251.64,10.71,0,23.56,0,1,0,0,0,1
6931,17,5.71,5.61,6.08,69.43,1.59,6.73,267.93,10.64,0,52.16,1,0,0,1,0,0
6932,22,3.43,3.95,6.68,68.32,4.13,5.69,289.65,8.94,1,77.59284015163188,0,1,0,0,1,0
6933,17,5.82,4.02,5.16,97.52,4.24,8.27,241.97,10.99,0,47.72,0,1,0,1,0,0
6934,21,1.15,6.72,6.58,65.8,4.77,4.41,294.05,4.97,1,84.89,0,1,0,0,1,0
6935,18,1.3,2.47,8.43,95.63,0.48,3.0,307.23,4.07,1,82.7,0,1,0,0,0,1
6936,24,1.3,7.9,8.33,64.97,2.11,4.69,307.7,6.95,1,100.0,0,1,0,0,0,1
6937,18,7.13,6.24,8.7,86.03,2.87,11.47,233.85,12.91,0,65.55,1,0,0,0,1,0
6938,18,0.61,9.23,6.42,72.8,4.58,3.47,336.01,4.69,1,98.96,0,1,0,1,0,0
6939,20,6.41,4.28,6.05,72.64,1.33,8.57,249.55,13.29,0,35.14,1,0,0,0,1,0
6940,22,1.87,9.84,7.33,99.93,0.36,5.61,289.16,2.03,1,100.0,0,1,0,0,0,1
6941,23,3.75,6.18,6.08,69.04,1.01,4.9,285.58,6.76,1,58.94,1,0,0,1,0,0
6942,22,7.33,9.76,4.21,68.1,2.48,10.03,232.62,17.03,2,66.12387710859605,1,0,0,0,1,0
6943,24,4.69,1.24,7.6,83.57,3.41,8.33,256.95,11.03,1,50.55,0,1,0,1,0,0
6944,20,1.68,7.55,5.4,89.63,3.45,4.36,308.85,7.4,2,90.8,1,0,0,0,0,1
6945,18,2.27,8.35,4.25,99.3,0.37,5.0,307.52,5.23,2,83.27,1,0,0,1,0,0
6946,21,7.36,1.48,4.1,88.06,3.81,12.6,233.84,17.27,0,9.12,1,0,0,0,0,1
6947,20,3.42,6.21,8.66,82.47,3.3,9.09,269.19,9.31,1,85.09,0,1,0,0,0,1
6948,19,4.7,8.22,5.26,76.37,2.04,9.84,264.73,9.93,2,69.16,0,0,1,0,1,0
6949,17,3.68,6.05,6.24,83.8,2.86,5.17,266.28,8.05,1,72.64,1,0,0,1,0,0
6950,22,3.03,1.57,8.75,84.03,3.84,5.48,285.91,6.85,1,60.34,0,0,1,0,1,0
6951,20,1.79,7.24,6.34,68.71,1.31,6.35,306.06,6.04,1,89.63,1,0,0,0,0,1
6952,19,5.49,1.55,4.39,86.85,4.7,11.36,234.35,14.03,0,26.74,0,1,0,0,1,0
6953,23,5.75,8.36,6.76,68.18,0.69,7.96,258.16,12.61,0,88.62822128891695,1,0,0,0,1,0
6954,24,2.2,1.39,4.44,79.6,4.51,7.69,289.86,7.34,1,44.34,1,0,0,0,1,0
6955,24,6.31,2.24,4.48,70.39,3.7,11.01,238.66,17.17,0,16.82,0,0,1,1,0,0
6956,18,6.84,3.48,8.26,72.51,3.3,12.76,224.65,14.68,0,43.67,0,1,0,0,0,1
6957,18,7.37,6.7,5.45,84.56,0.41,8.84,220.82,14.03,0,47.05,1,0,0,0,0,1
6958,20,1.29,9.79,7.39,62.58,4.6,4.26,322.17,6.9,1,100.0,0,1,0,1,0,0
6959,20,2.43,2.06,6.54,60.48,1.48,5.82,299.33,9.1,1,54.16,1,0,0,1,0,0
6960,17,6.88,2.28,5.11,65.22,3.73,11.24,250.39,16.46,0,24.3,0,1,0,0,1,0
6961,16,1.59,4.32,6.59,66.75,4.42,5.86,292.35,9.36,1,67.6,0,1,0,0,0,1
6962,23,0.03,8.53,4.34,67.91,1.22,5.56,337.63,3.8,2,97.56,1,0,0,1,0,0
6963,18,6.97,5.21,5.74,90.96,4.57,12.16,235.69,20.28,0,44.38,0,1,0,0,1,0
6964,16,2.61,3.89,6.61,77.87,3.06,3.89,280.79,8.78,1,64.42,1,0,0,0,0,1
6965,16,3.32,6.05,5.14,78.8,3.3,6.75,269.38,11.61,1,63.35,1,0,0,0,0,1
6966,17,3.57,3.34,7.3,85.77,4.57,6.61,266.68,6.36,1,65.21,0,1,0,0,1,0
6967,21,6.79,4.61,4.26,89.16,2.63,12.78,231.05,17.91,0,28.95,0,1,0,1,0,0
6968,21,2.7,3.99,6.42,60.14,2.2,5.84,278.66,6.8,1,61.48,1,0,0,0,1,0
6969,18,7.14,8.24,7.57,94.27,3.17,11.55,243.36,13.81,0,84.12474041044271,0,1,0,0,1,0
6970,19,4.94,9.32,6.15,99.54,2.77,7.36,286.73,13.76,1,86.85,1,0,0,1,0,0
6971,17,4.22,7.84,8.37,64.87,0.31,8.29,266.89,12.86,1,88.05,0,0,1,1,0,0
6972,17,2.6,4.95,7.16,86.04,0.9,4.63,286.52,5.92,1,76.18,0,1,0,0,1,0
6973,22,1.95,5.54,8.79,60.1,0.07,5.97,278.02,4.67,1,79.02,0,1,0,0,1,0
6974,16,4.99,2.13,5.42,61.96,0.54,10.33,250.87,12.77,1,31.35,0,1,0,1,0,0
6975,22,3.58,7.72,8.69,71.4,3.65,4.68,260.83,4.08,1,88.03,1,0,0,0,1,0
6976,16,7.28,6.37,7.03,93.86,0.02,10.8,240.77,13.63,0,59.7,0,1,0,0,0,1
6977,21,3.93,9.12,7.73,86.1,1.52,9.84,292.17,10.22,1,94.07,0,1,0,0,1,0
6978,18,4.09,2.81,8.51,77.83,2.25,5.89,260.11,10.31,1,60.2,1,0,0,1,0,0
6979,23,3.33,7.84,6.76,77.54,4.69,5.25,278.01,7.25,1,79.91,1,0,0,1,0,0
6980,21,6.31,7.16,8.31,78.64,1.64,9.66,241.8,13.18,0,84.3613211004813,0,1,0,0,0,1
6981,17,3.4,3.39,6.71,72.44,3.92,8.75,286.03,7.82,1,56.49,0,1,0,1,0,0
6982,23,2.15,7.01,7.0,95.11,2.04,5.96,295.25,11.08,1,91.65,0,0,1,1,0,0
6983,20,6.9,9.32,6.23,82.71,0.49,10.44,258.34,13.42,0,81.38892355552946,1,0,0,1,0,0
6984,23,4.77,9.27,4.73,79.36,0.49,6.2,255.27,6.6,2,76.05,1,0,0,1,0,0
6985,23,4.73,7.48,6.77,78.6,2.16,10.54,272.24,11.21,1,75.67,1,0,0,1,0,0
6986,21,4.89,1.43,8.89,97.43,0.29,7.63,255.37,12.19,1,50.76,0,0,1,0,1,0
6987,17,5.75,8.85,7.94,88.95,2.86,8.01,234.98,12.85,0,91.23917956462044,1,0,0,0,1,0
6988,23,2.5,6.92,7.74,65.79,2.47,5.56,304.27,5.03,1,86.56287667179198,1,0,0,1,0,0
6989,21,0.27,3.79,7.22,77.48,3.51,3.34,335.49,2.46,1,72.11,1,0,0,1,0,0
6990,21,6.48,2.69,5.74,71.53,0.93,9.77,246.34,16.82,0,25.98,1,0,0,1,0,0
6991,23,1.03,2.05,4.85,99.47,2.96,5.47,301.34,4.69,1,49.43,0,1,0,0,1,0
6992,16,5.77,1.45,5.12,76.62,0.87,11.11,239.37,14.52,0,30.001836199371063,0,1,0,0,0,1
6993,17,0.66,7.79,4.03,62.71,3.61,1.95,317.69,2.28,2,91.62,1,0,0,0,0,1
6994,24,3.0,3.12,7.37,76.45,1.54,6.45,262.73,6.23,1,64.19,0,1,0,1,0,0
6995,23,0.5,1.22,8.06,72.85,3.07,3.57,322.72,3.43,1,59.85,1,0,0,0,1,0
6996,22,4.18,4.58,5.34,83.98,4.41,5.23,265.66,10.97,1,52.87,0,1,0,1,0,0
6997,22,5.23,5.34,4.46,69.04,2.44,10.31,252.85,15.7,0,38.18,1,0,0,0,1,0
6998,20,1.37,2.52,5.68,61.44,0.96,2.89,292.83,4.36,1,62.51,0,1,0,0,0,1
6999,17,2.97,1.4,5.46,63.84,4.43,4.54,269.99,6.75,1,47.44427108300157,1,0,0,0,0,1
7000,21,7.44,2.7,6.25,71.33,1.79,8.68,230.14,19.25,0,15.84,1,0,0,0,0,1
7001,18,3.54,7.11,5.32,73.93,3.65,5.54,279.48,8.32,2,87.05707607448053,0,1,0,1,0,0
7002,19,6.42,1.74,5.7,93.38,1.6,8.3,242.04,12.81,0,32.92,1,0,0,1,0,0
7003,17,7.42,6.0,8.54,70.8,1.49,10.16,241.91,14.83,0,47.62,0,1,0,0,1,0
7004,17,7.79,2.32,5.67,61.26,3.21,12.09,227.12,16.12,0,10.03,0,1,0,1,0,0
7005,23,7.19,2.76,7.93,91.23,0.78,8.46,240.88,14.01,0,38.34,0,1,0,0,1,0
7006,23,2.54,4.54,7.13,94.76,4.33,7.84,274.83,11.58,1,78.86,0,1,0,1,0,0
7007,21,7.7,1.91,5.69,79.69,1.94,10.33,223.18,15.2,0,9.92,0,0,1,0,0,1
7008,20,6.5,2.56,8.09,71.4,0.1,10.53,256.84,18.07,0,38.83,0,1,0,0,0,1
7009,23,6.7,4.14,6.98,90.89,1.53,7.76,249.32,13.52,0,51.54962093538251,1,0,0,1,0,0
7010,19,0.12,3.97,4.04,60.36,3.92,2.95,321.9,3.74,1,71.07367430725434,0,1,0,0,0,1
7011,19,7.63,7.74,4.34,96.96,4.3,8.64,224.65,13.61,2,67.2257458526082,1,0,0,0,1,0
7012,20,6.22,1.67,7.76,94.62,2.84,8.05,236.0,13.32,0,38.71,0,1,0,1,0,0
7013,16,6.14,8.74,6.23,81.79,1.47,9.38,241.02,10.67,0,86.17301131611775,1,0,0,0,0,1
7014,16,0.65,8.35,6.03,71.1,2.64,4.33,318.57,3.18,1,86.95,1,0,0,0,0,1
7015,17,1.86,7.89,4.73,61.31,4.18,3.62,277.85,6.17,2,82.71,1,0,0,0,0,1
7016,23,7.7,3.78,4.79,99.99,1.58,12.43,245.55,19.7,0,24.24,0,1,0,1,0,0
7017,22,4.01,8.41,7.99,90.48,1.93,5.96,284.27,8.99,1,90.73,1,0,0,0,1,0
7018,24,3.18,2.65,8.15,73.55,2.7,4.76,294.0,6.43,1,61.79443208491004,0,1,0,0,1,0
7019,20,6.72,2.12,6.8,60.77,4.44,9.39,245.51,14.95,0,17.0,0,1,0,0,1,0
7020,17,0.7,1.4,5.48,85.57,2.91,4.46,312.68,2.14,1,59.58,0,1,0,0,0,1
7021,22,3.34,9.45,8.66,99.48,1.04,9.28,283.7,8.5,1,100.0,0,1,0,0,1,0
7022,23,3.01,3.77,7.12,88.28,0.45,6.1,280.22,6.75,1,64.1,0,1,0,0,0,1
7023,22,2.8,9.26,7.98,63.35,0.48,5.93,307.58,7.62,1,85.54,1,0,0,0,1,0
7024,22,2.46,3.45,4.02,76.09,4.75,3.76,289.1,8.44,1,49.36,0,1,0,1,0,0
7025,20,1.68,9.17,6.25,64.37,4.11,6.51,295.08,8.37,1,99.73,0,1,0,1,0,0
7026,17,1.38,9.14,8.35,96.49,3.83,3.29,300.79,3.08,1,100.0,0,1,0,0,1,0
7027,21,5.12,9.31,5.69,73.22,2.48,9.84,251.33,10.97,2,86.7385917726542,1,0,0,0,1,0
7028,19,7.36,5.47,7.63,89.34,3.36,12.91,239.77,16.03,0,55.1,1,0,0,1,0,0
7029,17,4.07,8.79,7.29,63.39,0.64,8.91,265.97,7.6,1,81.97,0,1,0,1,0,0
7030,24,2.38,9.56,4.76,65.14,3.1,6.59,290.18,8.32,2,91.44,1,0,0,1,0,0
7031,22,1.27,3.92,7.87,87.18,4.05,5.29,318.12,1.76,1,87.33,1,0,0,0,1,0
7032,21,6.64,4.77,4.56,93.74,0.31,9.91,251.03,10.4,0,43.65,0,1,0,1,0,0
7033,20,7.77,7.47,7.64,68.06,1.48,9.49,216.52,17.86,0,54.816654383046135,1,0,0,1,0,0
7034,18,2.79,3.7,8.95,76.73,0.55,7.68,298.33,9.4,1,79.39079414971832,1,0,0,0,1,0
7035,19,2.33,7.78,8.79,84.78,1.3,5.72,277.88,4.19,1,100.0,1,0,0,0,0,1
7036,18,4.81,1.67,8.0,91.85,3.86,8.94,247.27,12.29,1,40.58,0,1,0,0,0,1
7037,23,6.2,5.71,6.67,85.13,1.66,9.07,242.33,11.2,0,67.14379814119357,0,1,0,0,1,0
7038,18,3.64,2.1,7.37,63.82,3.45,5.64,279.25,8.09,1,41.27,0,1,0,1,0,0
7039,22,5.04,3.64,7.64,81.71,3.87,10.07,257.27,13.31,0,47.52,1,0,0,1,0,0
7040,22,5.73,3.33,4.04,95.38,4.08,8.44,255.63,14.2,0,34.66,1,0,0,0,1,0
7041,22,7.68,8.55,4.51,94.72,4.37,13.01,224.07,18.82,2,61.44770483893949,0,1,0,1,0,0
7042,22,1.32,2.74,6.99,83.4,2.99,7.15,283.57,1.77,1,72.3,0,1,0,0,0,1
7043,17,7.98,8.28,4.03,99.83,1.4,13.13,222.33,19.14,2,63.916214223833,1,0,0,0,0,1
7044,18,3.14,8.15,8.54,64.2,0.75,4.78,267.11,11.46,1,91.54,1,0,0,1,0,0
7045,24,5.79,5.49,6.45,79.14,2.52,11.07,250.55,15.01,0,58.34345495362609,1,0,0,0,0,1
7046,18,4.58,3.1,5.29,91.0,0.52,8.18,252.51,8.19,1,53.5,1,0,0,0,0,1
7047,17,3.89,3.04,5.97,65.64,4.55,6.1,278.49,7.46,1,46.79,1,0,0,0,1,0
7048,24,5.58,5.18,8.25,98.91,2.21,7.05,266.59,10.87,0,72.04,0,1,0,0,0,1
7049,24,3.17,1.08,8.64,74.16,4.36,5.56,264.67,2.87,1,47.94715764476586,0,1,0,0,0,1
7050,19,1.01,5.78,4.58,74.01,3.55,2.7,287.46,3.07,1,80.85,0,1,0,0,0,1
7051,24,3.91,9.58,7.89,68.53,4.29,5.04,270.08,7.68,1,91.27,1,0,0,0,0,1
7052,18,4.18,2.39,6.89,71.52,4.42,10.12,281.13,10.72,1,50.06,0,1,0,0,0,1
7053,22,1.62,6.16,6.93,83.1,0.27,6.78,302.12,5.57,1,99.42,1,0,0,0,0,1
7054,22,7.48,9.66,7.9,77.17,3.63,12.17,225.97,15.86,0,79.00931891070408,0,1,0,0,0,1
7055,23,1.82,8.74,5.11,67.74,1.13,3.79,287.4,6.34,2,102.77730062714996,0,1,0,0,1,0
7056,19,3.27,8.65,6.66,92.37,4.95,4.41,287.99,7.48,1,91.43,1,0,0,0,1,0
7057,18,1.24,8.4,5.6,62.49,3.89,4.67,320.49,3.13,2,84.43,0,1,0,0,0,1
7058,18,4.29,3.78,4.47,93.39,0.02,9.0,249.83,11.82,1,55.44,0,1,0,0,1,0
7059,20,2.46,9.02,4.53,71.0,4.64,8.27,293.42,8.54,2,94.92,1,0,0,0,1,0
7060,16,3.91,9.47,4.68,79.84,1.46,9.13,298.53,8.52,2,94.58,0,1,0,0,1,0
7061,18,1.8,5.46,7.07,75.24,2.08,7.27,292.34,5.99,1,85.29,1,0,0,0,1,0
7062,21,0.43,4.19,4.53,82.82,3.06,2.62,312.93,1.61,1,60.32,1,0,0,0,1,0
7063,18,6.23,4.73,6.85,91.84,4.58,8.01,244.89,12.18,0,51.2,1,0,0,0,1,0
7064,20,5.13,4.01,6.94,99.57,4.64,7.37,254.36,8.67,0,57.91,1,0,0,0,1,0
7065,24,2.73,2.91,8.52,72.24,2.82,4.42,298.21,5.07,1,76.18735124858897,0,1,0,0,1,0
7066,17,0.38,6.57,7.13,82.15,1.58,5.37,333.46,5.79,1,91.99,1,0,0,0,1,0
7067,17,6.92,6.06,8.93,78.64,1.4,12.44,219.91,15.3,0,48.89,0,1,0,0,1,0
7068,21,1.36,5.16,4.15,99.96,1.82,3.9,294.34,5.79,1,82.53,0,1,0,1,0,0
7069,21,7.45,1.86,7.52,92.36,0.9,12.83,243.06,17.52,0,28.64,0,1,0,0,1,0
7070,23,3.83,8.17,4.13,75.88,3.35,5.11,280.04,8.64,2,77.83,0,1,0,0,0,1
7071,17,2.72,2.57,7.65,79.08,2.64,7.11,291.73,5.19,1,62.01,1,0,0,0,1,0
7072,24,5.93,2.03,5.93,69.84,3.87,9.57,255.81,16.01,0,31.42,0,1,0,0,1,0
7073,17,7.01,6.61,7.06,90.21,0.47,9.39,236.84,19.33,0,57.92,1,0,0,0,0,1
7074,16,2.97,4.59,5.55,93.81,2.0,7.81,289.17,6.96,1,69.06,0,1,0,0,0,1
7075,17,3.26,1.54,4.8,98.6,1.2,5.32,277.63,10.16,1,41.64,0,1,0,0,1,0
7076,22,3.47,4.2,7.62,82.63,2.68,6.55,276.08,5.94,1,79.24425524071489,0,0,1,0,1,0
7077,23,7.38,7.95,8.52,86.83,2.34,11.93,230.49,16.93,0,88.48921966535318,0,1,0,0,1,0
7078,20,5.54,6.54,4.92,77.84,2.25,8.23,249.45,10.08,0,58.64,1,0,0,1,0,0
7079,21,1.98,4.27,8.6,84.37,1.58,7.26,300.93,7.35,1,78.85,0,1,0,0,1,0
7080,16,1.48,2.73,4.7,73.95,3.63,6.81,305.22,5.22,1,65.76,0,1,0,0,1,0
7081,21,1.84,6.69,7.68,89.51,2.41,3.85,279.26,4.58,1,98.96,1,0,0,1,0,0
7082,23,2.11,8.99,8.8,60.91,1.01,5.31,292.65,8.44,1,100.0,1,0,0,0,1,0
7083,18,1.84,6.82,4.74,61.14,2.74,5.0,298.13,7.75,1,78.25,0,1,0,0,1,0
7084,16,5.27,8.32,6.18,88.64,2.98,8.32,272.06,11.72,0,93.65759477444034,0,1,0,0,1,0
7085,19,0.93,5.69,5.69,97.23,0.11,4.44,305.97,5.83,1,73.05,0,1,0,0,1,0
7086,16,3.1,7.46,5.94,85.29,1.02,4.47,283.76,9.19,2,82.65,1,0,0,0,1,0
7087,23,5.0,9.07,7.77,89.06,1.21,10.35,259.23,14.89,1,85.89,1,0,0,1,0,0
7088,20,2.33,7.96,7.31,92.96,1.24,4.78,305.26,6.18,1,95.98,1,0,0,1,0,0
7089,16,0.52,9.19,8.84,74.47,1.19,1.53,301.81,2.21,1,108.37946230226964,0,1,0,0,0,1
7090,23,0.65,4.88,4.93,64.32,1.36,5.08,304.35,2.95,1,59.25,1,0,0,0,0,1
7091,24,1.01,9.14,6.72,97.32,1.31,5.26,299.36,8.81,1,100.0,1,0,0,0,0,1
7092,17,6.69,6.59,6.25,97.54,4.42,12.61,239.86,17.14,0,61.5,1,0,0,0,0,1
7093,24,5.26,8.83,8.59,77.67,1.6,9.86,241.94,12.66,0,98.3353160464176,1,0,0,1,0,0
7094,23,0.52,1.35,4.05,68.69,1.75,3.18,328.41,3.38,1,33.79,1,0,0,0,0,1
7095,22,3.13,6.92,8.95,95.69,1.33,8.89,286.6,9.68,1,104.4918281826023,0,1,0,0,1,0
7096,18,2.23,8.63,6.4,88.34,4.84,5.06,299.09,10.0,1,98.49,1,0,0,0,1,0
7097,17,4.62,2.57,7.13,60.33,2.68,9.73,285.58,11.75,1,41.91,1,0,0,1,0,0
7098,22,4.18,6.96,5.8,64.31,3.05,6.86,266.4,11.23,1,74.38,0,1,0,0,1,0
7099,20,3.85,8.42,8.26,99.33,3.68,5.09,282.36,8.08,1,87.71,0,1,0,1,0,0
7100,21,2.52,3.59,6.81,61.53,1.67,7.19,295.58,4.0,1,59.86,1,0,0,0,0,1
7101,19,1.1,4.65,7.31,71.3,4.84,3.85,322.19,3.58,1,86.33,0,1,0,0,0,1
7102,17,5.94,6.13,7.24,81.94,0.76,8.63,255.63,14.93,0,53.24,1,0,0,0,1,0
7103,24,7.04,5.67,5.82,67.37,2.29,11.62,230.43,16.64,0,43.12,0,1,0,0,1,0
7104,18,7.55,1.35,4.38,69.28,0.73,10.16,233.64,14.09,0,6.54,0,1,0,0,0,1
7105,22,0.47,1.89,8.04,74.12,3.95,2.06,307.89,4.91,1,54.44,0,1,0,0,0,1
7106,23,5.92,1.9,5.45,70.78,0.54,8.94,244.29,10.97,0,31.11,0,1,0,0,0,1
7107,17,5.81,3.36,8.24,92.13,2.77,10.93,250.14,12.63,0,48.29,0,1,0,0,0,1
7108,21,7.58,3.21,7.04,80.01,0.52,9.23,227.18,13.73,0,37.58,1,0,0,0,1,0
7109,23,2.02,7.68,5.77,71.14,2.26,5.79,286.82,3.85,2,87.63,1,0,0,1,0,0
7110,22,5.94,6.15,6.97,72.52,1.4,7.6,226.03,12.8,0,59.08,0,0,1,1,0,0
7111,18,0.44,7.88,7.23,61.59,4.52,1.69,317.68,2.73,1,99.16,0,1,0,1,0,0
7112,16,5.05,1.63,7.53,61.98,0.27,7.94,263.08,10.37,0,40.27,1,0,0,0,0,1
7113,21,2.81,5.37,8.11,88.72,3.25,7.1,289.92,8.89,1,80.32663790149942,1,0,0,0,1,0
7114,23,6.15,3.91,4.8,64.52,3.48,8.52,265.26,15.02,0,22.99,1,0,0,0,1,0
7115,21,6.91,8.65,8.72,79.03,4.44,10.14,221.72,14.78,0,80.20762224439702,1,0,0,0,0,1
7116,20,2.92,7.37,6.05,93.69,4.39,6.38,300.49,4.54,1,90.50126330589684,0,1,0,1,0,0
7117,23,4.2,8.82,8.3,74.74,4.89,9.41,294.52,14.03,1,99.63,0,1,0,0,0,1
7118,17,0.94,1.42,5.1,73.83,1.27,6.03,326.36,3.08,1,44.29,0,1,0,0,0,1
7119,16,3.34,7.49,4.15,94.92,1.37,4.35,276.43,2.76,2,78.27,0,1,0,1,0,0
7120,16,2.89,5.86,6.87,94.59,1.99,5.96,289.85,6.54,1,84.11,1,0,0,0,1,0
7121,19,1.46,8.43,5.62,95.21,2.69,5.74,294.77,6.23,2,100.0,0,1,0,1,0,0
7122,21,7.16,5.56,8.92,82.88,1.84,12.42,227.32,18.42,0,61.33,1,0,0,0,1,0
7123,24,1.18,5.86,4.52,98.09,3.7,2.42,323.07,0.71,1,81.8,1,0,0,0,1,0
7124,16,5.09,1.47,4.24,92.76,0.04,9.23,265.91,8.55,0,33.26,0,0,1,1,0,0
7125,16,7.12,7.02,4.23,76.63,0.09,12.33,242.16,17.46,2,59.31440639535815,1,0,0,1,0,0
7126,20,7.3,3.46,5.08,85.18,3.58,9.58,221.17,16.77,0,30.3,0,1,0,1,0,0
7127,20,6.35,1.18,6.9,64.87,4.42,8.38,229.07,15.95,0,17.24,1,0,0,1,0,0
7128,20,1.41,1.6,6.53,82.05,3.88,4.75,313.63,6.5,1,72.15,0,1,0,1,0,0
7129,21,6.54,9.62,5.75,70.53,0.59,12.35,245.74,16.28,2,68.13086689364418,1,0,0,0,0,1
7130,23,2.21,4.11,4.44,71.34,4.67,6.67,290.5,4.81,1,60.65,1,0,0,0,0,1
7131,18,7.38,8.81,5.17,65.03,2.61,10.5,248.8,15.35,2,63.49329006441829,1,0,0,0,1,0
7132,24,5.67,9.64,4.92,74.33,3.71,6.77,257.89,11.4,2,84.48170553982192,0,1,0,0,1,0
7133,16,6.28,9.49,7.73,79.26,1.01,10.06,236.14,12.62,0,91.04442135840722,1,0,0,0,0,1
7134,19,0.68,8.94,7.9,84.01,2.74,3.42,292.46,4.89,1,100.0,0,1,0,1,0,0
7135,24,4.66,9.05,7.89,72.19,1.65,6.59,270.06,12.34,1,75.02,0,1,0,0,1,0
7136,23,6.57,3.6,8.85,91.69,4.87,10.07,236.47,12.1,0,55.25,1,0,0,0,0,1
7137,24,6.89,2.36,8.42,80.84,2.37,9.6,235.93,14.49,0,33.12,0,1,0,1,0,0
7138,16,0.23,6.75,6.49,85.52,3.78,1.42,315.02,5.18,1,100.63130950298569,0,0,1,0,0,1
7139,24,7.51,5.39,6.07,71.13,3.02,12.14,244.19,19.66,0,45.8,0,1,0,1,0,0
7140,18,0.35,1.89,8.58,92.57,0.47,5.01,324.23,3.41,1,76.14,1,0,0,1,0,0
7141,24,4.92,7.1,7.06,84.97,2.71,9.01,260.0,14.08,1,60.01,0,1,0,0,0,1
7142,16,5.55,6.07,5.47,94.49,2.7,10.75,252.17,17.0,0,54.37,1,0,0,0,1,0
7143,16,0.86,8.77,6.82,66.4,3.58,2.88,312.56,2.92,1,89.02,1,0,0,0,1,0
7144,24,0.38,6.48,8.96,75.23,1.61,2.81,328.62,-0.74,1,92.65,1,0,0,0,0,1
7145,21,6.28,6.17,8.25,64.52,4.3,9.57,245.47,15.92,0,56.55,0,1,0,0,0,1
7146,19,3.08,4.97,5.41,68.62,3.11,4.38,277.29,8.63,1,74.01,1,0,0,0,1,0
7147,22,0.86,5.17,8.76,75.78,0.2,6.28,297.63,2.42,1,92.23,0,1,0,1,0,0
7148,20,6.1,9.59,8.91,95.78,3.53,9.55,245.94,14.45,0,99.03806812078618,0,1,0,0,0,1
7149,22,6.79,2.25,5.16,82.28,4.53,9.41,226.54,13.31,0,25.66,0,1,0,0,1,0
7150,23,4.7,5.02,8.48,73.22,3.42,8.09,267.01,7.81,1,68.0,1,0,0,1,0,0
7151,23,1.29,6.9,8.42,89.88,1.9,3.92,309.05,4.34,1,95.35,0,1,0,0,1,0
7152,16,0.12,4.9,4.2,60.79,2.95,2.55,330.47,4.36,1,57.31,1,0,0,0,1,0
7153,23,5.61,3.55,7.35,74.8,0.86,8.85,250.59,13.48,0,56.4509393274841,1,0,0,0,1,0
7154,21,4.4,3.59,5.53,84.03,3.01,7.81,277.52,10.86,1,50.43,0,1,0,0,1,0
7155,19,5.21,3.1,7.37,83.33,2.5,8.38,273.6,9.34,0,50.81,1,0,0,1,0,0
7156,23,6.51,4.1,8.57,84.3,0.13,10.25,242.62,16.15,0,58.98,0,1,0,0,0,1
7157,18,3.47,8.85,6.49,68.46,1.61,8.39,300.71,8.29,1,83.21,1,0,0,0,0,1
7158,19,1.0,5.55,6.07,73.48,0.96,2.29,322.37,1.09,1,80.78,0,1,0,0,0,1
7159,21,7.52,3.16,8.61,97.26,1.95,12.58,224.97,19.33,0,42.57,1,0,0,0,0,1
7160,22,4.36,4.46,8.87,98.96,1.21,6.5,297.12,7.36,1,65.21,0,1,0,0,0,1
7161,19,4.92,1.95,4.31,72.48,4.17,7.18,260.28,10.55,1,21.49,0,1,0,1,0,0
7162,19,7.47,9.14,8.61,85.78,3.49,11.47,244.36,14.64,0,90.30439876364318,0,1,0,0,0,1
7163,22,7.45,4.67,4.41,69.65,3.7,13.33,236.89,17.24,0,24.41,0,1,0,1,0,0
7164,21,4.58,9.82,5.69,74.74,1.8,5.67,268.07,5.32,2,87.37840085406971,0,1,0,1,0,0
7165,23,2.38,4.13,7.81,91.69,0.02,6.75,304.53,8.03,1,84.08270126132501,0,1,0,0,1,0
7166,16,7.98,8.53,7.89,80.05,1.1,12.46,225.75,18.98,0,60.716003368149046,1,0,0,0,0,1
7167,22,5.45,3.31,7.63,93.98,3.78,9.32,253.84,17.19,0,58.604790172966176,1,0,0,1,0,0
7168,22,3.27,1.69,4.2,85.15,3.01,4.32,280.3,7.55,1,37.79,1,0,0,1,0,0
7169,22,4.48,1.29,4.66,85.16,2.69,8.51,254.8,9.17,1,34.8,1,0,0,0,1,0
7170,22,3.33,6.46,8.68,61.36,1.4,4.91,290.71,9.43,1,69.18,1,0,0,0,1,0
7171,23,7.11,3.8,4.41,89.99,0.38,8.5,228.08,16.85,0,25.51,1,0,0,0,0,1
7172,24,3.86,4.99,4.39,99.11,3.92,8.34,275.78,12.57,1,59.76,1,0,0,0,1,0
7173,24,6.59,8.37,8.18,78.92,0.19,11.09,241.12,11.51,0,76.4084076359083,0,1,0,0,1,0
7174,17,6.72,3.23,7.21,66.34,0.3,12.17,245.43,14.76,0,38.54,1,0,0,0,1,0
7175,22,6.59,3.78,5.76,99.08,1.47,7.61,240.79,11.87,0,37.67,0,1,0,0,1,0
7176,22,5.78,8.61,4.83,71.61,2.86,8.67,247.96,16.06,2,91.77598605730344,1,0,0,0,1,0
7177,19,6.84,5.43,8.42,76.37,4.96,7.9,242.07,15.82,0,57.13,1,0,0,1,0,0
7178,24,3.1,8.45,8.94,63.09,0.45,5.92,286.09,9.87,1,92.04,0,1,0,0,1,0
7179,23,0.92,4.37,4.25,64.43,2.37,4.38,298.34,1.4,1,63.81,1,0,0,0,0,1
7180,16,6.74,4.59,6.77,68.66,3.01,10.39,238.02,15.57,0,43.85,0,1,0,0,0,1
7181,17,3.99,2.5,5.31,81.94,4.12,6.77,284.82,6.12,1,43.33,0,1,0,1,0,0
7182,17,1.02,9.25,8.16,82.31,3.45,5.65,332.33,2.15,1,100.0,0,1,0,0,1,0
7183,23,0.92,9.07,5.73,84.25,4.04,4.0,291.88,3.63,2,95.97,1,0,0,0,1,0
7184,16,1.27,9.86,7.57,83.35,2.61,4.86,313.04,4.78,1,100.0,1,0,0,1,0,0
7185,19,6.01,4.62,6.7,79.81,2.17,11.01,248.94,15.31,0,48.47,1,0,0,1,0,0
7186,20,5.69,8.37,6.71,92.08,3.09,7.56,245.8,11.01,0,93.75809307913624,0,1,0,0,0,1
7187,24,1.63,4.73,8.29,97.36,4.5,4.23,296.16,5.41,1,100.37788677795612,1,0,0,0,1,0
7188,22,6.78,5.09,6.35,70.79,2.75,10.39,229.24,15.37,0,41.96,1,0,0,0,1,0
7189,23,2.25,8.47,8.23,65.21,3.03,7.09,279.38,10.06,1,100.0,0,1,0,0,1,0
7190,24,6.34,2.6,5.82,77.0,1.69,9.47,247.77,13.39,0,27.13,1,0,0,0,1,0
7191,22,3.91,2.98,4.87,61.06,2.98,5.27,290.91,4.83,1,36.27,0,1,0,0,1,0
7192,20,5.85,3.83,6.28,95.33,3.14,11.79,253.33,15.9,0,47.96,0,1,0,0,1,0
7193,20,3.05,8.09,6.49,69.59,3.77,7.59,285.12,9.04,1,91.24,0,1,0,0,1,0
7194,21,2.78,4.35,6.39,81.97,2.86,7.39,280.4,6.09,1,67.17,1,0,0,1,0,0
7195,20,6.73,4.22,8.04,64.6,0.99,10.06,229.94,14.47,0,41.58,0,1,0,1,0,0
7196,24,0.28,9.99,6.82,82.13,2.91,4.02,316.86,2.82,1,100.0,0,1,0,0,1,0
7197,18,7.8,4.45,8.44,61.56,1.49,13.77,216.11,17.83,0,32.93,0,1,0,1,0,0
7198,18,5.19,3.23,6.57,90.75,0.44,9.17,268.95,10.15,0,54.59,0,1,0,1,0,0
7199,22,3.46,6.61,5.12,98.22,4.13,5.55,272.7,7.57,1,76.42,0,1,0,0,1,0
7200,22,5.02,8.22,4.65,72.28,0.33,10.84,251.33,14.72,2,76.43105093353347,0,1,0,0,1,0
7201,21,0.98,1.63,8.34,70.33,3.16,4.67,330.75,3.08,1,58.81,1,0,0,0,1,0
7202,18,4.11,6.57,4.28,77.92,4.94,5.21,283.67,9.19,1,67.14,0,1,0,1,0,0
7203,22,7.88,1.32,4.59,84.8,0.44,11.75,213.49,17.33,0,13.6,1,0,0,0,1,0
7204,20,1.88,5.74,4.32,67.56,1.1,3.23,288.62,1.96,1,67.19,1,0,0,0,1,0
7205,22,5.78,3.31,6.12,92.13,3.8,9.42,248.69,13.17,0,39.68,0,1,0,0,0,1
7206,17,3.48,3.76,6.66,67.94,0.48,8.61,276.63,8.63,1,52.38,0,1,0,1,0,0
7207,21,5.22,5.2,4.1,60.22,4.16,8.91,252.77,13.8,0,46.99,1,0,0,0,1,0
7208,23,1.64,9.34,6.58,80.97,0.0,4.51,313.69,7.19,1,100.0,0,1,0,0,0,1
7209,16,3.76,7.4,5.97,64.61,4.45,9.17,276.99,11.99,2,79.08722899270076,0,1,0,0,1,0
7210,19,7.84,9.43,7.87,87.93,0.33,13.48,225.55,17.03,0,79.89571504515644,0,1,0,0,0,1
7211,16,1.56,6.94,8.15,66.7,4.61,4.3,295.2,2.16,1,100.0,1,0,0,0,1,0
7212,16,5.09,1.06,7.42,92.7,4.32,8.58,248.4,8.9,0,38.22,1,0,0,0,0,1
7213,23,4.6,3.39,6.37,78.81,2.7,10.51,258.55,12.49,1,58.05,0,0,1,0,0,1
7214,22,4.52,9.15,5.08,82.65,3.89,6.41,257.0,8.57,2,80.66,1,0,0,0,1,0
7215,16,4.92,6.79,8.24,67.46,0.37,7.41,248.37,8.86,1,69.64,0,1,0,0,1,0
7216,17,4.02,9.83,5.71,65.87,0.68,7.16,282.54,13.53,2,89.46,0,1,0,0,1,0
7217,19,0.14,2.4,5.78,85.25,1.85,1.64,327.62,2.0,1,62.79,0,1,0,0,1,0
7218,16,7.2,3.67,8.58,70.22,2.69,9.56,229.85,16.25,0,45.82,0,1,0,0,1,0
7219,18,6.62,4.26,8.88,75.44,4.34,10.34,253.74,15.67,0,48.56,0,1,0,0,1,0
7220,23,1.39,3.94,8.49,79.18,2.71,3.53,309.22,7.09,1,80.82,0,1,0,0,1,0
7221,23,3.31,3.27,8.99,69.19,3.33,7.74,269.48,8.5,1,62.01,0,1,0,0,1,0
7222,23,6.16,4.99,8.34,91.82,3.4,8.9,231.5,14.93,0,66.48,0,1,0,1,0,0
7223,21,7.84,6.78,7.52,97.58,4.39,9.29,228.98,18.21,0,66.59311046102755,0,1,0,1,0,0
7224,21,7.61,3.8,5.47,77.28,3.88,12.43,233.44,21.35,0,22.19,0,0,1,0,1,0
7225,20,7.19,1.72,8.76,96.7,4.89,11.03,220.79,16.3,0,28.63,1,0,0,0,0,1
7226,24,1.27,7.38,8.38,95.31,0.1,6.39,299.5,7.57,1,100.0,0,0,1,1,0,0
7227,19,7.32,5.13,5.2,66.64,1.04,10.12,240.69,12.38,0,27.27,0,1,0,0,0,1
7228,22,7.03,6.01,6.45,66.94,4.65,8.13,251.35,18.84,0,35.82,0,1,0,1,0,0
7229,16,3.02,5.1,4.35,79.1,3.96,4.25,284.6,7.5,1,66.68,0,1,0,1,0,0
7230,24,3.16,9.01,8.77,81.03,1.34,8.14,282.64,10.32,1,96.05,0,1,0,1,0,0
7231,22,3.68,6.03,6.86,73.65,4.87,6.73,271.33,6.32,1,62.66,0,1,0,0,1,0
7232,24,5.25,9.31,5.23,72.52,4.35,11.13,271.87,10.74,2,84.84262996950025,1,0,0,0,1,0
7233,22,2.09,5.6,5.46,77.25,0.32,7.24,300.48,5.46,1,71.07,0,0,1,0,1,0
7234,17,0.18,3.63,8.9,87.62,4.06,1.26,309.43,0.94,1,79.15,0,1,0,0,0,1
7235,21,1.13,4.2,7.08,63.38,3.92,6.48,314.26,4.43,1,76.23,0,1,0,0,0,1
7236,19,3.52,5.7,6.1,88.42,1.11,5.58,270.75,7.25,1,70.43,0,1,0,0,1,0
7237,18,2.26,5.77,6.5,97.05,3.35,5.69,283.36,5.84,1,93.94,0,1,0,0,1,0
7238,17,6.12,7.19,4.49,90.54,4.85,9.65,242.09,9.34,2,68.64887226540696,0,1,0,1,0,0
7239,21,0.85,3.02,4.38,67.67,3.38,2.15,301.19,3.2,1,48.01,0,1,0,0,1,0
7240,23,7.34,6.93,6.96,63.5,4.07,8.97,222.87,15.16,0,50.2,0,1,0,0,0,1
7241,21,7.16,8.01,6.56,79.62,0.5,10.28,220.09,17.78,0,72.08683607669445,0,1,0,1,0,0
7242,24,7.27,7.09,5.8,98.26,3.64,11.48,225.77,15.69,2,63.03093870337153,0,1,0,0,0,1
7243,20,5.92,5.34,6.83,92.76,1.02,8.24,243.63,12.26,0,58.14627933001041,0,1,0,0,1,0
7244,17,0.86,9.93,4.36,82.51,0.36,4.49,296.17,3.85,2,100.0,0,1,0,1,0,0
7245,23,3.51,4.64,8.72,65.72,2.76,6.41,283.28,9.84,1,62.97,0,0,1,0,1,0
7246,24,1.05,1.96,5.47,88.55,3.75,5.2,289.74,6.48,1,67.47,0,1,0,1,0,0
7247,19,7.9,8.39,4.36,92.52,2.73,11.02,221.39,17.28,2,66.46529462074956,1,0,0,1,0,0
7248,21,2.66,2.91,4.85,97.4,4.66,7.92,294.69,8.81,1,55.85,1,0,0,0,0,1
7249,23,4.68,7.42,4.48,84.48,3.48,10.6,275.16,12.39,2,71.93,1,0,0,0,0,1
7250,24,6.24,2.61,4.89,80.58,0.59,11.81,239.37,14.68,0,33.05,1,0,0,0,1,0
7251,20,7.36,1.15,6.08,84.77,4.67,9.2,241.81,11.8,0,11.36,1,0,0,1,0,0
7252,21,6.04,2.44,7.69,97.73,0.76,9.33,243.85,14.14,0,52.39,1,0,0,0,1,0
7253,19,5.4,4.39,5.36,85.13,3.79,8.69,277.75,10.62,0,49.87,0,1,0,0,0,1
7254,20,3.73,1.96,6.18,70.3,0.74,8.93,260.64,11.8,1,32.34,0,1,0,0,1,0
7255,22,4.84,2.78,8.64,85.45,4.99,7.63,251.85,9.34,1,63.823121348887724,0,0,1,1,0,0
7256,24,0.75,7.88,5.48,95.19,1.66,4.5,312.61,2.24,2,93.66,1,0,0,1,0,0
7257,21,7.07,7.93,7.97,82.68,2.48,11.12,222.55,14.52,0,79.90735251518721,0,0,1,1,0,0
7258,21,4.35,8.36,4.79,80.11,2.33,5.91,260.72,10.55,2,72.01,1,0,0,0,0,1
7259,23,0.32,8.57,4.89,89.33,0.51,4.11,320.69,1.93,2,94.25,1,0,0,0,1,0
7260,19,7.36,4.78,6.28,86.44,2.47,9.59,233.59,16.97,0,34.62,1,0,0,0,0,1
7261,18,3.91,8.81,5.17,62.27,0.75,5.94,272.73,3.49,2,77.88,1,0,0,1,0,0
7262,22,6.95,5.73,8.52,89.01,4.01,9.2,236.35,19.01,0,61.12,1,0,0,0,0,1
7263,20,6.86,5.24,4.25,76.3,4.79,8.36,213.07,12.45,0,35.38,1,0,0,0,0,1
7264,17,6.53,7.47,6.99,97.64,4.04,7.88,243.13,15.27,0,77.81038545706102,1,0,0,1,0,0
7265,17,0.49,2.92,7.02,98.83,2.16,4.72,307.76,4.09,1,75.05,1,0,0,0,1,0
7266,21,1.98,8.11,4.33,77.95,0.01,7.68,292.54,8.23,2,94.08,1,0,0,1,0,0
7267,23,7.0,4.87,7.66,98.75,0.18,11.44,220.1,14.58,0,47.24,0,1,0,0,0,1
7268,16,7.19,2.15,6.34,72.43,2.48,9.75,240.45,14.98,0,22.659463540382088,0,1,0,0,1,0
7269,21,3.66,2.07,7.62,87.31,3.4,6.34,281.6,9.46,1,49.09,1,0,0,1,0,0
7270,17,3.52,2.48,8.13,63.0,4.1,7.23,266.11,8.9,1,44.9,1,0,0,1,0,0
7271,17,1.4,9.02,5.61,65.8,3.0,6.73,304.99,3.65,2,92.92,0,1,0,0,0,1
7272,22,7.75,9.92,6.42,94.58,4.89,9.76,243.46,17.65,0,86.21178306295175,0,1,0,0,0,1
7273,16,1.71,4.21,5.3,95.75,2.47,5.05,300.88,9.66,1,72.68846030658189,1,0,0,1,0,0
7274,21,1.53,3.63,5.01,81.3,3.0,5.02,281.5,3.96,1,66.17,1,0,0,1,0,0
7275,22,5.29,2.97,4.0,73.59,1.15,10.95,250.82,14.39,0,34.9,1,0,0,1,0,0
7276,23,1.94,8.41,8.82,78.04,1.7,5.62,297.99,6.18,1,100.0,1,0,0,0,1,0
7277,22,7.51,2.88,6.2,94.78,3.42,12.41,251.04,16.73,0,33.72,0,1,0,0,0,1
7278,21,0.09,9.32,4.07,68.44,3.01,1.53,306.83,2.51,2,89.78,0,1,0,1,0,0
7279,24,0.05,7.01,4.04,71.79,1.85,2.68,317.93,3.0,2,86.32475243554318,0,1,0,0,0,1
7280,18,4.04,9.07,5.44,91.42,0.56,8.1,260.85,9.01,2,85.42,1,0,0,0,0,1
7281,21,3.9,5.99,4.07,97.41,1.71,8.29,281.99,12.86,1,68.81,0,1,0,0,0,1
7282,19,1.31,7.22,5.87,63.72,0.22,6.74,300.62,5.36,2,100.0,1,0,0,0,1,0
7283,17,3.96,6.58,4.31,92.15,2.9,7.91,245.16,12.05,1,68.57,1,0,0,0,1,0
7284,16,3.29,8.48,4.2,85.8,1.62,5.74,276.59,8.49,2,80.3,1,0,0,0,1,0
7285,16,7.12,8.52,7.35,69.23,1.9,10.82,233.44,16.17,0,73.30991337202032,1,0,0,0,0,1
7286,18,0.07,6.31,8.53,90.23,2.88,4.63,323.04,2.4,1,100.0,0,1,0,0,1,0
7287,19,7.81,6.69,6.05,89.12,2.91,12.73,228.1,19.43,0,45.49,1,0,0,1,0,0
7288,17,5.0,9.3,8.18,65.68,2.94,10.72,266.57,10.66,1,82.77,0,1,0,0,1,0
7289,16,1.21,9.37,4.15,80.09,2.46,3.16,304.24,4.14,2,98.14,0,1,0,0,1,0
7290,19,0.37,6.98,7.89,90.33,2.44,4.67,316.41,5.51,1,100.0,0,1,0,1,0,0
7291,22,4.3,1.07,4.31,67.66,4.11,6.3,268.52,10.62,1,23.32,0,1,0,0,0,1
7292,21,1.88,1.94,8.19,78.51,2.34,4.47,293.29,1.56,1,67.67,1,0,0,0,1,0
7293,21,2.41,8.72,8.41,64.83,2.68,4.12,296.76,2.91,1,85.35,1,0,0,1,0,0
7294,24,1.96,1.76,7.93,72.27,4.94,6.82,304.95,6.39,1,68.37,0,1,0,1,0,0
7295,17,5.2,2.92,8.1,68.72,0.91,10.77,257.16,11.61,0,45.39,0,1,0,0,0,1
7296,19,4.43,3.07,6.81,80.2,3.63,5.58,261.92,11.21,1,55.63,1,0,0,1,0,0
7297,20,0.62,6.4,5.32,65.65,2.37,5.69,301.73,2.83,1,81.57,1,0,0,0,1,0
7298,16,4.21,6.19,7.22,75.33,4.15,6.42,273.03,10.63,1,72.14,0,1,0,0,1,0
7299,23,6.33,3.6,6.2,71.01,2.02,9.76,234.0,18.25,0,33.6,1,0,0,1,0,0
7300,23,0.65,2.87,4.03,89.84,1.51,5.39,313.79,3.72,1,59.56,1,0,0,0,1,0
7301,21,7.12,7.88,6.38,87.99,1.04,10.65,235.87,13.98,0,67.18615942288585,1,0,0,1,0,0
7302,20,4.63,9.42,7.26,63.8,4.36,6.79,275.11,11.13,1,85.9,0,1,0,0,1,0
7303,23,7.6,1.48,4.07,98.14,3.59,13.13,242.67,18.53,0,15.46,1,0,0,0,1,0
7304,18,1.19,2.2,7.11,89.79,0.38,5.16,275.34,4.87,1,71.39,1,0,0,0,0,1
7305,18,7.95,6.78,7.26,84.64,3.57,13.61,222.58,21.47,0,50.46,1,0,0,0,0,1
7306,17,5.15,8.24,4.79,79.11,0.18,10.38,237.19,10.54,2,81.67336454108967,1,0,0,0,1,0
7307,20,4.54,8.12,6.16,67.12,0.91,9.92,277.14,13.77,1,73.35,0,0,1,0,1,0
7308,18,4.12,7.48,8.82,98.48,2.96,6.93,270.33,8.43,1,87.49,0,1,0,1,0,0
7309,18,0.19,8.99,8.42,60.31,2.32,6.13,329.24,6.11,1,100.0,1,0,0,1,0,0
7310,21,7.52,2.96,6.05,87.7,4.2,12.78,232.34,13.43,0,37.35,1,0,0,0,1,0
7311,23,5.15,1.97,5.75,80.3,3.04,7.84,244.7,16.11,0,35.98,1,0,0,0,0,1
7312,17,0.73,6.54,4.62,96.1,4.82,6.21,301.56,3.66,1,87.73,0,1,0,0,0,1
7313,19,0.17,8.4,4.18,75.23,4.28,4.95,316.62,0.31,2,89.42,0,1,0,1,0,0
7314,22,0.41,6.24,5.49,80.75,1.7,5.04,320.78,4.95,1,83.43,1,0,0,0,0,1
7315,16,4.88,9.67,8.7,89.69,4.17,5.91,262.01,11.3,1,98.84,1,0,0,1,0,0
7316,16,4.91,8.16,8.79,61.9,4.35,6.02,262.86,11.28,1,79.73,0,1,0,1,0,0
7317,22,4.0,7.31,8.06,62.18,4.85,8.47,268.43,12.09,1,89.6980518081304,1,0,0,0,0,1
7318,22,2.45,1.54,5.75,68.47,0.06,4.84,301.9,6.17,1,41.53,0,1,0,0,1,0
7319,16,4.25,1.97,4.72,65.86,4.37,5.54,270.46,8.56,1,25.52,0,0,1,0,0,1
7320,16,4.13,8.06,6.98,60.26,0.35,6.56,270.92,7.16,1,78.56,1,0,0,1,0,0
7321,19,0.16,2.78,7.23,84.92,2.64,5.35,321.03,2.69,1,76.54,0,1,0,0,0,1
7322,20,2.26,1.26,6.12,91.84,2.07,5.61,288.73,5.17,1,49.55,1,0,0,1,0,0
7323,20,0.43,9.2,7.46,98.28,4.6,4.51,311.34,2.88,1,107.78365499545406,1,0,0,1,0,0
7324,19,7.2,9.02,7.73,77.64,2.03,12.2,238.41,17.13,0,87.23389105052934,0,1,0,0,1,0
7325,23,5.8,2.97,7.92,71.19,2.98,8.42,258.16,16.38,0,50.72,1,0,0,0,0,1
7326,22,7.97,8.02,6.51,94.56,3.46,9.03,233.17,14.98,0,76.77421316749144,0,1,0,0,0,1
7327,24,2.42,1.43,7.96,93.78,0.1,5.04,289.01,5.87,1,63.93,1,0,0,0,1,0
7328,22,7.03,3.57,4.13,84.99,2.95,12.81,236.87,16.08,0,25.56,0,1,0,0,0,1
7329,16,4.82,6.61,7.4,70.93,2.59,8.23,256.1,8.54,1,61.29,0,1,0,0,1,0
7330,22,3.63,7.87,5.18,96.34,2.97,7.48,284.31,15.01,2,87.89,0,1,0,1,0,0
7331,16,1.78,1.09,5.35,67.14,0.38,6.58,289.19,4.09,1,53.99,0,1,0,1,0,0
7332,22,5.91,3.94,4.46,61.75,0.28,7.48,251.3,13.34,0,29.98,1,0,0,0,1,0
7333,23,7.23,2.93,4.96,91.86,0.89,11.9,242.03,20.2,0,27.86,0,1,0,0,0,1
7334,24,1.88,9.99,8.96,82.55,4.35,4.37,298.7,2.53,1,100.0,0,1,0,0,0,1
7335,18,1.4,7.04,6.08,69.86,1.78,4.34,306.2,6.02,1,86.21,1,0,0,1,0,0
7336,19,5.57,4.65,8.64,86.84,2.17,7.92,250.43,9.24,0,61.38001662332936,1,0,0,0,0,1
7337,19,7.82,1.68,4.81,90.67,1.95,9.59,207.62,14.92,0,14.13,1,0,0,0,1,0
7338,24,6.0,6.39,5.02,93.78,3.57,8.81,241.26,14.53,0,55.16,1,0,0,0,1,0
7339,22,2.28,6.78,6.79,71.29,1.3,3.75,293.08,4.75,1,88.59,1,0,0,0,1,0
7340,18,3.36,8.35,5.75,61.02,0.34,8.58,272.79,12.24,2,80.26,0,1,0,1,0,0
7341,20,3.07,3.6,7.22,80.4,1.89,5.6,288.01,7.66,1,65.61,0,1,0,0,0,1
7342,22,6.82,9.83,6.11,94.24,3.64,11.09,223.52,16.82,0,81.27046265317097,0,0,1,1,0,0
7343,23,6.17,4.96,8.06,68.31,4.57,8.65,226.59,12.2,0,59.74,0,1,0,0,0,1
7344,16,4.71,3.66,6.16,76.85,0.25,6.76,270.43,8.37,1,56.47,0,1,0,0,0,1
7345,17,2.2,4.14,6.86,70.26,4.05,6.77,290.48,4.37,1,65.97,0,1,0,1,0,0
7346,22,7.5,5.68,5.61,60.53,0.33,11.62,233.46,15.19,0,35.09,0,1,0,1,0,0
7347,17,5.23,9.43,7.52,95.94,1.65,7.32,252.03,10.12,0,111.44977400309364,1,0,0,0,1,0
7348,22,7.76,7.62,7.27,65.4,0.11,11.82,232.53,19.86,0,53.83818297667486,1,0,0,0,1,0
7349,24,4.64,6.19,5.99,90.67,4.56,5.67,277.89,10.6,1,69.82,0,0,1,0,1,0
7350,17,6.57,2.47,5.38,73.86,3.53,8.45,255.44,11.52,0,23.07,1,0,0,1,0,0
7351,22,6.5,2.34,7.07,71.11,1.85,11.14,235.52,14.5,0,37.87,0,1,0,1,0,0
7352,19,2.7,5.52,8.72,97.64,1.89,5.75,283.38,6.86,1,91.07,0,1,0,0,1,0
7353,17,7.71,7.56,4.66,86.29,3.2,9.73,229.18,22.3,2,53.3688506099104,0,0,1,0,1,0
7354,22,0.18,7.76,8.0,87.48,0.45,3.71,336.55,2.14,1,108.54758788012197,0,1,0,0,0,1
7355,20,6.15,3.03,6.71,90.39,0.73,9.48,234.67,14.87,0,48.65,0,1,0,0,0,1
7356,16,7.72,1.9,6.63,73.64,4.24,11.89,215.9,15.54,0,21.57,1,0,0,0,0,1
7357,20,2.71,4.46,8.81,82.55,1.01,4.07,296.17,7.54,1,72.63,1,0,0,1,0,0
7358,18,5.18,9.26,7.03,70.81,3.63,10.28,251.18,15.67,0,86.88848673644034,0,1,0,1,0,0
7359,22,4.5,5.91,8.15,93.38,1.13,5.79,272.59,9.34,1,77.37,1,0,0,0,1,0
7360,21,6.09,3.88,6.57,83.97,0.44,9.36,241.07,15.05,0,44.42,0,0,1,0,1,0
7361,23,6.93,3.91,5.25,69.74,4.5,11.48,240.36,17.29,0,27.61,0,1,0,0,1,0
7362,20,4.82,2.19,7.47,95.99,4.51,7.54,257.06,11.14,1,48.64,1,0,0,0,1,0
7363,17,6.53,5.26,8.62,83.23,3.03,12.08,231.59,18.42,0,54.7,0,1,0,1,0,0
7364,24,2.5,8.12,8.21,79.8,2.31,7.28,291.46,5.79,1,100.0,1,0,0,0,1,0
7365,23,1.83,9.72,4.99,61.38,2.76,4.96,285.91,3.48,2,94.91,1,0,0,0,0,1
7366,21,3.45,5.51,5.58,96.39,2.04,5.37,283.16,7.87,1,68.19,0,0,1,0,0,1
7367,22,5.42,2.5,6.58,98.09,3.79,6.64,252.62,10.7,0,48.04,0,1,0,0,1,0
7368,24,1.5,7.15,6.86,82.5,3.77,6.51,288.39,-0.32,1,95.91,0,1,0,0,1,0
7369,22,5.44,7.81,4.97,77.7,4.09,7.41,257.72,10.4,2,67.77356549729781,0,1,0,1,0,0
7370,18,3.15,1.65,5.15,74.38,2.61,5.5,284.99,3.21,1,40.38,1,0,0,1,0,0
7371,21,6.36,8.65,7.79,70.72,4.01,7.41,220.16,12.6,0,84.419654925749,0,1,0,0,1,0
7372,22,0.29,8.46,7.65,82.98,0.78,1.38,316.01,2.55,1,109.622385856771,0,1,0,0,0,1
7373,17,5.34,5.25,8.2,65.12,0.15,7.49,256.02,11.86,0,60.72,0,1,0,0,0,1
7374,18,5.2,6.04,8.66,96.77,3.24,10.56,258.53,13.35,0,71.12,0,1,0,1,0,0
7375,19,7.53,7.42,5.54,67.04,0.53,12.43,211.45,17.2,2,56.29131491705728,0,1,0,0,0,1
7376,21,5.71,7.09,8.3,89.82,2.75,10.56,255.02,14.27,0,85.10717100063141,1,0,0,1,0,0
7377,16,6.37,1.15,7.33,72.28,3.61,11.51,248.69,20.96,0,20.37,0,1,0,0,1,0
7378,24,7.24,2.1,8.79,69.04,2.04,9.17,223.74,14.74,0,25.63,0,1,0,0,1,0
7379,20,5.4,2.46,5.36,82.31,0.22,11.3,241.21,13.72,0,34.92,1,0,0,1,0,0
7380,22,2.32,7.8,5.35,90.6,4.44,4.48,282.37,3.99,2,89.41,1,0,0,1,0,0
7381,24,6.96,4.96,7.52,89.07,0.22,8.71,237.77,10.99,0,59.96813010775736,0,1,0,0,1,0
7382,24,5.98,5.91,8.64,69.35,4.52,8.45,235.86,13.73,0,61.36,0,1,0,0,0,1
7383,16,3.4,7.95,8.12,73.22,0.26,7.05,265.66,10.89,1,82.45,1,0,0,0,1,0
7384,16,5.68,4.07,7.64,94.75,3.68,7.3,272.83,16.81,0,61.39,0,1,0,1,0,0
7385,18,6.94,7.74,5.94,88.93,4.62,11.63,236.67,15.85,2,61.32424379741681,1,0,0,1,0,0
7386,21,7.81,4.98,7.59,88.51,4.53,10.67,223.17,16.53,0,49.89,0,1,0,0,1,0
7387,17,7.62,4.39,8.01,70.76,4.47,11.46,221.86,19.03,0,43.38,0,1,0,0,0,1
7388,16,2.6,4.0,7.77,91.68,4.42,7.27,284.57,10.96,1,68.63,0,1,0,0,0,1
7389,16,3.37,9.68,7.38,74.34,2.55,8.88,297.58,7.02,1,99.29,1,0,0,0,1,0
7390,20,0.88,7.95,4.24,76.06,2.79,5.98,317.6,5.64,2,92.63,1,0,0,1,0,0
7391,19,1.98,1.18,7.3,71.5,3.1,5.67,320.11,9.46,1,60.1,0,1,0,0,1,0
7392,16,7.06,9.62,6.39,64.86,4.48,13.02,239.2,16.6,0,68.30205990665893,1,0,0,0,0,1
7393,19,2.89,7.98,8.81,76.82,4.19,6.54,275.76,5.29,1,96.15,0,1,0,0,0,1
7394,18,4.96,2.34,7.04,60.68,3.91,8.64,263.19,13.33,1,42.48,0,1,0,1,0,0
7395,17,5.33,1.69,7.04,78.24,3.38,7.12,261.53,8.86,0,52.6554780053678,1,0,0,0,1,0
7396,24,6.25,3.77,8.97,89.0,3.09,7.99,251.14,15.75,0,53.27,0,1,0,0,0,1
7397,16,1.46,6.62,4.47,98.43,4.61,3.3,298.06,7.82,1,80.27,1,0,0,0,1,0
7398,22,2.44,6.55,5.38,63.14,0.96,6.4,308.76,5.86,1,83.08,1,0,0,1,0,0
7399,19,3.59,3.48,7.28,71.25,0.96,6.67,264.22,12.04,1,57.16,1,0,0,0,1,0
7400,20,2.92,5.01,5.58,79.77,4.91,5.85,288.35,8.57,1,73.55,1,0,0,1,0,0
7401,20,7.86,2.91,5.73,66.82,2.77,9.5,222.76,19.31,0,15.06,0,1,0,0,0,1
7402,16,6.68,1.46,8.46,64.67,2.42,9.59,232.07,13.52,0,30.22,0,1,0,0,1,0
7403,21,3.84,5.65,6.9,78.09,4.25,6.73,276.39,10.37,1,66.45,0,1,0,0,1,0
7404,24,7.03,4.12,4.51,83.23,4.25,11.13,248.21,16.59,0,27.12,0,1,0,0,1,0
7405,17,2.78,5.89,5.55,92.81,0.88,5.72,290.68,5.46,1,85.16,1,0,0,1,0,0
7406,22,6.29,9.52,4.38,99.91,0.87,9.38,247.25,13.42,2,84.90087952116346,0,1,0,0,0,1
7407,21,1.79,2.29,6.78,90.97,3.98,4.15,278.32,5.91,1,68.22,1,0,0,1,0,0
7408,20,6.18,1.02,4.87,68.85,3.93,7.84,255.05,10.94,0,20.2,0,1,0,0,1,0
7409,19,3.65,1.69,8.29,89.92,1.13,6.15,272.14,6.15,1,52.94,1,0,0,0,1,0
7410,19,0.86,5.16,6.89,81.49,4.21,2.07,315.02,-0.23,1,81.38,1,0,0,1,0,0
7411,21,2.19,7.36,4.3,78.03,2.4,4.21,302.92,3.84,2,85.23670735201866,1,0,0,1,0,0
7412,19,3.22,6.23,5.5,97.43,2.35,5.84,283.29,8.32,1,73.26,0,1,0,1,0,0
7413,20,5.99,5.45,7.08,88.08,4.93,7.72,228.11,11.83,0,53.68,1,0,0,1,0,0
7414,21,0.58,4.19,5.68,87.27,2.6,4.9,327.21,5.88,1,69.49200645034416,0,1,0,1,0,0
7415,20,5.28,3.79,6.57,60.47,0.69,7.68,274.69,8.87,0,38.06,0,1,0,0,1,0
7416,22,5.73,4.39,8.55,94.6,1.4,9.81,259.37,14.53,0,70.63,0,1,0,0,1,0
7417,24,5.23,6.5,5.75,91.73,1.67,9.45,249.98,11.84,0,56.71,1,0,0,0,1,0
7418,22,6.09,2.51,5.68,71.96,4.79,9.33,259.22,13.59,0,29.14,0,1,0,1,0,0
7419,22,1.43,7.94,8.1,71.68,1.32,4.68,300.02,5.85,1,100.0,1,0,0,0,1,0
7420,19,4.7,6.18,5.59,62.14,2.15,8.61,262.93,6.09,1,63.94509158992516,0,0,1,0,0,1
7421,16,7.53,3.42,4.39,62.03,3.75,9.84,241.62,11.94,0,19.73,0,1,0,1,0,0
7422,23,4.89,5.51,4.9,86.74,1.37,6.0,267.79,10.21,1,55.68,1,0,0,0,0,1
7423,19,4.89,9.67,8.74,67.45,3.51,9.12,237.79,11.45,1,96.36,1,0,0,0,1,0
7424,16,5.89,1.18,8.67,96.94,1.04,9.93,251.4,10.94,0,45.0,0,1,0,0,0,1
7425,20,2.67,2.8,5.12,93.7,1.21,6.05,299.81,11.04,1,55.57576683094328,1,0,0,0,1,0
7426,23,5.6,5.04,6.77,73.96,4.93,10.98,239.16,11.57,0,58.81,0,1,0,0,0,1
7427,19,7.33,6.75,4.69,75.2,1.84,10.87,241.81,15.37,0,40.56,1,0,0,0,1,0
7428,23,0.09,2.91,7.37,73.09,3.65,2.61,302.22,3.74,1,59.86,0,1,0,0,1,0
7429,23,6.96,9.38,4.93,63.7,4.2,11.53,234.33,14.85,2,68.11785699795801,0,1,0,1,0,0
7430,18,1.75,6.78,4.25,61.26,1.73,7.56,304.41,4.67,1,74.99,1,0,0,1,0,0
7431,24,3.65,8.9,8.12,78.09,1.79,8.33,273.67,10.42,1,100.0,0,1,0,1,0,0
7432,18,6.82,3.96,5.63,97.72,3.87,12.36,249.94,14.92,0,45.45,0,1,0,0,1,0
7433,16,6.59,8.46,4.54,96.69,3.04,8.15,226.77,14.75,2,72.94866651737611,0,1,0,1,0,0
7434,17,7.14,4.4,8.17,92.39,1.81,8.74,242.47,16.11,0,53.38,0,1,0,0,0,1
7435,21,7.52,3.27,7.81,85.14,3.75,9.29,230.29,16.68,0,31.68,1,0,0,1,0,0
7436,17,3.58,9.2,7.42,94.25,4.32,8.09,268.51,11.77,1,91.32,1,0,0,1,0,0
7437,21,5.25,1.83,8.56,80.6,1.18,8.2,261.39,11.2,0,42.27,1,0,0,1,0,0
7438,16,3.12,9.49,6.45,67.21,0.12,6.51,281.86,6.93,1,85.24,1,0,0,0,1,0
7439,16,2.81,5.13,4.64,87.37,1.37,5.12,301.08,6.6,1,66.06,0,1,0,1,0,0
7440,20,3.45,9.93,4.31,96.83,3.37,8.13,284.43,3.58,2,100.0,0,1,0,1,0,0
7441,24,5.94,5.86,5.59,60.78,4.58,11.17,252.85,14.92,0,47.19,1,0,0,0,1,0
7442,23,4.01,7.82,4.43,70.06,4.32,5.81,265.15,8.26,2,71.9,1,0,0,0,1,0
7443,18,6.51,1.06,6.68,70.62,1.11,8.47,243.35,14.76,0,16.03,0,1,0,0,1,0
7444,18,5.96,5.47,4.07,63.96,4.41,8.66,242.73,11.48,0,36.49,0,1,0,1,0,0
7445,16,0.16,7.64,6.22,69.02,4.05,2.56,317.46,4.21,1,94.02,1,0,0,1,0,0
7446,18,5.04,8.05,4.89,75.36,3.67,8.7,271.97,11.49,2,75.06391419649931,1,0,0,0,0,1
7447,16,3.49,2.42,5.84,97.59,3.44,8.25,275.26,11.03,1,58.26619118634432,1,0,0,0,0,1
7448,23,3.65,4.77,7.38,94.41,4.04,8.62,261.74,8.77,1,77.53,0,1,0,0,1,0
7449,16,6.55,4.77,5.75,97.84,4.31,8.59,246.35,15.05,0,48.15,1,0,0,1,0,0
7450,20,4.38,1.93,5.71,64.82,4.1,6.26,275.31,6.59,1,45.81,0,1,0,0,1,0
7451,24,7.08,4.99,8.95,61.12,0.61,9.9,250.93,11.18,0,49.7,0,1,0,0,0,1
7452,22,5.7,8.26,7.59,64.4,3.61,7.44,260.24,11.86,0,78.94915760250584,1,0,0,1,0,0
7453,19,4.42,3.7,6.57,96.57,4.21,5.88,264.24,9.53,1,68.8168243259428,0,1,0,0,0,1
7454,24,6.04,4.89,6.9,66.3,0.93,8.25,250.13,12.99,0,41.12,0,1,0,0,0,1
7455,24,0.31,9.65,7.1,82.91,1.07,3.28,320.17,1.53,1,105.421651582523,0,0,1,0,1,0
7456,17,0.22,1.29,4.12,69.1,3.93,4.16,321.7,1.61,1,39.8,1,0,0,0,1,0
7457,21,0.67,6.32,4.4,60.83,1.72,5.29,287.22,5.0,1,78.24,1,0,0,0,0,1
7458,19,3.5,7.69,7.25,63.38,2.0,5.61,272.27,11.62,1,85.83,0,1,0,0,1,0
7459,23,1.88,7.85,5.82,88.39,1.89,6.97,302.21,11.48,2,93.33,0,1,0,0,1,0
7460,22,7.87,7.44,4.28,67.29,1.06,9.04,236.55,18.51,2,58.47946779961815,1,0,0,0,1,0
7461,22,4.34,7.54,5.49,69.17,4.69,7.56,261.58,5.71,2,71.15,1,0,0,0,0,1
7462,24,5.3,1.53,4.65,75.09,4.03,9.47,252.25,14.79,0,30.07,1,0,0,0,1,0
7463,20,2.23,5.81,8.58,86.29,1.25,4.69,290.86,7.77,1,89.29,0,1,0,0,0,1
7464,21,2.57,8.05,5.01,78.77,0.53,6.99,287.81,7.15,2,80.39,0,1,0,0,0,1
7465,16,2.68,1.85,4.72,97.78,1.86,8.02,296.38,9.88,1,53.34,0,0,1,0,1,0
7466,21,5.59,1.11,7.13,77.37,2.08,7.04,245.54,12.63,0,34.78,1,0,0,0,1,0
7467,17,3.79,8.33,6.61,67.97,0.04,7.35,283.17,9.33,1,77.4,0,1,0,1,0,0
7468,21,4.14,7.41,6.88,81.45,4.44,5.23,284.51,9.33,1,68.04,0,1,0,0,0,1
7469,24,4.74,4.71,6.18,78.04,4.26,7.14,259.18,9.57,1,58.71,1,0,0,0,1,0
7470,23,6.15,9.46,6.34,91.49,4.25,7.83,241.9,9.46,0,88.09014905630427,0,1,0,0,0,1
7471,24,0.72,7.9,7.89,97.4,4.03,4.84,312.94,-0.25,1,100.0,0,1,0,0,1,0
7472,23,6.21,9.71,5.1,93.45,3.67,8.45,239.62,15.37,2,89.81559853415565,0,1,0,0,1,0
7473,18,4.51,9.36,5.98,75.56,3.17,6.92,265.0,8.17,2,87.97,1,0,0,0,0,1
7474,23,5.35,5.33,8.79,68.64,4.8,7.38,241.1,8.66,0,69.45,0,1,0,0,1,0
7475,21,2.62,7.79,4.95,96.58,3.56,4.84,297.12,3.25,2,90.95,0,0,1,0,0,1
7476,21,3.28,7.02,5.47,75.44,3.15,5.41,297.27,6.67,2,81.71325766621348,0,1,0,0,1,0
7477,21,1.85,8.3,4.96,90.81,3.94,6.34,291.07,8.98,2,90.7,1,0,0,0,1,0
7478,18,7.83,8.09,4.1,99.58,1.23,13.61,209.58,18.26,2,67.48229586455284,0,1,0,0,1,0
7479,16,3.98,2.38,5.35,83.1,4.84,7.43,281.45,6.82,1,43.68,1,0,0,0,1,0
7480,19,7.97,3.1,4.23,79.2,0.1,11.97,220.18,20.9,0,11.25,0,0,1,1,0,0
7481,21,3.92,3.39,4.77,87.99,3.24,9.01,266.28,11.04,1,53.48,1,0,0,0,1,0
7482,17,1.76,8.37,5.81,67.76,0.39,5.14,297.66,4.52,2,84.94,1,0,0,1,0,0
7483,22,4.06,8.3,4.1,79.53,4.27,6.57,259.07,10.35,2,70.0,1,0,0,1,0,0
7484,22,0.32,5.46,7.76,72.49,4.84,6.07,320.98,3.54,1,82.04,1,0,0,0,0,1
7485,19,7.24,6.23,7.98,66.57,2.04,12.77,220.47,15.81,0,55.22991653122002,1,0,0,1,0,0
7486,19,6.55,8.44,6.06,84.41,4.29,8.65,229.56,13.06,0,91.31340972266264,0,0,1,1,0,0
7487,16,5.81,3.81,8.92,83.03,1.68,10.33,238.3,11.41,0,55.03,0,1,0,0,1,0
7488,17,4.88,1.45,7.39,90.45,0.8,9.12,263.08,10.94,1,40.64,0,0,1,0,1,0
7489,24,4.64,5.34,7.72,94.92,1.38,8.89,246.18,13.27,1,71.16,0,1,0,0,1,0
7490,23,7.97,9.22,4.96,68.82,1.51,13.12,245.24,20.32,2,61.80926861984506,0,1,0,0,0,1
7491,23,2.22,8.11,8.19,91.19,3.15,6.59,289.6,6.27,1,92.63,0,1,0,0,1,0
7492,24,6.24,4.3,8.73,74.7,3.98,9.83,223.96,13.95,0,52.53,0,1,0,1,0,0
7493,22,4.65,1.58,5.18,85.15,1.03,9.88,253.59,9.85,1,33.43,1,0,0,0,0,1
7494,24,7.81,6.73,7.43,94.01,0.44,10.13,232.27,17.57,0,56.0,1,0,0,1,0,0
7495,17,6.62,8.51,7.73,70.25,1.11,11.02,254.04,12.67,0,76.28885790113722,1,0,0,0,1,0
7496,21,7.99,6.98,5.53,84.04,1.48,12.5,225.75,19.9,0,43.14,1,0,0,0,0,1
7497,18,4.71,4.83,6.38,79.21,1.4,10.06,264.34,12.93,1,57.14,1,0,0,0,0,1
7498,21,1.64,2.11,4.49,91.62,1.1,7.63,285.02,5.74,1,52.55,1,0,0,0,1,0
7499,18,4.03,9.2,4.87,87.89,2.33,7.82,286.53,10.83,2,94.19,0,1,0,1,0,0
7500,23,5.69,3.48,4.31,90.79,4.28,9.11,257.28,12.41,0,40.29,1,0,0,0,0,1
7501,19,6.19,3.02,6.8,71.52,0.5,10.19,248.93,14.76,0,40.58,1,0,0,0,1,0
7502,21,0.0,8.34,7.13,88.17,4.31,4.29,320.17,2.57,1,106.75471100090724,1,0,0,1,0,0
7503,24,4.04,9.83,8.58,84.23,2.49,8.6,276.83,12.69,1,100.0,1,0,0,0,0,1
7504,17,1.88,6.94,6.71,78.27,3.3,4.29,289.44,5.94,1,85.8,1,0,0,0,1,0
7505,17,7.0,6.62,5.3,75.13,4.08,10.44,245.39,17.82,0,43.22,0,1,0,0,1,0
7506,22,1.22,3.87,4.3,73.26,1.52,4.07,313.39,4.65,1,60.21,0,1,0,0,0,1
7507,17,5.33,1.18,8.42,60.39,4.77,6.52,255.06,11.14,0,35.75,1,0,0,0,0,1
7508,17,2.13,2.73,6.39,66.78,0.42,6.18,291.72,7.31,1,64.29,1,0,0,0,0,1
7509,19,2.85,6.26,7.69,62.36,2.64,8.22,264.22,9.07,1,81.92,1,0,0,0,0,1
7510,24,7.52,2.36,4.07,93.93,1.27,13.13,212.44,17.12,0,26.43,0,1,0,0,1,0
7511,23,1.92,8.95,6.44,94.4,2.04,5.51,302.42,2.82,1,100.0,0,1,0,0,1,0
7512,17,0.76,2.69,5.63,93.85,2.24,5.59,319.93,2.89,1,67.59,1,0,0,1,0,0
7513,23,0.55,5.7,4.15,92.72,4.57,5.11,324.1,2.32,1,80.72090616811691,0,1,0,0,0,1
7514,19,4.04,5.61,7.88,68.85,2.21,6.18,258.05,10.26,1,78.4736529314169,1,0,0,0,1,0
7515,17,5.13,6.44,6.56,79.67,3.49,6.44,281.37,10.78,0,63.17,0,1,0,0,1,0
7516,22,2.62,3.95,5.67,96.31,4.76,7.36,298.56,5.98,1,70.95,0,1,0,1,0,0
7517,21,5.52,8.86,8.03,90.39,2.47,7.93,248.03,11.92,0,101.85779588834342,1,0,0,1,0,0
7518,20,0.49,5.0,6.23,60.07,2.04,4.24,315.75,2.21,1,71.71,0,1,0,0,0,1
7519,16,6.86,7.3,4.02,78.38,4.86,10.48,220.71,13.69,2,62.10294799589512,1,0,0,0,1,0
7520,17,6.53,6.72,8.72,60.43,4.14,11.62,235.47,18.54,0,68.89,1,0,0,0,0,1
7521,23,7.88,2.05,5.28,71.23,4.7,12.1,230.82,17.5,0,5.43,0,1,0,0,1,0
7522,16,7.49,6.6,8.15,77.43,1.99,12.73,230.75,16.02,0,60.27,1,0,0,0,0,1
7523,18,2.85,5.96,8.08,95.72,3.48,7.61,303.23,4.76,1,91.29,1,0,0,1,0,0
7524,17,3.19,9.09,4.81,86.18,1.25,9.19,266.93,9.55,2,86.96,0,1,0,0,0,1
7525,20,5.97,8.93,6.37,74.5,4.33,11.29,247.19,15.64,0,85.3279625577168,0,1,0,0,1,0
7526,19,1.07,2.36,4.2,79.63,4.67,3.13,295.79,1.87,1,56.39,0,1,0,0,0,1
7527,22,2.51,1.74,5.77,92.7,1.34,8.32,305.23,8.21,1,53.45,1,0,0,1,0,0
7528,20,0.95,3.65,7.65,71.99,0.52,3.65,311.25,1.07,1,76.01,1,0,0,0,0,1
7529,23,3.64,9.88,5.19,84.6,1.0,7.68,276.4,8.84,2,100.0,1,0,0,1,0,0
7530,19,4.42,1.19,4.59,70.49,3.16,10.13,265.63,13.86,1,32.88,1,0,0,0,1,0
7531,21,1.69,7.06,6.54,79.2,1.36,3.76,290.95,3.95,1,94.12,1,0,0,1,0,0
7532,19,0.21,6.48,6.68,60.99,3.19,5.5,329.46,1.78,1,97.16537350415764,1,0,0,0,0,1
7533,17,5.75,6.82,7.38,94.09,1.75,11.52,252.71,17.07,0,69.7211392990849,1,0,0,0,1,0
7534,16,0.16,2.96,7.8,61.93,4.58,5.43,320.53,3.35,1,65.39,0,1,0,0,0,1
7535,16,7.79,3.04,7.48,68.97,2.26,12.89,232.34,17.12,0,25.7,1,0,0,0,0,1
7536,23,1.77,4.88,8.23,73.34,2.49,4.09,290.14,2.97,1,79.3,1,0,0,0,0,1
7537,19,5.31,1.86,5.11,85.01,1.74,8.35,276.23,9.84,0,29.93,1,0,0,0,1,0
7538,20,3.48,1.67,6.85,88.8,0.37,8.28,293.94,10.21,1,42.8,1,0,0,0,1,0
7539,23,0.48,1.8,5.8,63.22,2.47,2.07,313.88,3.29,1,45.91,0,1,0,1,0,0
7540,22,3.78,6.16,8.81,61.74,3.87,9.22,271.63,10.28,1,74.8,1,0,0,0,0,1
7541,23,4.13,4.58,6.2,91.96,4.77,6.18,276.84,8.89,1,58.38,0,1,0,0,1,0
7542,23,6.84,3.64,8.8,88.49,0.38,10.66,249.12,16.77,0,49.91,1,0,0,1,0,0
7543,21,5.86,3.84,7.85,93.26,3.99,7.39,267.18,9.65,0,55.39,0,1,0,0,1,0
7544,17,0.63,2.87,7.59,87.06,1.34,2.56,318.89,2.38,1,74.48,1,0,0,0,0,1
7545,21,1.67,4.7,6.46,90.04,4.11,5.6,301.33,5.34,1,79.21,1,0,0,0,1,0
7546,16,2.5,2.83,6.22,75.16,1.71,6.67,291.37,7.91,1,61.91,1,0,0,1,0,0
7547,16,0.93,7.28,6.63,83.61,0.57,3.28,290.03,3.99,1,95.99,0,1,0,0,1,0
7548,18,3.66,2.12,5.47,92.22,3.06,5.26,271.78,7.3,1,49.38,0,0,1,1,0,0
7549,18,7.87,9.53,8.52,66.88,4.47,11.62,229.17,21.32,0,74.33105727050538,1,0,0,0,0,1
7550,20,4.12,1.81,7.97,76.91,0.91,9.32,247.98,8.67,1,48.05,1,0,0,0,1,0
7551,16,5.94,9.49,8.01,89.62,0.11,7.95,250.52,11.93,0,98.7316965227058,0,1,0,0,1,0
7552,21,5.46,8.5,6.17,81.31,4.42,9.92,246.36,14.87,0,89.68905649966673,1,0,0,0,1,0
7553,22,6.8,7.13,4.36,87.27,3.49,9.73,254.17,13.8,2,57.617304515871176,0,1,0,1,0,0
7554,18,1.73,9.21,7.42,71.71,4.04,7.45,296.39,6.54,1,107.01495575080943,1,0,0,1,0,0
7555,19,6.03,2.25,5.87,61.29,0.3,7.44,245.0,11.7,0,23.77,0,1,0,1,0,0
7556,18,7.05,2.59,8.35,61.17,4.45,8.25,234.03,13.92,0,42.18,1,0,0,0,1,0
7557,16,1.37,3.27,7.9,97.71,2.1,2.99,303.51,0.96,1,81.05,1,0,0,0,1,0
7558,23,2.77,3.2,4.73,97.78,4.49,7.68,294.69,9.52,1,64.21,0,1,0,0,0,1
7559,17,7.76,3.8,7.01,68.45,0.32,13.37,223.44,19.89,0,41.54,1,0,0,0,0,1
7560,16,6.25,6.18,7.46,65.9,4.42,11.36,245.23,16.61,0,57.02,1,0,0,1,0,0
7561,23,2.26,1.25,6.84,60.73,3.37,6.85,300.87,5.96,1,37.57,0,1,0,1,0,0
7562,22,4.51,4.44,6.57,69.25,2.77,5.8,265.97,10.33,1,62.09,1,0,0,1,0,0
7563,22,3.23,3.22,5.14,73.37,0.31,5.3,287.79,11.49,1,47.72,0,1,0,0,1,0
7564,19,3.92,6.46,5.18,69.65,3.44,9.6,268.5,11.26,1,61.42,0,1,0,1,0,0
7565,24,2.84,9.87,7.84,91.9,2.99,6.95,289.43,5.42,1,100.0,0,1,0,0,0,1
7566,21,2.23,5.66,4.09,89.98,3.63,5.57,306.33,4.42,1,64.15,1,0,0,0,0,1
7567,17,5.4,4.83,7.89,63.24,3.58,9.66,261.22,11.13,0,61.59,0,1,0,0,0,1
7568,16,6.23,4.31,6.63,87.89,2.22,8.12,226.53,16.05,0,46.53,1,0,0,1,0,0
7569,16,6.99,8.06,8.68,80.82,1.02,12.45,241.67,17.5,0,74.72253421817224,1,0,0,0,0,1
7570,24,1.24,1.65,8.99,65.29,4.59,5.52,293.58,1.47,1,72.11,0,1,0,0,1,0
7571,19,6.58,9.64,7.32,89.58,4.63,9.94,231.79,17.45,0,79.95042467405607,1,0,0,0,0,1
7572,20,2.04,4.76,6.06,63.44,1.06,5.33,300.44,6.86,1,65.78,0,1,0,1,0,0
7573,18,3.42,3.82,6.38,67.09,3.15,8.53,269.26,9.74,1,47.75,1,0,0,1,0,0
7574,19,7.21,9.77,5.02,65.97,1.01,9.75,222.38,18.72,2,71.56208026615123,0,1,0,0,1,0
7575,23,3.64,9.42,4.5,97.56,4.31,5.33,276.29,7.67,2,93.38,0,1,0,1,0,0
7576,19,1.58,6.78,6.89,87.93,0.49,3.51,294.91,6.85,1,97.76,1,0,0,0,1,0
7577,24,1.28,1.17,8.03,76.45,4.95,2.69,288.34,-1.15,1,74.28342931803613,1,0,0,0,1,0
7578,24,3.78,7.74,5.31,92.89,3.05,7.32,280.19,7.86,2,85.89,0,1,0,0,0,1
7579,21,6.1,4.02,6.1,68.64,0.11,10.49,256.65,15.98,0,38.98,1,0,0,0,0,1
7580,17,7.98,4.49,6.77,97.24,4.41,13.65,233.29,22.15,0,37.03,0,1,0,0,1,0
7581,22,6.3,2.43,8.54,87.88,3.42,11.05,235.42,12.54,0,44.9,1,0,0,1,0,0
7582,24,7.02,5.71,4.69,82.38,3.49,10.94,239.87,15.16,0,37.23,1,0,0,1,0,0
7583,21,5.98,7.7,5.18,91.79,1.38,11.3,243.3,14.95,2,80.22477488485194,0,1,0,0,0,1
7584,18,7.16,3.46,8.59,85.79,1.68,12.62,221.41,15.17,0,42.89,0,1,0,0,1,0
7585,22,0.61,9.45,4.2,95.48,4.57,5.17,305.21,2.97,2,100.0,0,1,0,0,1,0
7586,20,7.44,2.75,7.28,93.17,3.17,8.72,202.53,18.68,0,32.1,0,1,0,0,1,0
7587,16,3.17,1.6,7.2,67.91,0.08,5.63,271.39,5.51,1,49.98,0,1,0,0,1,0
7588,18,7.37,6.8,5.92,69.59,1.64,10.05,216.89,15.6,0,48.67,1,0,0,1,0,0
7589,20,0.61,8.64,6.34,62.6,2.99,6.6,314.71,4.76,1,84.93,0,0,1,0,0,1
7590,22,5.72,9.58,8.27,68.81,0.74,9.04,254.27,14.03,0,83.81397563905692,0,1,0,0,1,0
7591,18,5.89,7.9,4.82,73.74,0.49,10.7,232.42,12.46,2,64.41579348775727,1,0,0,0,1,0
7592,21,7.98,2.8,5.16,61.15,0.3,13.05,232.52,18.14,0,10.04,1,0,0,1,0,0
7593,20,6.15,9.8,6.56,72.6,3.15,10.42,240.12,13.86,0,91.64299896642018,1,0,0,0,0,1
7594,16,3.06,9.27,6.05,90.86,1.6,4.15,272.59,7.27,1,98.64,1,0,0,0,0,1
7595,21,4.46,2.47,6.87,93.61,1.87,5.56,248.58,7.12,1,54.16,1,0,0,0,0,1
7596,23,2.93,6.03,8.6,60.35,0.3,8.02,276.83,10.95,1,86.36,0,1,0,0,1,0
7597,16,1.57,6.0,8.59,60.29,3.69,6.27,299.77,6.01,1,96.39,0,1,0,1,0,0
7598,17,1.99,4.98,5.15,65.85,3.83,5.67,306.08,7.95,1,64.58,0,1,0,0,1,0
7599,19,1.78,9.86,5.51,94.9,4.15,4.02,297.59,3.54,2,100.0,0,1,0,1,0,0
7600,17,4.39,1.54,4.81,78.77,3.26,5.82,264.17,7.05,1,34.24,0,1,0,0,1,0
7601,24,7.25,6.64,8.64,99.32,3.87,9.07,238.8,13.5,0,62.58,1,0,0,0,0,1
7602,23,7.3,2.85,5.99,95.49,2.89,11.2,233.8,17.95,0,28.79,0,1,0,1,0,0
7603,23,0.44,5.75,6.25,95.61,2.46,4.17,299.67,1.86,1,84.47,1,0,0,1,0,0
7604,19,0.64,8.02,8.01,65.14,1.3,6.35,307.95,0.9,1,99.38,0,1,0,0,1,0
7605,20,1.96,3.22,6.56,79.01,0.27,7.75,290.73,7.18,1,68.36,1,0,0,0,0,1
7606,19,2.04,4.54,4.6,99.74,1.46,5.92,294.02,5.38,1,75.91,1,0,0,0,1,0
7607,24,0.76,9.56,6.19,65.96,3.42,5.97,306.13,3.53,1,100.0,0,1,0,1,0,0
7608,17,3.11,7.85,7.15,82.97,4.63,8.17,274.62,5.33,1,87.6,0,1,0,1,0,0
7609,23,4.7,6.15,7.6,73.77,1.28,9.46,278.25,8.76,1,62.57,1,0,0,0,1,0
7610,17,4.63,3.0,7.23,75.51,3.35,7.82,263.99,9.76,1,52.99,0,1,0,0,1,0
7611,16,4.35,4.83,4.6,95.63,2.39,7.3,272.57,8.32,1,62.63,0,1,0,0,1,0
7612,18,2.71,7.97,5.52,83.52,3.14,5.03,286.31,5.44,2,87.94,0,1,0,1,0,0
7613,24,5.65,8.38,7.67,90.35,0.01,11.34,260.35,15.81,0,78.80303640110871,1,0,0,0,0,1
7614,18,6.61,3.2,8.4,86.93,0.61,11.78,239.77,13.68,0,40.93,1,0,0,0,1,0
7615,24,2.77,6.96,4.24,81.16,1.09,4.66,296.48,4.67,1,74.58,1,0,0,1,0,0
7616,22,0.68,1.86,4.21,91.67,4.47,2.94,283.14,1.44,1,51.3,1,0,0,0,1,0
7617,16,2.37,1.21,7.22,98.83,0.2,6.28,292.56,4.77,1,53.5,1,0,0,0,1,0
7618,20,1.1,5.94,6.74,98.67,2.85,4.17,309.41,3.3,1,109.25933354969588,1,0,0,0,1,0
7619,24,3.74,3.02,4.78,91.58,4.64,5.81,278.17,10.57,1,45.25,0,0,1,0,1,0
7620,18,1.25,1.71,6.74,79.49,3.26,6.21,294.16,4.41,1,69.3,0,1,0,0,0,1
7621,24,3.7,7.57,8.87,66.53,2.42,4.71,268.37,8.42,1,88.69,0,1,0,0,0,1
7622,20,1.77,5.48,7.15,61.78,1.93,4.49,288.33,0.26,1,91.24862699126118,1,0,0,0,1,0
7623,24,5.91,8.17,6.25,69.26,3.12,11.56,253.95,14.81,0,81.72304711050825,1,0,0,0,1,0
7624,21,0.22,6.98,8.14,73.61,2.4,5.02,326.4,5.79,1,92.87,0,1,0,0,1,0
7625,24,4.44,7.57,5.06,65.19,3.53,7.45,250.28,10.58,2,65.01,0,1,0,0,1,0
7626,22,1.36,3.77,6.07,68.99,3.09,7.0,305.73,5.8,1,71.79,1,0,0,0,1,0
7627,22,0.01,3.37,6.64,63.34,2.84,5.51,311.23,3.34,1,56.53,1,0,0,0,1,0
7628,23,6.95,6.41,6.52,80.95,4.78,8.21,254.08,17.67,0,60.43,0,1,0,0,1,0
7629,22,5.37,2.8,8.6,65.05,4.18,7.01,261.19,14.27,0,46.41,1,0,0,1,0,0
7630,24,0.79,8.34,5.46,89.71,3.04,3.73,307.0,1.01,2,92.68,1,0,0,0,1,0
7631,24,5.31,5.71,4.28,73.31,2.69,10.96,254.93,15.85,0,54.37,1,0,0,0,0,1
7632,21,4.89,3.04,8.58,86.88,3.62,10.11,274.29,15.14,1,57.46,0,1,0,0,1,0
7633,22,3.79,6.63,5.09,95.3,4.02,5.03,275.09,4.78,1,70.37,0,1,0,0,0,1
7634,17,3.35,9.51,5.9,63.44,1.48,6.91,261.91,8.53,2,99.75702752998248,0,1,0,1,0,0
7635,24,7.1,1.74,6.65,99.56,3.33,11.7,249.97,17.55,0,17.44,0,1,0,0,0,1
7636,16,1.96,1.98,8.88,85.81,0.68,4.34,304.61,-0.49,1,74.75,1,0,0,0,1,0
7637,16,3.19,8.59,6.68,62.13,2.15,7.8,276.35,7.32,1,92.06,0,1,0,0,1,0
7638,18,2.63,1.99,6.24,72.56,4.69,5.48,294.45,5.25,1,45.97,0,0,1,1,0,0
7639,21,6.17,1.35,6.92,95.45,1.63,8.54,239.83,12.23,0,27.35,0,1,0,0,0,1
7640,20,7.33,4.13,8.85,83.85,0.77,10.29,225.64,18.23,0,47.76,0,1,0,0,1,0
7641,17,6.8,5.2,8.09,71.49,0.73,12.55,237.19,16.36,0,46.16,1,0,0,1,0,0
7642,24,6.38,6.12,4.84,97.62,1.97,11.91,249.44,16.37,0,71.97988233706849,1,0,0,0,0,1
7643,19,7.89,5.57,8.02,91.49,1.13,13.46,230.02,18.74,0,45.97,0,1,0,1,0,0
7644,19,5.58,9.22,8.21,89.42,2.13,11.17,262.42,18.89,0,95.37600349688832,1,0,0,0,1,0
7645,20,6.01,7.92,7.45,95.54,3.59,7.9,252.63,14.96,0,84.5766905084042,1,0,0,0,1,0
7646,23,7.86,9.85,7.29,90.79,4.44,13.34,240.21,18.42,0,72.07582561922872,1,0,0,0,0,1
7647,19,0.06,5.29,6.2,71.47,0.55,2.12,336.52,0.62,1,78.25,1,0,0,0,0,1
7648,20,5.07,1.76,7.21,83.36,3.84,10.26,262.18,11.34,0,47.17,0,1,0,0,1,0
7649,19,5.91,9.6,7.69,93.69,0.52,9.62,245.72,11.73,0,107.31191993142218,1,0,0,0,0,1
7650,21,7.34,1.04,4.61,67.23,1.9,9.54,230.13,13.39,0,6.522581923278651,1,0,0,0,0,1
7651,18,7.07,7.98,5.29,66.52,4.98,10.06,215.91,17.6,2,55.23723728334221,0,1,0,0,1,0
7652,23,6.74,1.28,4.97,66.36,0.34,9.91,239.33,13.27,0,2.9,0,1,0,0,0,1
7653,21,7.57,7.85,8.21,67.77,0.11,12.24,222.99,18.76,0,68.24564763578613,1,0,0,0,1,0
7654,20,4.3,9.44,7.4,64.13,1.67,8.33,261.35,9.61,1,93.2,0,1,0,0,0,1
7655,17,0.06,4.5,6.25,93.51,4.76,5.14,318.9,1.16,1,76.9,0,1,0,0,1,0
7656,22,0.09,3.17,8.13,92.73,0.1,3.07,297.93,1.01,1,82.8,0,0,1,0,0,1
7657,17,4.36,3.04,7.58,66.05,1.11,9.08,265.89,14.66,1,42.76,0,1,0,0,1,0
7658,16,3.48,5.43,8.57,88.22,3.02,8.44,280.28,15.52,1,89.74,0,1,0,1,0,0
7659,22,3.61,2.54,4.38,85.08,1.17,4.93,261.32,7.15,1,50.22,1,0,0,0,0,1
7660,20,3.2,7.06,6.55,71.05,0.27,6.08,295.14,6.92,1,75.97,1,0,0,0,0,1
7661,16,7.34,4.32,7.53,69.09,0.26,12.77,236.35,19.31,0,30.38,0,1,0,1,0,0
7662,19,2.87,3.91,5.04,70.02,2.8,7.39,298.47,8.31,1,57.405266352567246,1,0,0,0,1,0
7663,19,6.85,5.15,5.64,89.23,2.81,9.94,242.14,13.94,0,45.78,1,0,0,0,0,1
7664,22,7.22,5.88,6.09,72.77,3.53,9.13,236.97,16.38,0,48.1,1,0,0,0,1,0
7665,24,4.0,2.28,7.97,71.12,0.66,5.48,287.22,10.28,1,40.34,0,1,0,1,0,0
7666,17,3.58,7.37,6.47,60.9,2.5,5.73,290.19,7.75,1,80.85,0,1,0,1,0,0
7667,16,6.09,8.95,6.46,96.33,3.0,8.31,266.34,12.87,0,94.09941128699616,0,1,0,1,0,0
7668,17,5.66,3.5,6.15,90.11,1.11,8.51,250.84,16.17,0,39.88,1,0,0,0,1,0
7669,22,2.63,2.62,5.14,78.91,2.74,4.51,280.49,4.56,1,38.68,1,0,0,0,1,0
7670,21,0.82,7.84,8.62,97.72,3.54,2.55,298.58,1.42,1,100.0,1,0,0,0,1,0
7671,19,2.12,2.65,5.59,71.74,4.95,7.34,284.79,5.92,1,54.71,1,0,0,0,0,1
7672,16,1.05,1.37,6.84,86.99,2.98,3.3,314.18,6.62,1,69.51436847330442,1,0,0,0,1,0
7673,16,2.36,6.57,4.74,72.21,4.31,6.17,318.94,2.67,1,77.35,0,1,0,0,1,0
7674,20,2.09,3.16,6.17,72.58,4.17,4.09,310.01,6.82,1,69.54,1,0,0,0,0,1
7675,16,5.1,2.55,8.52,93.79,4.7,8.56,257.0,11.87,0,52.48,1,0,0,1,0,0
7676,22,7.64,9.83,8.98,91.48,3.62,10.02,235.98,20.1,0,85.14533564240645,1,0,0,0,1,0
7677,16,5.49,3.63,5.81,71.76,1.07,6.92,248.59,12.41,0,49.41,0,1,0,1,0,0
7678,16,7.41,9.13,4.77,63.26,1.49,13.32,226.17,13.47,2,66.2072637342618,1,0,0,0,1,0
7679,17,6.27,2.6,5.57,74.3,3.92,9.56,234.42,17.41,0,32.07,0,1,0,0,1,0
7680,18,5.82,8.37,5.64,90.4,2.6,8.79,240.48,12.65,2,81.59946642442806,0,1,0,1,0,0
7681,16,3.31,5.52,7.22,64.02,1.26,5.31,285.83,3.54,1,74.86,1,0,0,0,0,1
7682,24,2.6,1.71,6.48,86.88,3.28,6.08,303.63,6.13,1,47.64,1,0,0,1,0,0
7683,23,6.77,7.6,7.84,95.59,4.53,10.95,249.17,15.7,0,76.22616565273674,0,1,0,0,0,1
7684,20,7.24,9.03,7.51,67.17,1.79,9.76,247.7,13.64,0,81.34174864032236,1,0,0,1,0,0
7685,17,3.62,2.47,5.26,94.49,2.98,7.02,284.4,5.88,1,49.52,0,1,0,0,1,0
7686,20,0.07,7.53,7.92,62.05,2.91,2.26,318.82,1.83,1,92.26,0,1,0,0,0,1
7687,21,6.34,5.01,8.24,86.68,0.63,9.98,238.66,12.01,0,66.06,0,1,0,1,0,0
7688,16,2.28,7.78,6.99,91.64,0.45,7.22,298.41,4.98,1,104.29292153503876,1,0,0,0,1,0
7689,19,0.08,7.43,8.64,77.79,4.45,1.38,302.24,3.52,1,98.11,0,0,1,0,1,0
7690,24,6.44,1.24,7.91,68.15,4.67,10.03,236.67,14.01,0,17.42,1,0,0,0,1,0
7691,17,4.14,2.61,6.98,96.99,4.52,7.14,262.44,7.35,1,63.22,1,0,0,1,0,0
7692,20,5.48,5.24,8.53,60.8,1.98,6.85,266.68,9.85,0,53.51,0,1,0,0,0,1
7693,16,7.32,9.4,7.0,82.2,1.44,13.02,218.38,18.26,0,79.86000956795814,0,1,0,0,0,1
7694,19,4.33,4.08,6.61,74.91,4.71,6.63,277.34,10.65,1,55.83,1,0,0,1,0,0
7695,19,4.03,6.66,5.78,78.44,4.41,7.85,275.51,11.3,1,71.86,0,1,0,1,0,0
7696,21,2.33,1.11,8.41,81.46,4.1,5.19,296.04,7.7,1,49.18,1,0,0,0,0,1
7697,24,2.44,7.4,4.61,81.39,1.67,4.8,286.04,6.73,2,77.89,1,0,0,1,0,0
7698,18,6.37,6.43,6.37,68.14,3.19,10.01,228.93,15.78,0,52.27,0,0,1,0,0,1
7699,24,3.59,7.44,6.69,87.19,3.75,8.04,281.92,8.45,1,83.68,0,1,0,0,0,1
7700,21,1.31,9.14,6.77,60.77,2.88,6.24,313.14,2.85,1,100.0,1,0,0,0,1,0
7701,22,0.76,2.32,7.26,60.85,3.01,4.93,315.85,6.32,1,60.71,1,0,0,0,1,0
7702,17,3.78,3.35,6.53,79.14,3.78,7.41,273.2,11.14,1,57.49,0,1,0,1,0,0
7703,21,3.72,9.96,5.28,81.68,3.83,8.61,263.98,9.32,2,88.04,1,0,0,0,1,0
7704,21,5.23,2.41,8.28,71.0,1.2,8.82,251.01,10.93,0,53.49,0,1,0,0,1,0
7705,17,3.77,7.49,7.29,82.07,1.95,9.64,279.26,15.05,1,82.63,0,1,0,0,0,1
7706,17,1.15,7.53,8.29,80.64,3.91,4.78,298.3,2.31,1,100.0,0,1,0,0,0,1
7707,17,4.06,7.15,5.38,73.97,1.31,6.65,261.66,9.87,2,70.82,0,1,0,0,1,0
7708,16,7.25,3.05,7.19,86.07,4.58,10.48,218.53,14.77,0,36.09,1,0,0,1,0,0
7709,20,1.28,2.94,7.57,98.32,4.19,4.73,309.99,3.46,1,95.49060036214746,0,1,0,0,0,1
7710,23,5.52,7.0,5.92,79.63,4.48,7.94,258.9,10.75,0,59.43,0,1,0,1,0,0
7711,17,4.75,2.68,8.06,91.44,1.49,6.54,274.54,6.07,1,59.18,0,1,0,0,0,1
7712,20,5.99,6.95,4.01,69.9,0.53,9.15,226.68,14.34,0,53.08,0,1,0,0,0,1
7713,23,1.2,5.43,6.97,90.48,0.5,6.69,317.32,6.46,1,90.84,0,1,0,0,1,0
7714,20,7.53,4.48,7.07,85.96,2.78,9.81,240.77,14.87,0,40.76,0,1,0,0,1,0
7715,17,4.97,3.7,6.67,85.59,1.53,7.78,272.45,16.56,1,46.62,1,0,0,0,1,0
7716,18,6.78,9.53,7.15,95.72,1.32,11.57,239.84,16.52,0,88.49563633171843,1,0,0,0,1,0
7717,21,1.97,5.57,4.84,69.33,1.11,3.38,298.58,4.98,1,63.51,1,0,0,1,0,0
7718,20,5.92,6.05,7.42,74.74,2.81,11.05,251.13,15.18,0,58.06,1,0,0,1,0,0
7719,19,6.25,9.54,5.68,63.32,2.74,10.85,235.87,13.61,2,78.48222047540314,0,1,0,0,0,1
7720,19,3.18,6.88,6.26,89.04,2.11,6.93,273.13,6.28,1,74.7,1,0,0,0,1,0
7721,20,3.07,9.62,5.67,93.75,0.69,5.12,285.42,5.64,2,99.26,1,0,0,0,1,0
7722,17,5.26,1.96,6.37,76.23,4.64,6.72,254.39,10.16,0,42.02,0,1,0,0,1,0
7723,24,0.75,8.62,7.11,74.27,2.14,2.91,318.16,3.7,1,100.0,1,0,0,1,0,0
7724,17,5.88,4.02,8.19,86.35,0.62,10.69,245.87,13.41,0,54.24,0,1,0,0,0,1
7725,17,0.34,8.29,6.42,63.02,0.19,6.01,301.23,4.75,1,91.3,0,1,0,1,0,0
7726,24,1.52,8.7,5.62,71.75,0.76,6.21,287.54,2.86,2,99.31,1,0,0,0,0,1
7727,18,5.31,3.44,6.44,74.65,1.49,8.95,248.67,11.15,0,45.0455182898954,0,1,0,0,0,1
7728,22,0.79,4.68,7.44,80.74,3.15,6.54,317.78,3.03,1,68.6,0,1,0,0,0,1
7729,19,7.77,7.53,5.73,79.06,4.85,12.91,221.57,10.48,2,65.31153605988699,0,1,0,0,1,0
7730,21,6.95,1.89,6.07,68.35,1.36,11.23,239.58,15.12,0,24.28,0,1,0,0,0,1
7731,19,5.01,7.8,6.81,81.63,3.95,6.2,243.16,8.54,0,80.05123959769705,0,1,0,1,0,0
7732,22,6.55,1.99,5.47,97.03,4.56,8.99,243.02,15.23,0,22.17,1,0,0,0,0,1
7733,16,7.1,9.23,5.05,61.08,1.96,9.64,235.18,16.94,2,66.78744740347648,1,0,0,0,0,1
7734,18,2.08,3.49,4.7,87.21,1.27,4.82,306.94,2.73,1,67.67182072873172,1,0,0,0,0,1
7735,18,6.8,6.18,5.76,84.99,2.46,9.75,239.94,14.58,0,54.23,0,1,0,0,1,0
7736,16,1.56,2.05,4.24,96.98,4.48,7.26,308.91,3.41,1,57.78,0,0,1,0,0,1
7737,21,3.31,3.43,6.92,85.81,0.05,8.02,299.74,9.62,1,67.73,1,0,0,0,1,0
7738,24,4.47,4.64,4.88,84.99,2.43,8.93,266.76,9.8,1,52.87,0,1,0,1,0,0
7739,23,5.71,5.38,5.89,90.79,3.79,8.84,266.82,11.92,0,68.8549168199033,1,0,0,0,1,0
7740,22,0.24,1.0,5.35,70.71,3.01,2.93,318.36,1.39,1,47.47,1,0,0,0,0,1
7741,23,2.32,9.0,7.15,83.83,2.49,3.92,286.82,6.01,1,96.36,1,0,0,0,1,0
7742,21,4.87,1.07,8.25,80.78,2.77,8.14,260.47,11.49,1,40.29,0,1,0,0,1,0
7743,24,2.86,7.96,7.17,77.54,3.1,4.89,280.61,7.52,1,93.3,0,1,0,0,0,1
7744,18,6.2,5.24,6.71,63.18,3.41,9.16,240.89,15.32,0,48.13,1,0,0,1,0,0
7745,24,5.21,5.71,7.35,71.71,1.78,6.99,251.75,11.04,0,61.65,1,0,0,1,0,0
7746,19,1.88,2.87,4.15,71.2,2.59,4.6,294.41,3.05,1,57.40621414003551,1,0,0,0,1,0
7747,22,1.17,6.47,4.61,88.97,1.37,2.38,313.07,-0.26,1,86.12,1,0,0,0,0,1
7748,24,5.03,5.84,4.47,96.83,4.92,6.06,242.63,9.05,0,56.14,1,0,0,0,1,0
7749,17,3.6,2.48,4.49,69.23,0.94,8.95,279.67,10.32,1,36.55,0,1,0,0,0,1
7750,17,1.35,3.14,5.3,62.98,0.75,5.56,305.0,2.04,1,65.77,1,0,0,0,1,0
7751,24,2.61,1.6,6.66,100.0,1.34,6.55,302.52,9.34,1,53.98,0,1,0,1,0,0
7752,18,2.42,1.6,4.57,87.65,4.6,5.99,287.3,4.52,1,42.53,1,0,0,0,1,0
7753,24,0.87,1.12,8.68,95.46,3.29,5.5,320.88,3.83,1,70.03,1,0,0,0,1,0
7754,20,4.38,2.98,8.27,65.76,2.28,9.06,258.84,14.05,1,47.77,0,1,0,1,0,0
7755,21,6.11,7.12,8.86,92.03,4.63,11.79,242.13,14.7,0,87.44609839718554,1,0,0,1,0,0
7756,17,4.6,3.85,4.21,92.53,4.5,6.82,268.97,8.13,1,57.59,0,1,0,0,1,0
7757,23,6.61,4.08,8.26,66.06,2.01,11.54,246.76,10.66,0,42.51,0,1,0,0,1,0
7758,24,1.02,2.19,8.02,66.46,2.82,6.98,305.11,5.83,1,71.48,0,1,0,1,0,0
7759,17,3.48,6.18,8.51,71.82,4.53,4.63,280.47,8.16,1,92.26,0,1,0,0,0,1
7760,21,4.88,4.08,6.64,68.67,1.6,7.75,259.8,12.35,1,51.08,0,1,0,1,0,0
7761,21,5.41,7.09,7.94,99.02,2.04,8.59,262.99,12.64,0,88.64452227844077,0,1,0,0,1,0
7762,23,5.57,7.67,4.26,74.52,3.97,10.68,251.69,12.62,2,74.8360924080708,1,0,0,0,1,0
7763,20,5.83,6.26,4.38,90.45,3.49,6.9,247.81,10.62,0,52.43,1,0,0,0,1,0
7764,24,5.21,3.48,4.59,92.2,0.24,9.2,267.39,12.5,0,43.75,1,0,0,0,0,1
7765,16,0.75,5.58,8.57,75.44,0.59,6.21,313.1,6.21,1,95.50881384981398,0,1,0,1,0,0
7766,24,5.56,3.27,4.31,87.3,4.23,7.3,259.96,6.07,0,32.27,1,0,0,1,0,0
7767,22,5.8,9.13,4.5,64.31,0.15,7.38,275.39,14.27,2,83.05854012676929,1,0,0,1,0,0
7768,19,7.95,7.9,8.65,75.88,4.6,13.95,204.75,18.32,0,60.13851854568536,0,1,0,0,1,0
7769,18,5.55,5.44,4.54,98.69,1.36,10.68,243.13,13.33,0,54.3,1,0,0,1,0,0
7770,21,5.49,9.69,8.35,66.74,2.99,9.98,244.84,14.62,0,91.91183456101594,0,1,0,1,0,0
7771,16,4.12,5.92,7.95,75.43,2.82,7.11,262.02,9.39,1,68.04,1,0,0,1,0,0
7772,18,6.94,3.96,4.2,91.62,1.98,12.21,250.95,16.97,0,34.59,0,1,0,0,0,1
7773,17,7.97,1.86,4.11,86.62,0.16,13.58,197.69,15.48,0,3.48,0,1,0,0,0,1
7774,24,6.23,5.89,6.67,85.26,0.96,10.89,250.06,14.24,0,54.46,1,0,0,0,0,1
7775,18,4.9,8.74,8.99,94.13,3.07,7.89,245.87,12.31,1,98.58,0,1,0,0,0,1
7776,17,0.63,8.8,8.39,61.16,2.23,4.55,312.7,2.44,1,100.42871721629528,0,1,0,0,1,0
7777,19,5.81,6.44,5.55,90.85,2.07,7.3,252.87,11.7,0,65.47,1,0,0,0,0,1
7778,17,5.67,4.54,5.93,95.3,0.49,7.46,261.02,12.56,0,52.37,1,0,0,1,0,0
7779,16,6.2,6.85,5.94,60.65,1.74,11.12,242.94,15.72,0,59.01078574561563,1,0,0,0,1,0
7780,21,1.0,7.86,7.67,82.36,2.63,2.15,306.27,5.62,1,98.65,0,1,0,0,0,1
7781,23,5.23,4.7,5.71,73.94,0.39,6.48,236.74,11.96,0,49.75,0,1,0,0,0,1
7782,17,2.37,5.29,4.74,62.03,0.33,5.91,314.36,9.21,1,62.14,1,0,0,1,0,0
7783,24,6.08,7.13,7.74,76.71,2.46,7.93,250.1,12.89,0,79.1184980153619,0,1,0,0,0,1
7784,18,1.92,8.89,6.29,85.76,2.81,4.39,301.35,0.34,1,100.0,0,1,0,0,0,1
7785,23,5.47,8.12,4.38,96.76,1.29,8.46,265.09,11.58,2,70.81578600645847,1,0,0,0,0,1
7786,23,2.36,1.2,7.95,84.82,1.63,5.97,291.01,4.9,1,58.76,0,1,0,0,1,0
7787,18,0.07,2.12,6.93,94.27,3.98,2.49,323.4,1.22,1,65.8,0,1,0,0,1,0
7788,18,5.07,8.68,6.45,64.86,4.35,8.49,266.31,11.21,0,90.24421268638164,0,1,0,0,1,0
7789,21,0.91,8.5,7.37,68.42,1.63,3.76,294.33,3.77,1,94.11,0,1,0,0,1,0
7790,16,5.27,4.5,6.53,98.81,1.78,6.68,262.07,9.9,0,62.54,0,1,0,0,0,1
7791,19,7.4,6.26,7.24,95.5,4.15,12.74,251.95,17.9,0,62.36,0,1,0,1,0,0
7792,16,7.75,9.15,8.34,69.41,4.87,10.16,244.47,17.44,0,73.24728603735542,0,1,0,0,1,0
7793,18,1.89,9.2,7.07,84.84,1.6,5.94,312.64,5.88,1,100.0,1,0,0,1,0,0
7794,24,6.47,8.05,7.3,74.51,3.94,10.32,261.47,11.94,0,78.75242822015647,1,0,0,0,0,1
7795,20,2.83,2.89,7.07,78.74,2.4,4.83,273.44,8.45,1,61.4,0,1,0,0,1,0
7796,20,7.2,7.57,6.66,94.44,1.32,8.35,228.35,16.21,0,73.42401033846679,1,0,0,0,1,0
7797,19,6.3,1.91,4.86,89.43,3.41,11.58,235.29,14.86,0,23.38,0,1,0,1,0,0
7798,18,0.59,9.05,5.68,69.54,2.31,4.08,347.87,-0.7,2,100.0,0,1,0,0,0,1
7799,20,3.26,2.34,7.47,72.64,1.34,6.33,283.32,8.66,1,58.92,0,1,0,0,1,0
7800,19,2.7,6.96,6.13,71.59,0.54,7.51,273.46,6.75,1,73.66,1,0,0,0,1,0
7801,23,6.28,6.49,6.03,91.23,4.33,7.45,233.62,12.05,0,59.53,1,0,0,1,0,0
7802,19,3.28,7.99,7.8,79.6,4.39,8.11,281.71,8.82,1,87.07,1,0,0,0,1,0
7803,23,5.48,5.96,4.03,98.03,0.37,8.52,240.61,15.39,0,58.01,0,1,0,1,0,0
7804,21,4.82,1.54,7.39,92.67,3.32,8.58,280.85,11.81,1,49.18,0,1,0,0,1,0
7805,20,7.81,7.35,6.45,68.45,0.81,12.57,234.19,17.78,0,49.58302882241334,1,0,0,0,0,1
7806,19,7.5,4.45,5.88,91.44,3.23,11.23,233.13,15.82,0,42.06852455490545,0,1,0,0,0,1
7807,19,3.42,3.88,5.7,80.24,4.54,4.73,268.42,7.56,1,59.62,1,0,0,0,0,1
7808,19,5.79,9.93,4.86,70.15,1.3,10.43,237.31,13.9,2,83.51775681665825,1,0,0,0,1,0
7809,24,6.64,6.31,5.67,74.53,1.74,11.57,243.81,16.95,0,57.6,1,0,0,0,1,0
7810,19,7.19,7.4,5.96,98.89,3.98,10.5,235.09,14.97,2,61.32507965954259,1,0,0,1,0,0
7811,24,0.55,5.74,6.19,79.36,3.68,3.75,300.57,1.08,1,94.55555376902991,1,0,0,0,1,0
7812,21,2.42,7.93,7.36,88.78,2.04,4.68,290.42,5.08,1,91.71,1,0,0,0,0,1
7813,22,2.56,7.77,6.27,79.08,4.24,6.78,288.77,7.06,1,76.52,1,0,0,1,0,0
7814,18,3.48,6.91,7.98,74.86,4.6,8.89,285.62,9.62,1,84.46,0,1,0,1,0,0
7815,23,1.35,9.98,7.2,91.86,2.26,5.63,324.86,4.82,1,100.0,1,0,0,0,1,0
7816,18,3.97,5.14,4.95,93.93,0.2,8.83,251.56,8.39,1,63.46,0,1,0,0,0,1
7817,16,5.31,7.36,5.39,62.88,2.55,10.5,264.29,13.04,2,72.22662993307875,0,1,0,0,0,1
7818,20,3.98,8.18,4.4,71.16,3.7,6.11,265.28,10.39,2,74.9,0,1,0,0,1,0
7819,17,5.33,4.38,8.73,80.31,1.1,8.34,260.26,14.71,0,58.03,0,1,0,0,1,0
7820,21,0.53,5.11,8.43,72.66,0.5,3.71,314.95,4.62,1,89.47,1,0,0,0,1,0
7821,24,7.01,9.72,4.42,91.34,1.43,10.8,240.88,15.79,2,64.35720864137308,1,0,0,0,0,1
7822,16,7.51,1.29,6.87,64.59,0.06,8.76,217.45,15.33,0,12.96,0,1,0,1,0,0
7823,19,4.94,4.02,8.8,91.91,3.58,8.88,270.42,14.34,1,70.58,0,1,0,1,0,0
7824,16,7.05,5.38,7.74,84.72,0.73,8.49,235.81,14.6,0,52.65,1,0,0,1,0,0
7825,16,1.05,1.01,6.46,71.57,3.62,6.08,321.32,6.35,1,56.47,1,0,0,0,0,1
7826,23,6.38,9.09,5.21,73.78,1.17,12.2,259.36,15.61,2,71.38777527129913,1,0,0,1,0,0
7827,17,0.95,3.58,5.4,67.32,4.96,3.4,310.97,-1.67,1,63.16,0,1,0,0,0,1
7828,16,3.26,3.32,7.68,70.1,2.66,6.79,290.78,9.61,1,58.5,1,0,0,0,0,1
7829,23,2.59,8.38,7.9,88.69,0.21,7.71,297.95,9.67,1,106.25856837002006,1,0,0,1,0,0
7830,19,4.68,3.5,6.64,75.04,3.86,7.25,277.23,9.99,1,47.23,0,1,0,0,1,0
7831,18,2.41,6.92,4.6,87.5,2.05,4.2,303.74,3.4,1,86.32,0,1,0,0,1,0
7832,19,5.1,8.39,8.67,80.56,3.04,9.8,247.16,15.59,0,110.54979144129308,0,1,0,1,0,0
7833,20,2.94,8.13,8.22,65.81,4.76,7.43,287.5,7.83,1,100.0,0,1,0,1,0,0
7834,16,6.89,8.04,4.7,79.96,2.59,10.74,223.44,15.02,2,61.94925764718723,0,0,1,0,1,0
7835,16,5.07,1.8,4.28,90.26,4.02,10.79,253.94,13.9,0,38.29,0,1,0,1,0,0
7836,18,1.72,1.72,6.68,71.91,1.51,7.5,294.55,11.8,1,52.77,0,1,0,0,0,1
7837,21,2.69,3.76,5.42,85.92,3.57,8.0,293.57,9.0,1,64.8,0,1,0,1,0,0
7838,16,6.78,1.32,5.42,67.96,0.5,9.25,236.34,15.15,0,14.1,0,1,0,0,1,0
7839,17,3.09,5.5,4.44,65.43,4.47,5.22,281.32,7.38,1,68.35309012019769,1,0,0,1,0,0
7840,22,4.29,4.55,8.77,74.41,1.0,9.47,278.51,14.48,1,70.58,0,1,0,1,0,0
7841,16,5.19,6.01,8.15,75.57,1.51,9.45,266.51,13.56,0,71.4,1,0,0,0,0,1
7842,22,2.78,3.69,4.57,90.44,4.79,5.76,289.4,8.78,1,62.47,0,1,0,1,0,0
7843,19,2.35,5.37,8.38,78.4,0.78,5.4,299.29,6.83,1,83.81,1,0,0,1,0,0
7844,21,3.8,4.01,7.41,63.25,1.27,9.07,280.86,11.31,1,60.57,1,0,0,0,0,1
7845,23,1.72,2.76,5.63,85.36,2.9,3.54,319.01,3.79,1,64.07,1,0,0,1,0,0
7846,24,2.27,6.84,8.36,78.77,4.9,7.99,290.67,7.74,1,88.05,1,0,0,1,0,0
7847,21,0.5,7.06,6.99,73.27,3.46,4.67,306.48,1.71,1,92.43,1,0,0,0,1,0
7848,24,2.43,8.46,8.24,92.09,0.57,7.39,292.88,6.32,1,93.04,0,1,0,0,1,0
7849,19,2.57,8.87,6.35,66.18,3.74,5.42,279.66,7.55,1,92.33,1,0,0,0,1,0
7850,21,7.69,7.34,6.5,96.53,2.13,11.62,224.04,15.94,0,70.76972164042765,1,0,0,0,0,1
7851,23,4.72,7.19,5.46,73.36,4.96,9.47,267.86,12.08,2,69.58,1,0,0,0,1,0
7852,24,6.3,1.51,5.94,78.44,3.14,9.48,239.33,13.45,0,21.67,0,1,0,0,1,0
7853,18,0.36,1.99,6.84,97.17,2.66,3.8,313.4,0.19,1,57.8,0,1,0,1,0,0
7854,17,0.85,8.31,8.74,90.45,2.79,4.76,307.07,4.11,1,100.0,1,0,0,1,0,0
7855,21,6.52,3.1,7.0,62.97,3.21,7.84,237.43,15.25,0,28.25,0,1,0,1,0,0
7856,19,4.99,4.2,4.74,83.13,3.66,10.31,249.16,10.01,1,40.37,0,1,0,1,0,0
7857,16,1.53,2.31,4.03,72.41,0.39,6.86,311.76,6.94,1,57.66,0,1,0,0,1,0
7858,23,3.24,2.76,8.25,80.34,0.65,5.65,294.82,5.45,1,55.22,1,0,0,0,0,1
7859,24,4.31,7.98,5.82,89.72,1.5,9.71,277.8,14.03,2,79.32,0,0,1,0,1,0
7860,24,6.75,3.36,5.57,79.85,2.39,11.48,248.43,17.0,0,40.21,1,0,0,0,0,1
7861,17,0.48,5.04,8.0,62.84,1.56,3.9,310.08,0.04,1,77.09,0,1,0,0,1,0
7862,24,4.77,2.37,8.73,81.2,1.07,7.51,264.51,12.62,1,47.34,0,1,0,0,1,0
7863,22,5.74,7.1,7.74,60.97,4.63,8.74,243.33,11.75,0,75.85134276593266,0,1,0,0,1,0
7864,20,7.82,7.55,4.87,73.94,0.16,11.49,224.81,15.54,2,57.12280855815932,1,0,0,0,0,1
7865,22,6.46,4.26,5.96,79.12,4.69,9.52,242.02,15.89,0,32.01,1,0,0,1,0,0
7866,24,2.21,8.06,7.8,85.79,4.54,5.31,279.63,8.38,1,98.99,0,1,0,0,1,0
7867,23,5.68,3.16,8.53,80.25,3.42,7.7,253.16,13.32,0,55.97,1,0,0,0,0,1
7868,21,6.11,7.23,8.99,66.08,0.16,10.65,241.37,13.75,0,82.69827717524794,1,0,0,0,0,1
7869,19,5.84,7.57,6.56,97.29,1.13,9.89,252.57,14.04,0,76.84046888636762,0,1,0,0,0,1
7870,16,6.56,9.72,8.11,86.01,4.9,12.52,238.93,14.94,0,100.1803926298658,0,1,0,1,0,0
7871,21,7.23,3.09,4.23,72.68,4.53,8.94,236.7,14.97,0,21.09,0,0,1,0,1,0
7872,18,0.79,1.84,5.43,98.64,4.82,2.36,317.5,3.18,1,65.99,0,1,0,0,1,0
7873,21,0.84,3.37,5.86,95.3,4.98,4.42,297.39,0.62,1,70.26,1,0,0,0,1,0
7874,21,6.37,2.11,8.88,65.74,0.32,8.13,240.36,14.51,0,42.22,0,1,0,0,0,1
7875,19,2.02,2.53,4.02,86.22,2.85,6.07,289.28,3.24,1,47.74,1,0,0,0,1,0
7876,17,0.47,4.01,5.54,82.4,4.17,2.45,326.14,-0.62,1,80.21080743630252,1,0,0,0,1,0
7877,24,3.21,4.73,8.65,67.71,1.6,6.62,298.46,9.43,1,73.68917531416606,1,0,0,1,0,0
7878,17,6.56,9.13,5.53,69.34,2.18,10.62,241.7,13.46,2,65.50616042622906,1,0,0,0,1,0
7879,18,1.01,2.76,5.13,82.55,1.42,4.3,311.92,1.68,1,67.88,1,0,0,0,0,1
7880,16,5.37,9.75,7.65,72.85,0.19,7.97,240.82,11.45,0,110.50632445845532,1,0,0,1,0,0
7881,22,0.03,8.29,7.73,93.39,0.36,4.94,322.67,1.33,1,100.0,0,1,0,0,0,1
7882,16,0.88,8.93,6.36,63.91,0.11,6.15,306.85,4.86,1,95.5,0,1,0,0,0,1
7883,24,2.81,9.36,8.73,96.56,2.64,5.2,299.87,7.16,1,100.0,1,0,0,0,1,0
7884,16,0.67,7.78,5.01,93.62,3.09,5.74,309.69,1.9,2,91.49,1,0,0,0,0,1
7885,20,6.77,8.1,8.57,89.54,1.54,9.73,230.55,11.6,0,84.8109350189772,0,1,0,1,0,0
7886,22,6.91,4.94,7.78,70.5,4.13,10.35,223.65,15.13,0,50.29,0,1,0,1,0,0
7887,18,6.04,5.59,5.84,88.6,4.44,8.2,249.33,15.36,0,61.57,1,0,0,0,0,1
7888,24,1.94,9.39,8.03,77.55,0.7,6.07,291.29,5.81,1,100.0,0,1,0,1,0,0
7889,23,4.19,4.4,4.67,85.35,0.26,5.69,281.89,8.43,1,55.09,1,0,0,0,1,0
7890,18,1.47,1.38,4.65,72.5,1.6,5.43,308.69,8.38,1,47.02,1,0,0,0,1,0
7891,20,2.25,7.86,8.65,93.43,3.56,8.2,291.99,8.98,1,100.0,1,0,0,1,0,0
7892,22,4.13,6.16,4.47,61.62,2.54,8.9,276.71,7.19,1,57.65,0,1,0,0,1,0
7893,19,5.88,8.33,4.02,87.66,2.44,11.36,266.87,13.94,2,77.04404031526082,0,1,0,1,0,0
7894,20,0.76,1.68,5.95,93.15,0.76,4.08,299.28,3.63,1,60.68,0,1,0,0,0,1
7895,18,2.37,6.59,4.52,85.86,1.76,4.08,285.21,3.46,1,60.38,0,1,0,0,0,1
7896,24,7.41,3.23,8.32,67.68,4.79,9.85,250.5,15.45,0,33.45,1,0,0,1,0,0
7897,24,3.43,9.13,8.61,71.4,1.7,4.68,271.3,7.53,1,91.3,1,0,0,1,0,0
7898,22,7.51,1.99,6.41,80.6,2.96,11.02,236.5,16.33,0,22.98,0,1,0,1,0,0
7899,17,7.93,8.59,6.13,73.18,0.29,12.18,236.71,15.56,0,70.40679776613048,0,1,0,0,0,1
7900,22,4.21,1.8,6.7,60.2,0.32,7.33,269.32,12.92,1,41.18,0,1,0,0,0,1
7901,22,2.3,1.23,5.13,61.63,2.12,6.12,299.29,7.04,1,40.15983780733696,0,0,1,1,0,0
7902,20,6.33,3.12,5.49,90.71,3.02,8.93,241.1,12.24,0,31.87,0,1,0,1,0,0
7903,24,1.27,4.0,4.5,63.35,1.86,2.7,322.93,5.01,1,62.81,1,0,0,0,1,0
7904,18,2.02,6.64,6.23,97.12,0.9,5.18,291.34,5.46,1,92.42,1,0,0,1,0,0
7905,19,6.28,2.19,7.06,77.71,3.68,10.02,235.09,16.41,0,38.19,1,0,0,1,0,0
7906,16,3.47,4.94,8.65,90.33,0.7,9.38,287.25,9.69,1,80.21,1,0,0,0,0,1
7907,21,1.61,2.84,7.7,65.02,3.34,4.35,307.78,1.64,1,63.44,0,1,0,0,0,1
7908,19,5.21,8.7,7.62,97.06,4.78,9.6,258.97,10.48,0,104.5385811333567,1,0,0,0,0,1
7909,16,5.86,1.4,5.54,61.35,2.35,10.97,250.01,16.56,0,30.09911380999356,0,1,0,0,1,0
7910,17,1.0,4.2,8.44,61.69,1.0,3.68,303.04,5.41,1,78.48,1,0,0,0,1,0
7911,18,2.22,6.68,8.73,62.18,4.21,7.87,286.01,4.61,1,84.6,0,1,0,1,0,0
7912,24,1.77,9.22,8.66,64.14,2.53,4.46,292.7,7.67,1,100.0,1,0,0,0,0,1
7913,23,3.04,8.81,4.19,79.47,4.62,8.89,286.65,11.06,2,88.36,0,1,0,0,1,0
7914,22,6.11,9.06,7.02,91.53,3.6,7.12,244.61,11.46,0,85.49602597754,1,0,0,0,0,1
7915,19,5.71,1.57,7.22,71.4,2.15,9.88,236.57,13.35,0,35.939360328444366,0,1,0,0,1,0
7916,16,5.3,8.57,5.48,89.83,3.09,10.25,252.19,8.67,2,89.15532864063994,1,0,0,1,0,0
7917,23,0.05,8.02,8.96,90.96,0.85,2.45,317.27,-0.1,1,100.0,1,0,0,0,0,1
7918,19,1.14,9.12,5.46,96.33,1.94,2.73,311.42,2.65,2,99.36,0,1,0,0,0,1
7919,18,1.79,3.8,5.08,65.97,2.97,2.91,301.44,4.76,1,70.87,1,0,0,0,1,0
7920,24,2.18,9.21,6.42,65.42,2.95,3.55,311.39,4.81,1,100.0,1,0,0,1,0,0
7921,19,1.17,4.62,5.62,64.88,2.94,4.89,296.16,4.48,1,72.64,0,1,0,1,0,0
7922,19,3.28,6.71,8.62,74.37,3.72,8.48,286.17,7.22,1,86.37,1,0,0,1,0,0
7923,24,0.6,4.82,6.2,79.58,0.53,1.92,319.15,2.51,1,94.88523698257433,1,0,0,0,0,1
7924,17,6.0,4.85,6.05,78.46,0.37,7.57,250.79,16.15,0,41.98,1,0,0,1,0,0
7925,20,6.3,5.92,7.13,70.28,0.74,7.33,241.43,13.99,0,50.89,0,1,0,0,1,0
7926,19,4.59,4.2,4.41,84.88,3.96,7.0,258.08,10.45,1,51.54,0,1,0,0,1,0
7927,24,0.72,8.13,7.78,73.53,0.32,6.33,310.95,2.76,1,100.0,1,0,0,0,0,1
7928,20,7.12,6.7,7.84,74.64,1.13,9.5,216.68,14.72,0,64.76832657201132,0,1,0,0,1,0
7929,24,7.73,7.21,6.37,64.22,1.27,10.93,218.0,14.44,0,48.28602943023497,1,0,0,0,1,0
7930,24,1.62,3.08,8.78,83.69,3.24,3.51,290.81,1.29,1,86.02,0,1,0,0,0,1
7931,17,5.64,9.73,6.9,86.21,2.01,7.22,257.36,11.93,0,96.4207410318617,0,1,0,0,0,1
7932,24,6.74,6.94,7.48,90.32,0.99,8.65,245.37,15.54,0,63.67,1,0,0,1,0,0
7933,18,4.32,2.77,8.62,96.16,2.25,6.37,257.44,7.95,1,66.64,1,0,0,0,1,0
7934,19,2.59,7.75,7.33,90.64,3.43,4.24,275.84,8.4,1,100.0,1,0,0,1,0,0
7935,16,3.83,2.56,6.16,69.43,3.93,8.79,259.41,9.02,1,47.04,0,1,0,0,1,0
7936,16,4.1,1.57,4.12,69.43,0.62,7.49,280.58,9.72,1,32.52,0,1,0,0,0,1
7937,16,3.21,5.75,7.64,96.6,3.57,6.91,290.63,10.16,1,87.77,0,1,0,0,1,0
7938,24,7.44,5.98,8.82,91.61,0.02,10.31,237.21,15.69,0,56.92,1,0,0,0,0,1
7939,23,5.95,2.7,6.35,91.29,3.62,8.0,263.63,14.18,0,37.22,1,0,0,1,0,0
7940,20,1.93,4.14,5.7,88.79,3.31,3.4,314.62,5.74,1,72.08,1,0,0,1,0,0
7941,20,4.68,9.51,6.6,70.69,2.34,6.06,253.91,8.7,1,79.82,0,1,0,0,1,0
7942,24,5.51,3.57,7.64,93.9,0.68,7.44,249.94,10.69,0,48.84,1,0,0,0,0,1
7943,18,1.12,2.4,4.0,65.72,3.82,6.37,314.36,7.31,1,63.85,0,1,0,0,0,1
7944,18,2.87,9.93,8.44,74.0,0.36,4.95,257.95,9.42,1,107.90423754182676,1,0,0,0,1,0
7945,22,7.24,3.72,8.43,73.86,4.48,10.01,230.61,17.12,0,40.59,0,1,0,1,0,0
7946,24,4.54,7.12,6.71,82.41,3.87,8.4,275.15,9.27,1,74.51,1,0,0,0,1,0
7947,21,1.74,3.08,4.61,78.54,3.7,5.3,295.63,7.0,1,66.13,0,1,0,0,0,1
7948,17,0.98,5.95,7.36,78.39,3.77,5.31,315.56,3.57,1,87.3,0,1,0,0,1,0
7949,16,4.15,4.48,4.69,82.14,0.34,6.12,250.2,6.75,1,69.99113844878812,0,1,0,0,1,0
7950,17,4.38,9.65,6.54,76.62,4.95,8.0,270.28,9.3,1,88.07,0,1,0,1,0,0
7951,16,2.68,4.9,4.47,70.0,4.29,7.52,283.23,7.33,1,60.73,0,1,0,0,1,0
7952,24,5.04,6.26,6.95,86.56,2.54,7.98,257.27,13.72,0,78.53547951369971,0,1,0,0,1,0
7953,23,0.55,9.5,5.59,91.63,3.6,6.41,303.92,2.42,2,100.0,0,1,0,1,0,0
7954,22,1.16,9.9,8.15,79.16,3.7,5.05,322.07,2.33,1,100.0,1,0,0,0,1,0
7955,18,4.37,1.91,8.0,85.98,4.15,8.74,268.25,9.96,1,59.50395576763938,0,1,0,0,0,1
7956,23,0.49,8.51,8.99,81.41,1.28,3.79,315.58,2.39,1,109.74927882862292,1,0,0,0,0,1
7957,17,7.05,4.44,5.29,62.36,1.86,12.34,256.02,18.09,0,32.9,0,1,0,1,0,0
7958,17,1.14,6.35,4.31,76.92,4.0,4.4,297.07,5.05,1,86.87,1,0,0,1,0,0
7959,18,5.39,4.38,6.22,60.39,3.84,11.1,256.72,9.14,0,43.6,1,0,0,1,0,0
7960,22,3.13,4.61,4.42,86.48,2.61,5.67,275.63,6.82,1,59.18,0,1,0,0,0,1
7961,16,3.2,2.43,4.89,80.33,1.98,8.53,274.3,9.31,1,48.26,1,0,0,0,1,0
7962,23,6.12,6.15,6.99,65.07,4.84,10.32,249.64,12.6,0,63.83,0,1,0,0,1,0
7963,22,4.0,5.92,6.96,81.69,2.08,9.0,269.18,8.94,1,70.44,1,0,0,1,0,0
7964,19,5.81,2.7,4.22,95.94,3.82,7.0,270.06,13.46,0,36.97,1,0,0,0,0,1
7965,20,4.04,5.88,6.21,73.62,2.06,6.43,289.34,10.64,1,65.09,0,1,0,0,1,0
7966,16,4.74,9.76,6.65,99.29,1.55,9.98,261.5,11.75,1,97.3,0,1,0,1,0,0
7967,19,6.09,7.43,5.34,98.38,3.2,8.68,231.51,14.28,2,70.69895648423511,0,1,0,0,1,0
7968,16,4.86,5.33,8.36,91.41,4.04,9.42,258.77,12.93,1,80.39,0,1,0,0,0,1
7969,16,4.92,9.24,4.81,92.55,4.91,10.88,271.44,10.63,2,82.46,1,0,0,1,0,0
7970,16,6.31,6.18,5.27,76.42,0.74,8.2,235.41,11.4,0,47.99,0,1,0,1,0,0
7971,22,7.59,2.22,4.78,76.1,4.38,10.68,244.97,15.94,0,12.19,0,1,0,0,1,0
7972,22,3.01,5.93,4.58,98.18,2.62,4.84,289.69,5.55,1,74.3,0,1,0,0,0,1
7973,19,4.62,2.63,8.39,74.65,0.54,6.39,252.85,8.93,1,61.89,0,1,0,0,1,0
7974,17,0.69,7.91,5.39,63.87,3.97,4.86,305.12,3.27,2,104.56413669196372,0,1,0,0,0,1
7975,18,2.87,9.7,7.61,66.11,1.66,4.83,280.37,6.54,1,97.4,1,0,0,0,0,1
7976,23,3.3,4.25,6.14,88.42,4.34,6.71,272.34,3.18,1,65.07,0,1,0,1,0,0
7977,23,6.68,4.91,7.18,75.32,0.79,12.57,228.39,16.5,0,46.97,1,0,0,0,1,0
7978,21,4.11,4.79,8.64,67.97,3.56,6.78,264.93,9.05,1,65.64023998330356,0,1,0,1,0,0
7979,24,5.85,3.57,8.22,92.55,1.5,11.22,245.99,14.84,0,59.50492101732094,0,1,0,1,0,0
7980,24,0.15,8.15,4.34,79.55,1.29,3.13,331.19,0.51,2,91.06,1,0,0,0,0,1
7981,19,3.72,6.56,8.23,82.71,0.25,6.03,279.75,7.32,1,78.2,0,1,0,0,1,0
7982,16,7.21,1.58,6.26,66.16,2.41,9.89,238.46,14.98,0,24.28,0,1,0,0,1,0
7983,16,1.79,8.55,5.75,67.71,1.96,3.43,302.02,6.54,2,97.88064841871147,1,0,0,1,0,0
7984,20,0.25,2.68,7.36,65.03,0.31,4.64,309.04,1.86,1,59.7,1,0,0,1,0,0
7985,17,3.47,9.81,8.75,80.58,1.13,7.02,289.83,10.94,1,108.27436947667022,0,1,0,0,0,1
7986,21,5.64,4.39,4.47,91.03,2.44,9.71,247.98,15.27,0,46.13,1,0,0,1,0,0
7987,22,3.64,6.55,7.84,89.29,4.04,6.16,272.96,7.86,1,81.3,1,0,0,0,0,1
7988,16,3.68,1.7,5.02,70.45,4.65,7.95,279.63,8.47,1,42.33,0,1,0,1,0,0
7989,21,5.36,4.1,5.9,94.06,2.58,7.18,280.68,10.68,0,52.82,0,1,0,0,1,0
7990,23,2.04,8.22,8.37,64.23,2.02,6.3,289.87,5.92,1,100.0,0,1,0,1,0,0
7991,20,6.02,5.29,6.73,64.56,4.77,7.43,231.47,11.63,0,39.59,0,1,0,1,0,0
7992,22,1.22,9.14,4.34,93.97,4.81,4.22,308.25,5.41,2,105.21151973992586,1,0,0,1,0,0
7993,21,3.17,6.18,6.54,69.78,0.95,7.22,288.8,7.07,1,81.16,1,0,0,1,0,0
7994,19,5.25,9.36,7.95,88.32,2.66,10.53,252.66,14.87,0,100.76636631998706,1,0,0,0,1,0
7995,22,6.63,9.84,6.64,60.36,4.1,11.69,234.5,13.93,0,74.98102143214105,0,1,0,0,0,1
7996,24,6.33,5.09,4.83,63.74,4.11,9.96,231.33,11.14,0,35.11,0,1,0,0,1,0
7997,22,5.77,6.09,6.23,84.37,3.42,11.19,254.13,10.66,0,60.8,1,0,0,0,1,0
7998,20,2.87,8.51,8.62,67.3,2.36,6.4,305.0,6.42,1,90.28,0,1,0,0,1,0
7999,22,0.98,2.99,7.29,61.13,2.02,4.57,325.36,2.14,1,56.33,1,0,0,0,1,0
8000,18,1.73,8.75,7.65,78.68,4.03,6.33,302.25,4.05,1,100.0,1,0,0,0,0,1
