price,mileage_km,fuel_type,engine_cc,model_year,level,car_body_color,seat_count,drive_mode,motor_power_kw,battery_capacity_kwh,door_count,year,month,transmission_Manual,car_age,mileage_per_year,is_electric,quarter,log_mileage
24288.0,13000.0,7.0,1908.792198826372,2025.0,7.0,2.0,5,7.0,310.0,100.0,5.0,2025,4,0,0.0,13000.0,1,2,9.472781556562168
8787.0,10000.0,4.0,1598.0,2023.0,13.0,3.0,5,11.0,0.0,0.0,4.0,2023,12,0,0.0,10000.0,0,4,9.210440366976517
8257.0,16000.0,6.0,1499.0,2024.0,13.0,3.0,5,11.0,150.0,18.3,4.0,2024,10,0,0.0,16000.0,1,4,9.680406499268875
2914.0,90000.0,4.0,1798.0,2019.0,12.0,0.0,7,11.0,0.0,0.0,5.0,2020,9,0,1.0,45000.0,0,3,11.407576060361786
9244.0,20000.0,4.0,1494.0,2024.0,13.0,3.0,5,11.0,0.0,0.0,5.0,2024,3,0,0.0,20000.0,0,1,9.90353755128617
220505.0,4000.0,4.0,3994.0,2023.0,22.0,3.0,2,5.0,0.0,0.0,2.0,2023,12,0,0.0,4000.0,0,4,8.294299608857235
26201.0,90510.0,4.0,1967.0,2021.0,12.0,3.0,5,2.0,0.0,0.0,5.0,2022,3,0,1.0,45255.0,0,1,11.41322666926311
25877.0,1000.0,4.0,2498.0,2025.0,12.0,3.0,5,2.0,0.0,0.0,5.0,2026,3,0,1.0,500.0,0,1,6.90875477931522
6653.0,22000.0,6.0,1498.0,2024.0,13.0,1.0,5,11.0,132.0,8.32,4.0,2024,5,0,0.0,22000.0,1,2,9.99884318585288
21255.0,30000.0,7.0,1908.792198826372,2024.0,20.0,3.0,5,7.0,220.0,73.6,4.0,2025,7,0,1.0,15000.0,1,3,10.308985993422082
35298.0,12000.0,6.0,1499.0,2025.0,8.0,0.0,7,2.0,215.0,44.28,5.0,2025,10,0,0.0,12000.0,1,4,9.392745258631441
5770.0,11000.0,4.0,1392.0,2022.0,13.0,3.0,5,11.0,0.0,0.0,4.0,2022,5,0,0.0,11000.0,0,2,9.305741456739435
17634.0,7000.0,4.0,1497.0,2021.0,12.0,3.0,5,11.0,0.0,0.0,5.0,2022,1,0,1.0,3500.0,0,1,8.853808274977197
4121.0,98000.0,4.0,1997.0,2017.0,17.0,3.0,5,11.0,0.0,0.0,5.0,2017,11,0,0.0,98000.0,0,4,11.49273296168228
10863.0,36000.0,4.0,988.0,2022.0,13.0,3.0,5,11.0,0.0,0.0,4.0,2022,6,0,0.0,36000.0,0,2,10.491301994830229
8360.0,68000.0,7.0,1908.792198826372,2021.0,12.0,3.0,5,11.0,120.0,0.0,5.0,2022,4,0,1.0,34000.0,0,2,11.127277689932466
27938.0,16000.0,6.0,1497.0,2023.0,17.0,3.0,5,2.0,485.0,31.8,5.0,2024,1,0,1.0,8000.0,1,1,9.680406499268875
8228.0,151900.0,5.0,2488.0,2014.0,19.0,3.0,7,11.0,15.0,0.0,5.0,2015,11,0,1.0,75950.0,0,4,11.930984271840668
21344.0,4000.0,6.0,1499.0,2024.0,12.0,0.0,5,11.0,165.0,26.7,5.0,2024,9,0,0.0,4000.0,1,3,8.294299608857235
27791.0,1800.0,7.0,1908.792198826372,2026.0,20.0,3.0,5,7.0,215.0,82.0,4.0,2025,11,0,0.0,1800.0,1,4,7.496097345175956
22933.0,65000.0,4.0,2951.0,2020.0,20.0,0.0,5,3.0,0.0,0.0,4.0,2021,6,0,1.0,32500.0,0,2,11.082157933374816
117465.0,36000.0,5.0,2487.0,2024.0,8.0,0.0,7,10.0,174.0,0.0,5.0,2025,1,0,1.0,18000.0,0,1,10.491301994830229
3047.0,37500.0,4.0,1451.0,2023.0,16.0,3.0,0,5.0,0.0,0.0,5.0,2024,6,1,1.0,18750.0,0,2,10.53212287826962
2914.0,65000.0,4.0,1499.0,2018.0,12.0,3.0,5,11.0,0.0,0.0,5.0,2019,7,1,1.0,32500.0,0,3,11.082157933374816
4371.0,80200.0,4.0,1368.0,2017.0,12.0,3.0,5,11.0,0.0,0.0,5.0,2017,12,0,0.0,80200.0,0,4,11.2922912626048
16015.0,30000.0,6.0,1499.0,2024.0,12.0,0.0,5,11.0,165.0,26.7,5.0,2024,7,0,0.0,30000.0,1,3,10.308985993422082
68889.0,37000.0,4.0,3496.0,2020.0,14.0,0.0,7,2.0,0.0,0.0,5.0,2020,6,0,0.0,37000.0,0,2,10.518700218288165
27055.0,9000.0,6.0,1476.0,2022.0,8.0,0.0,7,9.0,290.0,25.57,5.0,2022,7,0,0.0,9000.0,1,3,9.105090961257085
5269.0,50000.0,7.0,1908.792198826372,2022.0,12.0,3.0,5,11.0,70.0,38.54,5.0,2023,1,0,1.0,25000.0,1,1,10.819798284210286
4386.0,100000.0,7.0,1908.792198826372,2021.0,16.0,3.0,0,7.0,60.0,0.0,5.0,2021,5,0,0.0,100000.0,0,2,11.51293546492023
2944.0,40000.0,4.0,1598.0,2020.0,12.0,0.0,5,11.0,0.0,0.0,5.0,2020,4,0,0.0,40000.0,0,2,10.596659732783579
12924.0,56600.0,4.0,1969.0,2021.0,12.0,3.0,5,2.0,0.0,0.0,5.0,2020,7,0,0.0,56600.0,0,3,10.943781931879723
3120.0,26800.0,4.0,1598.0,2015.0,13.0,3.0,5,11.0,0.0,0.0,5.0,2014,12,1,0.0,26800.0,0,4,10.196194479235656
6741.0,12000.0,4.0,1392.0,2024.0,13.0,3.0,5,11.0,0.0,0.0,4.0,2024,11,0,0.0,12000.0,0,4,9.392745258631441
67417.0,6200.0,8.0,1476.0,2024.0,14.0,2.0,5,8.0,600.0,65.8,5.0,2026,1,0,2.0,2066.6666666666665,1,1,8.732465848349879
41201.0,6400.0,8.0,1498.0,2026.0,20.0,0.0,5,7.0,227.0,53.4,4.0,2025,12,0,0.0,6400.0,1,4,8.764209507142004
21182.0,59900.0,7.0,1908.792198826372,2023.0,19.0,3.0,5,7.0,379.0,100.0,5.0,2024,1,0,1.0,29950.0,1,1,11.000448478455008
15897.0,1000.0,7.0,1908.792198826372,2025.0,7.0,0.0,5,11.0,110.0,72.0,4.0,2026,6,0,1.0,500.0,1,2,6.90875477931522
2914.0,104100.0,4.0,1499.0,2018.0,12.0,3.0,5,11.0,0.0,0.0,5.0,2018,1,0,0.0,104100.0,0,1,11.553116860704856
17192.0,18000.0,4.0,1395.0,2022.0,17.0,3.0,5,11.0,0.0,0.0,5.0,2023,6,0,1.0,9000.0,0,2,9.798182590890704
3356.0,68000.0,4.0,1997.0,2016.0,1.0,3.0,0,5.0,0.0,0.0,4.0,2017,7,1,1.0,34000.0,0,3,11.127277689932466
11304.0,11000.0,3.0,3.0,2023.0,5.0,3.0,0,2.0,0.0,0.0,4.0,2023,3,1,0.0,11000.0,0,1,9.305741456739435
18664.0,4500.0,7.0,1908.792198826372,2026.0,18.0,0.0,5,7.0,200.0,56.12,4.0,2025,12,0,0.0,4500.0,1,4,8.412054873292933
12776.0,9200.0,4.0,1497.0,2023.0,13.0,3.0,5,11.0,0.0,0.0,4.0,2024,5,0,1.0,4600.0,0,2,9.127067452782361
513433.0,32000.0,4.0,6498.0,2017.0,22.0,3.0,2,4.0,0.0,0.0,2.0,2018,6,0,1.0,16000.0,0,2,10.373522431293592
58585.0,99000.0,4.0,4297.0,2012.0,22.0,3.0,4,3.0,0.0,0.0,2.0,2013,6,0,1.0,49500.0,0,2,11.502885230075814
9391.0,22000.0,4.0,1494.0,2023.0,13.0,3.0,5,11.0,0.0,0.0,5.0,2023,8,0,0.0,22000.0,0,3,9.99884318585288
5122.0,128000.0,7.0,1908.792198826372,2022.0,16.0,3.0,0,7.0,60.0,0.0,5.0,2022,11,0,0.0,128000.0,0,4,11.759793355371237
8905.0,112100.0,4.0,2290.0,2019.0,12.0,3.0,5,2.0,0.0,0.0,4.0,2020,1,0,1.0,56050.0,0,1,11.627155529627064
9258.0,79400.0,4.0,1991.0,2018.0,7.0,1.0,5,3.0,0.0,0.0,4.0,2019,1,0,1.0,39700.0,0,1,11.282266241614355
12953.0,75000.0,7.0,1908.792198826372,2025.0,16.0,3.0,0,11.0,90.0,0.0,4.0,2025,9,0,0.0,75000.0,0,3,11.225256725762893
12040.0,58000.0,4.0,1995.0,2021.0,8.0,0.0,7,3.0,0.0,0.0,5.0,2022,3,0,1.0,29000.0,0,1,10.968215530759236
10274.0,64000.0,4.0,1999.0,2019.0,7.0,3.0,5,11.0,0.0,0.0,4.0,2020,7,0,1.0,32000.0,0,3,11.06665398721974
8655.0,50000.0,7.0,1908.792198826372,2021.0,18.0,3.0,5,7.0,202.0,55.0,4.0,2021,3,0,0.0,50000.0,1,1,10.819798284210286
35328.0,200.0,7.0,1908.792198826372,2026.0,14.0,0.0,6,9.0,410.0,115.0,5.0,2026,5,0,0.0,200.0,1,2,5.303304908059076
14248.0,100.0,7.0,1908.792198826372,2025.0,13.0,3.0,5,7.0,160.0,56.2,4.0,2026,6,0,1.0,50.0,1,2,4.61512051684126
19106.0,62000.0,7.0,1908.792198826372,2021.0,17.0,0.0,5,9.0,317.0,76.8,5.0,2021,7,0,0.0,62000.0,1,3,11.034905792929415
11304.0,22000.0,8.0,1497.0,2024.0,20.0,3.0,5,7.0,160.0,28.4,5.0,2024,8,0,0.0,22000.0,1,3,9.99884318585288
6977.0,60000.0,4.0,1969.0,2021.0,13.0,3.0,5,11.0,0.0,0.0,4.0,2021,8,0,0.0,60000.0,0,3,11.002116507732017
79340.0,33000.0,4.0,1908.792198826372,2022.0,2.0,0.0,0,11.0,0.0,0.0,4.603574926542605,2022,12,0,0.0,33000.0,0,4,10.404293143019792
9391.0,50200.0,7.0,1908.792198826372,2025.0,12.0,3.0,5,11.0,120.0,50.8,5.0,2025,9,0,0.0,50200.0,1,3,10.823790225800138
24670.0,29900.0,7.0,1908.792198826372,2022.0,19.0,3.0,5,9.0,405.0,98.0,5.0,2023,1,0,1.0,14950.0,1,1,10.305647203635566
11304.0,18500.0,4.0,1598.0,2024.0,13.0,3.0,5,11.0,0.0,0.0,4.0,2024,7,0,0.0,18500.0,0,3,9.825580063659602
1619.0,77000.0,4.0,1499.0,2014.0,11.0,3.0,5,11.0,0.0,0.0,5.0,2015,2,1,1.0,38500.0,0,1,11.251573687764477
9641.0,2100.0,7.0,1908.792198826372,2024.0,13.0,3.0,5,11.0,100.0,46.11,4.0,2024,5,0,0.0,2100.0,1,2,7.650168700845001
14396.0,70000.0,4.0,1908.792198826372,2016.0,22.0,3.0,0,11.0,0.0,0.0,4.603574926542605,2017,5,0,1.0,35000.0,0,2,11.156264806643742
1457.0,58000.0,4.0,1997.0,2009.0,0.0,3.0,7,11.0,0.0,0.0,5.0,2010,10,1,1.0,29000.0,0,4,10.968215530759236
6417.0,37000.0,4.0,1490.0,2021.0,13.0,3.0,5,11.0,0.0,0.0,5.0,2021,11,0,0.0,37000.0,0,4,10.518700218288165
103923.0,33000.0,4.0,4308.0,2005.0,22.0,3.0,2,5.0,0.0,0.0,2.0,2008,6,0,3.0,8250.0,0,2,10.404293143019792
8802.0,22000.0,4.0,1485.0,2023.0,13.0,3.0,5,11.0,0.0,0.0,4.0,2024,1,0,1.0,11000.0,0,1,9.99884318585288
37977.0,36000.0,6.0,2487.0,2022.0,17.0,3.0,5,11.0,134.0,18.12,5.0,2023,3,0,1.0,18000.0,1,1,10.491301994830229
12953.0,200.0,7.0,1908.792198826372,2021.0,0.0,3.0,6,11.0,100.0,53.0,5.0,2026,5,0,5.0,33.333333333333336,1,2,5.303304908059076
14248.0,26100.0,7.0,1908.792198826372,2022.0,7.0,3.0,5,11.0,150.0,64.31,4.0,2023,6,0,1.0,13050.0,1,2,10.169728906753061
51225.0,8000.0,6.0,1497.0,2026.0,14.0,3.0,6,2.0,380.0,65.0,5.0,2026,3,0,0.0,8000.0,1,1,8.987321812850125
10495.0,76000.0,4.0,1999.0,2020.0,12.0,1.0,5,11.0,0.0,0.0,5.0,2020,10,0,0.0,76000.0,0,4,11.23850177707664
13248.0,66000.0,7.0,1908.792198826372,2020.0,17.0,3.0,5,9.0,320.0,70.0,5.0,2021,10,0,1.0,33000.0,1,4,11.097425172408931
1295.0,70000.0,4.0,1497.0,2017.0,13.0,3.0,5,11.0,0.0,0.0,4.0,2017,9,0,0.0,70000.0,0,3,11.156264806643742
5858.0,95400.0,4.0,2496.0,2013.0,20.0,0.0,5,3.0,0.0,0.0,4.0,2014,10,0,1.0,47700.0,0,4,11.465844339561734
6300.0,12200.0,4.0,1796.0,2021.0,8.0,3.0,7,3.0,0.0,0.0,5.0,2021,5,1,0.0,12200.0,0,2,9.409273194575334
23375.0,5000.0,6.0,1498.0,2025.0,19.0,0.0,5,11.0,200.0,35.6,5.0,2026,3,0,1.0,2500.0,1,1,8.517393171418904
30617.0,28000.0,7.0,1908.792198826372,2024.0,19.0,3.0,5,7.0,215.0,100.0,5.0,2024,11,0,0.0,28000.0,1,4,10.239995502805316
40156.0,3000.0,6.0,1998.0,2026.0,19.0,0.0,5,2.0,455.0,59.05,5.0,2025,11,0,0.0,3000.0,1,4,8.006700845440367
30617.0,8000.0,8.0,1499.0,2026.0,19.0,2.0,5,7.0,227.0,37.0,5.0,2025,10,0,0.0,8000.0,1,4,8.987321812850125
7183.0,35100.0,4.0,1598.0,2020.0,13.0,3.0,5,11.0,0.0,0.0,4.0,2020,6,0,0.0,35100.0,0,2,10.465984899076615
3944.0,1000.0,7.0,1908.792198826372,2025.0,10.0,3.0,4,7.0,30.0,18.11,3.0,2025,5,0,0.0,1000.0,1,2,6.90875477931522
18988.0,26000.0,7.0,1908.792198826372,2024.0,7.0,3.0,5,7.0,150.0,84.8,5.0,2025,3,0,1.0,13000.0,1,1,10.165890277802454
13218.0,7800.0,7.0,1908.792198826372,2026.0,12.0,3.0,5,11.0,150.0,62.268,5.0,2025,11,0,0.0,7800.0,1,4,8.962007209588313
10274.0,100.0,4.0,1499.0,2026.0,13.0,3.0,5,11.0,0.0,0.0,4.0,2026,6,0,0.0,100.0,0,2,4.61512051684126
1707.0,73400.0,4.0,1499.0,2015.0,13.0,3.0,5,11.0,0.0,0.0,5.0,2015,8,1,0.0,73400.0,0,3,11.203692838488003
61235.0,77000.0,4.0,2995.0,2019.0,19.0,3.0,5,2.0,0.0,0.0,5.0,2021,7,0,2.0,25666.666666666668,0,3,11.251573687764477
13660.0,26000.0,6.0,1499.0,2024.0,17.0,0.0,7,11.0,199.0,19.43,5.0,2025,2,0,1.0,13000.0,1,1,10.165890277802454
8169.0,69000.0,4.0,1969.0,2020.0,13.0,3.0,5,2.0,0.0,0.0,4.0,2020,1,0,0.0,69000.0,0,1,11.141876276228
30440.0,5900.0,7.0,1908.792198826372,2026.0,7.0,0.0,5,7.0,300.0,100.0,5.0,2026,3,0,0.0,5900.0,1,1,8.682877107057168
16206.0,80000.0,7.0,1908.792198826372,2023.0,17.0,0.0,5,7.0,220.0,60.0,5.0,2023,1,0,0.0,80000.0,1,1,11.289794413577894
55906.0,4300.0,6.0,1974.0,2026.0,19.0,0.0,5,10.0,660.0,70.0,5.0,2026,5,0,0.0,4300.0,1,2,8.366602832783736
5093.0,35000.0,7.0,1908.792198826372,2021.0,13.0,3.0,5,11.0,135.0,69.9,4.0,2021,9,0,0.0,35000.0,1,3,10.463131911491967
7345.0,100000.0,7.0,1908.792198826372,2022.0,13.0,3.0,5,11.0,105.0,47.8,5.0,2022,7,0,0.0,100000.0,1,3,11.51293546492023
19695.0,11000.0,6.0,1498.0,2025.0,20.0,3.0,5,11.0,200.0,0.0,4.0,2025,1,0,0.0,11000.0,0,1,9.305741456739435
61794.0,12000.0,6.0,1498.0,2026.0,8.0,3.0,7,2.0,330.0,40.9,5.0,2026,1,0,0.0,12000.0,1,1,9.392745258631441
17045.0,26000.0,7.0,1908.792198826372,2024.0,12.0,3.0,5,7.0,200.0,66.0,5.0,2024,11,0,0.0,26000.0,1,4,10.165890277802454
37977.0,13000.0,8.0,1496.0,2026.0,14.0,0.0,6,9.0,380.0,52.0,5.0,2025,12,0,0.0,13000.0,1,4,9.472781556562168
11481.0,27000.0,4.0,1908.792198826372,2023.0,20.0,0.0,0,11.0,0.0,0.0,4.603574926542605,2023,11,0,0.0,27000.0,0,4,10.203629181337648
61529.0,30000.0,4.0,4691.0,2013.0,22.0,1.0,4,3.0,0.0,0.0,2.0,2016,3,0,3.0,7500.0,0,1,10.308985993422082
10083.0,36000.0,7.0,1908.792198826372,2022.0,20.0,3.0,5,7.0,196.0,83.1,4.0,2022,10,0,0.0,36000.0,1,4,10.491301994830229
12188.0,29000.0,4.0,1497.0,2022.0,12.0,3.0,5,11.0,0.0,0.0,5.0,2022,3,0,0.0,29000.0,0,1,10.275085591132715
11304.0,16000.0,7.0,1908.792198826372,2025.0,13.0,3.0,5,7.0,120.0,42.1,5.0,2025,6,0,0.0,16000.0,1,2,9.680406499268875
4828.0,116810.0,4.0,1598.0,2012.0,12.0,2.0,4,11.0,0.0,0.0,5.0,2013,8,0,1.0,58405.0,0,3,11.668312523023978
8154.0,46000.0,7.0,1908.792198826372,2024.0,13.0,3.0,5,11.0,105.0,47.8,5.0,2024,1,0,0.0,46000.0,1,1,10.736418414365376
2325.0,92400.0,4.0,1498.0,2017.0,12.0,3.0,5,11.0,0.0,0.0,5.0,2017,7,1,0.0,92400.0,0,3,11.433893080082035
6888.0,90000.0,7.0,1908.792198826372,2020.0,13.0,3.0,5,11.0,100.0,58.8,4.0,2021,5,0,1.0,45000.0,1,2,11.407576060361786
6152.0,55000.0,4.0,1476.0,2021.0,13.0,3.0,5,11.0,0.0,0.0,4.0,2022,10,0,1.0,27500.0,0,4,10.915106645867503
7654.0,90000.0,7.0,1908.792198826372,2023.0,13.0,3.0,5,11.0,110.0,50.95,4.0,2024,9,0,1.0,45000.0,1,3,11.407576060361786
11893.0,124000.0,4.0,2985.0,2015.0,19.0,3.0,5,2.0,0.0,0.0,5.0,2017,2,0,2.0,41333.333333333336,0,1,11.728044909070785
33561.0,9000.0,4.0,1991.0,2022.0,17.0,0.0,5,2.0,0.0,0.0,5.0,2022,1,0,0.0,9000.0,0,1,9.105090961257085
49753.0,19000.0,5.0,2487.0,2026.0,19.0,3.0,5,11.0,134.0,0.0,5.0,2025,3,0,0.0,19000.0,0,1,9.852246888342531
17369.0,40800.0,4.0,1395.0,2021.0,12.0,3.0,5,11.0,0.0,0.0,5.0,2022,6,0,1.0,20400.0,0,2,10.616461869895815
2782.0,120000.0,4.0,1981.0,2016.0,17.0,3.0,5,3.0,0.0,0.0,5.0,2017,9,0,1.0,60000.0,0,3,11.695255355062795
12217.0,77600.0,3.0,1968.0,2023.0,4.0,3.0,0,3.0,0.0,0.0,5.0,2024,2,1,1.0,38800.0,0,1,11.259335592686217
5564.0,50000.0,4.0,1490.0,2021.0,13.0,3.0,5,11.0,0.0,0.0,5.0,2022,2,0,1.0,25000.0,0,1,10.819798284210286
13984.0,39000.0,4.0,1967.0,2021.0,5.0,3.0,0,2.0,0.0,0.0,4.0,2022,11,0,1.0,19500.0,0,4,10.571342565808699
28527.0,20000.0,8.0,1496.0,2024.0,19.0,3.0,5,9.0,300.0,36.8,5.0,2024,10,0,0.0,20000.0,1,4,9.90353755128617
6888.0,39000.0,4.0,1998.0,2022.0,13.0,3.0,5,11.0,0.0,0.0,5.0,2022,9,0,0.0,39000.0,0,3,10.571342565808699
25553.0,2000.0,7.0,1908.792198826372,2026.0,19.0,1.0,5,7.0,250.0,81.0,5.0,2026,3,0,0.0,2000.0,1,1,7.601402334583733
15720.0,7600.0,7.0,1908.792198826372,2024.0,12.0,2.0,5,9.0,205.0,69.77,5.0,2025,12,0,1.0,3800.0,1,4,8.936035096566041
21903.0,11000.0,1.0,1969.0,2025.0,7.0,3.0,5,11.0,0.0,0.0,4.0,2025,8,0,0.0,11000.0,0,3,9.305741456739435
10274.0,13000.0,6.0,1499.0,2025.0,13.0,0.0,5,11.0,150.0,18.67,4.0,2025,1,0,0.0,13000.0,1,1,9.472781556562168
12953.0,80000.0,4.0,5328.0,2011.0,3.0,0.0,7,3.0,0.0,0.0,6.0,2010,9,0,0.0,80000.0,0,3,11.289794413577894
27349.0,30800.0,7.0,1908.792198826372,2025.0,17.0,3.0,5,9.0,360.0,100.0,5.0,2025,8,0,0.0,30800.0,1,3,10.335302435967074
26466.0,30000.0,7.0,1908.792198826372,2025.0,20.0,3.0,5,7.0,237.0,94.53,4.0,2025,4,0,0.0,30000.0,1,2,10.308985993422082
27938.0,12000.0,8.0,1499.0,2026.0,14.0,2.0,6,9.0,345.0,39.92,5.0,2025,11,0,0.0,12000.0,1,4,9.392745258631441
32354.0,25000.0,4.0,1997.0,2023.0,20.0,2.0,5,2.0,0.0,0.0,4.0,2023,9,0,0.0,25000.0,0,3,10.12667110305036
19695.0,38000.0,4.0,1498.0,2024.0,12.0,0.0,5,11.0,0.0,0.0,5.0,2024,1,0,0.0,38000.0,0,1,10.545367754151743
121734.0,23900.0,1.0,2996.0,2022.0,19.0,3.0,5,2.0,0.0,0.0,5.0,2022,5,0,0.0,23900.0,0,2,10.081675578048475
2926336.0,600.0,4.0,1908.792198826372,2021.0,22.0,3.0,0,11.0,0.0,0.0,4.603574926542605,2023,4,0,2.0,200.0,0,2,6.398594934535208
4386.0,230000.0,4.0,2438.0,2013.0,4.0,3.0,0,5.0,0.0,0.0,4.0,2017,7,1,4.0,46000.0,0,3,12.345838935721968
26319.0,11600.0,7.0,1908.792198826372,2025.0,20.0,0.0,5,9.0,579.0,100.0,5.0,2025,5,0,0.0,11600.0,1,2,9.358846580275406
16015.0,36000.0,7.0,1908.792198826372,2025.0,1.0,3.0,0,11.0,170.0,0.0,5.0,2025,8,0,0.0,36000.0,0,3,10.491301994830229
5711.0,118000.0,4.0,1997.0,2018.0,12.0,3.0,5,11.0,0.0,0.0,5.0,2018,6,0,0.0,118000.0,0,2,11.678448377988165
18959.0,18000.0,7.0,1908.792198826372,2025.0,17.0,0.0,5,7.0,218.0,80.8,5.0,2025,11,0,0.0,18000.0,1,4,9.798182590890704
12776.0,1800.0,7.0,1908.792198826372,2025.0,12.0,3.0,5,11.0,135.0,51.87,5.0,2025,8,0,0.0,1800.0,1,3,7.496097345175956
6403.0,143000.0,7.0,1908.792198826372,2023.0,13.0,3.0,5,11.0,100.0,55.2,4.0,2023,5,0,0.0,143000.0,1,2,11.870606902224587
12953.0,49300.0,7.0,1908.792198826372,2024.0,20.0,0.0,5,7.0,160.0,56.83,5.0,2025,3,0,1.0,24650.0,1,1,10.805699643800724
14131.0,13000.0,3.0,1994.0,2021.0,1.0,3.0,0,3.0,0.0,0.0,4.0,2024,4,1,3.0,3250.0,0,2,9.472781556562168
2914.0,207000.0,4.0,1797.0,2014.0,7.0,3.0,5,11.0,0.0,0.0,4.0,2015,8,0,1.0,103500.0,0,3,12.240478903153711
33635.0,21000.0,6.0,1991.0,2023.0,20.0,0.0,5,3.0,90.0,25.4,4.0,2023,1,0,0.0,21000.0,1,1,9.952325334619427
10274.0,39000.0,4.0,1997.0,2021.0,12.0,3.0,5,11.0,0.0,0.0,5.0,2021,3,0,0.0,39000.0,0,1,10.571342565808699
64620.0,102000.0,4.0,1908.792198826372,2019.0,19.0,3.0,0,11.0,0.0,0.0,4.603574926542605,2019,8,0,0.0,102000.0,0,3,11.532737896139919
3032.0,54000.0,4.0,1349.0,2018.0,11.0,0.0,5,11.0,0.0,0.0,5.0,2019,3,0,1.0,27000.0,0,1,10.896757843893464
26466.0,37000.0,6.0,1497.0,2023.0,17.0,1.0,5,2.0,485.0,31.8,5.0,2024,6,0,1.0,18500.0,1,2,10.518700218288165
24111.0,76000.0,8.0,1496.0,2023.0,19.0,0.0,5,9.0,330.0,40.9,5.0,2023,4,0,0.0,76000.0,1,2,11.23850177707664
29410.0,6000.0,6.0,1499.0,2025.0,19.0,3.0,6,9.0,300.0,44.5,5.0,2026,1,0,1.0,3000.0,1,1,8.699681400989514
20431.0,7500.0,6.0,1498.0,2025.0,19.0,1.0,5,11.0,200.0,26.6,5.0,2025,6,0,0.0,7500.0,1,2,8.922791623969637
23949.0,52800.0,7.0,1908.792198826372,2024.0,19.0,3.0,5,7.0,250.0,90.0,5.0,2025,1,0,1.0,26400.0,1,1,10.874285408908944
5446.0,100.0,7.0,1908.792198826372,2026.0,21.0,3.0,4,11.0,35.0,17.65,3.0,2026,6,0,0.0,100.0,1,2,4.61512051684126
3282.0,56300.0,7.0,1908.792198826372,2019.0,16.0,3.0,0,7.0,55.0,0.0,5.0,2021,5,0,2.0,18766.666666666668,0,2,10.938467575959383
23184.0,74500.0,4.0,1997.0,2022.0,19.0,3.0,6,10.0,0.0,0.0,5.0,2022,3,0,0.0,74500.0,0,1,11.218567827096358
26201.0,10000.0,7.0,1908.792198826372,2026.0,19.0,2.0,5,7.0,215.0,100.0,5.0,2025,12,0,0.0,10000.0,1,4,9.210440366976517
2811.0,123500.0,4.0,1813.0,2014.0,13.0,3.0,5,11.0,0.0,0.0,4.0,2014,10,0,0.0,123500.0,0,4,11.724004532183379
8508.0,24000.0,7.0,1908.792198826372,2025.0,13.0,3.0,4,11.0,50.0,37.9,5.0,2025,3,0,0.0,24000.0,1,1,10.085850775128717
36505.0,7000.0,4.0,1998.0,2025.0,13.0,3.0,5,11.0,0.0,0.0,5.0,2024,11,0,0.0,7000.0,0,4,8.853808274977197
13218.0,3500.0,6.0,1499.0,2024.0,17.0,3.0,7,11.0,150.0,19.43,5.0,2025,2,0,1.0,1750.0,1,1,8.160803920954665
17928.0,57000.0,4.0,1395.0,2022.0,7.0,3.0,5,11.0,0.0,0.0,5.0,2022,6,0,0.0,57000.0,0,2,10.950824090522445
9832.0,100.0,7.0,1908.792198826372,2026.0,12.0,3.0,5,11.0,75.0,31.9,5.0,2026,6,0,0.0,100.0,1,2,4.61512051684126
18959.0,17000.0,7.0,1908.792198826372,2025.0,17.0,0.0,5,7.0,218.0,80.8,5.0,2025,8,0,0.0,17000.0,1,3,9.741027444837728
4680.0,35100.0,4.0,1985.0,2016.0,12.0,3.0,5,2.0,0.0,0.0,4.0,2018,1,1,2.0,11700.0,0,1,10.465984899076615
8802.0,86000.0,4.0,1998.0,2021.0,19.0,3.0,7,11.0,0.0,0.0,5.0,2022,2,0,1.0,43000.0,0,1,11.362114203075018
3665.0,70200.0,4.0,1490.0,2016.0,13.0,3.0,5,11.0,0.0,0.0,5.0,2018,5,1,2.0,23400.0,0,2,11.159117834926688
13218.0,30000.0,6.0,1499.0,2024.0,17.0,0.0,5,11.0,199.0,19.43,5.0,2025,2,0,1.0,15000.0,1,1,10.308985993422082
21314.0,23200.0,8.0,1499.0,2024.0,19.0,3.0,5,9.0,345.0,41.16,5.0,2024,12,0,0.0,23200.0,1,4,10.05195066017375
12040.0,2100.0,7.0,1908.792198826372,2026.0,13.0,3.0,5,7.0,120.0,42.1,5.0,2026,6,0,0.0,2100.0,1,2,7.650168700845001
3650.0,155000.0,4.0,3471.0,2010.0,18.0,0.0,5,11.0,0.0,0.0,4.0,2009,10,0,0.0,155000.0,0,4,11.951186847493476
6727.0,64500.0,4.0,1598.0,2026.0,12.0,3.0,5,11.0,0.0,0.0,5.0,2020,7,0,0.0,64500.0,0,3,11.07443600653965
43836.0,6700.0,7.0,1908.792198826372,2025.0,19.0,3.0,6,9.0,400.0,97.8,5.0,2025,7,0,0.0,6700.0,1,3,8.81001204797317
9200.0,16000.0,4.0,1969.0,2023.0,13.0,0.0,5,11.0,0.0,0.0,4.0,2022,7,0,0.0,16000.0,0,3,9.680406499268875
152793.0,18800.0,4.0,3799.0,2019.0,22.0,1.0,2,5.0,0.0,0.0,2.0,2018,8,0,0.0,18800.0,0,3,9.841665338892785
2914.0,96600.0,4.0,1368.0,2019.0,11.0,3.0,5,11.0,0.0,0.0,5.0,2018,12,0,0.0,96600.0,0,4,11.478344372113902
23522.0,15000.0,6.0,1499.0,2023.0,19.0,1.0,6,9.0,350.0,44.5,5.0,2024,2,0,1.0,7500.0,1,1,9.61587214452889
15868.0,178000.0,4.0,2972.0,2019.0,19.0,3.0,7,2.0,0.0,0.0,5.0,2020,3,0,1.0,89000.0,0,1,12.08954444723597
13218.0,4000.0,7.0,1908.792198826372,2026.0,12.0,3.0,5,11.0,120.0,51.9,5.0,2025,11,0,0.0,4000.0,1,4,8.294299608857235
22919.0,100.0,4.0,1998.0,2025.0,12.0,3.0,5,2.0,0.0,0.0,5.0,1990,1,0,0.0,100.0,0,1,4.61512051684126
24258.0,50000.0,7.0,1908.792198826372,2024.0,20.0,0.0,5,9.0,425.0,94.5,4.0,2024,7,0,0.0,50000.0,1,3,10.819798284210286
956.0,81300.0,4.0,1495.0,2011.0,0.0,3.0,5,11.0,0.0,0.0,5.0,2012,5,1,1.0,40650.0,0,2,11.305913595583258
4092.0,200000.0,7.0,1908.792198826372,2019.0,13.0,3.0,5,11.0,100.0,52.56,4.0,2019,6,0,0.0,200000.0,1,2,12.206077645517674
10451.0,4900.0,7.0,1908.792198826372,2026.0,13.0,3.0,5,11.0,120.0,42.8,5.0,2025,9,0,0.0,4900.0,1,3,8.497194544909547
26201.0,33000.0,4.0,1395.0,2023.0,17.0,1.0,5,11.0,0.0,0.0,5.0,2023,2,0,0.0,33000.0,0,1,10.404293143019792
12335.0,53000.0,7.0,1908.792198826372,2024.0,17.0,3.0,5,11.0,185.0,65.0,5.0,2024,8,0,0.0,53000.0,1,3,10.87806606028079
8302.0,133000.0,4.0,1969.0,2017.0,17.0,3.0,5,2.0,0.0,0.0,5.0,2017,3,0,0.0,133000.0,0,1,11.798111925972618
27673.0,160000.0,4.0,2996.0,2017.0,19.0,0.0,5,10.0,0.0,0.0,5.0,2017,6,0,0.0,160000.0,0,2,11.982935344196433
31912.0,3400.0,6.0,1497.0,2025.0,17.0,3.0,5,2.0,485.0,31.8,5.0,2025,4,0,0.0,3400.0,1,2,8.131824785007195
865536.0,100.0,4.0,1908.792198826372,2025.0,22.0,3.0,0,11.0,0.0,0.0,4.603574926542605,1990,1,0,0.0,100.0,0,1,4.61512051684126
10127.0,83600.0,6.0,1498.0,2021.0,12.0,3.0,5,11.0,145.0,18.3,5.0,2023,4,0,2.0,27866.666666666668,1,2,11.33381076072374
2325.0,90000.0,4.0,1498.0,2018.0,12.0,0.0,5,11.0,0.0,0.0,5.0,2017,11,0,0.0,90000.0,0,4,11.407576060361786
4975.0,100000.0,3.0,1999.0,2020.0,8.0,3.0,7,3.0,0.0,0.0,4.0,2021,8,1,1.0,50000.0,0,3,11.51293546492023
24405.0,12000.0,7.0,1908.792198826372,2026.0,19.0,3.0,5,7.0,245.0,76.0,5.0,2026,3,0,0.0,12000.0,1,1,9.392745258631441
6624.0,100.0,7.0,1908.792198826372,2026.0,10.0,3.0,4,11.0,35.0,17.41,3.0,2026,3,0,0.0,100.0,1,1,4.61512051684126
13954.0,28000.0,7.0,1908.792198826372,2023.0,12.0,3.0,5,7.0,200.0,66.0,5.0,2023,6,0,0.0,28000.0,1,2,10.239995502805316
24729.0,4000.0,7.0,1908.792198826372,2024.0,13.0,3.0,4,11.0,160.0,51.5,3.0,2024,11,0,0.0,4000.0,1,4,8.294299608857235
2914.0,136100.0,4.0,1395.0,2017.0,12.0,3.0,5,11.0,0.0,0.0,5.0,2018,8,0,1.0,68050.0,0,3,11.82115253615114
15603.0,300.0,7.0,1908.792198826372,2026.0,12.0,3.0,5,7.0,200.0,56.12,5.0,2025,12,0,0.0,300.0,1,4,5.707110264748875
359020.0,26000.0,4.0,1908.792198826372,2022.0,15.0,0.0,5,2.0,0.0,0.0,4.0,2022,4,0,0.0,26000.0,0,2,10.165890277802454
4828.0,52800.0,4.0,1494.0,2021.0,13.0,3.0,5,11.0,0.0,0.0,4.0,2021,1,0,0.0,52800.0,0,1,10.874285408908944
16780.0,15000.0,8.0,1497.0,2026.0,17.0,0.0,5,7.0,190.0,31.73,5.0,2026,1,0,0.0,15000.0,1,1,9.61587214452889
16015.0,22000.0,6.0,1497.0,2023.0,17.0,3.0,5,11.0,145.0,18.3,5.0,2023,11,0,0.0,22000.0,1,4,9.99884318585288
6403.0,36600.0,4.0,1368.0,2019.0,12.0,3.0,5,11.0,0.0,0.0,5.0,2020,6,0,1.0,18300.0,0,2,10.50783084142058
9126.0,73700.0,7.0,1908.792198826372,2023.0,13.0,1.0,5,11.0,105.0,47.8,5.0,2023,5,0,0.0,73700.0,1,2,11.207771646606407
19430.0,20600.0,6.0,1499.0,2024.0,12.0,3.0,5,11.0,150.0,27.2,5.0,2024,12,0,0.0,20600.0,1,4,9.933094897288786
5711.0,230000.0,7.0,1908.792198826372,2019.0,13.0,3.0,5,11.0,135.0,58.8,4.0,2020,3,0,1.0,115000.0,1,1,12.345838935721968
16162.0,11000.0,8.0,1497.0,2025.0,19.0,3.0,5,7.0,200.0,34.32,5.0,2024,12,0,0.0,11000.0,1,4,9.305741456739435
16162.0,48000.0,1.0,1998.0,2023.0,19.0,0.0,7,2.0,0.0,0.0,5.0,2024,9,0,1.0,24000.0,0,3,10.778977123006351
4563.0,71900.0,4.0,1368.0,2017.0,12.0,3.0,5,11.0,0.0,0.0,5.0,2018,3,0,1.0,35950.0,0,1,11.183045451818261
14543.0,17000.0,7.0,1908.792198826372,2025.0,13.0,3.0,5,7.0,120.0,42.1,5.0,2025,4,0,0.0,17000.0,1,2,9.741027444837728
14705.0,60000.0,7.0,1908.792198826372,2022.0,20.0,3.0,5,9.0,473.0,74.5,5.0,2023,1,0,1.0,30000.0,1,1,11.002116507732017
4401.0,5000.0,7.0,1908.792198826372,2025.0,10.0,3.0,4,11.0,35.0,17.65,3.0,2025,11,0,0.0,5000.0,1,4,8.517393171418904
145433.0,15000.0,4.0,3497.0,2025.0,14.0,0.0,7,2.0,0.0,0.0,5.0,2025,8,0,0.0,15000.0,0,3,9.61587214452889
9568.0,25000.0,7.0,1908.792198826372,2024.0,12.0,3.0,5,11.0,160.0,49.52,5.0,2025,5,0,1.0,12500.0,1,2,10.12667110305036
18105.0,11600.0,7.0,1908.792198826372,2025.0,13.0,1.0,4,11.0,135.0,51.5,3.0,2025,11,0,0.0,11600.0,1,4,9.358846580275406
7153.0,115000.0,4.0,1496.0,2020.0,13.0,3.0,5,11.0,0.0,0.0,4.0,2020,4,0,0.0,115000.0,0,2,11.652696102959753
12953.0,38900.0,4.0,1969.0,2022.0,12.0,2.0,5,2.0,0.0,0.0,5.0,2021,11,0,0.0,38900.0,0,4,10.568775236216993
6888.0,120000.0,3.0,2497.0,2017.0,4.0,3.0,0,3.0,0.0,0.0,5.0,2017,9,1,0.0,120000.0,0,3,11.695255355062795
2767.0,56000.0,7.0,1908.792198826372,2018.0,10.0,3.0,4,11.0,50.0,29.2,5.0,2018,11,0,0.0,56000.0,1,4,10.933124826700707
3680.0,50000.0,4.0,1498.0,2020.0,13.0,1.0,5,11.0,0.0,0.0,4.0,2020,4,0,0.0,50000.0,0,2,10.819798284210286
2546.0,64400.0,4.0,1497.0,2016.0,12.0,3.0,5,11.0,0.0,0.0,5.0,2016,10,0,0.0,64400.0,0,4,11.072884439922198
8140.0,33000.0,4.0,1498.0,2022.0,12.0,0.0,5,11.0,0.0,0.0,5.0,2022,8,0,0.0,33000.0,0,3,10.404293143019792
10127.0,20000.0,7.0,1908.792198826372,2023.0,13.0,3.0,5,11.0,105.0,47.8,5.0,2023,9,0,0.0,20000.0,1,3,9.90353755128617
8213.0,80000.0,4.0,1498.0,2016.0,12.0,1.0,5,11.0,0.0,0.0,5.0,2016,11,0,0.0,80000.0,0,4,11.289794413577894
4695.0,117900.0,4.0,1997.0,2017.0,12.0,1.0,5,10.0,0.0,0.0,5.0,2018,12,0,1.0,58950.0,0,4,11.6776005682537
41186.0,6000.0,8.0,1496.0,2025.0,19.0,0.0,6,9.0,330.0,52.3,5.0,2025,12,0,0.0,6000.0,1,4,8.699681400989514
23846.0,3000.0,7.0,1908.792198826372,2025.0,17.0,3.0,5,7.0,180.0,80.0,5.0,2026,2,0,1.0,1500.0,1,1,8.006700845440367
214617.0,1000.0,7.0,1908.792198826372,2024.0,22.0,3.0,2,1.0,960.0,80.0,2.0,2024,11,0,0.0,1000.0,1,4,6.90875477931522
18517.0,52000.0,4.0,1395.0,2022.0,12.0,3.0,5,11.0,0.0,0.0,5.0,2022,8,0,0.0,52000.0,0,3,10.859018228147887
2914.0,70000.0,4.0,1908.792198826372,2018.0,1.0,3.0,0,3.0,0.0,0.0,4.0,2018,4,1,0.0,70000.0,0,2,11.156264806643742
11746.0,130000.0,4.0,5990.0,2011.0,3.0,0.0,7,3.0,0.0,0.0,6.0,2012,3,0,1.0,65000.0,0,1,11.775297421715827
10127.0,24100.0,7.0,1908.792198826372,2024.0,20.0,0.0,5,7.0,160.0,56.8,5.0,2024,10,0,0.0,24100.0,1,4,10.090008612393838
191065.0,32000.0,4.0,1908.792198826372,2022.0,14.0,3.0,0,11.0,0.0,0.0,4.603574926542605,2023,1,0,1.0,16000.0,0,1,10.373522431293592
18517.0,53000.0,4.0,1499.0,2023.0,13.0,3.0,5,11.0,0.0,0.0,5.0,2024,1,0,1.0,26500.0,0,1,10.87806606028079
10613.0,50900.0,4.0,1998.0,2021.0,13.0,3.0,5,11.0,0.0,0.0,4.0,2022,1,0,1.0,25450.0,0,1,10.837637848711049
439833.0,2000.0,4.0,1908.792198826372,2024.0,15.0,3.0,0,11.0,0.0,0.0,4.603574926542605,2025,6,0,1.0,1000.0,0,2,7.601402334583733
14690.0,29300.0,4.0,1498.0,2023.0,12.0,0.0,5,11.0,0.0,0.0,5.0,2023,9,0,0.0,29300.0,0,3,10.285376924115587
1096640.0,100.0,4.0,1908.792198826372,2026.0,14.0,3.0,0,11.0,0.0,0.0,4.603574926542605,1990,1,0,0.0,100.0,0,1,4.61512051684126
9832.0,15000.0,7.0,1908.792198826372,2023.0,13.0,3.0,5,11.0,105.0,47.8,5.0,2024,1,0,1.0,7500.0,1,1,9.61587214452889
2914.0,80000.0,4.0,1908.792198826372,2018.0,1.0,3.0,0,3.0,0.0,0.0,4.0,2019,5,1,1.0,40000.0,0,2,11.289794413577894
35298.0,10000.0,7.0,1908.792198826372,2026.0,19.0,0.0,5,9.0,365.0,100.0,5.0,2025,9,0,0.0,10000.0,1,3,9.210440366976517
5107.0,41000.0,7.0,1908.792198826372,2021.0,10.0,3.0,4,11.0,35.0,30.3,5.0,2021,7,0,0.0,41000.0,1,3,10.62135173563291
16192.0,15300.0,6.0,1499.0,2024.0,19.0,2.0,5,11.0,165.0,34.46,5.0,2024,7,0,0.0,15300.0,1,3,9.635673464721814
19872.0,36000.0,4.0,1998.0,2021.0,12.0,3.0,5,11.0,0.0,0.0,5.0,2022,1,0,1.0,18000.0,0,1,10.491301994830229
5122.0,160000.0,7.0,1908.792198826372,2022.0,13.0,3.0,5,11.0,120.0,47.78,4.0,2022,8,0,0.0,160000.0,1,3,11.982935344196433
19872.0,41000.0,7.0,1908.792198826372,2022.0,20.0,3.0,5,9.0,400.0,100.0,5.0,2022,11,0,0.0,41000.0,1,4,10.62135173563291
10745.0,66000.0,3.0,1968.0,2021.0,4.0,3.0,0,3.0,0.0,0.0,5.0,2021,3,1,0.0,66000.0,0,1,11.097425172408931
13807.0,14000.0,6.0,1499.0,2025.0,17.0,2.0,5,11.0,150.0,18.67,5.0,2025,1,0,0.0,14000.0,1,1,9.546884034617925
7330.0,88200.0,4.0,1991.0,2019.0,17.0,3.0,7,11.0,0.0,0.0,5.0,2018,5,0,0.0,88200.0,0,2,11.38737357979909
3532.0,34500.0,7.0,1908.792198826372,2021.0,10.0,3.0,2,11.0,37.0,29.13,3.0,2021,12,0,0.0,34500.0,1,4,10.448743588106625
100979.0,80000.0,4.0,1908.792198826372,2014.0,12.0,3.0,0,11.0,0.0,0.0,4.603574926542605,2016,3,0,2.0,26666.666666666668,0,1,11.289794413577894
9096.0,28000.0,4.0,1485.0,2023.0,13.0,3.0,5,11.0,0.0,0.0,4.0,2023,3,0,0.0,28000.0,0,1,10.239995502805316
33561.0,5000.0,7.0,1908.792198826372,2024.0,20.0,0.0,5,9.0,385.0,100.0,4.0,2024,8,0,0.0,5000.0,1,3,8.517393171418904
22050.0,20000.0,6.0,1499.0,2025.0,17.0,3.0,5,9.0,316.0,39.6,5.0,2025,6,0,0.0,20000.0,1,2,9.90353755128617
2649.0,81400.0,7.0,1908.792198826372,2015.0,13.0,3.0,5,11.0,50.0,23.0,4.0,2016,5,0,1.0,40700.0,1,2,11.307142836927456
10716.0,10300.0,7.0,1908.792198826372,2025.0,13.0,3.0,5,11.0,70.0,42.3,5.0,2025,9,0,0.0,10300.0,1,3,9.239996256883693
17340.0,4000.0,6.0,1499.0,2025.0,20.0,2.0,5,11.0,160.0,18.4,4.0,2025,4,0,0.0,4000.0,1,2,8.294299608857235
322368.0,29500.0,4.0,6498.0,2011.0,22.0,3.0,2,4.0,0.0,0.0,2.0,2013,9,0,2.0,9833.333333333334,0,3,10.292179440058462
1457.0,130000.0,4.0,1591.0,2014.0,12.0,3.0,5,11.0,0.0,0.0,5.0,2014,9,1,0.0,130000.0,0,3,11.775297421715827
13807.0,88000.0,4.0,1998.0,2020.0,17.0,0.0,5,11.0,0.0,0.0,5.0,2019,11,0,0.0,88000.0,0,4,11.385103457032141
55759.0,70000.0,4.0,5935.0,2013.0,22.0,3.0,4,3.0,0.0,0.0,2.0,2013,7,0,0.0,70000.0,0,3,11.156264806643742
37800.0,14000.0,7.0,1908.792198826372,2026.0,14.0,0.0,6,9.0,520.0,102.0,5.0,2026,1,0,0.0,14000.0,1,1,9.546884034617925
17192.0,100.0,5.0,1993.0,2023.0,13.0,3.0,5,11.0,135.0,0.0,5.0,2026,6,0,3.0,25.0,0,2,4.61512051684126
19106.0,70000.0,4.0,1998.0,2022.0,13.0,3.0,5,11.0,0.0,0.0,6.0,2021,12,0,0.0,70000.0,0,4,11.156264806643742
13807.0,43000.0,4.0,1997.0,2022.0,12.0,3.0,5,11.0,0.0,0.0,5.0,2022,2,0,0.0,43000.0,0,1,10.668978650219241
3503.0,108000.0,4.0,1490.0,2014.0,13.0,3.0,5,11.0,0.0,0.0,5.0,2014,8,0,0.0,108000.0,0,3,11.58989576532275
27055.0,100.0,7.0,1908.792198826372,2026.0,7.0,2.0,5,9.0,360.0,100.0,5.0,2026,4,0,0.0,100.0,1,2,4.61512051684126
48576.0,500.0,5.0,1987.0,2026.0,20.0,3.0,5,11.0,83.0,0.0,4.0,2026,6,0,0.0,500.0,0,2,6.2166061010848646
26319.0,1000.0,4.0,1995.0,2025.0,12.0,0.0,5,11.0,0.0,0.0,5.0,2026,2,0,1.0,500.0,0,1,6.90875477931522
29410.0,44600.0,4.0,1995.0,2022.0,12.0,3.0,5,10.0,0.0,0.0,5.0,2022,10,0,0.0,44600.0,0,4,10.70551155928146
16574.0,60000.0,7.0,1908.792198826372,2024.0,5.0,3.0,0,9.0,315.0,0.0,4.0,2024,6,0,0.0,60000.0,0,2,11.002116507732017
19872.0,59800.0,7.0,1908.792198826372,2022.0,20.0,3.0,5,9.0,425.0,90.0,4.0,2022,9,0,0.0,59800.0,1,3,10.998777662206932
13807.0,9000.0,7.0,1908.792198826372,2026.0,13.0,3.0,5,7.0,160.0,56.2,5.0,2025,11,0,0.0,9000.0,1,4,9.105090961257085
18223.0,190.0,6.0,1496.0,2024.0,6.0,3.0,7,11.0,176.0,24.7,5.0,2025,1,0,1.0,95.0,1,1,5.25227342804663
8802.0,60000.0,4.0,1998.0,2022.0,12.0,0.0,5,11.0,0.0,0.0,5.0,2022,10,0,0.0,60000.0,0,4,11.002116507732017
13984.0,18000.0,7.0,1908.792198826372,2026.0,17.0,3.0,5,7.0,200.0,68.82,5.0,2025,10,0,0.0,18000.0,1,4,9.798182590890704
129536.0,30000.0,4.0,3799.0,2015.0,22.0,3.0,2,5.0,0.0,0.0,2.0,2019,4,0,4.0,6000.0,0,2,10.308985993422082
158681.0,31000.0,1.0,2999.0,2023.0,19.0,3.0,5,2.0,0.0,0.0,5.0,2023,2,0,0.0,31000.0,0,1,10.34177474101152
21020.0,100.0,6.0,1497.0,2025.0,17.0,3.0,5,11.0,165.0,31.7,5.0,1990,1,0,0.0,100.0,1,1,4.61512051684126
2252.0,58600.0,4.0,1396.0,2015.0,13.0,3.0,5,11.0,0.0,0.0,4.0,2016,10,1,1.0,29300.0,0,4,10.978507040265917
2576.0,100000.0,4.0,1490.0,2016.0,12.0,3.0,5,11.0,0.0,0.0,5.0,2017,1,0,1.0,50000.0,0,1,11.51293546492023
1398.0,87000.0,4.0,1908.792198826372,2014.0,16.0,3.0,0,3.0,0.0,0.0,5.0,2016,1,1,2.0,29000.0,0,1,11.373674891823535
7624.0,57000.0,7.0,1908.792198826372,2021.0,13.0,3.0,5,11.0,105.0,45.99,5.0,2021,11,0,0.0,57000.0,1,4,10.950824090522445
17928.0,40000.0,3.0,1898.0,2023.0,5.0,3.0,0,2.0,0.0,0.0,4.0,2023,3,0,0.0,40000.0,0,1,10.596659732783579
35033.0,45000.0,4.0,1998.0,2023.0,13.0,0.0,4,11.0,0.0,0.0,2.0,2022,9,0,0.0,45000.0,0,3,10.714439990727769
3944.0,127000.0,7.0,1908.792198826372,2020.0,1.0,3.0,0,7.0,60.0,0.0,5.0,2021,4,0,1.0,63500.0,0,2,11.751950239425476
2443.0,115100.0,4.0,1485.0,2017.0,12.0,3.0,5,11.0,0.0,0.0,5.0,2017,10,1,0.0,115100.0,0,4,11.65356528276954
8360.0,45000.0,7.0,1908.792198826372,2023.0,12.0,3.0,5,11.0,100.0,51.9,5.0,2023,10,0,0.0,45000.0,1,4,10.714439990727769
27938.0,18000.0,5.0,1991.0,2024.0,8.0,3.0,7,11.0,134.0,0.0,5.0,2025,7,0,1.0,9000.0,0,3,9.798182590890704
13512.0,24000.0,4.0,1197.0,2022.0,13.0,3.0,5,11.0,0.0,0.0,4.0,2022,10,0,0.0,24000.0,0,4,10.085850775128717
11187.0,58000.0,7.0,1908.792198826372,2022.0,17.0,3.0,5,9.0,160.0,66.7,5.0,2022,11,0,0.0,58000.0,1,4,10.968215530759236
3253.0,68800.0,7.0,1908.792198826372,2021.0,16.0,3.0,0,7.0,60.0,0.0,5.0,2021,9,0,0.0,68800.0,0,3,11.138973558699526
33237.0,49000.0,4.0,1499.0,2023.0,12.0,0.0,5,11.0,0.0,0.0,5.0,2023,10,0,0.0,49000.0,0,4,10.799595985047786
7036.0,42000.0,7.0,1908.792198826372,2023.0,11.0,1.0,5,11.0,60.0,39.4,5.0,2023,2,0,0.0,42000.0,1,1,10.645448706505872
22050.0,130000.0,4.0,2995.0,2015.0,19.0,3.0,5,2.0,0.0,0.0,5.0,2016,9,0,1.0,65000.0,0,3,11.775297421715827
46632.0,65000.0,6.0,2995.0,2022.0,15.0,0.0,5,10.0,100.0,14.1,4.0,2022,1,0,0.0,65000.0,1,1,11.082157933374816
1928.0,150000.0,4.0,1999.0,2013.0,18.0,3.0,5,11.0,0.0,0.0,4.0,2013,11,0,0.0,150000.0,0,4,11.918397239722838
24258.0,108000.0,4.0,2979.0,2016.0,19.0,1.0,5,10.0,0.0,0.0,5.0,2017,2,0,1.0,54000.0,0,1,11.58989576532275
18076.0,100.0,6.0,1498.0,2025.0,17.0,0.0,5,10.0,220.0,18.74,5.0,2026,3,0,1.0,50.0,1,1,4.61512051684126
29410.0,14200.0,6.0,1998.0,2025.0,5.0,3.0,0,10.0,120.0,0.0,4.0,2025,6,0,0.0,14200.0,0,2,9.561067663645012
15058.0,45000.0,7.0,1908.792198826372,2023.0,19.0,3.0,5,7.0,231.0,71.0,5.0,2024,8,0,1.0,22500.0,1,3,10.714439990727769
11157.0,2800.0,4.0,1498.0,2025.0,0.0,3.0,7,11.0,0.0,0.0,5.0,2026,2,0,1.0,1400.0,0,1,7.937731775260109
17634.0,7000.0,8.0,1497.0,2026.0,19.0,2.0,6,7.0,200.0,34.32,5.0,2025,8,0,0.0,7000.0,1,3,8.853808274977197
6447.0,100000.0,4.0,1598.0,2011.0,13.0,3.0,4,11.0,0.0,0.0,3.0,2011,7,0,0.0,100000.0,0,3,11.51293546492023
1736.0,120000.0,4.0,2351.0,2009.0,17.0,2.0,7,3.0,0.0,0.0,5.0,2009,8,1,0.0,120000.0,0,3,11.695255355062795
8802.0,66300.0,7.0,1908.792198826372,2022.0,13.0,3.0,5,11.0,105.0,45.99,5.0,2022,9,0,0.0,66300.0,1,3,11.101960259016467
9273.0,800.0,4.0,1395.0,2026.0,12.0,3.0,5,11.0,0.0,0.0,5.0,2025,11,1,0.0,800.0,0,4,6.68586094706836
26319.0,32000.0,4.0,1395.0,2023.0,17.0,0.0,5,11.0,0.0,0.0,5.0,2022,11,0,0.0,32000.0,0,4,10.373522431293592
8066.0,48800.0,4.0,1598.0,2022.0,17.0,3.0,5,11.0,0.0,0.0,5.0,2022,2,0,0.0,48800.0,0,1,10.795506083434564
23816.0,24000.0,6.0,1499.0,2025.0,19.0,2.0,6,9.0,300.0,44.5,5.0,2025,8,0,0.0,24000.0,1,3,10.085850775128717
20578.0,35400.0,4.0,1395.0,2022.0,12.0,3.0,5,11.0,0.0,0.0,5.0,2022,8,0,0.0,35400.0,0,3,10.474495347310453
2649.0,111000.0,4.0,1598.0,2018.0,13.0,3.0,5,11.0,0.0,0.0,4.0,2018,8,1,0.0,111000.0,0,3,11.6172944892629
9685.0,38000.0,4.0,1496.0,2023.0,7.0,0.0,5,11.0,0.0,0.0,5.0,2023,8,0,0.0,38000.0,0,3,10.545367754151743
28968.0,16000.0,7.0,1908.792198826372,2022.0,19.0,1.0,5,9.0,375.0,95.7,5.0,2024,5,0,2.0,5333.333333333333,1,2,9.680406499268875
11614.0,36000.0,6.0,1499.0,2024.0,17.0,3.0,7,11.0,199.0,19.43,5.0,2024,11,0,0.0,36000.0,1,4,10.491301994830229
45573.0,73500.0,4.0,3456.0,2018.0,15.0,3.0,5,3.0,0.0,0.0,4.0,2019,3,0,1.0,36750.0,0,1,11.205054290550551
41657.0,21000.0,6.0,1997.0,2025.0,19.0,0.0,6,2.0,500.0,36.8,5.0,2025,1,0,0.0,21000.0,1,1,9.952325334619427
102745.0,8000.0,4.0,1991.0,2021.0,22.0,3.0,2,5.0,0.0,0.0,2.0,2025,4,0,4.0,1600.0,0,2,8.987321812850125
16530.0,42300.0,4.0,1998.0,2023.0,12.0,0.0,5,2.0,0.0,0.0,5.0,2024,1,0,1.0,21150.0,0,1,10.652566005416872
38095.0,600.0,7.0,1908.792198826372,2026.0,20.0,3.0,5,7.0,264.0,100.0,5.0,2026,6,0,0.0,600.0,1,2,6.398594934535208
9568.0,77000.0,4.0,2496.0,2015.0,17.0,3.0,5,10.0,0.0,0.0,5.0,2017,12,0,2.0,25666.666666666668,0,4,11.251573687764477
36505.0,2000.0,7.0,1908.792198826372,2026.0,20.0,3.0,5,7.0,370.0,102.3,5.0,2026,4,0,0.0,2000.0,1,2,7.601402334583733
4990.0,61000.0,7.0,1908.792198826372,2022.0,12.0,3.0,5,11.0,70.0,38.54,5.0,2022,12,0,0.0,61000.0,1,4,11.0186455364637
2149.0,90800.0,4.0,1999.0,2013.0,18.0,3.0,5,11.0,0.0,0.0,4.0,2012,10,0,0.0,90800.0,0,4,11.416425577744599
67417.0,12500.0,6.0,1974.0,2025.0,14.0,0.0,6,2.0,660.0,70.0,5.0,2026,2,0,1.0,6250.0,1,1,9.433563920090563
20593.0,15000.0,7.0,1908.792198826372,2025.0,19.0,3.0,5,7.0,235.0,96.3,5.0,2025,11,0,0.0,15000.0,1,4,9.61587214452889
7153.0,13000.0,4.0,1498.0,2022.0,12.0,3.0,5,11.0,0.0,0.0,5.0,2023,3,0,1.0,6500.0,0,1,9.472781556562168
12217.0,45000.0,4.0,1495.0,2021.0,12.0,3.0,5,11.0,0.0,0.0,5.0,2022,3,0,1.0,22500.0,0,1,10.714439990727769
92559.0,41000.0,1.0,2996.0,2024.0,19.0,0.0,5,2.0,0.0,0.0,5.0,2024,7,0,0.0,41000.0,0,3,10.62135173563291
13984.0,9900.0,6.0,1499.0,2026.0,17.0,0.0,5,11.0,150.0,18.67,5.0,2025,9,0,0.0,9900.0,1,3,9.200391041122515
27938.0,8500.0,1.0,1997.0,2024.0,17.0,3.0,5,2.0,0.0,0.0,5.0,2024,4,0,0.0,8500.0,0,2,9.04793908261736
4239.0,190000.0,7.0,1908.792198826372,2022.0,13.0,3.0,5,11.0,110.0,50.23,4.0,2022,5,0,0.0,190000.0,1,2,12.154784614286667
22050.0,6000.0,5.0,1999.0,2024.0,6.0,0.0,7,11.0,134.0,0.0,5.0,2025,9,0,1.0,3000.0,0,3,8.699681400989514
39567.0,15000.0,5.0,2487.0,2024.0,8.0,3.0,7,10.0,174.0,0.0,5.0,2025,7,0,1.0,7500.0,0,3,9.61587214452889
2796.0,105300.0,4.0,1498.0,2019.0,17.0,3.0,7,11.0,0.0,0.0,5.0,2020,5,0,1.0,52650.0,0,2,11.564578194753137
38242.0,15000.0,8.0,1498.0,2025.0,20.0,0.0,5,7.0,227.0,53.4,5.0,2025,9,0,0.0,15000.0,1,3,9.61587214452889
18090.0,3800.0,4.0,1989.0,2026.0,17.0,0.0,5,11.0,0.0,0.0,5.0,2026,2,0,0.0,3800.0,0,1,8.24301946898925
18517.0,200.0,7.0,1908.792198826372,2026.0,17.0,1.0,5,11.0,170.0,54.75,5.0,2026,6,0,0.0,200.0,1,2,5.303304908059076
35887.0,54000.0,6.0,1995.0,2021.0,17.0,3.0,5,2.0,133.0,17.0,5.0,2023,3,0,2.0,18000.0,1,1,10.896757843893464
49886.0,90000.0,4.0,1908.792198826372,2016.0,14.0,0.0,7,2.0,0.0,0.0,5.0,2018,3,0,2.0,30000.0,0,1,11.407576060361786
14572.0,23000.0,4.0,1598.0,2024.0,18.0,3.0,5,11.0,0.0,0.0,5.0,2025,2,0,1.0,11500.0,0,1,10.043292972227004
27938.0,100.0,7.0,1908.792198826372,2026.0,7.0,1.0,5,7.0,220.0,76.0,5.0,2026,3,0,0.0,100.0,1,1,4.61512051684126
15720.0,18000.0,7.0,1908.792198826372,2025.0,12.0,3.0,5,9.0,155.0,81.76,5.0,2025,6,0,0.0,18000.0,1,2,9.798182590890704
5711.0,52500.0,4.0,1485.0,2021.0,0.0,3.0,7,11.0,0.0,0.0,5.0,2022,7,1,1.0,26250.0,0,3,10.868587496017359
37536.0,12000.0,7.0,1908.792198826372,2024.0,22.0,3.0,2,9.0,400.0,77.0,2.0,1990,1,0,0.0,12000.0,1,1,9.392745258631441
2252.0,76100.0,4.0,1997.0,2017.0,12.0,3.0,5,11.0,0.0,0.0,5.0,2017,8,0,0.0,76100.0,0,3,11.239816684367907
12776.0,29000.0,7.0,1908.792198826372,2024.0,20.0,3.0,5,9.0,400.0,70.26,5.0,2024,9,0,0.0,29000.0,1,3,10.275085591132715
20004.0,3000.0,6.0,1499.0,2024.0,17.0,1.0,5,2.0,230.0,35.04,5.0,2025,7,0,1.0,1500.0,1,3,8.006700845440367
17045.0,16000.0,7.0,1908.792198826372,2022.0,12.0,1.0,5,7.0,200.0,66.0,5.0,2022,11,0,0.0,16000.0,1,4,9.680406499268875
2472.0,170000.0,4.0,2351.0,2009.0,17.0,2.0,7,3.0,0.0,0.0,5.0,2010,12,1,1.0,85000.0,0,4,12.04355959836804
8213.0,52300.0,4.0,1494.0,2023.0,12.0,3.0,5,11.0,0.0,0.0,5.0,2023,1,0,0.0,52300.0,0,1,10.86477077032911
101273.0,15000.0,8.0,1997.0,2023.0,14.0,0.0,5,1.0,880.0,49.05,5.0,2024,7,0,1.0,7500.0,1,3,9.61587214452889
28409.0,15000.0,7.0,1908.792198826372,2024.0,19.0,3.0,5,7.0,215.0,100.0,5.0,2025,4,0,1.0,7500.0,1,2,9.61587214452889
141017.0,62000.0,4.0,3982.0,2020.0,19.0,1.0,5,10.0,0.0,0.0,5.0,2022,2,0,2.0,20666.666666666668,0,1,11.034905792929415
7360.0,13500.0,7.0,1908.792198826372,2025.0,16.0,3.0,0,7.0,60.0,0.0,4.0,2025,10,0,0.0,13500.0,0,4,9.510519035757246
2634.0,110000.0,4.0,1999.0,2015.0,12.0,0.0,5,11.0,0.0,0.0,5.0,2015,1,0,0.0,110000.0,0,1,11.608244735642321
15132.0,14000.0,4.0,1395.0,2023.0,17.0,3.0,5,11.0,0.0,0.0,5.0,2023,9,0,0.0,14000.0,0,3,9.546884034617925
15720.0,50800.0,4.0,1999.0,2022.0,17.0,3.0,5,11.0,0.0,0.0,5.0,2021,11,0,0.0,50800.0,0,4,10.835671318412196
18664.0,14000.0,6.0,1498.0,2025.0,20.0,3.0,5,11.0,200.0,0.0,4.0,2024,10,0,0.0,14000.0,0,4,9.546884034617925
10127.0,1700.0,6.0,1499.0,2025.0,13.0,3.0,5,11.0,160.0,8.5,4.0,2025,9,0,0.0,1700.0,1,3,7.438971592395862
307353.0,32000.0,4.0,3902.0,2019.0,22.0,3.0,2,5.0,0.0,0.0,2.0,2021,5,0,2.0,10666.666666666666,0,2,10.373522431293592
3900.0,19100.0,7.0,1908.792198826372,2022.0,21.0,2.0,4,11.0,35.0,31.45,5.0,2022,12,0,0.0,19100.0,1,4,9.857495968685136
9832.0,28200.0,4.0,1598.0,2024.0,13.0,0.0,5,11.0,0.0,0.0,4.0,2024,10,0,0.0,28200.0,0,4,10.247112717290387
7139.0,5100.0,7.0,1908.792198826372,2026.0,21.0,3.0,4,11.0,35.0,28.08,3.0,2026,3,0,0.0,5100.0,1,1,8.537191877922927
16456.0,20300.0,6.0,1498.0,2025.0,17.0,3.0,5,11.0,160.0,26.6,5.0,2025,8,0,0.0,20300.0,1,3,9.918425424900335
10289.0,77000.0,3.0,1996.0,2023.0,1.0,3.0,0,11.0,0.0,0.0,5.0,2022,11,1,0.0,77000.0,0,4,11.251573687764477
11452.0,50000.0,4.0,1751.0,2021.0,18.0,3.0,5,11.0,0.0,0.0,4.0,2022,3,0,1.0,25000.0,0,1,10.819798284210286
9553.0,34200.0,7.0,1908.792198826372,2023.0,13.0,3.0,5,11.0,100.0,50.6,5.0,2024,6,0,1.0,17100.0,1,2,10.440010162389305
15927.0,24500.0,8.0,1499.0,2024.0,19.0,0.0,6,7.0,170.0,28.4,5.0,2024,9,0,0.0,24500.0,1,3,10.106469212026385
9832.0,7800.0,6.0,1499.0,2024.0,13.0,3.0,5,11.0,150.0,18.3,4.0,2025,5,0,1.0,3900.0,1,2,8.962007209588313
3238.0,43600.0,4.0,1499.0,2018.0,12.0,3.0,5,11.0,0.0,0.0,5.0,2019,9,1,1.0,21800.0,0,3,10.682835364853922
35033.0,2000.0,1.0,1999.0,2026.0,7.0,3.0,5,3.0,0.0,0.0,4.0,2025,11,0,0.0,2000.0,0,4,7.601402334583733
1663.0,93000.0,4.0,1587.0,2015.0,12.0,3.0,5,11.0,0.0,0.0,5.0,2016,4,1,1.0,46500.0,0,2,11.440365524765756
19548.0,89000.0,7.0,1908.792198826372,2022.0,17.0,0.0,5,7.0,194.0,60.0,5.0,2022,6,0,0.0,89000.0,1,2,11.39640288460621
21785.0,30200.0,4.0,1395.0,2023.0,18.0,3.0,5,11.0,0.0,0.0,5.0,2024,1,0,1.0,15100.0,0,1,10.315630315397533
36770.0,15000.0,6.0,1497.0,2025.0,14.0,2.0,5,2.0,405.0,31.7,5.0,2025,7,0,0.0,15000.0,1,3,9.61587214452889
17369.0,16200.0,4.0,1998.0,2024.0,12.0,2.0,5,10.0,0.0,0.0,5.0,2025,4,0,1.0,8100.0,0,2,9.692828247710418
13380.0,50000.0,4.0,1499.0,2021.0,13.0,3.0,5,11.0,0.0,0.0,5.0,2021,3,0,0.0,50000.0,0,1,10.819798284210286
10922.0,70000.0,7.0,1908.792198826372,2023.0,22.0,0.0,4,9.0,340.0,78.0,2.0,2023,7,0,0.0,70000.0,1,3,11.156264806643742
14690.0,50000.0,4.0,1997.0,2020.0,17.0,1.0,5,10.0,0.0,0.0,5.0,2021,7,0,1.0,25000.0,0,3,10.819798284210286
2664.0,35000.0,4.0,1499.0,2017.0,12.0,3.0,6,11.0,0.0,0.0,5.0,2017,9,0,0.0,35000.0,0,3,10.463131911491967
6108.0,39000.0,7.0,1908.792198826372,2022.0,16.0,3.0,0,7.0,60.0,0.0,5.0,2022,6,0,0.0,39000.0,0,2,10.571342565808699
17192.0,49000.0,4.0,1498.0,2023.0,12.0,3.0,5,11.0,0.0,0.0,5.0,2023,10,0,0.0,49000.0,0,4,10.799595985047786
20136.0,1500.0,7.0,1908.792198826372,2026.0,12.0,3.0,5,7.0,175.0,66.0,5.0,2025,11,0,0.0,1500.0,1,4,7.313886831633462
5093.0,39400.0,4.0,1908.792198826372,2018.0,12.0,3.0,5,11.0,0.0,0.0,5.0,2018,3,0,0.0,39400.0,0,1,10.5815464756746
2502.0,55000.0,7.0,1908.792198826372,2018.0,21.0,3.0,4,11.0,50.0,29.2,5.0,2018,9,0,0.0,55000.0,1,3,10.915106645867503
12040.0,2300.0,3.0,2499.0,2025.0,4.0,3.0,0,3.0,0.0,0.0,4.0,2026,5,1,1.0,1150.0,0,2,7.741099090035366
11408.0,4000.0,6.0,1499.0,2026.0,12.0,3.0,5,11.0,175.0,19.09,5.0,2025,12,0,0.0,4000.0,1,4,8.294299608857235
67417.0,6000.0,6.0,1974.0,2025.0,14.0,0.0,6,2.0,660.0,70.0,5.0,2025,11,0,0.0,6000.0,1,4,8.699681400989514
2944.0,45000.0,4.0,1799.0,2018.0,13.0,3.0,5,11.0,0.0,0.0,4.0,2018,3,1,0.0,45000.0,0,1,10.714439990727769
4386.0,198000.0,7.0,1908.792198826372,2018.0,13.0,3.0,5,11.0,160.0,53.66,4.0,2019,9,0,1.0,99000.0,1,3,12.19602736016897
107161.0,8000.0,1.0,2996.0,2025.0,19.0,0.0,5,2.0,0.0,0.0,5.0,2025,9,0,0.0,8000.0,0,3,8.987321812850125
47221.0,59500.0,8.0,1499.0,2024.0,14.0,1.0,6,9.0,365.0,42.0,5.0,2024,3,0,0.0,59500.0,1,1,10.993748398115178
13395.0,50000.0,4.0,1995.0,2017.0,17.0,3.0,5,10.0,0.0,0.0,5.0,2019,4,0,2.0,16666.666666666668,0,2,10.819798284210286
25171.0,30000.0,6.0,1497.0,2023.0,17.0,1.0,5,2.0,485.0,31.8,5.0,2024,3,0,1.0,15000.0,1,1,10.308985993422082
22521.0,13000.0,5.0,1908.792198826372,2026.0,12.0,3.0,5,11.0,0.0,0.0,4.603574926542605,2022,8,0,0.0,13000.0,0,3,9.472781556562168
1442.0,127000.0,4.0,1498.0,2016.0,12.0,3.0,5,11.0,0.0,0.0,5.0,2016,8,1,0.0,127000.0,0,3,11.751950239425476
27349.0,5300.0,4.0,1984.0,2025.0,18.0,3.0,5,11.0,0.0,0.0,4.0,2025,9,0,0.0,5300.0,0,3,8.575650760987806
12924.0,31000.0,4.0,1498.0,2023.0,17.0,3.0,5,11.0,0.0,0.0,5.0,2023,5,0,0.0,31000.0,0,2,10.34177474101152
6844.0,15700.0,4.0,1392.0,2022.0,13.0,3.0,5,11.0,0.0,0.0,4.0,2023,2,0,1.0,7850.0,0,1,9.661479683575521
13071.0,79000.0,7.0,1908.792198826372,2024.0,19.0,3.0,5,7.0,200.0,71.4,5.0,2024,8,0,0.0,79000.0,1,3,11.277215789596893
13660.0,47000.0,4.0,1498.0,2023.0,17.0,3.0,5,11.0,0.0,0.0,5.0,2023,2,0,0.0,47000.0,0,1,10.757924157061597
2104.0,192800.0,4.0,1396.0,2015.0,13.0,3.0,5,11.0,0.0,0.0,4.0,2016,3,1,1.0,96400.0,0,1,12.169413847867123
1442.0,90000.0,4.0,1500.0,2016.0,12.0,3.0,7,3.0,0.0,0.0,5.0,2017,12,1,1.0,45000.0,0,4,11.407576060361786
2222.0,102500.0,4.0,1372.0,2016.0,12.0,3.0,5,11.0,0.0,0.0,5.0,2016,9,0,0.0,102500.0,0,3,11.537627833610571
16633.0,26200.0,4.0,1395.0,2022.0,12.0,3.0,5,11.0,0.0,0.0,5.0,2022,6,0,0.0,26200.0,0,2,10.173552856959743
24994.0,38000.0,1.0,1969.0,2023.0,17.0,1.0,5,10.0,0.0,0.0,5.0,2023,2,0,0.0,38000.0,0,1,10.545367754151743
67417.0,5800.0,1.0,1998.0,2025.0,8.0,3.0,6,11.0,0.0,0.0,5.0,2025,11,0,0.0,5800.0,0,4,8.665785595466064
1207.0,98000.0,4.0,1997.0,2014.0,12.0,3.0,5,11.0,0.0,0.0,5.0,2014,8,1,0.0,98000.0,0,3,11.49273296168228
9406.0,14400.0,7.0,1908.792198826372,2023.0,13.0,3.0,5,11.0,100.0,50.6,5.0,2023,10,0,0.0,14400.0,1,4,9.575052927597383
4136.0,80000.0,4.0,1395.0,2017.0,13.0,3.0,5,11.0,0.0,0.0,5.0,2017,2,0,0.0,80000.0,0,1,11.289794413577894
3370.0,16500.0,4.0,1498.0,2016.0,17.0,3.0,7,11.0,0.0,0.0,5.0,2017,3,0,1.0,8250.0,0,1,9.711176264112805
11481.0,73000.0,4.0,1995.0,2017.0,17.0,3.0,5,10.0,0.0,0.0,5.0,2019,7,0,2.0,24333.333333333332,0,3,11.19822841866684
4386.0,91000.0,4.0,1598.0,2017.0,13.0,3.0,5,11.0,0.0,0.0,5.0,2016,10,0,0.0,91000.0,0,4,11.418625774449598
45602.0,10000.0,6.0,1998.0,2026.0,19.0,0.0,5,10.0,130.0,37.1,5.0,2026,1,0,0.0,10000.0,1,1,9.210440366976517
4268.0,95100.0,4.0,1598.0,2017.0,13.0,0.0,5,11.0,0.0,0.0,5.0,2016,10,0,0.0,95100.0,0,4,11.462694763725304
198720.0,16000.0,1.0,2996.0,2025.0,19.0,0.0,5,2.0,0.0,0.0,5.0,2025,10,0,0.0,16000.0,0,4,9.680406499268875
9700.0,8800.0,7.0,1908.792198826372,2024.0,11.0,2.0,4,11.0,75.0,41.9,5.0,2025,7,0,1.0,4400.0,1,3,9.082620630373812
23257.0,15200.0,7.0,1908.792198826372,2025.0,17.0,3.0,5,7.0,180.0,80.0,5.0,2025,9,0,0.0,15200.0,1,3,9.62911649414402
194304.0,24000.0,4.0,3902.0,2015.0,22.0,3.0,2,5.0,0.0,0.0,2.0,2016,6,0,1.0,12000.0,0,2,10.085850775128717
1766.0,65100.0,4.0,1499.0,2015.0,12.0,3.0,5,11.0,0.0,0.0,5.0,2016,6,1,1.0,32550.0,0,2,11.083695189061785
4386.0,113000.0,4.0,1495.0,2023.0,13.0,3.0,5,11.0,0.0,0.0,4.0,2023,7,1,0.0,113000.0,0,3,11.635151947212842
10274.0,9500.0,4.0,1395.0,2025.0,13.0,3.0,5,11.0,0.0,0.0,4.0,2025,12,0,0.0,9500.0,0,4,9.15915233520675
16928.0,11900.0,7.0,1908.792198826372,2026.0,17.0,3.0,5,7.0,220.0,74.9,5.0,2025,5,0,0.0,11900.0,1,2,9.38437770918244
15132.0,91000.0,4.0,1996.0,2019.0,17.0,3.0,5,11.0,0.0,0.0,5.0,2020,3,0,1.0,45500.0,0,1,11.418625774449598
38536.0,25000.0,8.0,1498.0,2025.0,20.0,3.0,5,7.0,227.0,53.4,4.0,2025,6,0,0.0,25000.0,1,2,10.12667110305036
12806.0,3500.0,6.0,1499.0,2024.0,12.0,3.0,5,11.0,150.0,18.3,5.0,2025,7,0,1.0,1750.0,1,3,8.160803920954665
7330.0,50000.0,4.0,1332.0,2019.0,12.0,0.0,5,11.0,0.0,0.0,5.0,2020,5,0,1.0,25000.0,0,2,10.819798284210286
48546.0,3000.0,7.0,1908.792198826372,2023.0,20.0,3.0,5,1.0,930.0,100.0,5.0,2024,10,0,1.0,1500.0,1,4,8.006700845440367
23522.0,20000.0,7.0,1908.792198826372,2024.0,17.0,3.0,5,7.0,267.0,100.0,5.0,2024,10,0,0.0,20000.0,1,4,9.90353755128617
14293.0,200.0,4.0,1494.0,2025.0,12.0,3.0,5,11.0,0.0,0.0,5.0,2025,6,0,0.0,200.0,0,2,5.303304908059076
1148.0,115000.0,4.0,1499.0,2014.0,16.0,3.0,0,3.0,0.0,0.0,5.0,2016,5,1,2.0,38333.333333333336,0,2,11.652696102959753
2208.0,80000.0,7.0,1908.792198826372,2022.0,10.0,3.0,4,7.0,25.0,13.8,3.0,2023,2,0,1.0,40000.0,1,1,11.289794413577894
94944.0,54000.0,4.0,1908.792198826372,2022.0,2.0,0.0,0,11.0,0.0,0.0,4.603574926542605,2023,2,0,1.0,27000.0,0,1,10.896757843893464
26760.0,37000.0,4.0,1997.0,2021.0,20.0,2.0,5,2.0,0.0,0.0,4.0,2021,7,0,0.0,37000.0,0,3,10.518700218288165
12776.0,3000.0,6.0,1499.0,2025.0,13.0,1.0,5,11.0,160.0,19.09,4.0,2025,3,0,0.0,3000.0,1,1,8.006700845440367
23080.0,8000.0,7.0,1908.792198826372,2025.0,20.0,3.0,5,7.0,245.0,74.0,5.0,2025,9,0,0.0,8000.0,1,3,8.987321812850125
1442.0,100000.0,4.0,1799.0,2015.0,12.0,0.0,5,11.0,0.0,0.0,5.0,2015,8,1,0.0,100000.0,0,3,11.51293546492023
22227.0,29900.0,4.0,1499.0,2022.0,12.0,3.0,5,11.0,0.0,0.0,5.0,2022,6,0,0.0,29900.0,0,2,10.305647203635566
7021.0,45000.0,7.0,1908.792198826372,2020.0,11.0,1.0,5,11.0,130.0,55.6,5.0,2021,1,0,1.0,22500.0,1,1,10.714439990727769
21903.0,110000.0,4.0,2979.0,2016.0,19.0,3.0,5,2.0,0.0,0.0,5.0,2016,10,0,0.0,110000.0,0,4,11.608244735642321
170752.0,37000.0,4.0,3994.0,2022.0,22.0,3.0,2,5.0,0.0,0.0,2.0,2022,2,0,0.0,37000.0,0,1,10.518700218288165
10568.0,100.0,6.0,1499.0,2025.0,17.0,1.0,5,11.0,160.0,25.0,5.0,1990,1,0,0.0,100.0,1,1,4.61512051684126
3812.0,4600.0,7.0,1908.792198826372,2025.0,10.0,3.0,4,7.0,30.0,18.11,3.0,2025,5,0,0.0,4600.0,1,2,8.434028950155469
9994.0,19000.0,6.0,1498.0,2024.0,12.0,1.0,5,11.0,150.0,20.5,5.0,2025,10,0,1.0,9500.0,1,4,9.852246888342531
20136.0,100.0,8.0,1497.0,2026.0,17.0,3.0,5,7.0,200.0,39.05,5.0,2026,6,0,0.0,100.0,1,2,4.61512051684126
20519.0,10000.0,7.0,1908.792198826372,2026.0,20.0,1.0,5,7.0,235.0,73.0,4.0,2026,4,0,0.0,10000.0,1,2,9.210440366976517
6476.0,3900.0,4.0,1590.0,2026.0,8.0,0.0,5,3.0,0.0,0.0,4.0,2026,2,1,0.0,3900.0,0,1,8.268988209506656
6550.0,50000.0,4.0,1494.0,2022.0,13.0,3.0,5,11.0,0.0,0.0,5.0,2023,6,0,1.0,25000.0,0,2,10.819798284210286
11481.0,16300.0,6.0,1498.0,2025.0,17.0,3.0,5,11.0,168.0,30.9,5.0,2025,6,0,0.0,16300.0,1,2,9.69898173460629
19989.0,10000.0,7.0,1908.792198826372,2025.0,17.0,3.0,5,7.0,150.0,64.6,5.0,2026,1,0,1.0,5000.0,1,1,9.210440366976517
61529.0,67000.0,4.0,2979.0,2021.0,15.0,3.0,5,3.0,0.0,0.0,4.0,2022,1,0,1.0,33500.0,0,1,11.112462823634855
8360.0,10000.0,4.0,1494.0,2022.0,12.0,3.0,5,11.0,0.0,0.0,5.0,2022,7,0,0.0,10000.0,0,3,9.210440366976517
22050.0,29300.0,4.0,1967.0,2021.0,12.0,0.0,5,2.0,0.0,0.0,5.0,2022,4,0,1.0,14650.0,0,2,10.285376924115587
1766.0,30000.0,7.0,1908.792198826372,2021.0,21.0,2.0,4,11.0,29.0,10.3,5.0,2021,9,0,0.0,30000.0,1,3,10.308985993422082
5770.0,41200.0,4.0,1395.0,2017.0,12.0,3.0,5,11.0,0.0,0.0,5.0,2018,8,0,1.0,20600.0,0,3,10.626217806887722
7919.0,110000.0,4.0,1984.0,2018.0,17.0,3.0,7,10.0,0.0,0.0,5.0,2018,2,0,0.0,110000.0,0,1,11.608244735642321
13616.0,15600.0,7.0,1908.792198826372,2025.0,12.0,1.0,5,11.0,160.0,64.2,5.0,2025,9,0,0.0,15600.0,1,3,9.65509029374725
35033.0,220000.0,4.0,5998.0,2010.0,15.0,0.0,5,2.0,0.0,0.0,4.0,2010,6,0,0.0,220000.0,0,2,12.301387370778713
248473.0,12000.0,4.0,3855.0,2020.0,22.0,3.0,4,3.0,0.0,0.0,2.0,2022,1,0,2.0,4000.0,0,1,9.392745258631441
49753.0,32210.0,8.0,1499.0,2024.0,14.0,0.0,6,9.0,365.0,42.0,5.0,2024,11,0,0.0,32210.0,1,4,10.380063288102246
36623.0,15600.0,6.0,1497.0,2025.0,14.0,3.0,5,10.0,405.0,31.7,5.0,2025,7,0,0.0,15600.0,1,3,9.65509029374725
31176.0,20000.0,7.0,1908.792198826372,2024.0,20.0,0.0,5,9.0,385.0,100.0,4.0,2024,12,0,0.0,20000.0,1,4,9.90353755128617
4416.0,148000.0,4.0,1991.0,2014.0,7.0,3.0,5,3.0,0.0,0.0,4.0,2014,10,0,0.0,148000.0,0,4,11.904974309480183
26466.0,600.0,6.0,1499.0,2026.0,7.0,1.0,5,11.0,200.0,41.46,5.0,2025,6,0,0.0,600.0,1,2,6.398594934535208
26319.0,18500.0,6.0,1498.0,2025.0,19.0,3.0,6,10.0,250.0,44.5,5.0,2025,8,0,0.0,18500.0,1,3,9.825580063659602
18517.0,5500.0,8.0,1498.0,2025.0,17.0,0.0,5,7.0,150.0,32.6,5.0,2025,9,0,0.0,5500.0,1,3,8.612685172875459
3473.0,2800.0,7.0,1908.792198826372,2025.0,10.0,3.0,4,7.0,30.0,18.11,3.0,2025,3,0,0.0,2800.0,1,1,7.937731775260109
10568.0,28000.0,4.0,1998.0,2023.0,13.0,3.0,5,11.0,0.0,0.0,4.0,2024,2,0,1.0,14000.0,0,1,10.239995502805316
8213.0,120000.0,7.0,1908.792198826372,2025.0,12.0,3.0,5,11.0,100.0,49.75,5.0,2024,7,0,0.0,120000.0,1,3,11.695255355062795
13954.0,20000.0,7.0,1908.792198826372,2024.0,20.0,1.0,5,7.0,220.0,73.6,4.0,2024,6,0,0.0,20000.0,1,2,9.90353755128617
2752.0,14200.0,4.0,1499.0,2017.0,12.0,3.0,5,11.0,0.0,0.0,5.0,2019,9,0,2.0,4733.333333333333,0,3,9.561067663645012
22816.0,17000.0,6.0,1499.0,2026.0,12.0,3.0,5,2.0,220.0,35.43,5.0,2025,11,0,0.0,17000.0,1,4,9.741027444837728
30882.0,30000.0,7.0,1908.792198826372,2024.0,20.0,3.0,5,9.0,385.0,100.0,4.0,2024,11,0,0.0,30000.0,1,4,10.308985993422082
16192.0,36000.0,6.0,1969.0,2023.0,18.0,1.0,5,10.0,107.0,18.831,4.0,2023,5,0,0.0,36000.0,1,2,10.491301994830229
19062.0,2800.0,8.0,1498.0,2025.0,17.0,3.0,5,7.0,150.0,32.6,5.0,2025,12,0,0.0,2800.0,1,4,7.937731775260109
12629.0,6000.0,6.0,1498.0,2025.0,18.0,1.0,5,11.0,160.0,15.87,4.0,2025,1,0,0.0,6000.0,1,1,8.699681400989514
9568.0,40000.0,6.0,1498.0,2024.0,17.0,3.0,7,11.0,130.0,17.52,5.0,2024,5,0,0.0,40000.0,1,2,10.596659732783579
30146.0,10100.0,7.0,1908.792198826372,2025.0,20.0,3.0,5,9.0,437.0,92.2,5.0,2025,9,0,0.0,10100.0,1,3,9.220389707829185
145433.0,50000.0,4.0,3982.0,2020.0,19.0,3.0,5,10.0,0.0,0.0,5.0,2021,3,0,1.0,25000.0,0,1,10.819798284210286
23375.0,3000.0,4.0,1998.0,2026.0,12.0,3.0,5,2.0,0.0,0.0,5.0,2026,3,0,0.0,3000.0,0,1,8.006700845440367
12953.0,36000.0,4.0,1998.0,2023.0,17.0,3.0,5,11.0,0.0,0.0,5.0,2023,12,0,0.0,36000.0,0,4,10.491301994830229
5446.0,43500.0,6.0,1490.0,2020.0,12.0,3.0,5,11.0,100.0,11.1,5.0,2021,3,0,1.0,21750.0,1,1,10.680539205318292
4828.0,40000.0,4.0,1392.0,2022.0,13.0,3.0,5,11.0,0.0,0.0,4.0,2022,8,0,0.0,40000.0,0,3,10.596659732783579
117465.0,4000.0,8.0,1499.0,2025.0,15.0,3.0,4,9.0,390.0,65.0,4.0,2026,1,0,1.0,2000.0,1,1,8.294299608857235
21903.0,210000.0,4.0,2995.0,2016.0,19.0,3.0,5,10.0,0.0,0.0,5.0,2016,5,0,0.0,210000.0,0,2,12.25486757159303
276736.0,15000.0,4.0,3994.0,2019.0,22.0,1.0,2,5.0,0.0,0.0,2.0,2020,11,0,1.0,7500.0,0,4,9.61587214452889
2590.0,41300.0,7.0,1908.792198826372,2021.0,10.0,2.0,4,11.0,35.0,35.0532,5.0,2021,12,0,0.0,41300.0,1,4,10.628641991731053
34592.0,1900.0,8.0,1499.0,2026.0,14.0,2.0,7,9.0,300.0,80.3,5.0,2026,6,0,0.0,1900.0,1,2,7.550135342488429
2487.0,72700.0,4.0,1598.0,2016.0,13.0,3.0,5,11.0,0.0,0.0,4.0,2017,6,1,1.0,36350.0,0,2,11.194110418585193
24994.0,19400.0,4.0,1395.0,2022.0,12.0,3.0,5,11.0,0.0,0.0,5.0,2022,9,0,0.0,19400.0,0,3,9.873079890114703
15279.0,500.0,6.0,1499.0,2026.0,17.0,3.0,5,11.0,150.0,18.67,5.0,2026,5,0,0.0,500.0,1,2,6.2166061010848646
1751.0,50500.0,4.0,1499.0,2015.0,13.0,3.0,5,11.0,0.0,0.0,4.0,2015,8,1,0.0,50500.0,0,3,10.829748417047593
17369.0,60000.0,7.0,1908.792198826372,2021.0,19.0,3.0,6,9.0,440.0,97.0,5.0,2021,9,0,0.0,60000.0,1,3,11.002116507732017
6888.0,30000.0,4.0,1598.0,2023.0,13.0,3.0,5,11.0,0.0,0.0,4.0,2023,8,0,0.0,30000.0,0,3,10.308985993422082
7139.0,30000.0,6.0,1493.0,2024.0,13.0,3.0,5,11.0,140.0,9.07,4.0,2024,2,0,0.0,30000.0,1,1,10.308985993422082
4710.0,64000.0,7.0,1908.792198826372,2021.0,12.0,1.0,5,11.0,55.0,38.54,5.0,2021,12,0,0.0,64000.0,1,4,11.06665398721974
11746.0,1000.0,4.0,1997.0,2025.0,13.0,3.0,5,11.0,0.0,0.0,5.0,2025,9,0,0.0,1000.0,0,3,6.90875477931522
6476.0,114700.0,4.0,1798.0,2017.0,17.0,3.0,5,11.0,0.0,0.0,5.0,2017,7,0,0.0,114700.0,0,3,11.650084021475273
9685.0,11900.0,7.0,1908.792198826372,2022.0,13.0,3.0,5,11.0,105.0,45.99,5.0,2022,7,0,0.0,11900.0,1,3,9.38437770918244
14690.0,1800.0,7.0,1908.792198826372,2025.0,20.0,1.0,5,11.0,186.0,69.2,5.0,2026,2,0,1.0,900.0,1,1,7.496097345175956
13218.0,800.0,7.0,1908.792198826372,2025.0,13.0,1.0,5,11.0,126.0,45.9,5.0,2026,4,0,1.0,400.0,1,2,6.68586094706836
18959.0,5600.0,4.0,1998.0,2023.0,12.0,0.0,5,2.0,0.0,0.0,5.0,2024,6,0,1.0,2800.0,0,2,8.630700432209832
2767.0,100000.0,4.0,1908.792198826372,2018.0,1.0,3.0,0,3.0,0.0,0.0,4.0,2019,10,1,1.0,50000.0,0,4,11.51293546492023
6624.0,77600.0,4.0,1598.0,2019.0,13.0,3.0,5,11.0,0.0,0.0,5.0,2019,11,0,0.0,77600.0,0,4,11.259335592686217
7330.0,130000.0,4.0,1984.0,2011.0,22.0,3.0,2,2.0,0.0,0.0,2.0,2011,11,0,0.0,130000.0,0,4,11.775297421715827
34886.0,500.0,4.0,1984.0,2026.0,19.0,3.0,5,2.0,0.0,0.0,5.0,2026,5,0,0.0,500.0,0,2,6.2166061010848646
16162.0,28000.0,8.0,1499.0,2022.0,17.0,3.0,5,9.0,365.0,40.0,5.0,2022,11,0,0.0,28000.0,1,4,10.239995502805316
31648.0,4400.0,6.0,1499.0,2023.0,19.0,2.0,6,9.0,350.0,44.5,5.0,2024,7,0,1.0,2200.0,1,3,8.38958706681109
3312.0,90800.0,4.0,1498.0,2016.0,12.0,1.0,5,11.0,0.0,0.0,5.0,2016,11,1,0.0,90800.0,0,4,11.416425577744599
3974.0,48800.0,4.0,1587.0,2018.0,11.0,3.0,5,11.0,0.0,0.0,5.0,2018,5,0,0.0,48800.0,0,2,10.795506083434564
29263.0,18000.0,4.0,1998.0,2023.0,13.0,3.0,4,11.0,0.0,0.0,3.0,2024,4,0,1.0,9000.0,0,2,9.798182590890704
22050.0,9800.0,7.0,1908.792198826372,2024.0,17.0,3.0,5,7.0,220.0,60.0,5.0,2024,6,0,0.0,9800.0,1,2,9.19023970026918
5152.0,5200.0,7.0,1908.792198826372,2026.0,10.0,3.0,4,7.0,30.0,18.11,3.0,2026,3,0,0.0,5200.0,1,1,8.556606193773073
3959.0,56000.0,7.0,1908.792198826372,2019.0,11.0,3.0,5,11.0,92.0,42.8,5.0,2019,6,0,0.0,56000.0,1,2,10.933124826700707
5711.0,70000.0,4.0,1797.0,2017.0,7.0,3.0,5,11.0,0.0,0.0,4.0,2020,1,0,3.0,17500.0,0,1,11.156264806643742
35298.0,24000.0,6.0,1497.0,2025.0,14.0,3.0,5,2.0,405.0,31.7,5.0,2025,7,0,0.0,24000.0,1,3,10.085850775128717
44572.0,30000.0,8.0,1499.0,2024.0,14.0,0.0,6,9.0,365.0,42.0,5.0,2024,11,0,0.0,30000.0,1,4,10.308985993422082
1663.0,71100.0,4.0,1499.0,2016.0,13.0,3.0,5,11.0,0.0,0.0,4.0,2017,2,1,1.0,35550.0,0,1,11.171856680390034
6094.0,45000.0,4.0,1498.0,2022.0,7.0,3.0,5,11.0,0.0,0.0,4.0,2022,2,0,0.0,45000.0,0,1,10.714439990727769
4239.0,100000.0,4.0,1967.0,2017.0,12.0,0.0,5,11.0,0.0,0.0,5.0,2018,9,0,1.0,50000.0,0,3,11.51293546492023
3827.0,36600.0,7.0,1908.792198826372,2022.0,10.0,2.0,4,11.0,30.0,17.65,3.0,2023,3,0,1.0,18300.0,1,1,10.50783084142058
16604.0,3000.0,7.0,1908.792198826372,2023.0,19.0,3.0,5,11.0,180.0,65.0,5.0,2026,3,0,3.0,750.0,1,1,8.006700845440367
38522.0,9000.0,4.0,1998.0,2026.0,17.0,0.0,5,2.0,0.0,0.0,5.0,2026,1,0,0.0,9000.0,0,1,9.105090961257085
17487.0,7000.0,7.0,1908.792198826372,2026.0,17.0,3.0,5,7.0,220.0,81.9,5.0,2025,7,0,0.0,7000.0,1,3,8.853808274977197
28527.0,33300.0,4.0,1395.0,2023.0,12.0,3.0,5,11.0,0.0,0.0,5.0,2023,8,0,0.0,33300.0,0,3,10.413342705547674
3797.0,70000.0,7.0,1908.792198826372,2019.0,21.0,3.0,4,11.0,35.0,31.9,5.0,2020,12,0,1.0,35000.0,1,4,11.156264806643742
7624.0,23800.0,7.0,1908.792198826372,2020.0,13.0,3.0,5,11.0,110.0,52.5,5.0,2021,2,0,1.0,11900.0,1,1,10.077482875583607
29410.0,100.0,7.0,1908.792198826372,2025.0,20.0,1.0,5,7.0,215.0,82.0,4.0,2025,12,0,0.0,100.0,1,4,4.61512051684126
13100.0,21000.0,4.0,1999.0,2022.0,7.0,3.0,5,11.0,0.0,0.0,4.0,2022,6,0,0.0,21000.0,0,2,9.952325334619427
29999.0,5000.0,6.0,1497.0,2025.0,17.0,3.0,5,2.0,485.0,31.8,5.0,2025,4,0,0.0,5000.0,1,2,8.517393171418904
4489.0,85800.0,4.0,2360.0,2013.0,17.0,3.0,7,11.0,0.0,0.0,5.0,2015,6,0,2.0,28600.0,0,2,11.359785940419789
19548.0,40000.0,4.0,1395.0,2022.0,17.0,0.0,5,11.0,0.0,0.0,5.0,2022,2,0,0.0,40000.0,0,1,10.596659732783579
42673.0,3000.0,8.0,1496.0,2026.0,19.0,0.0,5,9.0,392.0,53.4,5.0,2026,3,0,0.0,3000.0,1,1,8.006700845440367
22050.0,87000.0,7.0,1908.792198826372,2022.0,17.0,1.0,5,7.0,210.0,80.0,5.0,2023,3,0,1.0,43500.0,1,1,11.373674891823535
17634.0,5500.0,6.0,1499.0,2025.0,17.0,3.0,6,11.0,199.0,19.43,5.0,2025,4,0,0.0,5500.0,1,2,8.612685172875459
14661.0,10000.0,4.0,5967.0,2014.0,3.0,1.0,7,3.0,0.0,0.0,6.0,2016,7,0,2.0,3333.3333333333335,0,3,9.210440366976517
9568.0,5600.0,7.0,1908.792198826372,2025.0,13.0,3.0,5,11.0,75.0,41.9,5.0,2025,9,0,0.0,5600.0,1,3,8.630700432209832
13807.0,29000.0,7.0,1908.792198826372,2024.0,12.0,3.0,5,9.0,205.0,65.69,5.0,2025,3,0,1.0,14500.0,1,1,10.275085591132715
10745.0,2300.0,4.0,1598.0,2024.0,13.0,3.0,5,11.0,0.0,0.0,5.0,2024,11,0,0.0,2300.0,0,4,7.741099090035366
32207.0,19000.0,7.0,1908.792198826372,2025.0,17.0,3.0,5,7.0,220.0,62.5,5.0,2025,3,0,0.0,19000.0,1,1,9.852246888342531
25583.0,64000.0,6.0,1497.0,2023.0,17.0,3.0,5,2.0,485.0,31.8,5.0,2024,1,0,1.0,32000.0,1,1,11.06665398721974
30440.0,18000.0,4.0,1984.0,2023.0,17.0,0.0,5,10.0,0.0,0.0,5.0,2024,2,0,1.0,9000.0,0,1,9.798182590890704
24111.0,54000.0,7.0,1908.792198826372,2024.0,20.0,3.0,5,9.0,425.0,94.5,4.0,2023,12,0,0.0,54000.0,1,4,10.896757843893464
1913.0,90000.0,4.0,1498.0,2016.0,0.0,3.0,7,11.0,0.0,0.0,5.0,2016,8,1,0.0,90000.0,0,3,11.407576060361786
19989.0,41000.0,4.0,1995.0,2021.0,12.0,0.0,5,10.0,0.0,0.0,5.0,2021,1,0,0.0,41000.0,0,1,10.62135173563291
11746.0,11400.0,4.0,1498.0,2024.0,12.0,0.0,5,11.0,0.0,0.0,5.0,2025,7,0,1.0,5700.0,0,3,9.34145634983372
11599.0,45500.0,6.0,1493.0,2024.0,12.0,3.0,5,11.0,158.0,18.4,5.0,2024,4,0,0.0,45500.0,1,2,10.725489582719506
8802.0,18100.0,4.0,1485.0,2022.0,13.0,3.0,5,11.0,0.0,0.0,4.0,2022,8,0,0.0,18100.0,0,3,9.803722464346553
21608.0,76000.0,7.0,1908.792198826372,2024.0,6.0,3.0,7,11.0,180.0,90.0,5.0,2023,10,0,0.0,76000.0,1,4,11.23850177707664
2178.0,48000.0,4.0,1495.0,2013.0,0.0,3.0,7,11.0,0.0,0.0,5.0,2015,1,1,2.0,16000.0,0,1,10.778977123006351
28262.0,48000.0,4.0,1967.0,2023.0,12.0,0.0,5,2.0,0.0,0.0,5.0,2023,8,0,0.0,48000.0,0,3,10.778977123006351
3208.0,250000.0,4.0,3664.0,2009.0,19.0,3.0,7,2.0,0.0,0.0,5.0,2010,11,0,1.0,125000.0,0,4,12.429220196836383
2620.0,32500.0,4.0,1485.0,2017.0,13.0,1.0,5,11.0,0.0,0.0,5.0,2018,5,1,1.0,16250.0,0,2,10.389026137075234
57113.0,3300.0,7.0,1908.792198826372,2024.0,8.0,0.0,7,9.0,580.0,108.0,5.0,2026,1,0,2.0,1100.0,1,1,8.101980731853192
12335.0,28000.0,4.0,2290.0,2021.0,12.0,0.0,5,2.0,0.0,0.0,4.0,2021,5,0,0.0,28000.0,0,2,10.239995502805316
6241.0,30600.0,7.0,1908.792198826372,2023.0,13.0,3.0,4,11.0,50.0,31.9,5.0,2023,8,0,0.0,30600.0,1,3,10.328787967145063
10833.0,42100.0,4.0,1494.0,2022.0,12.0,1.0,5,11.0,0.0,0.0,5.0,2022,9,0,0.0,42100.0,0,3,10.647826772357497
13086.0,86000.0,4.0,1995.0,2017.0,17.0,3.0,5,2.0,0.0,0.0,5.0,2019,7,0,2.0,28666.666666666668,0,3,11.362114203075018
9391.0,100000.0,4.0,1328.0,2015.0,12.0,3.0,4,2.0,0.0,0.0,3.0,2016,3,0,1.0,50000.0,0,1,11.51293546492023
3665.0,11500.0,7.0,1908.792198826372,2025.0,10.0,1.0,4,7.0,30.0,18.11,3.0,2025,2,0,0.0,11500.0,1,1,9.350189267092581
55906.0,3800.0,8.0,1496.0,2025.0,14.0,3.0,5,9.0,365.0,52.0,5.0,2025,12,0,0.0,3800.0,1,4,8.24301946898925
4401.0,12000.0,7.0,1908.792198826372,2025.0,10.0,3.0,4,11.0,35.0,19.2,5.0,2025,6,0,0.0,12000.0,1,2,9.392745258631441
2796.0,67400.0,7.0,1908.792198826372,2015.0,13.0,3.0,5,11.0,50.0,23.0,4.0,2016,7,0,1.0,33700.0,1,3,11.118415133585586
16015.0,46000.0,8.0,1497.0,2025.0,19.0,3.0,6,7.0,200.0,34.32,5.0,2024,9,0,0.0,46000.0,1,3,10.736418414365376
35622.0,6000.0,4.0,1997.0,2024.0,19.0,0.0,6,10.0,0.0,0.0,5.0,2025,5,0,1.0,3000.0,0,2,8.699681400989514
14690.0,57000.0,7.0,1908.792198826372,2022.0,12.0,3.0,5,7.0,200.0,66.0,5.0,2023,7,0,1.0,28500.0,1,3,10.950824090522445
3518.0,71700.0,4.0,1499.0,2022.0,12.0,3.0,5,11.0,0.0,0.0,5.0,2022,9,1,0.0,71700.0,0,3,11.180259973491848
17075.0,13000.0,7.0,1908.792198826372,2024.0,12.0,3.0,5,7.0,200.0,49.0,5.0,2024,12,0,0.0,13000.0,1,4,9.472781556562168
10274.0,151000.0,5.0,2488.0,2016.0,19.0,1.0,7,11.0,15.0,0.0,5.0,2018,1,0,2.0,50333.333333333336,0,1,11.92504173829169
42216.0,31000.0,8.0,1476.0,2023.0,14.0,0.0,5,8.0,600.0,65.8,5.0,2023,11,0,0.0,31000.0,1,4,10.34177474101152
2060.0,39800.0,4.0,1498.0,2017.0,12.0,3.0,5,11.0,0.0,0.0,5.0,2017,12,0,0.0,39800.0,0,4,10.591647316585027
23080.0,12000.0,8.0,1498.0,2025.0,12.0,0.0,5,9.0,403.0,40.3,4.0,2025,7,0,0.0,12000.0,1,3,9.392745258631441
5152.0,63400.0,7.0,1908.792198826372,2018.0,12.0,3.0,5,11.0,160.0,52.56,5.0,2018,11,0,0.0,63400.0,1,4,11.05723491317159
21461.0,39000.0,7.0,1908.792198826372,2022.0,19.0,1.0,5,7.0,255.0,95.7,5.0,2023,10,0,1.0,19500.0,1,4,10.571342565808699
18664.0,23000.0,8.0,1497.0,2024.0,17.0,3.0,5,7.0,231.0,39.05,5.0,2025,5,0,1.0,11500.0,1,2,10.043292972227004
4563.0,15700.0,7.0,1908.792198826372,2023.0,21.0,3.0,4,7.0,30.0,17.03,3.0,2025,6,0,2.0,5233.333333333333,1,2,9.661479683575521
2767.0,95400.0,4.0,1598.0,2020.0,13.0,3.0,5,11.0,0.0,0.0,4.0,2020,8,1,0.0,95400.0,0,3,11.465844339561734
34120.0,15000.0,8.0,1498.0,2025.0,20.0,3.0,5,7.0,227.0,53.4,4.0,2025,6,0,0.0,15000.0,1,2,9.61587214452889
3356.0,60000.0,7.0,1908.792198826372,2020.0,11.0,3.0,4,11.0,33.0,26.8,5.0,2021,8,0,1.0,30000.0,1,3,11.002116507732017
15279.0,142000.0,6.0,1998.0,2019.0,20.0,3.0,5,3.0,70.0,13.0,4.0,2019,8,0,0.0,142000.0,1,3,11.863589378812122
5740.0,32000.0,4.0,1490.0,2023.0,13.0,3.0,5,11.0,0.0,0.0,5.0,2023,4,0,0.0,32000.0,0,2,10.373522431293592
10568.0,50000.0,4.0,1499.0,2018.0,13.0,2.0,5,11.0,0.0,0.0,5.0,2019,4,0,1.0,25000.0,0,2,10.819798284210286
117318.0,27000.0,4.0,1908.792198826372,2023.0,2.0,0.0,0,11.0,0.0,0.0,4.603574926542605,2024,1,0,1.0,13500.0,0,1,10.203629181337648
7492.0,20000.0,6.0,1498.0,2025.0,13.0,3.0,5,11.0,120.0,7.68,4.0,2025,7,0,0.0,20000.0,1,3,9.90353755128617
16928.0,165000.0,7.0,1908.792198826372,2021.0,17.0,0.0,5,7.0,220.0,60.0,5.0,2022,2,0,1.0,82500.0,1,1,12.013706813470414
3253.0,103700.0,4.0,1499.0,2017.0,13.0,3.0,5,11.0,0.0,0.0,5.0,2018,5,0,1.0,51850.0,0,2,11.549267037372665
45160.0,20000.0,6.0,1997.0,2025.0,19.0,0.0,7,2.0,500.0,36.8,5.0,2024,12,0,0.0,20000.0,1,4,9.90353755128617
30072.0,1600.0,4.0,1998.0,2025.0,17.0,0.0,5,2.0,0.0,0.0,5.0,2025,11,0,0.0,1600.0,0,4,7.3783837129967145
3356.0,43000.0,4.0,1799.0,2017.0,19.0,3.0,5,11.0,0.0,0.0,5.0,2017,7,0,0.0,43000.0,0,3,10.668978650219241
38242.0,11000.0,6.0,1995.0,2025.0,14.0,0.0,6,10.0,560.0,46.9,5.0,2025,10,0,0.0,11000.0,1,4,9.305741456739435
7330.0,30000.0,4.0,1494.0,2022.0,13.0,1.0,5,11.0,0.0,0.0,5.0,2022,7,0,0.0,30000.0,0,3,10.308985993422082
10274.0,170000.0,4.0,2496.0,2017.0,20.0,3.0,5,3.0,0.0,0.0,4.0,2017,11,0,0.0,170000.0,0,4,12.04355959836804
11746.0,80000.0,4.0,2488.0,2018.0,17.0,3.0,5,2.0,0.0,0.0,5.0,2018,6,0,0.0,80000.0,0,2,11.289794413577894
8979.0,26000.0,4.0,1598.0,2021.0,17.0,3.0,7,11.0,0.0,0.0,5.0,2022,8,0,1.0,13000.0,0,3,10.165890277802454
27232.0,38000.0,4.0,1395.0,2022.0,12.0,3.0,5,11.0,0.0,0.0,5.0,2021,11,0,0.0,38000.0,0,4,10.545367754151743
3944.0,16000.0,4.0,1451.0,2020.0,9.0,3.0,0,5.0,0.0,0.0,4.0,2022,3,1,2.0,5333.333333333333,0,1,9.680406499268875
18223.0,240.0,6.0,1496.0,2024.0,6.0,1.0,7,11.0,176.0,24.7,5.0,2025,1,0,1.0,120.0,1,1,5.484796933490655
4533.0,28300.0,4.0,1598.0,2019.0,13.0,3.0,5,11.0,0.0,0.0,4.0,2019,12,1,0.0,28300.0,0,4,10.250652418696085
15720.0,100.0,6.0,1497.0,2025.0,12.0,3.0,5,11.0,158.0,18.4,5.0,2026,6,0,1.0,50.0,1,2,4.61512051684126
26201.0,105000.0,4.0,2497.0,2023.0,20.0,1.0,5,3.0,0.0,0.0,4.0,2023,8,0,0.0,105000.0,0,3,11.561725152903833
8537.0,36500.0,7.0,1908.792198826372,2021.0,13.0,3.0,5,11.0,105.0,47.8,5.0,2022,4,0,1.0,18250.0,1,2,10.505094936455558
16162.0,53000.0,1.0,1997.0,2020.0,17.0,3.0,5,2.0,0.0,0.0,5.0,2021,6,0,1.0,26500.0,0,2,10.87806606028079
1766.0,114900.0,4.0,1372.0,2016.0,10.0,3.0,5,11.0,0.0,0.0,5.0,2017,8,1,1.0,57450.0,0,3,11.651826167019166
1589.0,120000.0,4.0,1499.0,2016.0,16.0,3.0,0,3.0,0.0,0.0,5.0,2017,7,1,1.0,60000.0,0,3,11.695255355062795
37094.0,8800.0,7.0,1908.792198826372,2026.0,7.0,3.0,5,9.0,579.0,100.0,5.0,2025,9,0,0.0,8800.0,1,3,9.082620630373812
16604.0,100.0,7.0,1908.792198826372,2026.0,7.0,3.0,5,7.0,200.0,56.12,5.0,2026,6,0,0.0,100.0,1,2,4.61512051684126
4386.0,135800.0,4.0,1997.0,2021.0,8.0,0.0,7,3.0,0.0,0.0,5.0,2021,9,1,0.0,135800.0,0,3,11.81894585784987
18517.0,16000.0,4.0,1998.0,2021.0,12.0,3.0,5,11.0,0.0,0.0,5.0,2023,5,0,2.0,5333.333333333333,0,2,9.680406499268875
26172.0,30000.0,7.0,1908.792198826372,2024.0,7.0,1.0,5,9.0,360.0,75.0,5.0,2024,8,0,0.0,30000.0,1,3,10.308985993422082
39125.0,19000.0,6.0,1969.0,2025.0,14.0,3.0,6,2.0,353.0,52.38,5.0,2025,6,0,0.0,19000.0,1,2,9.852246888342531
3091.0,70000.0,4.0,1498.0,2016.0,13.0,3.0,5,11.0,0.0,0.0,5.0,2016,11,0,0.0,70000.0,0,4,11.156264806643742
19989.0,15900.0,4.0,1967.0,2023.0,5.0,0.0,0,2.0,0.0,0.0,4.0,2024,11,0,1.0,7950.0,0,4,9.674137279312397
157209.0,9300.0,8.0,1997.0,2025.0,14.0,0.0,6,1.0,880.0,55.53,5.0,2026,1,0,1.0,4650.0,1,1,9.137877200242468
19577.0,58000.0,1.0,1497.0,2020.0,18.0,3.0,5,3.0,0.0,0.0,4.0,2020,6,0,0.0,58000.0,0,2,10.968215530759236
34150.0,52000.0,6.0,1497.0,2024.0,8.0,0.0,7,2.0,215.0,40.0,5.0,2024,4,0,0.0,52000.0,1,2,10.859018228147887
14101.0,23000.0,4.0,1498.0,2023.0,17.0,3.0,5,11.0,0.0,0.0,5.0,2023,6,0,0.0,23000.0,0,2,10.043292972227004
5564.0,23000.0,7.0,1908.792198826372,2023.0,11.0,0.0,4,7.0,50.0,28.1,3.0,2023,6,0,0.0,23000.0,1,2,10.043292972227004
33120.0,58000.0,5.0,2487.0,2023.0,8.0,3.0,7,11.0,134.0,0.0,5.0,2024,3,0,1.0,29000.0,0,1,10.968215530759236
23257.0,10800.0,4.0,1998.0,2026.0,7.0,0.0,5,11.0,0.0,0.0,4.0,2026,1,0,0.0,10800.0,0,1,9.287394001418473
12188.0,29300.0,8.0,1199.0,2023.0,17.0,3.0,5,7.0,200.0,30.1,5.0,2023,4,0,0.0,29300.0,1,2,10.285376924115587
7360.0,5000.0,4.0,1598.0,2026.0,13.0,3.0,5,11.0,0.0,0.0,4.0,2026,1,0,0.0,5000.0,0,1,8.517393171418904
7919.0,19000.0,4.0,1485.0,2023.0,13.0,3.0,5,11.0,0.0,0.0,4.0,2023,5,0,0.0,19000.0,0,2,9.852246888342531
3680.0,88000.0,4.0,1998.0,2016.0,12.0,3.0,5,11.0,0.0,0.0,5.0,2016,9,0,0.0,88000.0,0,3,11.385103457032141
249945.0,5000.0,1.0,2996.0,2025.0,19.0,0.0,5,2.0,0.0,0.0,5.0,2025,10,0,0.0,5000.0,0,4,8.517393171418904
26348.0,10000.0,7.0,1908.792198826372,2025.0,20.0,1.0,5,7.0,215.0,82.0,4.0,2025,4,0,0.0,10000.0,1,2,9.210440366976517
5667.0,105000.0,4.0,1967.0,2018.0,12.0,3.0,5,10.0,0.0,0.0,5.0,2019,1,0,1.0,52500.0,0,1,11.561725152903833
3194.0,10800.0,4.0,1451.0,2021.0,16.0,3.0,0,5.0,0.0,0.0,5.0,2022,8,0,1.0,5400.0,0,3,9.287394001418473
12335.0,50000.0,4.0,1991.0,2018.0,7.0,3.0,5,3.0,0.0,0.0,4.0,2020,9,0,2.0,16666.666666666668,0,3,10.819798284210286
42393.0,2000.0,8.0,1498.0,2026.0,20.0,0.0,5,7.0,227.0,53.4,4.0,2025,11,0,0.0,2000.0,1,4,7.601402334583733
39744.0,5000.0,7.0,1908.792198826372,2025.0,14.0,2.0,5,7.0,227.0,100.0,5.0,2025,12,0,0.0,5000.0,1,4,8.517393171418904
19106.0,19000.0,7.0,1908.792198826372,2026.0,17.0,3.0,5,7.0,220.0,81.9,5.0,2025,7,0,0.0,19000.0,1,3,9.852246888342531
482816.0,10800.0,4.0,3902.0,2020.0,22.0,3.0,2,5.0,0.0,0.0,2.0,2021,8,0,1.0,5400.0,0,3,9.287394001418473
17045.0,8000.0,7.0,1908.792198826372,2026.0,19.0,3.0,6,7.0,200.0,82.28,5.0,2025,8,0,0.0,8000.0,1,3,8.987321812850125
38978.0,2000.0,8.0,1498.0,2025.0,20.0,2.0,5,7.0,227.0,37.0,5.0,2026,2,0,1.0,1000.0,1,1,7.601402334583733
2840.0,54000.0,4.0,1349.0,2018.0,12.0,0.0,5,11.0,0.0,0.0,5.0,2019,3,0,1.0,27000.0,0,1,10.896757843893464
32354.0,6900.0,6.0,1499.0,2023.0,8.0,0.0,7,2.0,265.0,37.96,5.0,2025,8,0,2.0,2300.0,1,3,8.839421607620602
33414.0,8000.0,7.0,1908.792198826372,2025.0,14.0,0.0,6,9.0,440.0,85.0,5.0,2025,11,0,0.0,8000.0,1,4,8.987321812850125
11408.0,11700.0,4.0,1998.0,2024.0,17.0,0.0,5,2.0,0.0,0.0,5.0,2024,9,0,0.0,11700.0,0,3,9.367429587218957
26613.0,6000.0,8.0,1499.0,2025.0,19.0,3.0,5,9.0,350.0,45.0,5.0,2025,7,0,0.0,6000.0,1,3,8.699681400989514
11481.0,55000.0,4.0,1499.0,2016.0,13.0,3.0,4,11.0,0.0,0.0,3.0,2018,5,0,2.0,18333.333333333332,0,2,10.915106645867503
48281.0,26600.0,4.0,2995.0,2017.0,19.0,3.0,5,10.0,0.0,0.0,5.0,2017,12,0,0.0,26600.0,0,4,10.188704088048116
2134.0,123400.0,4.0,1798.0,2016.0,12.0,3.0,5,11.0,0.0,0.0,5.0,2016,7,1,0.0,123400.0,0,3,11.723194494148304
60352.0,5000.0,6.0,1974.0,2025.0,14.0,0.0,6,2.0,660.0,70.0,5.0,2026,4,0,1.0,2500.0,1,2,8.517393171418904
21918.0,6000.0,8.0,1498.0,2025.0,17.0,0.0,5,7.0,150.0,32.6,5.0,2025,9,0,0.0,6000.0,1,3,8.699681400989514
16044.0,26000.0,4.0,1991.0,2021.0,8.0,0.0,7,11.0,0.0,0.0,5.0,2021,12,0,0.0,26000.0,0,4,10.165890277802454
662400.0,100.0,4.0,3996.0,2025.0,22.0,3.0,2,7.0,0.0,0.0,2.0,1990,1,0,0.0,100.0,0,1,4.61512051684126
15897.0,100.0,4.0,1498.0,2025.0,13.0,3.0,5,11.0,0.0,0.0,4.0,1990,1,0,0.0,100.0,0,1,4.61512051684126
12350.0,1000.0,7.0,1908.792198826372,2026.0,11.0,2.0,5,11.0,90.0,53.0,5.0,2026,5,0,0.0,1000.0,1,2,6.90875477931522
12629.0,16000.0,4.0,1598.0,2025.0,17.0,0.0,5,11.0,0.0,0.0,5.0,2025,2,0,0.0,16000.0,0,1,9.680406499268875
15456.0,29000.0,4.0,1998.0,2022.0,12.0,1.0,5,11.0,0.0,0.0,5.0,2022,11,0,0.0,29000.0,0,4,10.275085591132715
3356.0,252000.0,4.0,2995.0,2005.0,20.0,0.0,5,3.0,0.0,0.0,4.0,2006,9,0,1.0,126000.0,0,3,12.437188334739655
27232.0,31400.0,8.0,1497.0,2025.0,14.0,1.0,6,7.0,231.0,40.18,5.0,2025,9,0,0.0,31400.0,1,3,10.354595018522993
1295.0,101000.0,4.0,1498.0,2015.0,11.0,3.0,5,11.0,0.0,0.0,5.0,2015,12,1,0.0,101000.0,0,4,11.522885696764481
4828.0,8500.0,7.0,1908.792198826372,2021.0,21.0,3.0,5,11.0,45.0,31.4,5.0,2021,12,0,0.0,8500.0,1,4,9.04793908261736
20136.0,10000.0,6.0,1989.0,2024.0,19.0,0.0,6,10.0,238.0,20.1,5.0,2024,8,0,0.0,10000.0,1,3,9.210440366976517
26496.0,30100.0,5.0,1991.0,2023.0,8.0,0.0,7,11.0,134.0,0.0,5.0,2023,6,0,0.0,30100.0,0,2,10.31231367277647
10274.0,36600.0,6.0,1476.0,2023.0,12.0,0.0,5,11.0,150.0,18.4,5.0,2024,1,0,1.0,18300.0,1,1,10.50783084142058
43424.0,41000.0,5.0,3456.0,2020.0,19.0,3.0,5,2.0,173.0,0.0,5.0,2021,4,0,1.0,20500.0,0,2,10.62135173563291
2472.0,74000.0,4.0,1368.0,2017.0,13.0,3.0,5,11.0,0.0,0.0,4.0,2017,7,0,0.0,74000.0,0,3,11.211833885608513
2325.0,50000.0,7.0,1908.792198826372,2015.0,13.0,3.0,5,11.0,53.0,25.6,5.0,2015,4,0,0.0,50000.0,1,2,10.819798284210286
25436.0,27000.0,4.0,1991.0,2024.0,8.0,0.0,7,11.0,0.0,0.0,5.0,2025,3,0,1.0,13500.0,0,1,10.203629181337648
10539.0,7200.0,6.0,1498.0,2025.0,7.0,3.0,5,11.0,137.0,19.7,4.0,2025,9,0,0.0,7200.0,1,3,8.881975184248867
20284.0,72000.0,7.0,1908.792198826372,2021.0,19.0,3.0,6,9.0,440.0,97.0,5.0,2022,6,0,1.0,36000.0,1,2,11.184435286790631
13218.0,30000.0,6.0,1497.0,2024.0,12.0,3.0,5,11.0,100.0,30.3,5.0,2025,2,0,1.0,15000.0,1,1,10.308985993422082
1707.0,76600.0,4.0,1498.0,2013.0,13.0,3.0,5,11.0,0.0,0.0,4.0,2015,12,0,2.0,25533.333333333332,0,4,11.246365410473757
219033.0,14000.0,4.0,3982.0,2023.0,19.0,0.0,5,2.0,0.0,0.0,5.0,2026,3,0,3.0,3500.0,0,1,9.546884034617925
6447.0,41800.0,4.0,1498.0,2020.0,12.0,3.0,5,11.0,0.0,0.0,5.0,2021,4,0,1.0,20900.0,0,2,10.640675541671662
9685.0,39000.0,6.0,1499.0,2024.0,13.0,3.0,5,11.0,150.0,18.3,4.0,2025,3,0,1.0,19500.0,1,1,10.571342565808699
99948.0,16200.0,1.0,2996.0,2024.0,19.0,3.0,5,2.0,0.0,0.0,5.0,2024,4,0,0.0,16200.0,0,2,9.692828247710418
8537.0,21700.0,7.0,1908.792198826372,2025.0,13.0,3.0,5,11.0,70.0,31.45,5.0,2025,8,0,0.0,21700.0,1,3,9.985113621416073
13542.0,79000.0,7.0,1908.792198826372,2024.0,17.0,3.0,5,7.0,240.0,60.0,5.0,2025,3,0,1.0,39500.0,1,1,11.277215789596893
6888.0,60000.0,4.0,1490.0,2021.0,7.0,0.0,5,11.0,0.0,0.0,4.0,2021,1,0,0.0,60000.0,0,1,11.002116507732017
12776.0,60000.0,7.0,1908.792198826372,2022.0,7.0,3.0,5,11.0,150.0,64.31,4.0,2023,9,0,1.0,30000.0,1,3,11.002116507732017
14675.0,46800.0,6.0,1497.0,2023.0,20.0,3.0,5,11.0,145.0,18.316,4.0,2023,7,0,0.0,46800.0,1,3,10.753659849198824
33237.0,42000.0,4.0,1998.0,2023.0,7.0,3.0,5,3.0,0.0,0.0,4.0,2023,4,0,0.0,42000.0,0,2,10.645448706505872
19577.0,30000.0,4.0,1967.0,2024.0,12.0,0.0,5,10.0,0.0,0.0,5.0,2025,1,0,1.0,15000.0,0,1,10.308985993422082
10716.0,96000.0,4.0,2498.0,2017.0,18.0,3.0,5,10.0,0.0,0.0,4.0,2017,3,0,0.0,96000.0,0,1,11.472113887062386
6888.0,40000.0,4.0,1998.0,2020.0,11.0,1.0,5,11.0,0.0,0.0,5.0,2021,2,0,1.0,20000.0,0,1,10.596659732783579
7654.0,18000.0,4.0,1498.0,2025.0,12.0,3.0,5,11.0,0.0,0.0,5.0,2025,4,0,0.0,18000.0,0,2,9.798182590890704
37226.0,4300.0,7.0,1908.792198826372,2024.0,20.0,3.0,5,7.0,227.0,100.0,4.0,2025,7,0,1.0,2150.0,1,3,8.366602832783736
27349.0,29000.0,4.0,1975.0,2021.0,8.0,1.0,7,11.0,0.0,0.0,5.0,2021,11,0,0.0,29000.0,0,4,10.275085591132715
18517.0,62100.0,1.0,1997.0,2022.0,17.0,0.0,7,2.0,0.0,0.0,5.0,2022,1,0,0.0,62100.0,0,1,11.036517370851499
16162.0,160000.0,7.0,1908.792198826372,2020.0,17.0,3.0,5,9.0,400.0,70.0,5.0,2020,8,0,0.0,160000.0,1,3,11.982935344196433
3532.0,69100.0,4.0,1485.0,2019.0,13.0,3.0,5,11.0,0.0,0.0,4.0,2018,7,0,0.0,69100.0,0,3,11.143324481431074
7153.0,17700.0,4.0,1969.0,2023.0,13.0,0.0,5,11.0,0.0,0.0,4.0,2023,1,0,0.0,17700.0,0,1,9.781376414141157
15279.0,4200.0,4.0,1997.0,2022.0,12.0,0.0,5,11.0,0.0,0.0,5.0,2023,1,0,1.0,2100.0,0,1,8.343077871169383
247296.0,7000.0,6.0,2993.0,2023.0,22.0,2.0,2,5.0,70.0,7.4,2.0,2023,4,0,0.0,7000.0,1,2,8.853808274977197
6447.0,57000.0,4.0,1481.0,2021.0,12.0,1.0,5,11.0,0.0,0.0,5.0,2021,9,0,0.0,57000.0,0,3,10.950824090522445
14690.0,9900.0,7.0,1908.792198826372,2025.0,13.0,3.0,5,7.0,120.0,42.1,5.0,2025,5,0,0.0,9900.0,1,2,9.200391041122515
11540.0,9300.0,8.0,1499.0,2024.0,17.0,3.0,5,7.0,170.0,40.0,5.0,2024,6,0,0.0,9300.0,1,2,9.137877200242468
26201.0,2000.0,7.0,1908.792198826372,2025.0,19.0,3.0,5,7.0,250.0,99.5,5.0,2025,12,0,0.0,2000.0,1,4,7.601402334583733
52550.0,30000.0,7.0,1908.792198826372,2024.0,14.0,0.0,6,9.0,390.0,100.0,5.0,2025,1,0,1.0,15000.0,1,1,10.308985993422082
2914.0,30000.0,4.0,1460.0,2021.0,12.0,0.0,5,11.0,0.0,0.0,5.0,2021,5,0,0.0,30000.0,0,2,10.308985993422082
138073.0,1500.0,4.0,1908.792198826372,2021.0,22.0,3.0,0,11.0,0.0,0.0,4.603574926542605,2023,8,0,2.0,500.0,0,3,7.313886831633462
14940.0,133000.0,8.0,1199.0,2021.0,19.0,0.0,6,9.0,245.0,40.5,5.0,2022,6,0,1.0,66500.0,1,2,11.798111925972618
3989.0,35000.0,7.0,1908.792198826372,2022.0,10.0,3.0,4,11.0,33.0,29.0,3.0,2022,7,0,0.0,35000.0,1,3,10.463131911491967
31898.0,10500.0,7.0,1908.792198826372,2025.0,14.0,0.0,6,7.0,340.0,85.0,5.0,2025,11,0,0.0,10500.0,1,4,9.259225769705994
40597.0,4000.0,6.0,1499.0,2025.0,8.0,0.0,7,2.0,215.0,44.28,5.0,2026,3,0,1.0,2000.0,1,1,8.294299608857235
2031.0,90000.0,4.0,1598.0,2016.0,12.0,3.0,5,11.0,0.0,0.0,5.0,2017,7,0,1.0,45000.0,0,3,11.407576060361786
1177.0,70000.0,4.0,996.0,2013.0,10.0,3.0,5,11.0,0.0,0.0,5.0,2015,10,1,2.0,23333.333333333332,0,4,11.156264806643742
2178.0,58800.0,4.0,1372.0,2014.0,11.0,3.0,5,11.0,0.0,0.0,5.0,2015,7,1,1.0,29400.0,0,3,10.981914140544825
17192.0,29700.0,4.0,1495.0,2021.0,0.0,3.0,7,11.0,0.0,0.0,5.0,2022,7,0,1.0,14850.0,0,3,10.298935994257638
3356.0,68000.0,4.0,1485.0,2017.0,13.0,3.0,5,11.0,0.0,0.0,5.0,2019,3,1,2.0,22666.666666666668,0,1,11.127277689932466
12482.0,7000.0,8.0,1499.0,2025.0,20.0,3.0,5,7.0,195.0,34.7,4.0,2025,8,0,0.0,7000.0,1,3,8.853808274977197
868.0,80000.0,4.0,1372.0,2014.0,13.0,3.0,5,11.0,0.0,0.0,5.0,2015,6,1,1.0,40000.0,0,2,11.289794413577894
30882.0,37000.0,4.0,1995.0,2022.0,12.0,3.0,5,2.0,0.0,0.0,5.0,2022,11,0,0.0,37000.0,0,4,10.518700218288165
7624.0,74000.0,4.0,1967.0,2021.0,12.0,3.0,5,11.0,0.0,0.0,5.0,2020,9,0,0.0,74000.0,0,3,11.211833885608513
8360.0,56000.0,7.0,1908.792198826372,2019.0,13.0,3.0,5,11.0,135.0,58.8,4.0,2019,12,0,0.0,56000.0,1,4,10.933124826700707
9597.0,40300.0,6.0,1498.0,2024.0,12.0,3.0,5,11.0,150.0,20.5,5.0,2024,8,0,0.0,40300.0,1,3,10.604131561522696
7212.0,59000.0,4.0,999.0,2018.0,10.0,3.0,2,7.0,0.0,0.0,3.0,2018,1,0,0.0,59000.0,0,1,10.985309671896763
34120.0,2800.0,4.0,1995.0,2025.0,17.0,0.0,5,2.0,0.0,0.0,5.0,2026,6,0,1.0,1400.0,0,2,7.937731775260109
21461.0,4000.0,7.0,1908.792198826372,2024.0,12.0,3.0,5,9.0,315.0,66.0,5.0,2025,9,0,1.0,2000.0,1,3,8.294299608857235
6167.0,121000.0,3.0,1908.792198826372,2019.0,4.0,3.0,0,3.0,0.0,0.0,5.0,2021,3,1,2.0,40333.333333333336,0,1,11.703554089007538
14690.0,100.0,8.0,1480.0,2025.0,7.0,3.0,5,7.0,160.0,28.39,5.0,2026,6,0,1.0,50.0,1,2,4.61512051684126
80488.0,36000.0,7.0,1908.792198826372,2024.0,15.0,3.0,5,9.0,675.0,102.0,5.0,2024,3,0,0.0,36000.0,1,1,10.491301994830229
27938.0,14900.0,7.0,1908.792198826372,2023.0,17.0,2.0,5,9.0,360.0,76.4,5.0,2024,5,0,1.0,7450.0,1,2,9.60918360377546
17192.0,111000.0,7.0,1908.792198826372,2022.0,20.0,2.0,5,9.0,380.0,85.4,4.0,2022,8,0,0.0,111000.0,1,3,11.6172944892629
14690.0,45000.0,7.0,1908.792198826372,2024.0,7.0,3.0,5,11.0,200.0,79.2,4.0,2024,12,0,0.0,45000.0,1,4,10.714439990727769
136896.0,30000.0,4.0,5204.0,2016.0,22.0,3.0,2,4.0,0.0,0.0,2.0,2016,11,0,0.0,30000.0,0,4,10.308985993422082
1442.0,80000.0,4.0,1499.0,2017.0,12.0,0.0,5,11.0,0.0,0.0,5.0,2017,3,0,0.0,80000.0,0,1,11.289794413577894
11113.0,18000.0,4.0,1494.0,2023.0,12.0,3.0,5,11.0,0.0,0.0,5.0,2023,12,0,0.0,18000.0,0,4,9.798182590890704
13248.0,110000.0,4.0,1997.0,2019.0,20.0,3.0,5,3.0,0.0,0.0,4.0,2019,10,0,0.0,110000.0,0,4,11.608244735642321
16162.0,125000.0,6.0,3604.0,2018.0,8.0,0.0,7,11.0,0.0,16.0,5.0,2020,4,0,2.0,41666.666666666664,1,2,11.736077016252437
7919.0,31900.0,4.0,1497.0,2021.0,13.0,3.0,5,11.0,0.0,0.0,4.0,2021,8,0,0.0,31900.0,0,3,10.370392636243981
1265.0,91000.0,4.0,1598.0,2017.0,12.0,3.0,5,11.0,0.0,0.0,5.0,2016,8,1,0.0,91000.0,0,3,11.418625774449598
11040.0,50000.0,4.0,5328.0,2013.0,3.0,1.0,7,3.0,0.0,0.0,6.0,2012,9,0,0.0,50000.0,0,3,10.819798284210286
1442.0,76000.0,4.0,1497.0,2015.0,12.0,3.0,5,11.0,0.0,0.0,5.0,2014,12,0,0.0,76000.0,0,4,11.23850177707664
32354.0,12600.0,4.0,1395.0,2023.0,12.0,3.0,5,11.0,0.0,0.0,5.0,2023,7,0,0.0,12600.0,0,3,9.441531454869693
50018.0,3500.0,8.0,1496.0,2025.0,14.0,3.0,5,9.0,392.0,53.4,5.0,2025,12,0,0.0,3500.0,1,4,8.160803920954665
6888.0,40000.0,4.0,1497.0,2021.0,13.0,3.0,5,11.0,0.0,0.0,4.0,2021,10,0,0.0,40000.0,0,4,10.596659732783579
6565.0,67100.0,4.0,1598.0,2021.0,13.0,3.0,5,11.0,0.0,0.0,5.0,2021,7,0,0.0,67100.0,0,3,11.11395422597838
14572.0,32000.0,3.0,1968.0,2024.0,12.0,0.0,5,2.0,0.0,0.0,4.0,2024,3,0,0.0,32000.0,0,1,10.373522431293592
30882.0,9000.0,8.0,1499.0,2026.0,19.0,2.0,5,7.0,227.0,37.0,5.0,2025,10,0,0.0,9000.0,1,4,9.105090961257085
4975.0,100000.0,4.0,1499.0,2020.0,12.0,3.0,5,11.0,0.0,0.0,5.0,2019,12,0,0.0,100000.0,0,4,11.51293546492023
159712.0,29000.0,4.0,3982.0,2020.0,22.0,3.0,4,3.0,0.0,0.0,2.0,2020,6,0,0.0,29000.0,0,2,10.275085591132715
7036.0,93000.0,4.0,1598.0,2026.0,12.0,3.0,5,11.0,0.0,0.0,5.0,2018,2,0,0.0,93000.0,0,1,11.440365524765756
20946.0,28000.0,6.0,1499.0,2024.0,12.0,3.0,5,11.0,165.0,43.24,5.0,2024,7,0,0.0,28000.0,1,3,10.239995502805316
6565.0,14500.0,7.0,1908.792198826372,2024.0,13.0,3.0,5,11.0,60.0,34.5,5.0,2024,5,0,0.0,14500.0,1,2,9.581972891547895
23949.0,52800.0,7.0,1908.792198826372,2024.0,19.0,3.0,5,7.0,250.0,90.0,5.0,2025,1,0,1.0,26400.0,1,1,10.874285408908944
4386.0,200000.0,4.0,2985.0,2014.0,20.0,0.0,5,3.0,0.0,0.0,4.0,2015,8,0,1.0,100000.0,0,3,12.206077645517674
16604.0,18900.0,7.0,1908.792198826372,2021.0,17.0,3.0,5,7.0,224.0,80.3,5.0,2023,3,0,2.0,6300.0,1,1,9.846970109700957
24994.0,19100.0,4.0,1395.0,2023.0,12.0,0.0,5,11.0,0.0,0.0,5.0,2023,10,0,0.0,19100.0,0,4,9.857495968685136
27673.0,28000.0,6.0,1499.0,2025.0,19.0,2.0,6,9.0,300.0,44.5,5.0,2025,3,0,0.0,28000.0,1,1,10.239995502805316
7256.0,1400.0,7.0,1908.792198826372,2026.0,10.0,3.0,4,7.0,30.0,25.1,5.0,2026,2,0,0.0,1400.0,1,1,7.244941546337007
3827.0,93800.0,4.0,1490.0,2016.0,12.0,3.0,5,11.0,0.0,0.0,5.0,2016,10,0,0.0,93800.0,0,4,11.448930795918299
45617.0,8200.0,6.0,1498.0,2025.0,8.0,0.0,7,2.0,245.0,40.0,5.0,2025,1,0,0.0,8200.0,1,1,9.012011377036412
36770.0,35900.0,4.0,2956.0,2022.0,19.0,1.0,6,2.0,0.0,0.0,5.0,2023,5,0,1.0,17950.0,0,2,10.488520429241627
5873.0,80000.0,7.0,1908.792198826372,2021.0,17.0,3.0,5,11.0,150.0,55.33,5.0,2022,7,0,1.0,40000.0,1,3,11.289794413577894
39125.0,4600.0,8.0,1498.0,2025.0,20.0,0.0,5,7.0,227.0,53.4,4.0,2025,4,0,0.0,4600.0,1,2,8.434028950155469
9980.0,36300.0,7.0,1908.792198826372,2023.0,13.0,3.0,5,11.0,100.0,50.6,5.0,2024,8,0,1.0,18150.0,1,3,10.499600568082863
5269.0,130000.0,4.0,1797.0,2017.0,18.0,3.0,5,11.0,0.0,0.0,4.0,2018,7,0,1.0,65000.0,0,3,11.775297421715827
19695.0,47000.0,6.0,1499.0,2024.0,12.0,0.0,5,11.0,165.0,43.24,5.0,2024,6,0,0.0,47000.0,1,2,10.757924157061597
17634.0,63000.0,7.0,1908.792198826372,2021.0,7.0,3.0,5,7.0,202.0,55.0,4.0,2021,6,0,0.0,63000.0,1,2,11.050905878263567
8655.0,6400.0,4.0,1494.0,2024.0,13.0,3.0,5,11.0,0.0,0.0,4.0,2025,1,0,1.0,3200.0,0,1,8.764209507142004
10775.0,12700.0,4.0,1498.0,2022.0,13.0,3.0,5,11.0,0.0,0.0,4.0,2022,8,0,0.0,12700.0,0,3,9.44943600950432
6152.0,35800.0,4.0,999.0,2016.0,10.0,1.0,4,7.0,0.0,0.0,5.0,2017,5,0,1.0,17900.0,0,2,10.485731104959568
17222.0,16000.0,8.0,1499.0,2024.0,19.0,3.0,6,7.0,170.0,28.4,5.0,2024,11,0,0.0,16000.0,1,4,9.680406499268875
1589.0,30500.0,4.0,1498.0,2016.0,17.0,3.0,5,11.0,0.0,0.0,5.0,2016,8,1,0.0,30500.0,0,3,10.32551474894327
10009.0,16000.0,6.0,1499.0,2024.0,12.0,3.0,5,11.0,150.0,19.43,5.0,2025,2,0,1.0,8000.0,1,1,9.680406499268875
6152.0,37100.0,6.0,1490.0,2020.0,12.0,3.0,5,11.0,100.0,11.1,5.0,2020,12,0,0.0,37100.0,1,4,10.521399202410167
5858.0,160000.0,4.0,3664.0,2010.0,19.0,1.0,7,10.0,0.0,0.0,5.0,2010,2,0,0.0,160000.0,0,1,11.982935344196433
3944.0,38000.0,4.0,1598.0,2018.0,12.0,3.0,5,11.0,0.0,0.0,5.0,2018,9,0,0.0,38000.0,0,3,10.545367754151743
3974.0,40000.0,4.0,1598.0,2021.0,12.0,3.0,5,11.0,0.0,0.0,5.0,2021,9,0,0.0,40000.0,0,3,10.596659732783579
6859.0,157000.0,4.0,2496.0,2015.0,20.0,3.0,5,3.0,0.0,0.0,4.0,2015,1,0,0.0,157000.0,0,1,11.964007453736912
9038.0,30000.0,4.0,1598.0,2022.0,13.0,3.0,5,11.0,0.0,0.0,4.0,2022,10,0,0.0,30000.0,0,4,10.308985993422082
27673.0,70000.0,8.0,1496.0,2023.0,19.0,0.0,6,9.0,330.0,40.9,5.0,2023,2,0,0.0,70000.0,1,1,11.156264806643742
2060.0,66700.0,4.0,1206.0,2017.0,13.0,3.0,5,11.0,0.0,0.0,5.0,2018,1,1,1.0,33350.0,0,1,11.107975224295076
4386.0,58000.0,4.0,1498.0,2020.0,17.0,3.0,7,11.0,0.0,0.0,5.0,2019,12,0,0.0,58000.0,0,4,10.968215530759236
6609.0,58800.0,6.0,1493.0,2024.0,13.0,3.0,5,11.0,140.0,9.07,4.0,2024,3,0,0.0,58800.0,1,1,10.981914140544825
21344.0,600.0,4.0,1497.0,2023.0,0.0,0.0,7,11.0,0.0,0.0,5.0,2023,2,0,0.0,600.0,0,1,6.398594934535208
3223.0,52600.0,7.0,1908.792198826372,2020.0,10.0,3.0,2,11.0,29.0,28.0,3.0,2020,8,0,0.0,52600.0,1,3,10.87049040995193
2944.0,131500.0,4.0,1499.0,2018.0,12.0,3.0,5,11.0,0.0,0.0,5.0,2018,2,0,0.0,131500.0,0,1,11.78676973513378
4828.0,69000.0,4.0,1490.0,2020.0,13.0,3.0,5,11.0,0.0,0.0,5.0,2021,3,0,1.0,34500.0,0,1,11.141876276228
1177.0,80000.0,4.0,1997.0,2013.0,1.0,3.0,0,3.0,0.0,0.0,5.0,2013,6,0,0.0,80000.0,0,2,11.289794413577894
10274.0,74000.0,4.0,1967.0,2023.0,5.0,3.0,0,2.0,0.0,0.0,4.0,2023,9,1,0.0,74000.0,0,3,11.211833885608513
24994.0,8100.0,8.0,1498.0,2025.0,12.0,3.0,5,9.0,403.0,40.3,4.0,2025,6,0,0.0,8100.0,1,2,8.999742789830492
19106.0,13000.0,4.0,1498.0,2023.0,12.0,3.0,5,11.0,0.0,0.0,5.0,2024,1,0,1.0,6500.0,0,1,9.472781556562168
10716.0,38000.0,1.0,1349.0,2020.0,13.0,3.0,7,11.0,0.0,0.0,5.0,2023,7,0,3.0,9500.0,0,3,10.545367754151743
20431.0,4300.0,8.0,1498.0,2025.0,17.0,3.0,5,7.0,150.0,32.6,5.0,2025,12,0,0.0,4300.0,1,4,8.366602832783736
7624.0,72000.0,4.0,1969.0,2016.0,7.0,3.0,5,11.0,0.0,0.0,5.0,2016,8,0,0.0,72000.0,0,3,11.184435286790631
9685.0,60000.0,7.0,1908.792198826372,2025.0,16.0,3.0,0,11.0,70.0,0.0,5.0,2025,5,0,0.0,60000.0,0,2,11.002116507732017
1736.0,83000.0,4.0,1499.0,2014.0,16.0,3.0,0,3.0,0.0,0.0,5.0,2017,1,1,3.0,20750.0,0,1,11.326607934898927
3238.0,18900.0,7.0,1908.792198826372,2025.0,10.0,3.0,4,7.0,30.0,18.11,3.0,2025,3,0,0.0,18900.0,1,1,9.846970109700957
2723.0,10000.0,7.0,1908.792198826372,2022.0,21.0,1.0,4,7.0,20.0,13.6,3.0,2023,4,0,1.0,5000.0,1,2,9.210440366976517
36638.0,60000.0,4.0,2979.0,2022.0,19.0,3.0,5,2.0,0.0,0.0,5.0,2022,4,0,0.0,60000.0,0,2,11.002116507732017
1692.0,40000.0,4.0,1499.0,2016.0,0.0,3.0,7,11.0,0.0,0.0,5.0,2017,12,1,1.0,20000.0,0,4,10.596659732783579
32089.0,39000.0,4.0,2956.0,2020.0,19.0,3.0,7,2.0,0.0,0.0,5.0,2020,6,0,0.0,39000.0,0,2,10.571342565808699
14248.0,130000.0,4.0,1908.792198826372,2020.0,17.0,3.0,5,10.0,0.0,0.0,4.603574926542605,2020,3,0,0.0,130000.0,0,1,11.775297421715827
5520.0,16100.0,7.0,1908.792198826372,2024.0,10.0,3.0,5,11.0,36.0,30.2,5.0,2024,11,0,0.0,16100.0,1,4,9.686636660844938
7198.0,21800.0,6.0,1498.0,2023.0,13.0,3.0,5,11.0,132.0,8.32,4.0,2023,8,0,0.0,21800.0,1,3,9.989711119284745
19872.0,14000.0,4.0,1908.792198826372,2023.0,10.0,3.0,0,11.0,0.0,0.0,4.603574926542605,2024,11,0,1.0,7000.0,0,4,9.546884034617925
22050.0,4800.0,8.0,1499.0,2026.0,19.0,1.0,5,7.0,185.0,34.3,5.0,2026,4,0,0.0,4800.0,1,2,8.476579508530941
3459.0,164000.0,4.0,1598.0,2014.0,12.0,3.0,5,11.0,0.0,0.0,5.0,2015,5,0,1.0,82000.0,0,2,12.00762780434872
11555.0,90000.0,7.0,1908.792198826372,2020.0,20.0,3.0,5,11.0,163.0,76.9,4.0,2021,12,0,1.0,45000.0,1,4,11.407576060361786
35033.0,36000.0,6.0,1497.0,2025.0,8.0,3.0,7,10.0,310.0,41.7,5.0,2024,9,0,0.0,36000.0,1,3,10.491301994830229
17634.0,6800.0,4.0,1395.0,2022.0,17.0,3.0,5,11.0,0.0,0.0,5.0,2023,5,0,1.0,3400.0,0,2,8.824824939175638
101273.0,15000.0,7.0,1908.792198826372,2025.0,15.0,3.0,5,9.0,390.0,97.0,4.0,2025,11,0,0.0,15000.0,1,4,9.61587214452889
8802.0,62000.0,7.0,1908.792198826372,2023.0,12.0,3.0,5,7.0,180.0,50.4,5.0,2024,5,0,1.0,31000.0,1,2,11.034905792929415
16015.0,10000.0,7.0,1908.792198826372,2026.0,12.0,0.0,5,7.0,185.0,80.16,5.0,2025,10,0,0.0,10000.0,1,4,9.210440366976517
4975.0,160000.0,7.0,1908.792198826372,2022.0,13.0,3.0,5,11.0,120.0,51.0,4.0,2022,9,0,0.0,160000.0,1,3,11.982935344196433
77868.0,35000.0,6.0,2894.0,2021.0,15.0,3.0,4,2.0,100.0,17.9,5.0,2021,10,0,0.0,35000.0,1,4,10.463131911491967
101568.0,8000.0,4.0,2995.0,2024.0,19.0,3.0,5,2.0,0.0,0.0,5.0,2025,1,0,1.0,4000.0,0,1,8.987321812850125
11010.0,16000.0,7.0,1908.792198826372,2025.0,12.0,3.0,5,11.0,122.0,61.47,5.0,2025,8,0,0.0,16000.0,1,3,9.680406499268875
20578.0,6000.0,4.0,1395.0,2022.0,12.0,3.0,5,11.0,0.0,0.0,5.0,2022,2,0,0.0,6000.0,0,1,8.699681400989514
8905.0,28000.0,4.0,1499.0,2022.0,12.0,0.0,5,11.0,0.0,0.0,5.0,2022,3,0,0.0,28000.0,0,1,10.239995502805316
10127.0,54000.0,4.0,1975.0,2020.0,18.0,0.0,5,11.0,0.0,0.0,4.0,2020,12,0,0.0,54000.0,0,4,10.896757843893464
4121.0,57000.0,7.0,1908.792198826372,2018.0,11.0,3.0,5,11.0,90.0,49.0,5.0,2018,9,0,0.0,57000.0,1,3,10.950824090522445
1825.0,63000.0,4.0,1498.0,2016.0,11.0,3.0,5,11.0,0.0,0.0,5.0,2016,9,1,0.0,63000.0,0,3,11.050905878263567
8537.0,160000.0,4.0,3696.0,2013.0,19.0,3.0,5,2.0,0.0,0.0,5.0,2012,12,0,0.0,160000.0,0,4,11.982935344196433
15132.0,60000.0,4.0,1996.0,2020.0,17.0,3.0,5,11.0,0.0,0.0,5.0,2023,9,0,3.0,15000.0,0,3,11.002116507732017
1148.0,95000.0,4.0,1499.0,2016.0,12.0,3.0,5,11.0,0.0,0.0,5.0,2016,9,1,0.0,95000.0,0,3,11.461642696843066
14690.0,200.0,8.0,1480.0,2025.0,18.0,3.0,5,7.0,175.0,18.99,5.0,2026,3,0,1.0,100.0,1,1,5.303304908059076
10112.0,8900.0,7.0,1908.792198826372,2026.0,11.0,3.0,5,11.0,75.0,41.9,5.0,2025,9,0,0.0,8900.0,1,3,9.093918908958932
10598.0,43000.0,7.0,1908.792198826372,2023.0,9.0,3.0,0,7.0,90.0,0.0,2.0,2023,7,0,0.0,43000.0,0,3,10.668978650219241
21785.0,47000.0,4.0,1996.0,2020.0,17.0,3.0,5,2.0,0.0,0.0,5.0,2022,1,0,2.0,15666.666666666666,0,1,10.757924157061597
18988.0,9100.0,6.0,1499.0,2025.0,20.0,3.0,5,11.0,160.0,33.68,4.0,2025,8,0,0.0,9100.0,1,3,9.116139576577355
1030.0,153000.0,4.0,1499.0,2016.0,12.0,3.0,5,11.0,0.0,0.0,5.0,2016,8,1,0.0,153000.0,0,3,11.938199736300925
7212.0,110000.0,7.0,1908.792198826372,2023.0,17.0,3.0,5,11.0,160.0,63.0,5.0,2023,1,0,0.0,110000.0,1,1,11.608244735642321
217856.0,70000.0,4.0,3799.0,2019.0,22.0,3.0,2,5.0,0.0,0.0,2.0,2020,6,0,1.0,35000.0,0,2,11.156264806643742
120527.0,4000.0,8.0,1499.0,2025.0,15.0,3.0,4,9.0,390.0,65.0,4.0,2025,8,0,0.0,4000.0,1,3,8.294299608857235
11304.0,30000.0,6.0,1499.0,2025.0,17.0,0.0,7,11.0,160.0,25.0,5.0,2025,3,0,0.0,30000.0,1,1,10.308985993422082
659456.0,20000.0,4.0,6498.0,2017.0,22.0,1.0,2,4.0,0.0,0.0,2.0,2019,1,0,2.0,6666.666666666667,0,1,9.90353755128617
14101.0,800.0,7.0,1908.792198826372,2025.0,12.0,3.0,5,11.0,150.0,49.92,5.0,2026,4,0,1.0,400.0,1,2,6.68586094706836
23257.0,51600.0,4.0,1996.0,2020.0,17.0,3.0,5,2.0,0.0,0.0,5.0,2022,3,0,2.0,17200.0,0,1,10.851296331126829
21491.0,43000.0,6.0,1499.0,2023.0,19.0,3.0,6,9.0,350.0,44.5,5.0,2023,6,0,0.0,43000.0,1,2,10.668978650219241
58585.0,20000.0,4.0,1984.0,2024.0,17.0,3.0,5,2.0,0.0,0.0,5.0,2024,4,0,0.0,20000.0,0,2,9.90353755128617
9980.0,18000.0,7.0,1908.792198826372,2022.0,6.0,3.0,7,7.0,90.0,68.4,4.0,2022,9,0,0.0,18000.0,1,3,9.798182590890704
6329.0,9600.0,7.0,1908.792198826372,2024.0,11.0,3.0,5,11.0,60.0,29.67,5.0,2024,3,0,0.0,9600.0,1,1,9.169622538697624
7330.0,41000.0,7.0,1908.792198826372,2024.0,16.0,3.0,0,7.0,75.0,0.0,5.0,2025,4,0,1.0,20500.0,0,2,10.62135173563291
3944.0,40000.0,4.0,1997.0,2017.0,17.0,3.0,5,11.0,0.0,0.0,5.0,2018,12,0,1.0,20000.0,0,4,10.596659732783579
48561.0,8800.0,7.0,1908.792198826372,2025.0,14.0,0.0,6,9.0,387.0,100.0,5.0,2025,12,0,0.0,8800.0,1,4,9.082620630373812
8213.0,2200.0,7.0,1908.792198826372,2026.0,13.0,3.0,5,11.0,65.0,31.9,5.0,2026,4,0,0.0,2200.0,1,2,7.696667081526462
25583.0,42000.0,7.0,1908.792198826372,2024.0,20.0,3.0,5,9.0,365.0,82.0,4.0,2024,5,0,0.0,42000.0,1,2,10.645448706505872
16456.0,5300.0,6.0,1499.0,2024.0,12.0,3.0,5,11.0,150.0,27.2,5.0,2025,6,0,1.0,2650.0,1,2,8.575650760987806
36652.0,1000.0,8.0,1496.0,2026.0,19.0,3.0,5,9.0,345.0,37.0,5.0,2026,5,0,0.0,1000.0,1,2,6.90875477931522
13100.0,13000.0,7.0,1908.792198826372,2025.0,12.0,3.0,5,7.0,100.0,59.93,5.0,2025,6,0,0.0,13000.0,1,2,9.472781556562168
1251.0,73000.0,4.0,1590.0,2016.0,12.0,3.0,5,11.0,0.0,0.0,5.0,2016,8,1,0.0,73000.0,0,3,11.19822841866684
8213.0,52000.0,4.0,1490.0,2020.0,17.0,3.0,5,11.0,0.0,0.0,5.0,2020,3,0,0.0,52000.0,0,1,10.859018228147887
29410.0,8000.0,7.0,1908.792198826372,2025.0,19.0,3.0,5,9.0,365.0,96.3,5.0,2025,12,0,0.0,8000.0,1,4,8.987321812850125
3680.0,81400.0,4.0,1598.0,2019.0,13.0,0.0,5,11.0,0.0,0.0,4.0,2019,12,1,0.0,81400.0,0,4,11.307142836927456
19577.0,900.0,4.0,1498.0,2026.0,13.0,3.0,5,11.0,0.0,0.0,5.0,2026,6,0,0.0,900.0,0,2,6.803505257608338
21903.0,9000.0,6.0,1499.0,2025.0,19.0,1.0,6,10.0,340.0,34.46,5.0,2025,3,0,0.0,9000.0,1,1,9.105090961257085
28851.0,11000.0,4.0,1997.0,2024.0,20.0,3.0,5,3.0,0.0,0.0,4.0,2025,8,0,1.0,5500.0,0,3,9.305741456739435
3208.0,66000.0,4.0,2438.0,2015.0,17.0,2.0,7,3.0,0.0,0.0,5.0,2016,5,1,1.0,33000.0,0,2,11.097425172408931
18076.0,28200.0,6.0,1499.0,2023.0,17.0,3.0,5,11.0,160.0,39.8,5.0,2024,3,0,1.0,14100.0,1,1,10.247112717290387
8243.0,115000.0,7.0,1908.792198826372,2019.0,13.0,3.0,5,11.0,135.0,58.8,4.0,2020,5,0,1.0,57500.0,1,2,11.652696102959753
11746.0,46500.0,4.0,1997.0,2020.0,17.0,3.0,5,11.0,0.0,0.0,5.0,2020,11,0,0.0,46500.0,0,4,10.747229096720554
64473.0,51000.0,4.0,1908.792198826372,2015.0,13.0,1.0,0,11.0,0.0,0.0,4.603574926542605,2017,3,1,2.0,17000.0,0,1,10.839600519357369
10480.0,66000.0,4.0,1598.0,2022.0,17.0,0.0,5,11.0,0.0,0.0,5.0,2022,9,0,0.0,66000.0,0,3,11.097425172408931
24994.0,26000.0,4.0,1995.0,2023.0,17.0,3.0,5,2.0,0.0,0.0,5.0,2023,7,0,0.0,26000.0,0,3,10.165890277802454
26039.0,36800.0,4.0,1975.0,2021.0,8.0,3.0,7,11.0,0.0,0.0,5.0,2023,3,0,2.0,12266.666666666666,0,1,10.513280297700861
17796.0,10000.0,8.0,1499.0,2026.0,19.0,0.0,6,7.0,170.0,38.7,5.0,2025,6,0,0.0,10000.0,1,2,9.210440366976517
50607.0,710.0,6.0,1974.0,2026.0,19.0,3.0,5,2.0,660.0,70.0,5.0,2026,5,0,0.0,710.0,1,2,6.566672429803241
38831.0,10000.0,6.0,1998.0,2024.0,19.0,3.0,5,2.0,120.0,37.1,5.0,2024,12,0,0.0,10000.0,1,4,9.210440366976517
9685.0,19000.0,7.0,1908.792198826372,2023.0,13.0,2.0,5,11.0,100.0,50.6,5.0,2024,5,0,1.0,9500.0,1,2,9.852246888342531
39008.0,23500.0,6.0,1498.0,2025.0,8.0,0.0,7,2.0,245.0,40.0,5.0,2025,2,0,0.0,23500.0,1,1,10.064798252418377
7330.0,83000.0,4.0,1481.0,2022.0,6.0,2.0,7,11.0,0.0,0.0,5.0,2023,4,0,1.0,41500.0,0,2,11.326607934898927
35033.0,800.0,7.0,1908.792198826372,2026.0,17.0,0.0,5,7.0,220.0,62.5,5.0,2026,6,0,0.0,800.0,1,2,6.68586094706836
8655.0,105000.0,8.0,1498.0,2020.0,17.0,0.0,5,7.0,255.0,35.0,5.0,2020,12,0,0.0,105000.0,1,4,11.561725152903833
21020.0,37000.0,1.0,1969.0,2022.0,17.0,3.0,5,2.0,0.0,0.0,5.0,2021,12,0,0.0,37000.0,0,4,10.518700218288165
5961.0,94300.0,7.0,1908.792198826372,2019.0,12.0,3.0,5,11.0,110.0,44.5,5.0,2019,12,0,0.0,94300.0,1,4,11.454247073019193
51210.0,600.0,7.0,1908.792198826372,2026.0,20.0,0.0,5,8.0,850.0,122.5,5.0,2026,4,0,0.0,600.0,1,2,6.398594934535208
10833.0,7000.0,7.0,1908.792198826372,2026.0,13.0,3.0,5,7.0,160.0,56.2,5.0,2025,11,0,0.0,7000.0,1,4,8.853808274977197
3503.0,100000.0,3.0,2499.0,2017.0,1.0,3.0,0,3.0,0.0,0.0,4.0,2017,3,1,0.0,100000.0,0,1,11.51293546492023
12335.0,38000.0,4.0,1998.0,2023.0,13.0,3.0,5,11.0,0.0,0.0,4.0,2024,3,0,1.0,19000.0,0,1,10.545367754151743
55641.0,30000.0,7.0,1908.792198826372,2025.0,8.0,3.0,6,7.0,200.0,116.0,5.0,2024,8,0,0.0,30000.0,1,3,10.308985993422082
17634.0,6000.0,8.0,1499.0,2025.0,20.0,0.0,5,7.0,195.0,34.7,4.0,2025,4,0,0.0,6000.0,1,2,8.699681400989514
11599.0,110000.0,7.0,1908.792198826372,2022.0,13.0,2.0,5,11.0,150.0,70.0,4.0,2023,3,0,1.0,55000.0,1,1,11.608244735642321
32354.0,100.0,6.0,1991.0,2025.0,8.0,0.0,7,11.0,134.0,25.5,5.0,2026,7,0,1.0,50.0,1,3,4.61512051684126
43865.0,37000.0,1.0,1995.0,2022.0,20.0,3.0,5,3.0,0.0,0.0,4.0,2021,10,0,0.0,37000.0,0,4,10.518700218288165
890560.0,3000.0,4.0,6496.0,2023.0,19.0,0.0,4,2.0,0.0,0.0,5.0,2025,7,0,2.0,1000.0,0,3,8.006700845440367
26024.0,7500.0,7.0,1908.792198826372,2025.0,17.0,3.0,5,7.0,218.0,80.8,5.0,2025,8,0,0.0,7500.0,1,3,8.922791623969637
13969.0,28000.0,7.0,1908.792198826372,2025.0,17.0,0.0,5,11.0,185.0,64.8,5.0,2025,2,0,0.0,28000.0,1,1,10.239995502805316
3724.0,60000.0,7.0,1908.792198826372,2019.0,16.0,3.0,0,11.0,70.0,0.0,4.0,2021,5,0,2.0,20000.0,0,2,11.002116507732017
30735.0,9700.0,5.0,2487.0,2024.0,17.0,0.0,7,10.0,174.0,0.0,5.0,2024,6,0,0.0,9700.0,0,2,9.179984251961283
7919.0,120000.0,3.0,2498.0,2019.0,5.0,3.0,0,10.0,0.0,0.0,4.0,2019,5,0,0.0,120000.0,0,2,11.695255355062795
8802.0,27200.0,4.0,1497.0,2023.0,12.0,3.0,5,11.0,0.0,0.0,5.0,2023,9,1,0.0,27200.0,0,3,10.211009016314167
10009.0,27000.0,7.0,1908.792198826372,2024.0,20.0,3.0,5,7.0,160.0,56.83,5.0,2024,11,0,0.0,27000.0,1,4,10.203629181337648
45337.0,55000.0,4.0,1908.792198826372,2021.0,8.0,0.0,0,11.0,0.0,0.0,4.603574926542605,2021,6,0,0.0,55000.0,0,2,10.915106645867503
6182.0,58300.0,4.0,1490.0,2017.0,17.0,3.0,5,11.0,0.0,0.0,5.0,2017,8,0,0.0,58300.0,0,3,10.97337452485014
14425.0,15000.0,7.0,1908.792198826372,2025.0,17.0,3.0,5,7.0,190.0,68.82,5.0,2025,10,0,0.0,15000.0,1,4,9.61587214452889
43424.0,75000.0,4.0,1908.792198826372,2017.0,14.0,0.0,0,11.0,0.0,0.0,4.603574926542605,2018,9,0,1.0,37500.0,0,3,11.225256725762893
5416.0,4800.0,7.0,1908.792198826372,2025.0,21.0,0.0,4,7.0,30.0,17.03,3.0,2025,4,0,0.0,4800.0,1,2,8.476579508530941
7183.0,18000.0,4.0,988.0,2019.0,13.0,3.0,5,11.0,0.0,0.0,4.0,2021,8,0,2.0,6000.0,0,3,9.798182590890704
3974.0,80000.0,7.0,1908.792198826372,2021.0,10.0,1.0,5,11.0,45.0,30.2,5.0,2022,7,0,1.0,40000.0,1,3,11.289794413577894
9244.0,18000.0,4.0,1494.0,2024.0,12.0,3.0,7,11.0,0.0,0.0,5.0,2024,1,0,0.0,18000.0,0,1,9.798182590890704
36505.0,20000.0,8.0,1496.0,2024.0,19.0,3.0,6,9.0,330.0,52.3,5.0,2024,3,0,0.0,20000.0,1,1,9.90353755128617
9832.0,75000.0,4.0,1498.0,2021.0,12.0,3.0,5,11.0,0.0,0.0,5.0,2021,6,0,0.0,75000.0,0,2,11.225256725762893
42540.0,100.0,7.0,1908.792198826372,2026.0,17.0,3.0,5,9.0,331.0,78.4,5.0,2026,6,0,0.0,100.0,1,2,4.61512051684126
12512.0,73000.0,4.0,2498.0,2017.0,17.0,3.0,5,2.0,0.0,0.0,5.0,2017,7,0,0.0,73000.0,0,3,11.19822841866684
14543.0,6300.0,4.0,1998.0,2024.0,12.0,3.0,5,2.0,0.0,0.0,5.0,2025,1,0,1.0,3150.0,0,1,8.748463629942055
9244.0,24000.0,7.0,1908.792198826372,2022.0,13.0,3.0,5,11.0,100.0,60.0,4.0,2024,7,0,2.0,8000.0,1,3,10.085850775128717
13660.0,100.0,4.0,1498.0,2022.0,13.0,3.0,5,11.0,0.0,0.0,4.0,2026,6,0,4.0,20.0,0,2,4.61512051684126
38242.0,17800.0,7.0,1908.792198826372,2025.0,17.0,3.0,5,9.0,331.0,78.4,5.0,2025,8,0,0.0,17800.0,1,3,9.787009914477434
57408.0,74000.0,4.0,3993.0,2012.0,22.0,3.0,4,2.0,0.0,0.0,2.0,2013,10,0,1.0,37000.0,0,4,11.211833885608513
18664.0,15000.0,6.0,1498.0,2025.0,17.0,3.0,5,11.0,160.0,26.6,5.0,2025,10,0,0.0,15000.0,1,4,9.61587214452889
11496.0,10900.0,4.0,1496.0,2025.0,7.0,2.0,5,11.0,0.0,0.0,5.0,2025,1,0,0.0,10900.0,0,1,9.296609807128359
11304.0,95000.0,4.0,1997.0,2020.0,7.0,3.0,5,11.0,0.0,0.0,4.0,2020,6,0,0.0,95000.0,0,2,11.461642696843066
35298.0,9100.0,7.0,1908.792198826372,2026.0,17.0,3.0,5,7.0,220.0,62.5,5.0,2026,1,0,0.0,9100.0,1,1,9.116139576577355
10598.0,16000.0,4.0,1598.0,2023.0,17.0,3.0,5,11.0,0.0,0.0,5.0,2023,9,0,0.0,16000.0,0,3,9.680406499268875
22050.0,20000.0,7.0,1908.792198826372,2024.0,17.0,3.0,5,7.0,252.0,82.16,5.0,2024,11,0,0.0,20000.0,1,4,9.90353755128617
4857.0,60000.0,4.0,1498.0,2021.0,17.0,3.0,7,11.0,0.0,0.0,5.0,2021,8,0,0.0,60000.0,0,3,11.002116507732017
121440.0,4100.0,8.0,1499.0,2025.0,15.0,3.0,4,9.0,390.0,65.0,4.0,2026,2,0,1.0,2050.0,1,1,8.31898612539206
55317.0,23000.0,4.0,2956.0,2024.0,19.0,3.0,6,2.0,0.0,0.0,5.0,2024,9,0,0.0,23000.0,0,3,10.043292972227004
19548.0,21000.0,4.0,1998.0,2021.0,12.0,3.0,5,11.0,0.0,0.0,5.0,2023,5,0,2.0,7000.0,0,2,9.952325334619427
22374.0,100.0,1.0,1969.0,2026.0,7.0,3.0,5,11.0,0.0,0.0,4.0,2026,6,0,0.0,100.0,0,2,4.61512051684126
8360.0,4200.0,4.0,1598.0,2026.0,13.0,3.0,5,11.0,0.0,0.0,4.0,2026,1,0,0.0,4200.0,0,1,8.343077871169383
30897.0,11000.0,6.0,1497.0,2025.0,17.0,3.0,5,2.0,485.0,31.8,5.0,2025,3,0,0.0,11000.0,1,1,9.305741456739435
278208.0,25000.0,4.0,3902.0,2015.0,22.0,3.0,2,5.0,0.0,0.0,2.0,2018,1,0,3.0,6250.0,0,1,10.12667110305036
33561.0,6000.0,4.0,1998.0,2025.0,13.0,2.0,5,11.0,0.0,0.0,5.0,2025,7,0,0.0,6000.0,0,3,8.699681400989514
7772.0,90000.0,3.0,1996.0,2021.0,8.0,3.0,7,3.0,0.0,0.0,4.0,2021,6,1,0.0,90000.0,0,2,11.407576060361786
13512.0,33000.0,8.0,1499.0,2024.0,17.0,1.0,5,7.0,170.0,28.4,5.0,2024,3,0,0.0,33000.0,1,1,10.404293143019792
8213.0,42000.0,4.0,1494.0,2023.0,12.0,3.0,7,11.0,0.0,0.0,5.0,2024,1,0,1.0,21000.0,0,1,10.645448706505872
7919.0,149600.0,4.0,1999.0,2016.0,17.0,0.0,7,11.0,0.0,0.0,5.0,2016,5,0,0.0,149600.0,0,2,11.915727028992151
11452.0,21200.0,7.0,1908.792198826372,2024.0,13.0,3.0,5,11.0,135.0,47.8,5.0,2024,5,0,0.0,21200.0,1,2,9.961803629358965
17369.0,300.0,7.0,1908.792198826372,2025.0,20.0,3.0,5,7.0,160.0,79.97,5.0,2026,6,0,1.0,150.0,1,2,5.707110264748875
5152.0,53000.0,4.0,1341.0,2019.0,18.0,3.0,5,11.0,0.0,0.0,4.0,2019,5,0,0.0,53000.0,0,2,10.87806606028079
63001.0,7000.0,4.0,1908.792198826372,2023.0,2.0,3.0,0,11.0,0.0,0.0,4.603574926542605,2024,6,0,1.0,3500.0,0,2,8.853808274977197
27791.0,20000.0,8.0,1497.0,2025.0,14.0,0.0,6,9.0,362.0,40.18,5.0,2025,5,0,0.0,20000.0,1,2,9.90353755128617
255833.0,110000.0,4.0,6592.0,2018.0,15.0,0.0,5,3.0,0.0,0.0,4.0,2018,6,0,0.0,110000.0,0,2,11.608244735642321
94031.0,13000.0,4.0,1908.792198826372,2023.0,2.0,3.0,0,11.0,0.0,0.0,4.603574926542605,2023,8,0,0.0,13000.0,0,3,9.472781556562168
10274.0,100.0,6.0,1499.0,2025.0,17.0,2.0,5,11.0,160.0,25.0,5.0,2026,6,0,1.0,50.0,1,2,4.61512051684126
13218.0,62200.0,4.0,1997.0,2019.0,1.0,3.0,0,11.0,0.0,0.0,4.0,2021,10,0,2.0,20733.333333333332,0,4,11.038126355768453
1589.0,50000.0,4.0,1298.0,2018.0,16.0,3.0,0,5.0,0.0,0.0,5.0,2019,3,1,1.0,25000.0,0,1,10.819798284210286
67682.0,23000.0,7.0,1908.792198826372,2025.0,15.0,3.0,5,9.0,0.0,0.0,4.603574926542605,2025,3,0,0.0,23000.0,0,1,10.043292972227004
9391.0,43800.0,4.0,1496.0,2023.0,18.0,3.0,5,11.0,0.0,0.0,5.0,2024,1,0,1.0,21900.0,0,1,10.687411927154141
61529.0,10000.0,8.0,1496.0,2025.0,14.0,3.0,6,9.0,365.0,52.0,5.0,2025,4,0,0.0,10000.0,1,2,9.210440366976517
1589.0,74200.0,4.0,1798.0,2014.0,12.0,3.0,5,11.0,0.0,0.0,5.0,2014,10,0,0.0,74200.0,0,4,11.214532906153606
14705.0,48800.0,7.0,1908.792198826372,2024.0,17.0,3.0,5,7.0,240.0,60.0,5.0,2024,12,0,0.0,48800.0,1,4,10.795506083434564
3944.0,73000.0,4.0,1998.0,2017.0,1.0,3.0,0,5.0,0.0,0.0,4.0,2019,1,1,2.0,24333.333333333332,0,1,11.19822841866684
25038.0,100.0,7.0,1908.792198826372,2023.0,19.0,1.0,5,9.0,400.0,90.0,5.0,1990,1,0,0.0,100.0,1,1,4.61512051684126
15132.0,100.0,4.0,1598.0,2025.0,18.0,3.0,5,11.0,0.0,0.0,5.0,1990,1,0,0.0,100.0,0,1,4.61512051684126
12188.0,11000.0,4.0,1498.0,2025.0,13.0,3.0,5,11.0,0.0,0.0,5.0,2025,9,0,0.0,11000.0,0,3,9.305741456739435
16928.0,3000.0,7.0,1908.792198826372,2026.0,17.0,3.0,5,7.0,220.0,74.9,5.0,2025,10,0,0.0,3000.0,1,4,8.006700845440367
11746.0,100.0,4.0,1499.0,2026.0,12.0,3.0,5,11.0,0.0,0.0,5.0,2026,3,0,0.0,100.0,0,1,4.61512051684126
7183.0,76800.0,4.0,1998.0,2019.0,17.0,0.0,5,10.0,0.0,0.0,5.0,2019,3,0,0.0,76800.0,0,1,11.248972939884327
15161.0,10300.0,4.0,1969.0,2021.0,7.0,3.0,5,11.0,0.0,0.0,4.0,2020,12,0,0.0,10300.0,0,4,9.239996256883693
703439.0,23000.0,4.0,6749.0,2018.0,14.0,3.0,5,2.0,0.0,0.0,5.0,2022,6,0,4.0,4600.0,0,2,10.043292972227004
8066.0,5600.0,4.0,1485.0,2024.0,13.0,3.0,5,11.0,0.0,0.0,4.0,2024,9,0,0.0,5600.0,0,3,8.630700432209832
868.0,120000.0,4.0,1298.0,2016.0,16.0,3.0,0,5.0,0.0,0.0,5.0,2016,6,1,0.0,120000.0,0,2,11.695255355062795
17192.0,30000.0,4.0,1999.0,2019.0,20.0,0.0,5,11.0,0.0,0.0,4.0,2021,5,0,2.0,10000.0,0,2,10.308985993422082
11761.0,32400.0,4.0,1497.0,2023.0,0.0,3.0,7,11.0,0.0,0.0,5.0,2024,4,0,1.0,16200.0,0,2,10.385944565501662
8360.0,73400.0,6.0,1999.0,2018.0,17.0,3.0,7,2.0,290.0,23.97,5.0,2019,1,0,1.0,36700.0,1,1,11.203692838488003
938797.0,9000.0,4.0,6496.0,2023.0,19.0,0.0,4,2.0,0.0,0.0,5.0,2026,1,0,3.0,2250.0,0,1,9.105090961257085
10127.0,3000.0,4.0,1494.0,2026.0,13.0,3.0,5,11.0,0.0,0.0,4.0,2025,9,0,0.0,3000.0,0,3,8.006700845440367
288217.0,10000.0,4.0,3994.0,2019.0,22.0,3.0,2,5.0,0.0,0.0,2.0,2018,9,0,0.0,10000.0,0,3,9.210440366976517
35151.0,9000.0,7.0,1908.792198826372,2026.0,20.0,0.0,5,9.0,402.0,94.53,4.0,2025,10,0,0.0,9000.0,1,4,9.105090961257085
263193.0,33000.0,4.0,3994.0,2019.0,22.0,0.0,2,5.0,0.0,0.0,2.0,2019,6,0,0.0,33000.0,0,2,10.404293143019792
22080.0,11000.0,7.0,1908.792198826372,2023.0,17.0,1.0,5,9.0,230.0,66.0,5.0,2023,10,0,0.0,11000.0,1,4,9.305741456739435
129536.0,14000.0,4.0,3994.0,2019.0,22.0,3.0,2,5.0,0.0,0.0,2.0,2021,6,0,2.0,4666.666666666667,0,2,9.546884034617925
14999.0,20000.0,8.0,1497.0,2024.0,19.0,3.0,6,7.0,200.0,34.32,5.0,2024,7,0,0.0,20000.0,1,3,9.90353755128617
6741.0,47000.0,7.0,1908.792198826372,2024.0,12.0,3.0,5,11.0,60.0,29.67,5.0,2024,1,0,0.0,47000.0,1,1,10.757924157061597
30440.0,100.0,6.0,1498.0,2025.0,19.0,0.0,5,2.0,360.0,35.6,5.0,1990,1,0,0.0,100.0,1,1,4.61512051684126
86700.0,100.0,6.0,1974.0,2025.0,14.0,0.0,6,2.0,1030.0,70.0,5.0,1990,1,0,0.0,100.0,1,1,4.61512051684126
18664.0,24000.0,8.0,1499.0,2024.0,19.0,3.0,5,9.0,345.0,41.16,5.0,2024,12,0,0.0,24000.0,1,4,10.085850775128717
31912.0,30000.0,7.0,1908.792198826372,2023.0,20.0,3.0,4,9.0,494.0,120.0,4.0,2023,4,0,0.0,30000.0,1,2,10.308985993422082
20136.0,12000.0,5.0,1999.0,2024.0,6.0,0.0,7,11.0,134.0,0.0,5.0,2025,7,0,1.0,6000.0,0,3,9.392745258631441
11157.0,27800.0,7.0,1908.792198826372,2024.0,12.0,3.0,5,7.0,135.0,50.63,5.0,2024,9,0,0.0,27800.0,1,3,10.2328272702548
3797.0,60000.0,4.0,1981.0,2018.0,17.0,3.0,5,11.0,0.0,0.0,5.0,2019,5,0,1.0,30000.0,0,2,11.002116507732017
5004.0,67200.0,7.0,1908.792198826372,2020.0,11.0,3.0,5,11.0,92.0,49.5,5.0,2021,6,0,1.0,33600.0,1,2,11.1154434073529
2752.0,62300.0,4.0,1997.0,2017.0,12.0,3.0,5,11.0,0.0,0.0,5.0,2018,1,0,1.0,31150.0,0,1,11.03973275601109
7624.0,145900.0,4.0,2985.0,2014.0,19.0,0.0,5,2.0,0.0,0.0,5.0,2014,10,0,0.0,145900.0,0,4,11.890683588496984
1913.0,93300.0,7.0,1908.792198826372,2014.0,13.0,3.0,4,11.0,42.0,19.2,4.0,2015,9,0,1.0,46650.0,1,3,11.443586104891608
12188.0,70700.0,6.0,1499.0,2024.0,17.0,0.0,5,11.0,165.0,19.43,5.0,2024,1,0,0.0,70700.0,1,1,11.166214996056205
6638.0,31800.0,4.0,1908.792198826372,2019.0,5.0,3.0,0,3.0,0.0,0.0,4.0,2019,6,0,0.0,31800.0,0,2,10.367253014814716
12673.0,44500.0,7.0,1908.792198826372,2024.0,12.0,3.0,5,9.0,205.0,65.69,5.0,2024,5,0,0.0,44500.0,1,2,10.703266939811954
1442.0,120000.0,4.0,1495.0,2016.0,0.0,3.0,7,11.0,0.0,0.0,5.0,2016,5,1,0.0,120000.0,0,2,11.695255355062795
3797.0,14000.0,7.0,1908.792198826372,2022.0,10.0,3.0,4,11.0,30.0,12.92,3.0,2024,4,0,2.0,4666.666666666667,1,2,9.546884034617925
26319.0,28000.0,8.0,1499.0,2024.0,19.0,0.0,5,7.0,200.0,42.0,5.0,2024,8,0,0.0,28000.0,1,3,10.239995502805316
2472.0,130000.0,4.0,3664.0,2009.0,19.0,3.0,7,10.0,0.0,0.0,5.0,2008,7,0,0.0,130000.0,0,3,11.775297421715827
43865.0,16000.0,8.0,1498.0,2025.0,20.0,2.0,5,7.0,227.0,53.4,5.0,2025,10,0,0.0,16000.0,1,4,9.680406499268875
41775.0,10400.0,8.0,1496.0,2026.0,19.0,2.0,5,9.0,392.0,53.4,5.0,2025,10,0,0.0,10400.0,1,4,9.249657234353133
4857.0,92800.0,4.0,1967.0,2019.0,12.0,0.0,5,11.0,0.0,0.0,5.0,2019,8,0,0.0,92800.0,0,3,11.438212694578302
263193.0,10000.0,4.0,3994.0,2019.0,22.0,3.0,2,5.0,0.0,0.0,2.0,2018,6,0,0.0,10000.0,0,2,9.210440366976517
15161.0,40200.0,7.0,1908.792198826372,2023.0,12.0,3.0,5,9.0,315.0,66.0,5.0,2023,7,0,0.0,40200.0,1,3,10.601647149919609
68889.0,8000.0,4.0,3456.0,2024.0,8.0,3.0,7,3.0,0.0,0.0,5.0,2024,8,0,0.0,8000.0,0,3,8.987321812850125
8802.0,25000.0,6.0,1498.0,2024.0,17.0,3.0,5,11.0,130.0,17.52,5.0,2024,11,0,0.0,25000.0,1,4,10.12667110305036
2178.0,80000.0,4.0,1199.0,2016.0,13.0,3.0,5,11.0,0.0,0.0,4.0,2017,5,1,1.0,40000.0,0,2,11.289794413577894
18223.0,2600.0,4.0,1998.0,2024.0,12.0,3.0,5,11.0,0.0,0.0,5.0,2024,8,0,0.0,2600.0,0,3,7.8636512654486515
5416.0,73000.0,7.0,1908.792198826372,2023.0,16.0,3.0,0,7.0,70.0,0.0,5.0,2023,7,0,0.0,73000.0,0,3,11.19822841866684
31471.0,10000.0,8.0,1499.0,2025.0,19.0,3.0,5,9.0,382.0,53.4,5.0,2025,5,0,0.0,10000.0,1,2,9.210440366976517
12953.0,36000.0,4.0,1197.0,2023.0,13.0,3.0,5,11.0,0.0,0.0,4.0,2023,12,0,0.0,36000.0,0,4,10.491301994830229
29440.0,74000.0,6.0,1497.0,2022.0,8.0,3.0,7,2.0,215.0,40.06,5.0,2024,2,0,2.0,24666.666666666668,1,1,11.211833885608513
18400.0,15200.0,7.0,1908.792198826372,2026.0,12.0,3.0,5,9.0,335.0,80.16,5.0,2025,11,0,0.0,15200.0,1,4,9.62911649414402
28556.0,16000.0,6.0,1998.0,2025.0,12.0,0.0,5,2.0,120.0,37.1,5.0,2025,9,0,0.0,16000.0,1,3,9.680406499268875
22050.0,3000.0,8.0,1498.0,2025.0,17.0,0.0,5,7.0,150.0,32.6,5.0,2025,9,0,0.0,3000.0,1,3,8.006700845440367
19989.0,43300.0,7.0,1908.792198826372,2025.0,19.0,1.0,5,7.0,216.0,75.0,5.0,2025,1,0,0.0,43300.0,1,1,10.675931008412125
27585.0,10000.0,7.0,1908.792198826372,2025.0,19.0,3.0,5,7.0,235.0,96.3,5.0,2025,11,0,0.0,10000.0,1,4,9.210440366976517
28821.0,30000.0,4.0,1995.0,2023.0,17.0,0.0,5,2.0,0.0,0.0,5.0,2024,1,0,1.0,15000.0,0,1,10.308985993422082
7345.0,40000.0,5.0,1476.0,2023.0,12.0,2.0,5,11.0,105.0,0.0,5.0,2023,9,0,0.0,40000.0,0,3,10.596659732783579
14690.0,46000.0,4.0,1498.0,2023.0,17.0,0.0,5,11.0,0.0,0.0,5.0,2023,5,0,0.0,46000.0,0,2,10.736418414365376
41039.0,13000.0,8.0,1496.0,2025.0,19.0,3.0,6,9.0,330.0,52.3,5.0,2025,5,0,0.0,13000.0,1,2,9.472781556562168
65945.0,4000.0,4.0,2261.0,2026.0,17.0,3.0,5,2.0,0.0,0.0,4.0,2026,2,0,0.0,4000.0,0,1,8.294299608857235
6962.0,67700.0,4.0,1490.0,2022.0,12.0,2.0,5,11.0,0.0,0.0,5.0,2022,9,0,0.0,67700.0,0,3,11.12285622984002
1736.0,95000.0,4.0,1997.0,2013.0,13.0,3.0,5,11.0,0.0,0.0,4.0,2014,9,0,1.0,47500.0,0,3,11.461642696843066
5019.0,8400.0,4.0,1591.0,2016.0,13.0,3.0,5,11.0,0.0,0.0,4.0,2018,8,0,2.0,2800.0,0,3,9.036106025364846
3944.0,106000.0,4.0,1797.0,2015.0,7.0,3.0,5,11.0,0.0,0.0,4.0,2016,8,0,1.0,53000.0,0,3,11.571203807011969
108633.0,9000.0,4.0,2995.0,2025.0,19.0,0.0,5,2.0,0.0,0.0,5.0,2025,8,0,0.0,9000.0,0,3,9.105090961257085
24994.0,300.0,8.0,1499.0,2026.0,20.0,3.0,5,7.0,180.0,49.2,5.0,2026,5,0,0.0,300.0,1,2,5.707110264748875
170457.0,61000.0,4.0,3996.0,2018.0,19.0,3.0,5,2.0,0.0,0.0,5.0,2020,5,0,2.0,20333.333333333332,0,2,11.0186455364637
40921.0,100.0,6.0,1497.0,2025.0,14.0,2.0,5,2.0,405.0,31.7,5.0,2026,5,0,1.0,50.0,1,2,4.61512051684126
20578.0,7600.0,8.0,1499.0,2026.0,19.0,3.0,5,7.0,170.0,38.7,5.0,2025,11,0,0.0,7600.0,1,4,8.936035096566041
28497.0,27500.0,7.0,1908.792198826372,2024.0,19.0,1.0,5,9.0,365.0,100.0,5.0,2024,10,0,0.0,27500.0,1,4,10.221977646629885
174873.0,18000.0,4.0,3982.0,2021.0,19.0,1.0,5,2.0,0.0,0.0,5.0,2022,1,0,1.0,9000.0,0,1,9.798182590890704
2502.0,40900.0,7.0,1908.792198826372,2022.0,21.0,2.0,4,11.0,35.0,31.45,5.0,2022,1,0,0.0,40900.0,1,1,10.61890979160975
10274.0,17000.0,8.0,1480.0,2025.0,7.0,0.0,5,7.0,175.0,18.99,5.0,2025,1,0,0.0,17000.0,1,1,9.741027444837728
189711.0,3800.0,7.0,1908.792198826372,2025.0,19.0,3.0,5,1.0,432.0,122.0,5.0,2025,1,0,0.0,3800.0,1,1,8.24301946898925
7477.0,108000.0,4.0,1798.0,2018.0,17.0,3.0,5,11.0,0.0,0.0,5.0,2018,1,0,0.0,108000.0,0,1,11.58989576532275
24847.0,11000.0,7.0,1908.792198826372,2026.0,17.0,3.0,5,7.0,252.0,82.16,5.0,2025,10,0,0.0,11000.0,1,4,9.305741456739435
42393.0,52000.0,8.0,1496.0,2024.0,14.0,0.0,6,9.0,330.0,52.3,5.0,2024,4,0,0.0,52000.0,1,2,10.859018228147887
13071.0,69000.0,3.0,1996.0,2021.0,5.0,3.0,0,2.0,0.0,0.0,4.0,2023,2,0,2.0,23000.0,0,1,11.141876276228
5269.0,40000.0,7.0,1908.792198826372,2023.0,12.0,3.0,5,11.0,40.0,0.0,5.0,2023,11,0,0.0,40000.0,0,4,10.596659732783579
495769.0,33000.0,4.0,6496.0,2017.0,22.0,3.0,2,3.0,0.0,0.0,2.0,2018,1,0,1.0,16500.0,0,1,10.404293143019792
21167.0,8000.0,8.0,1498.0,2025.0,17.0,3.0,5,7.0,150.0,32.6,5.0,2025,10,0,0.0,8000.0,1,4,8.987321812850125
27349.0,40000.0,6.0,1991.0,2022.0,20.0,0.0,5,3.0,90.0,25.4,4.0,2022,7,0,0.0,40000.0,1,3,10.596659732783579
115993.0,45000.0,4.0,3982.0,2019.0,22.0,3.0,4,3.0,0.0,0.0,2.0,2019,3,0,0.0,45000.0,0,1,10.714439990727769
5416.0,62800.0,7.0,1908.792198826372,2022.0,11.0,1.0,4,11.0,60.0,33.5,5.0,2022,7,0,0.0,62800.0,1,3,11.047726275896391
15573.0,65000.0,4.0,1991.0,2021.0,8.0,3.0,7,11.0,0.0,0.0,5.0,2021,10,0,0.0,65000.0,0,4,11.082157933374816
29145.0,86000.0,4.0,1995.0,2019.0,17.0,3.0,5,2.0,0.0,0.0,4.0,2019,11,0,0.0,86000.0,0,4,11.362114203075018
18841.0,13000.0,7.0,1908.792198826372,2026.0,19.0,0.0,5,7.0,220.0,81.9,5.0,2026,1,0,0.0,13000.0,1,1,9.472781556562168
7919.0,40000.0,7.0,1908.792198826372,2019.0,12.0,1.0,5,11.0,160.0,61.0,5.0,2021,12,0,2.0,13333.333333333334,1,4,10.596659732783579
3797.0,48000.0,4.0,1992.0,2015.0,12.0,3.0,5,11.0,0.0,0.0,5.0,2015,9,0,0.0,48000.0,0,3,10.778977123006351
18959.0,59000.0,4.0,1395.0,2022.0,17.0,0.0,5,11.0,0.0,0.0,5.0,2022,2,0,0.0,59000.0,0,1,10.985309671896763
4239.0,55000.0,7.0,1908.792198826372,2022.0,16.0,3.0,0,7.0,60.0,0.0,5.0,2022,11,0,0.0,55000.0,0,4,10.915106645867503
20578.0,3000.0,8.0,1498.0,2025.0,17.0,1.0,5,7.0,150.0,32.6,5.0,2025,9,0,0.0,3000.0,1,3,8.006700845440367
21093.0,56400.0,0.0,1968.0,2023.0,19.0,3.0,5,10.0,0.0,0.0,5.0,2024,1,0,1.0,28200.0,0,1,10.94024216782542
33120.0,3000.0,8.0,1496.0,2026.0,19.0,0.0,5,7.0,230.0,52.0,5.0,2026,4,0,0.0,3000.0,1,2,8.006700845440367
11040.0,9900.0,7.0,1908.792198826372,2025.0,13.0,3.0,5,11.0,70.0,42.3,5.0,2025,10,0,0.0,9900.0,1,4,9.200391041122515
23228.0,45000.0,7.0,1908.792198826372,2025.0,1.0,3.0,0,11.0,170.0,0.0,5.0,2025,10,0,0.0,45000.0,0,4,10.714439990727769
6771.0,87000.0,4.0,1498.0,2021.0,13.0,3.0,5,11.0,0.0,0.0,5.0,2021,8,0,0.0,87000.0,0,3,11.373674891823535
8802.0,66000.0,7.0,1908.792198826372,2023.0,13.0,3.0,5,11.0,100.0,50.6,5.0,2024,8,0,1.0,33000.0,1,3,11.097425172408931
9832.0,124000.0,4.0,2290.0,2016.0,19.0,3.0,5,2.0,0.0,0.0,5.0,2016,9,0,0.0,124000.0,0,3,11.728044909070785
9273.0,95800.0,4.0,2998.0,2013.0,17.0,3.0,7,2.0,0.0,0.0,5.0,2017,2,0,4.0,19160.0,0,1,11.470028402317833
28968.0,70000.0,8.0,1496.0,2023.0,19.0,3.0,6,9.0,330.0,40.9,5.0,2024,4,0,1.0,35000.0,1,2,11.156264806643742
14690.0,98200.0,4.0,1991.0,2023.0,8.0,0.0,7,11.0,0.0,0.0,5.0,2023,4,0,0.0,98200.0,0,2,11.494771677590096
88025.0,55000.0,4.0,3993.0,2015.0,15.0,0.0,5,2.0,0.0,0.0,4.0,2016,10,0,1.0,27500.0,0,4,10.915106645867503
32354.0,5000.0,4.0,1997.0,2025.0,20.0,3.0,5,3.0,0.0,0.0,4.0,2026,2,0,1.0,2500.0,0,1,8.517393171418904
9214.0,23000.0,7.0,1908.792198826372,2024.0,19.0,3.0,5,7.0,250.0,77.0,5.0,2023,11,0,0.0,23000.0,1,4,10.043292972227004
2576.0,113600.0,4.0,1598.0,2015.0,13.0,3.0,5,11.0,0.0,0.0,5.0,2016,11,1,1.0,56800.0,0,4,11.640447588047344
88025.0,1400.0,1.0,2998.0,2026.0,19.0,0.0,5,10.0,0.0,0.0,5.0,2026,5,0,0.0,1400.0,0,2,7.244941546337007
16177.0,8500.0,6.0,1498.0,2025.0,17.0,3.0,5,11.0,160.0,26.6,5.0,2026,2,0,1.0,4250.0,1,1,9.04793908261736
22565.0,11400.0,6.0,1499.0,2025.0,12.0,0.0,5,11.0,165.0,43.24,5.0,2025,10,0,0.0,11400.0,1,4,9.34145634983372
39125.0,4000.0,7.0,1908.792198826372,2026.0,14.0,3.0,6,9.0,520.0,102.0,5.0,2025,11,0,0.0,4000.0,1,4,8.294299608857235
34856.0,27600.0,4.0,1987.0,2020.0,17.0,3.0,5,2.0,0.0,0.0,5.0,2021,6,0,1.0,13800.0,0,2,10.225607282932941
5269.0,80000.0,4.0,1997.0,2017.0,12.0,3.0,5,11.0,0.0,0.0,5.0,2017,6,0,0.0,80000.0,0,2,11.289794413577894
14396.0,15000.0,7.0,1908.792198826372,2024.0,20.0,2.0,5,7.0,220.0,73.6,4.0,2025,5,0,1.0,7500.0,1,2,9.61587214452889
19106.0,7000.0,7.0,1908.792198826372,2024.0,19.0,3.0,6,7.0,200.0,82.28,5.0,2025,4,0,1.0,3500.0,1,2,8.853808274977197
21932.0,20000.0,8.0,1496.0,2023.0,19.0,3.0,5,9.0,330.0,40.9,5.0,2024,3,0,1.0,10000.0,1,1,9.90353755128617
18959.0,88000.0,4.0,1984.0,2023.0,17.0,3.0,7,2.0,0.0,0.0,5.0,2023,7,0,0.0,88000.0,0,3,11.385103457032141
6741.0,65000.0,6.0,1498.0,2024.0,13.0,3.0,5,11.0,132.0,8.32,4.0,2024,10,0,0.0,65000.0,1,4,11.082157933374816
9155.0,9100.0,4.0,1494.0,2024.0,13.0,3.0,5,11.0,0.0,0.0,4.0,2024,8,0,0.0,9100.0,0,3,9.116139576577355
13041.0,93000.0,4.0,1997.0,2020.0,7.0,1.0,5,3.0,0.0,0.0,4.0,2021,3,0,1.0,46500.0,0,1,11.440365524765756
23993.0,34800.0,7.0,1908.792198826372,2025.0,17.0,0.0,5,7.0,310.0,75.0,5.0,2025,2,0,0.0,34800.0,1,1,10.457401400981889
5152.0,20000.0,7.0,1908.792198826372,2025.0,16.0,3.0,0,7.0,30.0,0.0,5.0,2025,3,0,0.0,20000.0,0,1,9.90353755128617
2914.0,57000.0,7.0,1908.792198826372,2018.0,21.0,3.0,4,11.0,50.0,29.2,5.0,2018,11,0,0.0,57000.0,1,4,10.950824090522445
9980.0,9700.0,7.0,1908.792198826372,2025.0,13.0,3.0,5,7.0,85.0,40.16,5.0,2025,9,0,0.0,9700.0,1,3,9.179984251961283
12629.0,25000.0,4.0,1497.0,2021.0,12.0,3.0,5,11.0,0.0,0.0,5.0,2022,7,0,1.0,12500.0,0,3,10.12667110305036
2031.0,70000.0,4.0,1499.0,2016.0,12.0,3.0,5,11.0,0.0,0.0,5.0,2017,12,0,1.0,35000.0,0,4,11.156264806643742
7183.0,6900.0,7.0,1908.792198826372,2024.0,13.0,3.0,5,11.0,70.0,31.45,5.0,2024,11,0,0.0,6900.0,1,4,8.839421607620602
9538.0,95000.0,4.0,1995.0,2018.0,12.0,0.0,5,2.0,0.0,0.0,5.0,2018,6,0,0.0,95000.0,0,2,11.461642696843066
11746.0,40000.0,7.0,1908.792198826372,2024.0,12.0,0.0,5,9.0,205.0,69.77,5.0,2024,6,0,0.0,40000.0,1,2,10.596659732783579
11746.0,45000.0,4.0,1995.0,2020.0,12.0,1.0,5,2.0,0.0,0.0,5.0,2020,1,0,0.0,45000.0,0,1,10.714439990727769
29410.0,100.0,7.0,1908.792198826372,2026.0,17.0,0.0,5,7.0,240.0,85.0,5.0,2026,5,0,0.0,100.0,1,2,4.61512051684126
3871.0,90000.0,4.0,2360.0,2017.0,17.0,3.0,5,11.0,0.0,0.0,5.0,2018,1,0,1.0,45000.0,0,1,11.407576060361786
13218.0,132000.0,4.0,3471.0,2014.0,19.0,3.0,7,2.0,0.0,0.0,5.0,2015,2,0,1.0,66000.0,0,1,11.790564777297387
15132.0,35000.0,8.0,1499.0,2024.0,17.0,3.0,5,7.0,200.0,43.74,5.0,2025,3,0,1.0,17500.0,1,1,10.463131911491967
39567.0,9400.0,6.0,1995.0,2025.0,14.0,3.0,6,2.0,560.0,46.9,5.0,2025,11,0,0.0,9400.0,1,4,9.148571345578551
7477.0,108000.0,4.0,1798.0,2018.0,17.0,3.0,5,11.0,0.0,0.0,5.0,2018,1,0,0.0,108000.0,0,1,11.58989576532275
36505.0,20000.0,4.0,3604.0,2022.0,2.0,3.0,4,2.0,0.0,0.0,4.0,2023,4,0,1.0,10000.0,0,2,9.90353755128617
15456.0,19000.0,4.0,1997.0,2026.0,17.0,3.0,5,2.0,0.0,0.0,5.0,2019,9,0,0.0,19000.0,0,3,9.852246888342531
14101.0,16000.0,4.0,1989.0,2025.0,17.0,0.0,5,10.0,0.0,0.0,5.0,2024,11,0,0.0,16000.0,0,4,9.680406499268875
15720.0,18000.0,7.0,1908.792198826372,2025.0,1.0,3.0,0,11.0,170.0,0.0,5.0,2025,9,0,0.0,18000.0,0,3,9.798182590890704
12776.0,100.0,6.0,1498.0,2026.0,18.0,3.0,5,11.0,120.0,15.87,4.0,1990,1,0,0.0,100.0,1,1,4.61512051684126
21903.0,18000.0,4.0,1395.0,2022.0,12.0,3.0,5,11.0,0.0,0.0,5.0,2022,6,0,0.0,18000.0,0,2,9.798182590890704
40921.0,3100.0,8.0,1498.0,2026.0,20.0,0.0,5,7.0,227.0,53.4,4.0,2025,12,0,0.0,3100.0,1,4,8.03947991910045
24832.0,48900.0,1.0,1969.0,2024.0,20.0,0.0,5,11.0,0.0,0.0,4.0,2023,11,0,0.0,48900.0,0,4,10.797553125151618
13984.0,6600.0,6.0,1499.0,2025.0,17.0,3.0,6,11.0,199.0,19.43,5.0,2025,4,0,0.0,6600.0,1,2,8.79497643168877
2502.0,101500.0,4.0,1498.0,2017.0,17.0,3.0,7,11.0,0.0,0.0,5.0,2017,8,0,0.0,101500.0,0,3,11.527823929632195
14101.0,52000.0,7.0,1908.792198826372,2025.0,4.0,3.0,0,11.0,125.0,0.0,5.0,2025,7,0,0.0,52000.0,0,3,10.859018228147887
5858.0,40000.0,4.0,1591.0,2019.0,13.0,1.0,5,11.0,0.0,0.0,4.0,2019,11,0,0.0,40000.0,0,4,10.596659732783579
25318.0,6000.0,7.0,1908.792198826372,2025.0,7.0,3.0,5,7.0,194.0,62.5,4.0,2025,9,0,0.0,6000.0,1,3,8.699681400989514
1177.0,91100.0,4.0,1908.792198826372,2017.0,0.0,3.0,7,11.0,0.0,0.0,5.0,2017,9,1,0.0,91100.0,0,3,11.419724060136211
38713.0,2300.0,6.0,2487.0,2022.0,17.0,3.0,5,11.0,134.0,18.12,5.0,2022,9,0,0.0,2300.0,1,3,7.741099090035366
18223.0,136000.0,5.0,1993.0,2019.0,6.0,0.0,7,11.0,135.0,0.0,5.0,2020,6,0,1.0,68000.0,0,2,11.820417517632333
5269.0,33400.0,7.0,1908.792198826372,2023.0,10.0,3.0,5,11.0,36.0,30.2,5.0,2024,7,0,1.0,16700.0,1,3,10.416341118636355
8684.0,20000.0,4.0,1961.0,2023.0,13.0,3.0,5,11.0,0.0,0.0,4.0,2023,10,0,0.0,20000.0,0,4,9.90353755128617
10745.0,30600.0,7.0,1908.792198826372,2023.0,13.0,2.0,5,11.0,135.0,47.8,5.0,2024,4,0,1.0,15300.0,1,2,10.328787967145063
14425.0,20000.0,7.0,1908.792198826372,2023.0,19.0,1.0,5,11.0,180.0,68.4,5.0,2024,5,0,1.0,10000.0,1,2,9.90353755128617
48104.0,1500.0,4.0,2261.0,2024.0,19.0,3.0,7,10.0,0.0,0.0,5.0,2025,12,0,1.0,750.0,0,4,7.313886831633462
5711.0,170000.0,4.0,1598.0,2026.0,17.0,1.0,5,11.0,0.0,0.0,5.0,2017,9,0,0.0,170000.0,0,3,12.04355959836804
6108.0,133400.0,4.0,1598.0,2020.0,13.0,3.0,5,11.0,0.0,0.0,4.0,2019,12,0,0.0,133400.0,0,4,11.801114908687438
47104.0,8470.0,8.0,1496.0,2025.0,14.0,0.0,6,9.0,392.0,53.4,5.0,2025,12,0,0.0,8470.0,1,4,9.044403844431551
48281.0,14000.0,6.0,1497.0,2026.0,14.0,3.0,6,10.0,380.0,65.0,5.0,2026,1,0,0.0,14000.0,1,1,9.546884034617925
528153.0,1400.0,6.0,2992.0,2022.0,22.0,0.0,2,5.0,122.0,7.45,2.0,2023,10,0,1.0,700.0,1,4,7.244941546337007
18694.0,10000.0,6.0,1499.0,2026.0,17.0,3.0,5,11.0,150.0,32.66,5.0,2026,1,0,0.0,10000.0,1,1,9.210440366976517
13424.0,40000.0,4.0,1995.0,2017.0,18.0,1.0,5,3.0,0.0,0.0,4.0,2018,2,0,1.0,20000.0,0,1,10.596659732783579
5858.0,20000.0,7.0,1908.792198826372,2026.0,10.0,1.0,5,11.0,40.0,28.08,5.0,2025,4,0,0.0,20000.0,1,2,9.90353755128617
3650.0,220000.0,3.0,1947.0,2014.0,8.0,3.0,7,3.0,0.0,0.0,5.0,2015,11,1,1.0,110000.0,0,4,12.301387370778713
16015.0,15000.0,6.0,1499.0,2024.0,12.0,0.0,5,11.0,150.0,27.2,5.0,2024,11,0,0.0,15000.0,1,4,9.61587214452889
37977.0,6000.0,7.0,1908.792198826372,2026.0,14.0,0.0,6,9.0,520.0,102.0,5.0,2026,3,0,0.0,6000.0,1,1,8.699681400989514
16751.0,62000.0,4.0,1395.0,2023.0,13.0,3.0,5,11.0,0.0,0.0,5.0,2023,5,0,0.0,62000.0,0,2,11.034905792929415
14425.0,44000.0,4.0,1998.0,2021.0,12.0,3.0,5,11.0,0.0,0.0,5.0,2023,8,0,2.0,14666.666666666666,0,3,10.691967639914864
1530.0,80000.0,4.0,1368.0,2014.0,13.0,3.0,5,11.0,0.0,0.0,5.0,2015,6,0,1.0,40000.0,0,2,11.289794413577894
6741.0,47000.0,7.0,1908.792198826372,2023.0,13.0,3.0,4,11.0,50.0,31.9,5.0,2023,4,0,0.0,47000.0,1,2,10.757924157061597
5137.0,100000.0,4.0,1496.0,2017.0,13.0,3.0,5,11.0,0.0,0.0,4.0,2017,10,0,0.0,100000.0,0,4,11.51293546492023
18517.0,7000.0,6.0,1499.0,2026.0,17.0,0.0,7,11.0,150.0,32.66,5.0,2025,8,0,0.0,7000.0,1,3,8.853808274977197
24729.0,10000.0,7.0,1908.792198826372,2022.0,17.0,3.0,5,7.0,194.0,60.0,5.0,2023,6,0,1.0,5000.0,1,2,9.210440366976517
12659.0,16000.0,4.0,1598.0,2025.0,7.0,3.0,5,11.0,0.0,0.0,5.0,2025,4,0,0.0,16000.0,0,2,9.680406499268875
27673.0,8000.0,7.0,1908.792198826372,2024.0,20.0,3.0,5,7.0,230.0,94.5,4.0,2024,6,0,0.0,8000.0,1,2,8.987321812850125
8758.0,28000.0,4.0,1398.0,2022.0,12.0,3.0,5,11.0,0.0,0.0,5.0,2022,9,0,0.0,28000.0,0,3,10.239995502805316
12040.0,7000.0,6.0,1499.0,2026.0,17.0,0.0,7,11.0,160.0,25.0,5.0,2026,1,0,0.0,7000.0,1,1,8.853808274977197
7624.0,120000.0,8.0,1498.0,2021.0,17.0,1.0,5,9.0,405.0,35.0,5.0,2021,12,0,0.0,120000.0,1,4,11.695255355062795
23375.0,52000.0,6.0,1497.0,2022.0,8.0,3.0,7,11.0,170.0,40.06,5.0,2023,8,0,1.0,26000.0,1,3,10.859018228147887
19989.0,3500.0,7.0,1908.792198826372,2025.0,17.0,1.0,5,9.0,412.0,85.0,5.0,2026,1,0,1.0,1750.0,1,1,8.160803920954665
36181.0,30000.0,4.0,1908.792198826372,2022.0,1.0,0.0,0,11.0,0.0,0.0,4.603574926542605,2023,1,0,1.0,15000.0,0,1,10.308985993422082
2914.0,80000.0,4.0,1997.0,2017.0,17.0,0.0,5,11.0,0.0,0.0,5.0,2019,3,0,2.0,26666.666666666668,0,1,11.289794413577894
31795.0,32000.0,4.0,1998.0,2023.0,17.0,0.0,5,2.0,0.0,0.0,5.0,2023,8,0,0.0,32000.0,0,3,10.373522431293592
19400.0,100.0,7.0,1908.792198826372,2026.0,17.0,3.0,5,7.0,220.0,81.9,5.0,2026,6,0,0.0,100.0,1,2,4.61512051684126
4592.0,65000.0,4.0,1349.0,2019.0,13.0,3.0,7,11.0,0.0,0.0,5.0,2019,7,0,0.0,65000.0,0,3,11.082157933374816
2944.0,82000.0,4.0,1368.0,2017.0,13.0,3.0,5,11.0,0.0,0.0,5.0,2017,10,0,0.0,82000.0,0,4,11.314486721293981
7934.0,85300.0,4.0,1395.0,2022.0,13.0,3.0,5,11.0,0.0,0.0,5.0,2022,11,0,0.0,85300.0,0,4,11.353941456740479
9538.0,12000.0,7.0,1908.792198826372,2026.0,11.0,3.0,5,11.0,75.0,54.0,5.0,2025,6,0,0.0,12000.0,1,2,9.392745258631441
9538.0,60000.0,4.0,1995.0,2017.0,17.0,0.0,5,2.0,0.0,0.0,5.0,2019,6,0,2.0,20000.0,0,2,11.002116507732017
14734.0,23000.0,7.0,1908.792198826372,2024.0,20.0,3.0,5,7.0,220.0,94.3,4.0,2025,4,0,1.0,11500.0,1,2,10.043292972227004
101273.0,14800.0,4.0,1991.0,2021.0,22.0,2.0,2,5.0,0.0,0.0,2.0,2024,1,0,3.0,3700.0,0,1,9.60245002503719
26172.0,52000.0,4.0,1908.792198826372,2019.0,19.0,3.0,0,11.0,0.0,0.0,4.603574926542605,2019,10,0,0.0,52000.0,0,4,10.859018228147887
21461.0,11600.0,7.0,1908.792198826372,2025.0,17.0,0.0,5,7.0,218.0,68.5,5.0,2025,8,0,0.0,11600.0,1,3,9.358846580275406
4680.0,170000.0,4.0,1395.0,2014.0,11.0,3.0,5,11.0,0.0,0.0,5.0,2015,8,1,1.0,85000.0,0,3,12.04355959836804
9685.0,32000.0,4.0,1494.0,2022.0,13.0,3.0,5,11.0,0.0,0.0,5.0,2023,4,0,1.0,16000.0,0,2,10.373522431293592
27055.0,28000.0,4.0,1395.0,2023.0,17.0,0.0,5,11.0,0.0,0.0,5.0,2023,1,0,0.0,28000.0,0,1,10.239995502805316
104217.0,32000.0,1.0,2996.0,2025.0,19.0,0.0,5,10.0,0.0,0.0,5.0,2025,1,0,0.0,32000.0,0,1,10.373522431293592
28851.0,36000.0,8.0,1496.0,2023.0,19.0,3.0,5,9.0,330.0,40.9,5.0,2023,4,0,0.0,36000.0,1,2,10.491301994830229
17192.0,52000.0,4.0,1496.0,2021.0,13.0,0.0,5,11.0,0.0,0.0,4.0,2022,6,0,1.0,26000.0,0,2,10.859018228147887
26319.0,4300.0,8.0,1499.0,2025.0,17.0,3.0,5,9.0,365.0,42.0,5.0,2025,5,0,0.0,4300.0,1,2,8.366602832783736
1545.0,54600.0,4.0,1499.0,2014.0,12.0,3.0,5,11.0,0.0,0.0,5.0,2015,9,1,1.0,27300.0,0,3,10.907807476583594
8508.0,43000.0,5.0,1999.0,2023.0,13.0,3.0,5,11.0,134.0,2.1,4.0,2023,1,0,0.0,43000.0,1,1,10.668978650219241
93913.0,130000.0,4.0,1908.792198826372,2018.0,19.0,0.0,0,11.0,0.0,0.0,4.603574926542605,2018,11,0,0.0,130000.0,0,4,11.775297421715827
55641.0,9300.0,8.0,1496.0,2025.0,14.0,0.0,6,9.0,392.0,53.4,5.0,2025,11,0,0.0,9300.0,1,4,9.137877200242468
9052.0,103600.0,7.0,1908.792198826372,2022.0,12.0,3.0,5,11.0,160.0,76.8,5.0,2023,6,0,1.0,51800.0,1,2,11.548302261270587
3356.0,40000.0,4.0,1370.0,2022.0,16.0,3.0,0,5.0,0.0,0.0,5.0,2024,1,1,2.0,13333.333333333334,0,1,10.596659732783579
11746.0,65000.0,4.0,1998.0,2021.0,12.0,3.0,5,11.0,0.0,0.0,5.0,2021,10,0,0.0,65000.0,0,4,11.082157933374816
110400.0,49000.0,1.0,2996.0,2020.0,19.0,0.0,5,2.0,0.0,0.0,5.0,2021,1,0,1.0,24500.0,0,1,10.799595985047786
3797.0,43500.0,4.0,1368.0,2017.0,12.0,1.0,5,11.0,0.0,0.0,5.0,2017,11,0,0.0,43500.0,0,4,10.680539205318292
14720.0,40000.0,7.0,1908.792198826372,2022.0,12.0,1.0,5,7.0,200.0,66.0,5.0,2022,9,0,0.0,40000.0,1,3,10.596659732783579
21608.0,110000.0,4.0,3456.0,2015.0,8.0,3.0,7,2.0,0.0,0.0,5.0,2016,1,0,1.0,55000.0,0,1,11.608244735642321
3208.0,90000.0,4.0,1499.0,2018.0,12.0,3.0,5,11.0,0.0,0.0,5.0,2018,12,0,0.0,90000.0,0,4,11.407576060361786
6624.0,22500.0,4.0,1395.0,2019.0,12.0,3.0,5,11.0,0.0,0.0,5.0,2020,10,1,1.0,11250.0,0,4,10.021315031649332
23257.0,8000.0,7.0,1908.792198826372,2025.0,17.0,0.0,5,7.0,240.0,60.0,5.0,2025,11,0,0.0,8000.0,1,4,8.987321812850125
10127.0,11000.0,7.0,1908.792198826372,2024.0,13.0,3.0,5,11.0,70.0,44.928,5.0,2026,7,0,2.0,3666.6666666666665,1,3,9.305741456739435
11540.0,17400.0,7.0,1908.792198826372,2022.0,12.0,3.0,5,11.0,150.0,60.48,5.0,2022,11,0,0.0,17400.0,1,4,9.76428295481558
19872.0,2000.0,3.0,1996.0,2025.0,8.0,0.0,7,3.0,0.0,0.0,5.0,2025,5,0,0.0,2000.0,0,2,7.601402334583733
49576.0,32000.0,8.0,1496.0,2024.0,14.0,0.0,6,9.0,330.0,52.3,5.0,2025,4,0,1.0,16000.0,1,2,10.373522431293592
10863.0,15000.0,8.0,1480.0,2024.0,7.0,3.0,5,7.0,175.0,18.99,5.0,2024,7,0,0.0,15000.0,1,3,9.61587214452889
54287.0,36000.0,7.0,1908.792198826372,2024.0,15.0,3.0,5,9.0,450.0,102.0,5.0,2024,4,0,0.0,36000.0,1,2,10.491301994830229
8360.0,47000.0,4.0,1480.0,2023.0,12.0,0.0,5,11.0,0.0,0.0,5.0,2023,3,0,0.0,47000.0,0,1,10.757924157061597
14690.0,100.0,7.0,1908.792198826372,2026.0,12.0,3.0,5,11.0,120.0,51.9,5.0,2026,6,0,0.0,100.0,1,2,4.61512051684126
9832.0,50000.0,6.0,1499.0,2024.0,13.0,3.0,5,11.0,150.0,18.3,4.0,2024,3,0,0.0,50000.0,1,1,10.819798284210286
15529.0,37000.0,4.0,1497.0,2023.0,12.0,3.0,5,11.0,0.0,0.0,5.0,2024,1,0,1.0,18500.0,0,1,10.518700218288165
16751.0,30000.0,3.0,2000.0,2025.0,4.0,3.0,0,3.0,0.0,0.0,5.0,2025,1,1,0.0,30000.0,0,1,10.308985993422082
7654.0,144600.0,4.0,3604.0,2014.0,8.0,3.0,7,11.0,0.0,0.0,5.0,2016,5,0,2.0,48200.0,0,2,11.88173350431221
7360.0,5000.0,4.0,1598.0,2026.0,13.0,3.0,5,11.0,0.0,0.0,4.0,2026,1,0,0.0,5000.0,0,1,8.517393171418904
43541.0,10600.0,8.0,1496.0,2025.0,14.0,2.0,5,9.0,392.0,37.0,5.0,2025,9,0,0.0,10600.0,1,3,9.268703615273097
19577.0,30000.0,6.0,1497.0,2024.0,8.0,0.0,7,11.0,150.0,34.944,5.0,2024,5,0,0.0,30000.0,1,2,10.308985993422082
14572.0,8000.0,3.0,2771.0,2025.0,5.0,1.0,0,10.0,0.0,0.0,4.0,2026,1,1,1.0,4000.0,0,1,8.987321812850125
273497.0,31000.0,4.0,3996.0,2018.0,19.0,3.0,5,2.0,0.0,0.0,5.0,2019,5,0,1.0,15500.0,0,2,10.34177474101152
25024.0,14000.0,8.0,1497.0,2025.0,19.0,3.0,5,7.0,231.0,39.05,4.0,2025,8,0,0.0,14000.0,1,3,9.546884034617925
16633.0,29900.0,4.0,1395.0,2023.0,13.0,0.0,5,11.0,0.0,0.0,4.0,2022,12,0,0.0,29900.0,0,4,10.305647203635566
21049.0,200.0,6.0,1499.0,2026.0,17.0,3.0,5,2.0,220.0,23.7,5.0,2026,3,0,0.0,200.0,1,1,5.303304908059076
13218.0,41000.0,7.0,1908.792198826372,2024.0,12.0,0.0,5,7.0,135.0,65.69,5.0,2024,11,0,0.0,41000.0,1,4,10.62135173563291
824320.0,4000.0,6.0,3990.0,2021.0,22.0,3.0,2,4.0,162.0,7.9,2.0,2022,7,0,1.0,2000.0,1,3,8.294299608857235
5578.0,66300.0,4.0,1598.0,2019.0,17.0,3.0,5,11.0,0.0,0.0,5.0,2019,9,0,0.0,66300.0,0,3,11.101960259016467
12924.0,23000.0,4.0,1498.0,2025.0,11.0,3.0,5,11.0,0.0,0.0,5.0,2024,4,0,0.0,23000.0,0,2,10.043292972227004
13041.0,23000.0,7.0,1908.792198826372,2023.0,12.0,3.0,5,7.0,200.0,49.0,5.0,2023,10,0,0.0,23000.0,1,4,10.043292972227004
12629.0,54000.0,4.0,1997.0,2019.0,20.0,3.0,5,3.0,0.0,0.0,4.0,2019,6,0,0.0,54000.0,0,2,10.896757843893464
7919.0,87000.0,7.0,1908.792198826372,2024.0,16.0,3.0,0,7.0,60.0,0.0,4.0,2024,6,0,0.0,87000.0,0,2,11.373674891823535
3797.0,92000.0,4.0,1598.0,2015.0,13.0,1.0,5,11.0,0.0,0.0,5.0,2016,12,0,1.0,46000.0,0,4,11.429554725537322
16309.0,3000.0,6.0,1499.0,2025.0,17.0,2.0,6,11.0,199.0,19.43,5.0,2025,5,0,0.0,3000.0,1,2,8.006700845440367
26466.0,13500.0,7.0,1908.792198826372,2026.0,19.0,0.0,5,7.0,215.0,82.0,5.0,2025,12,0,0.0,13500.0,1,4,9.510519035757246
3944.0,120000.0,7.0,1908.792198826372,2019.0,12.0,3.0,5,11.0,160.0,52.56,5.0,2019,12,0,0.0,120000.0,1,4,11.695255355062795
17487.0,9800.0,7.0,1908.792198826372,2025.0,17.0,0.0,5,7.0,240.0,60.0,5.0,2026,1,0,1.0,4900.0,1,1,9.19023970026918
54169.0,100.0,8.0,1496.0,2025.0,14.0,0.0,6,7.0,227.0,53.4,5.0,2026,4,0,1.0,50.0,1,2,4.61512051684126
4533.0,53400.0,4.0,1587.0,2016.0,13.0,3.0,5,11.0,0.0,0.0,4.0,2017,9,0,1.0,26700.0,0,3,10.885584751364705
13512.0,3000.0,6.0,1499.0,2024.0,12.0,3.0,5,11.0,150.0,19.43,5.0,2025,6,0,1.0,1500.0,1,2,8.006700845440367
3532.0,70100.0,4.0,1598.0,2018.0,17.0,3.0,5,11.0,0.0,0.0,5.0,2018,12,0,0.0,70100.0,0,4,11.157692338256169
19106.0,74000.0,7.0,1908.792198826372,2023.0,19.0,3.0,5,7.0,247.0,115.0,5.0,2023,8,0,0.0,74000.0,1,3,11.211833885608513
19106.0,240000.0,5.0,2997.0,2017.0,19.0,3.0,7,2.0,89.0,0.0,5.0,2018,3,0,1.0,120000.0,0,1,12.388398368982115
12040.0,100.0,7.0,1908.792198826372,2026.0,13.0,3.0,5,11.0,120.0,42.8,5.0,2026,4,0,0.0,100.0,1,2,4.61512051684126
7772.0,150000.0,4.0,2498.0,2016.0,17.0,1.0,5,10.0,0.0,0.0,5.0,2015,12,0,0.0,150000.0,0,4,11.918397239722838
18664.0,21000.0,4.0,1495.0,2021.0,0.0,3.0,7,11.0,0.0,0.0,5.0,2022,12,0,1.0,10500.0,0,4,9.952325334619427
2576.0,80000.0,4.0,1499.0,2017.0,9.0,3.0,0,5.0,0.0,0.0,2.0,2019,12,1,2.0,26666.666666666668,0,4,11.289794413577894
12629.0,26000.0,7.0,1908.792198826372,2024.0,12.0,3.0,5,9.0,205.0,65.69,5.0,2024,3,0,0.0,26000.0,1,1,10.165890277802454
19121.0,20000.0,4.0,1395.0,2023.0,13.0,3.0,5,11.0,0.0,0.0,5.0,2023,2,0,0.0,20000.0,0,1,9.90353755128617
16751.0,50000.0,7.0,1908.792198826372,2022.0,7.0,1.0,5,9.0,360.0,75.0,4.0,2023,1,0,1.0,25000.0,1,1,10.819798284210286
6329.0,40000.0,4.0,1476.0,2023.0,12.0,3.0,5,11.0,0.0,0.0,5.0,2022,12,0,0.0,40000.0,0,4,10.596659732783579
2119.0,44100.0,4.0,1798.0,2016.0,17.0,3.0,7,11.0,0.0,0.0,5.0,2017,3,1,1.0,22050.0,0,1,10.694237736914808
3944.0,82000.0,4.0,1797.0,2017.0,12.0,3.0,5,10.0,0.0,0.0,5.0,2017,3,0,0.0,82000.0,0,1,11.314486721293981
80783.0,100.0,1.0,1999.0,2025.0,19.0,0.0,5,2.0,0.0,0.0,5.0,2026,6,0,1.0,50.0,0,2,4.61512051684126
21461.0,3500.0,8.0,1498.0,2025.0,17.0,3.0,5,7.0,150.0,32.6,5.0,2025,12,0,0.0,3500.0,1,4,8.160803920954665
2870.0,80000.0,4.0,1598.0,2014.0,13.0,3.0,5,11.0,0.0,0.0,4.0,2015,6,0,1.0,40000.0,0,2,11.289794413577894
37683.0,4000.0,7.0,1908.792198826372,2025.0,19.0,3.0,5,9.0,365.0,96.3,5.0,2026,3,0,1.0,2000.0,1,1,8.294299608857235
22050.0,10000.0,6.0,1498.0,2025.0,19.0,0.0,5,11.0,200.0,26.6,5.0,2026,1,0,1.0,5000.0,1,1,9.210440366976517
258777.0,16000.0,4.0,1908.792198826372,2022.0,15.0,0.0,5,2.0,0.0,0.0,4.0,2022,7,0,0.0,16000.0,0,3,9.680406499268875
22050.0,117200.0,4.0,2979.0,2014.0,20.0,1.0,5,3.0,0.0,0.0,4.0,2015,7,0,1.0,58600.0,0,3,11.671645688511857
11304.0,30000.0,4.0,1499.0,2023.0,13.0,3.0,5,11.0,0.0,0.0,4.0,2023,1,0,0.0,30000.0,0,1,10.308985993422082
12202.0,27100.0,6.0,1499.0,2024.0,17.0,3.0,7,11.0,199.0,19.43,5.0,2025,3,0,1.0,13550.0,1,1,10.207325906555994
25877.0,36000.0,8.0,1496.0,2024.0,19.0,3.0,5,9.0,300.0,36.8,5.0,2024,9,0,0.0,36000.0,1,3,10.491301994830229
17192.0,1000.0,3.0,1968.0,2026.0,12.0,0.0,5,2.0,0.0,0.0,4.0,2026,4,0,0.0,1000.0,0,2,6.90875477931522
30882.0,10200.0,6.0,1989.0,2024.0,8.0,3.0,7,2.0,210.0,20.14,5.0,2024,3,0,0.0,10200.0,1,1,9.23024103368252
278208.0,26000.0,4.0,3855.0,2020.0,22.0,3.0,4,3.0,0.0,0.0,2.0,2021,4,0,1.0,13000.0,0,2,10.165890277802454
5269.0,64000.0,4.0,1353.0,2019.0,13.0,1.0,5,11.0,0.0,0.0,4.0,2020,8,0,1.0,32000.0,0,3,11.06665398721974
9568.0,11200.0,6.0,1498.0,2025.0,13.0,3.0,5,11.0,150.0,9.525,4.0,2025,11,0,0.0,11200.0,1,4,9.32375833901174
8655.0,20000.0,4.0,1598.0,2023.0,17.0,3.0,5,11.0,0.0,0.0,5.0,2023,12,0,0.0,20000.0,0,4,9.90353755128617
2472.0,100000.0,4.0,1598.0,2016.0,12.0,3.0,5,11.0,0.0,0.0,5.0,2016,8,1,0.0,100000.0,0,3,11.51293546492023
7919.0,20000.0,4.0,1494.0,2022.0,12.0,3.0,5,11.0,0.0,0.0,5.0,2023,5,0,1.0,10000.0,0,2,9.90353755128617
9450.0,6000.0,4.0,1494.0,2024.0,12.0,3.0,5,11.0,0.0,0.0,5.0,2024,8,0,0.0,6000.0,0,3,8.699681400989514
9391.0,18500.0,6.0,1498.0,2024.0,17.0,3.0,7,11.0,130.0,17.52,5.0,2024,9,0,0.0,18500.0,1,3,9.825580063659602
66063.0,27900.0,6.0,1974.0,2025.0,14.0,0.0,6,10.0,660.0,70.0,5.0,2025,10,0,0.0,27900.0,1,4,10.236417809461043
4298.0,137500.0,7.0,1908.792198826372,2018.0,12.0,3.0,5,11.0,80.0,48.0,5.0,2019,1,0,1.0,68750.0,1,1,11.83138646878959
18223.0,13700.0,4.0,1998.0,2019.0,13.0,3.0,4,11.0,0.0,0.0,3.0,2020,4,0,1.0,6850.0,0,2,9.525224101853109
14543.0,50000.0,8.0,1499.0,2024.0,19.0,0.0,5,7.0,195.0,32.0,5.0,2024,5,0,0.0,50000.0,1,2,10.819798284210286
14425.0,18500.0,7.0,1908.792198826372,2025.0,7.0,3.0,5,11.0,185.0,64.8,4.0,2025,6,0,0.0,18500.0,1,2,9.825580063659602
14396.0,27400.0,7.0,1908.792198826372,2025.0,13.0,3.0,5,7.0,120.0,42.1,5.0,2025,5,0,0.0,27400.0,1,2,10.21833478806055
7330.0,28400.0,4.0,1499.0,2022.0,11.0,3.0,5,11.0,0.0,0.0,5.0,2022,8,0,0.0,28400.0,0,3,10.254179634797001
36505.0,4200.0,6.0,1995.0,2025.0,14.0,3.0,6,2.0,560.0,46.9,5.0,2025,11,0,0.0,4200.0,1,4,8.343077871169383
7772.0,19000.0,4.0,1498.0,2021.0,13.0,3.0,5,11.0,0.0,0.0,5.0,2022,12,0,1.0,9500.0,0,4,9.852246888342531
1884.0,150000.0,4.0,1587.0,2016.0,13.0,3.0,5,11.0,0.0,0.0,4.0,2016,11,1,0.0,150000.0,0,4,11.918397239722838
29999.0,27800.0,4.0,1995.0,2023.0,17.0,3.0,5,2.0,0.0,0.0,5.0,2024,6,0,1.0,13900.0,0,2,10.2328272702548
167513.0,12700.0,1.0,2996.0,2025.0,19.0,0.0,5,2.0,0.0,0.0,5.0,2025,5,0,0.0,12700.0,0,2,9.44943600950432
13218.0,160000.0,4.0,1969.0,2019.0,20.0,0.0,5,11.0,0.0,0.0,4.0,2018,7,0,0.0,160000.0,0,3,11.982935344196433
1840.0,11700.0,4.0,1499.0,2016.0,0.0,3.0,7,11.0,0.0,0.0,5.0,2017,7,1,1.0,5850.0,0,3,9.367429587218957
11452.0,14500.0,7.0,1908.792198826372,2024.0,0.0,1.0,5,11.0,120.0,58.8,5.0,2025,10,0,1.0,7250.0,1,4,9.581972891547895
6447.0,90000.0,7.0,1908.792198826372,2023.0,16.0,3.0,0,11.0,100.0,0.0,4.0,2023,9,0,0.0,90000.0,0,3,11.407576060361786
6329.0,43000.0,7.0,1908.792198826372,2024.0,13.0,3.0,5,11.0,60.0,34.5,5.0,2024,5,0,0.0,43000.0,1,2,10.668978650219241
1442.0,115100.0,4.0,1499.0,2015.0,0.0,3.0,7,11.0,0.0,0.0,5.0,2015,10,1,0.0,115100.0,0,4,11.65356528276954
7772.0,80000.0,7.0,1908.792198826372,2024.0,12.0,3.0,5,11.0,100.0,49.75,5.0,2024,5,0,0.0,80000.0,1,2,11.289794413577894
29410.0,10.0,7.0,1908.792198826372,2025.0,18.0,0.0,5,7.0,252.0,72.88,4.0,2026,6,0,1.0,5.0,1,2,2.3978952727983707
33679.0,31000.0,4.0,1991.0,2021.0,8.0,3.0,7,3.0,0.0,0.0,5.0,2022,6,0,1.0,15500.0,0,2,10.34177474101152
33384.0,35000.0,4.0,1995.0,2022.0,12.0,3.0,5,10.0,0.0,0.0,5.0,2022,5,0,0.0,35000.0,0,2,10.463131911491967
5269.0,90000.0,4.0,1368.0,2017.0,12.0,3.0,5,11.0,0.0,0.0,5.0,2017,2,0,0.0,90000.0,0,1,11.407576060361786
13086.0,50000.0,7.0,1908.792198826372,2022.0,17.0,0.0,5,7.0,194.0,60.0,5.0,2021,12,0,0.0,50000.0,1,4,10.819798284210286
39567.0,15000.0,6.0,1499.0,2025.0,8.0,0.0,7,2.0,215.0,44.28,5.0,2025,12,0,0.0,15000.0,1,4,9.61587214452889
8802.0,100.0,7.0,1908.792198826372,2023.0,17.0,3.0,5,11.0,170.0,54.75,5.0,2025,12,0,2.0,33.333333333333336,1,4,4.61512051684126
50901.0,100.0,7.0,1908.792198826372,2026.0,14.0,3.0,6,9.0,520.0,102.0,5.0,2026,6,0,0.0,100.0,1,2,4.61512051684126
3606.0,80000.0,7.0,1908.792198826372,2020.0,16.0,3.0,0,7.0,60.0,0.0,5.0,2023,4,0,3.0,20000.0,0,2,11.289794413577894
27011.0,17000.0,7.0,1908.792198826372,2025.0,7.0,3.0,5,9.0,440.0,72.88,4.0,2025,5,0,0.0,17000.0,1,2,9.741027444837728
12512.0,35000.0,3.0,1996.0,2023.0,14.0,0.0,5,2.0,0.0,0.0,5.0,2023,10,0,0.0,35000.0,0,4,10.463131911491967
3606.0,38000.0,4.0,1498.0,2021.0,13.0,3.0,5,11.0,0.0,0.0,4.0,2021,7,0,0.0,38000.0,0,3,10.545367754151743
304365.0,24000.0,4.0,3994.0,2019.0,22.0,3.0,2,5.0,0.0,0.0,2.0,2020,9,0,1.0,12000.0,0,3,10.085850775128717
17487.0,17000.0,6.0,1499.0,2024.0,19.0,2.0,5,11.0,165.0,34.46,5.0,2024,8,0,0.0,17000.0,1,3,9.741027444837728
35033.0,10000.0,7.0,1908.792198826372,2024.0,14.0,3.0,6,9.0,405.0,120.0,5.0,2023,9,0,0.0,10000.0,1,3,9.210440366976517
30440.0,20000.0,7.0,1908.792198826372,2023.0,20.0,3.0,4,9.0,494.0,120.0,4.0,2023,12,0,0.0,20000.0,1,4,9.90353755128617
4857.0,29900.0,4.0,1997.0,2015.0,8.0,0.0,7,3.0,0.0,0.0,5.0,2020,9,0,5.0,4983.333333333333,0,3,10.305647203635566
4975.0,76600.0,4.0,1799.0,2018.0,12.0,3.0,5,11.0,0.0,0.0,5.0,2018,9,0,0.0,76600.0,0,3,11.246365410473757
5858.0,76000.0,4.0,2378.0,2021.0,5.0,3.0,0,10.0,0.0,0.0,4.0,2021,9,1,0.0,76000.0,0,3,11.23850177707664
18988.0,100000.0,4.0,2985.0,2020.0,19.0,0.0,5,2.0,0.0,0.0,5.0,2022,8,0,2.0,33333.333333333336,0,3,11.51293546492023
38684.0,11000.0,8.0,1496.0,2026.0,14.0,0.0,6,9.0,380.0,52.0,5.0,2025,12,0,0.0,11000.0,1,4,9.305741456739435
1442.0,115500.0,4.0,1587.0,2016.0,13.0,3.0,5,11.0,0.0,0.0,4.0,2016,11,1,0.0,115500.0,0,4,11.657034466915164
24847.0,52000.0,8.0,1496.0,2023.0,19.0,0.0,5,9.0,330.0,40.9,5.0,2023,7,0,0.0,52000.0,1,3,10.859018228147887
269081.0,47900.0,4.0,3994.0,2019.0,22.0,3.0,2,5.0,0.0,0.0,2.0,2020,4,0,1.0,23950.0,0,2,10.776891660007811
79929.0,1600.0,6.0,1974.0,2025.0,14.0,3.0,6,10.0,1030.0,70.0,5.0,2026,4,0,1.0,800.0,1,2,7.3783837129967145
33561.0,38000.0,8.0,1496.0,2024.0,19.0,0.0,5,9.0,330.0,42.8,5.0,2024,8,0,0.0,38000.0,1,3,10.545367754151743
20578.0,32000.0,4.0,1991.0,2024.0,8.0,0.0,7,11.0,0.0,0.0,5.0,2024,1,0,0.0,32000.0,0,1,10.373522431293592
51490.0,19000.0,8.0,1499.0,2024.0,14.0,0.0,5,9.0,365.0,52.0,5.0,2025,2,0,1.0,9500.0,1,1,9.852246888342531
55200.0,27700.0,1.0,1998.0,2023.0,8.0,3.0,7,11.0,0.0,0.0,5.0,2024,5,0,1.0,13850.0,0,2,10.229223792606835
6594.0,45000.0,4.0,1497.0,2021.0,13.0,3.0,5,11.0,0.0,0.0,4.0,2022,1,0,1.0,22500.0,0,1,10.714439990727769
4607.0,109200.0,4.0,1997.0,2016.0,12.0,3.0,5,11.0,0.0,0.0,5.0,2017,2,0,1.0,54600.0,0,1,11.600945499760169
28085.0,15000.0,7.0,1908.792198826372,2024.0,19.0,1.0,5,7.0,215.0,100.0,5.0,2025,1,0,1.0,7500.0,1,1,9.61587214452889
10171.0,1800.0,4.0,1499.0,2026.0,13.0,0.0,5,11.0,0.0,0.0,4.0,2026,1,0,0.0,1800.0,0,1,7.496097345175956
10568.0,500.0,7.0,1908.792198826372,2025.0,12.0,3.0,5,11.0,70.0,32.0,5.0,2026,6,0,1.0,250.0,1,2,6.2166061010848646
25318.0,14000.0,1.0,2993.0,2022.0,19.0,3.0,5,2.0,0.0,0.0,5.0,2022,10,0,0.0,14000.0,0,4,9.546884034617925
21123.0,45000.0,7.0,1908.792198826372,2022.0,18.0,0.0,5,7.0,194.0,60.0,4.0,2022,3,0,0.0,45000.0,1,1,10.714439990727769
43541.0,3200.0,7.0,1908.792198826372,2026.0,20.0,3.0,5,9.0,434.0,100.0,5.0,2026,5,0,0.0,3200.0,1,2,8.071218539969863
4386.0,120000.0,7.0,1908.792198826372,2019.0,12.0,0.0,5,11.0,160.0,52.56,5.0,2019,1,0,0.0,120000.0,1,1,11.695255355062795
25877.0,1200.0,7.0,1908.792198826372,2026.0,14.0,0.0,5,9.0,440.0,85.0,5.0,2026,6,0,0.0,1200.0,1,2,7.0909098220799835
26348.0,27000.0,8.0,1496.0,2024.0,19.0,3.0,5,9.0,300.0,36.8,5.0,2024,10,0,0.0,27000.0,1,4,10.203629181337648
109664.0,6000.0,4.0,2995.0,2025.0,19.0,3.0,5,2.0,0.0,0.0,5.0,2026,1,0,1.0,3000.0,0,1,8.699681400989514
18841.0,56000.0,4.0,2487.0,2022.0,20.0,0.0,5,11.0,0.0,0.0,4.0,2022,8,0,0.0,56000.0,0,3,10.933124826700707
22521.0,32000.0,4.0,1395.0,2023.0,13.0,3.0,5,11.0,0.0,0.0,4.0,2022,1,0,0.0,32000.0,0,1,10.373522431293592
14690.0,44000.0,7.0,1908.792198826372,2024.0,19.0,0.0,5,7.0,200.0,71.4,5.0,2024,4,0,0.0,44000.0,1,2,10.691967639914864
5416.0,65000.0,4.0,1598.0,2019.0,13.0,3.0,5,11.0,0.0,0.0,4.0,2019,12,0,0.0,65000.0,0,4,11.082157933374816
24847.0,36000.0,4.0,1395.0,2022.0,12.0,3.0,5,11.0,0.0,0.0,5.0,2022,9,0,0.0,36000.0,0,3,10.491301994830229
249945.0,20000.0,4.0,3994.0,2019.0,22.0,3.0,2,5.0,0.0,0.0,2.0,2018,10,0,0.0,20000.0,0,4,9.90353755128617
3532.0,74700.0,4.0,1997.0,2016.0,8.0,3.0,7,3.0,0.0,0.0,4.0,2017,7,1,1.0,37350.0,0,3,11.221248757912162
26201.0,5000.0,7.0,1908.792198826372,2026.0,20.0,2.0,5,7.0,215.0,82.0,4.0,2025,11,0,0.0,5000.0,1,4,8.517393171418904
35033.0,5000.0,4.0,1967.0,2023.0,12.0,0.0,5,2.0,0.0,0.0,5.0,2025,6,0,2.0,1666.6666666666667,0,2,8.517393171418904
3356.0,72000.0,4.0,1813.0,2014.0,13.0,3.0,5,11.0,0.0,0.0,4.0,2017,5,0,3.0,18000.0,0,2,11.184435286790631
3238.0,118000.0,4.0,1490.0,2018.0,13.0,3.0,5,11.0,0.0,0.0,4.0,2018,10,0,0.0,118000.0,0,4,11.678448377988165
3974.0,99200.0,4.0,1594.0,2020.0,12.0,3.0,5,11.0,0.0,0.0,5.0,2020,10,0,0.0,99200.0,0,4,11.504903373867316
10716.0,38600.0,6.0,1499.0,2025.0,13.0,3.0,5,11.0,150.0,18.67,4.0,2024,12,0,0.0,38600.0,1,4,10.5610334618531
264665.0,6000.0,5.0,2393.0,2025.0,8.0,0.0,4,2.0,139.0,0.0,5.0,2026,1,0,1.0,3000.0,0,1,8.699681400989514
7330.0,34900.0,4.0,1498.0,2022.0,11.0,3.0,5,11.0,0.0,0.0,5.0,2022,9,0,0.0,34900.0,0,3,10.460270761075149
37977.0,100.0,8.0,1498.0,2025.0,20.0,3.0,5,7.0,227.0,53.4,4.0,2026,6,0,1.0,50.0,1,2,4.61512051684126
5858.0,14000.0,4.0,1496.0,2023.0,13.0,3.0,5,11.0,0.0,0.0,4.0,2023,1,0,0.0,14000.0,0,1,9.546884034617925
16162.0,81000.0,7.0,1908.792198826372,2024.0,19.0,2.0,5,7.0,230.0,100.0,5.0,2024,5,0,0.0,81000.0,1,2,11.302216779257382
13071.0,50000.0,4.0,1497.0,2022.0,13.0,3.0,5,11.0,0.0,0.0,4.0,2023,1,0,1.0,25000.0,0,1,10.819798284210286
9568.0,19800.0,4.0,1499.0,2024.0,12.0,0.0,5,11.0,0.0,0.0,5.0,2024,4,0,0.0,19800.0,0,2,9.893487720457795
3503.0,58000.0,7.0,1908.792198826372,2022.0,11.0,0.0,4,11.0,33.0,26.8,5.0,2022,6,0,0.0,58000.0,1,2,10.968215530759236
32899.0,600.0,6.0,1497.0,2025.0,14.0,3.0,5,2.0,405.0,31.7,5.0,2026,1,0,1.0,300.0,1,1,6.398594934535208
8213.0,7000.0,4.0,1490.0,2025.0,12.0,0.0,5,11.0,0.0,0.0,5.0,2025,4,0,0.0,7000.0,0,2,8.853808274977197
18400.0,60000.0,4.0,1998.0,2024.0,12.0,3.0,5,11.0,0.0,0.0,5.0,2023,3,0,0.0,60000.0,0,1,11.002116507732017
12953.0,20000.0,8.0,1498.0,2024.0,20.0,3.0,5,7.0,200.0,43.88,5.0,2025,4,0,1.0,10000.0,1,2,9.90353755128617
27673.0,39200.0,6.0,1969.0,2024.0,19.0,0.0,6,2.0,256.0,40.1,5.0,2025,4,0,1.0,19600.0,1,2,10.576457535657255
26201.0,68000.0,4.0,1908.792198826372,2007.0,22.0,3.0,2,3.0,0.0,0.0,2.0,2010,5,0,3.0,17000.0,0,2,11.127277689932466
16030.0,9800.0,8.0,1499.0,2024.0,19.0,3.0,6,7.0,170.0,28.4,5.0,2024,11,0,0.0,9800.0,1,4,9.19023970026918
24862.0,17500.0,4.0,2498.0,2024.0,12.0,2.0,5,2.0,0.0,0.0,5.0,2025,4,0,1.0,8750.0,0,2,9.770013301136158
1736.0,45900.0,4.0,1498.0,2015.0,11.0,3.0,5,11.0,0.0,0.0,5.0,2015,7,0,0.0,45900.0,0,3,10.734242182303689
5858.0,28700.0,4.0,1598.0,2019.0,13.0,3.0,5,11.0,0.0,0.0,4.0,2019,11,0,0.0,28700.0,0,4,10.264687244346277
21167.0,6700.0,7.0,1908.792198826372,2025.0,18.0,3.0,5,7.0,310.0,75.0,4.0,2024,9,0,0.0,6700.0,1,3,8.81001204797317
16162.0,15400.0,7.0,1908.792198826372,2026.0,20.0,3.0,5,7.0,190.0,77.94,5.0,2025,11,0,0.0,15400.0,1,4,9.642187721358466
11599.0,45700.0,4.0,1997.0,2021.0,18.0,3.0,5,11.0,0.0,0.0,4.0,2021,8,0,0.0,45700.0,0,3,10.729875458480967
33826.0,33500.0,4.0,1995.0,2022.0,12.0,3.0,5,10.0,0.0,0.0,5.0,2022,8,0,0.0,33500.0,0,3,10.419330568113901
36652.0,7000.0,7.0,1908.792198826372,2025.0,19.0,3.0,5,9.0,400.0,87.3,5.0,2026,1,0,1.0,3500.0,1,1,8.853808274977197
5446.0,100.0,7.0,1908.792198826372,2026.0,21.0,3.0,4,11.0,35.0,17.65,3.0,2026,6,0,0.0,100.0,1,2,4.61512051684126
19106.0,8000.0,4.0,2488.0,2023.0,12.0,3.0,5,11.0,0.0,0.0,5.0,2023,4,0,0.0,8000.0,0,2,8.987321812850125
38713.0,4000.0,8.0,1496.0,2026.0,19.0,3.0,5,9.0,390.0,66.0,5.0,2026,4,0,0.0,4000.0,1,2,8.294299608857235
13660.0,50000.0,4.0,1999.0,2019.0,7.0,0.0,5,11.0,0.0,0.0,4.0,2022,3,0,3.0,12500.0,0,1,10.819798284210286
266255.0,6400.0,4.0,3799.0,2018.0,22.0,3.0,2,5.0,0.0,0.0,2.0,2021,6,0,3.0,1600.0,0,2,8.764209507142004
12335.0,30000.0,4.0,1997.0,2022.0,7.0,0.0,5,11.0,0.0,0.0,4.0,2023,8,0,1.0,15000.0,0,3,10.308985993422082
4239.0,9000.0,7.0,1908.792198826372,2026.0,10.0,3.0,4,7.0,30.0,18.11,3.0,2025,11,0,0.0,9000.0,1,4,9.105090961257085
4680.0,21600.0,7.0,1908.792198826372,2024.0,10.0,3.0,4,7.0,30.0,17.3,3.0,2024,6,0,0.0,21600.0,1,2,9.980494888896912
13512.0,6000.0,4.0,1498.0,2025.0,13.0,3.0,5,11.0,0.0,0.0,4.0,2026,2,1,1.0,3000.0,0,1,8.699681400989514
33679.0,26000.0,6.0,1995.0,2024.0,20.0,0.0,5,2.0,640.0,38.5,5.0,2025,1,0,1.0,13000.0,1,1,10.165890277802454
47089.0,18500.0,7.0,1908.792198826372,2025.0,20.0,3.0,5,9.0,385.0,100.0,5.0,2025,9,0,0.0,18500.0,1,3,9.825580063659602
28556.0,17000.0,7.0,1908.792198826372,2025.0,14.0,3.0,6,7.0,340.0,85.0,5.0,2025,7,0,0.0,17000.0,1,3,9.741027444837728
22816.0,1800.0,8.0,1498.0,2025.0,17.0,0.0,5,7.0,150.0,32.6,5.0,2025,9,0,0.0,1800.0,1,3,7.496097345175956
7654.0,44600.0,7.0,1908.792198826372,2022.0,0.0,3.0,5,11.0,100.0,53.0,5.0,2024,10,0,2.0,14866.666666666666,1,4,10.70551155928146
5416.0,100000.0,4.0,1598.0,2014.0,7.0,3.0,5,11.0,0.0,0.0,5.0,2016,1,0,2.0,33333.333333333336,0,1,11.51293546492023
38095.0,100.0,7.0,1908.792198826372,2026.0,14.0,3.0,6,9.0,520.0,102.0,5.0,2026,6,0,0.0,100.0,1,2,4.61512051684126
4975.0,98800.0,4.0,1499.0,2020.0,12.0,0.0,5,11.0,0.0,0.0,5.0,2019,11,0,0.0,98800.0,0,4,11.500863005142227
11481.0,20000.0,8.0,1497.0,2025.0,17.0,0.0,5,7.0,175.0,31.73,5.0,2025,8,0,0.0,20000.0,1,3,9.90353755128617
27496.0,2000.0,6.0,1498.0,2025.0,19.0,0.0,7,10.0,400.0,35.6,5.0,2025,12,0,0.0,2000.0,1,4,7.601402334583733
49871.0,5500.0,8.0,1496.0,2025.0,14.0,3.0,6,9.0,330.0,52.3,5.0,2025,5,0,0.0,5500.0,1,2,8.612685172875459
68889.0,58000.0,4.0,1991.0,2023.0,8.0,3.0,7,3.0,0.0,0.0,5.0,2023,10,0,0.0,58000.0,0,4,10.968215530759236
26172.0,28000.0,4.0,1395.0,2023.0,17.0,1.0,5,11.0,0.0,0.0,5.0,2022,8,0,0.0,28000.0,0,3,10.239995502805316
6182.0,150000.0,4.0,3498.0,2013.0,19.0,3.0,7,2.0,0.0,0.0,5.0,2013,11,0,0.0,150000.0,0,4,11.918397239722838
16162.0,109000.0,4.0,1998.0,2019.0,20.0,0.0,5,3.0,0.0,0.0,4.0,2019,5,0,0.0,109000.0,0,2,11.599112335481124
6992.0,25500.0,4.0,1499.0,2022.0,12.0,3.0,5,11.0,0.0,0.0,5.0,2022,11,0,0.0,25500.0,0,4,10.146472946063877
5564.0,89500.0,4.0,1598.0,2020.0,12.0,3.0,5,11.0,0.0,0.0,5.0,2021,5,0,1.0,44750.0,0,2,11.402005077384885
3680.0,40600.0,4.0,1981.0,2016.0,17.0,3.0,5,2.0,0.0,0.0,5.0,2016,9,0,0.0,40600.0,0,3,10.611547975828369
30602.0,5000.0,5.0,2487.0,2026.0,17.0,3.0,7,2.0,174.0,0.0,5.0,2026,1,0,0.0,5000.0,0,1,8.517393171418904
16162.0,1000.0,4.0,1197.0,2022.0,13.0,0.0,5,11.0,0.0,0.0,4.0,2022,5,0,0.0,1000.0,0,2,6.90875477931522
2914.0,100000.0,4.0,1490.0,2016.0,12.0,3.0,5,11.0,0.0,0.0,5.0,2017,2,0,1.0,50000.0,0,1,11.51293546492023
5299.0,44000.0,7.0,1908.792198826372,2023.0,10.0,2.0,4,11.0,35.0,28.08,3.0,2024,6,0,1.0,22000.0,1,2,10.691967639914864
27055.0,31000.0,4.0,2487.0,2021.0,20.0,3.0,5,11.0,0.0,0.0,4.0,2021,8,0,0.0,31000.0,0,3,10.34177474101152
2914.0,140000.0,4.0,1199.0,2015.0,13.0,3.0,5,11.0,0.0,0.0,5.0,2015,12,0,0.0,140000.0,0,4,11.849404844423074
2944.0,55400.0,4.0,1598.0,2019.0,13.0,3.0,5,11.0,0.0,0.0,4.0,2019,8,1,0.0,55400.0,0,3,10.922352923113982
2325.0,92800.0,4.0,1999.0,2013.0,18.0,3.0,5,11.0,0.0,0.0,4.0,2014,6,0,1.0,46400.0,0,2,11.438212694578302
14690.0,59000.0,4.0,1495.0,2021.0,0.0,3.0,7,11.0,0.0,0.0,5.0,2022,7,0,1.0,29500.0,0,3,10.985309671896763
13660.0,18000.0,7.0,1908.792198826372,2023.0,12.0,3.0,5,7.0,200.0,49.0,5.0,2023,6,0,0.0,18000.0,1,2,9.798182590890704
6300.0,96000.0,7.0,1908.792198826372,2022.0,11.0,1.0,4,11.0,60.0,39.4,5.0,2022,12,0,0.0,96000.0,1,4,11.472113887062386
3503.0,70000.0,4.0,2378.0,2015.0,5.0,3.0,0,3.0,0.0,0.0,4.0,2016,1,1,1.0,35000.0,0,1,11.156264806643742
39449.0,12000.0,6.0,1998.0,2024.0,19.0,3.0,5,2.0,120.0,37.1,5.0,2024,10,0,0.0,12000.0,1,4,9.392745258631441
14690.0,19600.0,7.0,1908.792198826372,2025.0,20.0,0.0,5,7.0,190.0,56.1,5.0,2025,5,0,0.0,19600.0,1,2,9.883335864325275
36623.0,13600.0,6.0,1497.0,2025.0,14.0,3.0,5,2.0,405.0,31.7,5.0,2025,8,0,0.0,13600.0,1,3,9.517898598432753
308825.0,6700.0,4.0,3996.0,2022.0,19.0,0.0,5,2.0,0.0,0.0,5.0,2022,10,0,0.0,6700.0,0,4,8.81001204797317
36800.0,50000.0,4.0,1995.0,2022.0,17.0,3.0,5,2.0,0.0,0.0,4.0,2022,5,0,0.0,50000.0,0,2,10.819798284210286
7198.0,94100.0,4.0,1999.0,2015.0,7.0,3.0,5,3.0,0.0,0.0,4.0,2015,11,0,0.0,94100.0,0,4,11.452123952509567
2428.0,120000.0,4.0,1799.0,2017.0,19.0,3.0,5,11.0,0.0,0.0,5.0,2017,12,0,0.0,120000.0,0,4,11.695255355062795
8979.0,146500.0,4.0,1908.792198826372,2013.0,17.0,3.0,7,10.0,0.0,0.0,4.603574926542605,2016,1,0,3.0,36625.0,0,1,11.89478753335453
13512.0,47900.0,6.0,1499.0,2026.0,17.0,3.0,7,11.0,160.0,35.95,5.0,2026,1,0,0.0,47900.0,1,1,10.776891660007811
6329.0,28300.0,4.0,1496.0,2023.0,13.0,3.0,5,11.0,0.0,0.0,4.0,2023,10,0,0.0,28300.0,0,4,10.250652418696085
41775.0,5000.0,8.0,1498.0,2026.0,20.0,3.0,5,7.0,227.0,53.4,4.0,2025,12,0,0.0,5000.0,1,4,8.517393171418904
23257.0,76000.0,4.0,3604.0,2017.0,8.0,3.0,7,11.0,0.0,0.0,5.0,2018,7,0,1.0,38000.0,0,3,11.23850177707664
6624.0,96000.0,4.0,1995.0,2016.0,12.0,3.0,5,2.0,0.0,0.0,5.0,2016,8,0,0.0,96000.0,0,3,11.472113887062386
151321.0,24000.0,4.0,3994.0,2019.0,22.0,3.0,2,5.0,0.0,0.0,2.0,2021,6,0,2.0,8000.0,0,2,10.085850775128717
2620.0,100000.0,3.0,2498.0,2015.0,5.0,3.0,0,3.0,0.0,0.0,4.0,2015,5,1,0.0,100000.0,0,2,11.51293546492023
19106.0,32000.0,4.0,1998.0,2021.0,12.0,3.0,7,11.0,0.0,0.0,5.0,2022,1,0,1.0,16000.0,0,1,10.373522431293592
13807.0,48000.0,4.0,1197.0,2022.0,13.0,3.0,5,11.0,0.0,0.0,4.0,2022,4,0,0.0,48000.0,0,2,10.778977123006351
48576.0,8000.0,6.0,1497.0,2026.0,14.0,3.0,6,10.0,380.0,65.0,5.0,2025,12,0,0.0,8000.0,1,4,8.987321812850125
27938.0,100.0,8.0,1497.0,2025.0,14.0,3.0,6,7.0,231.0,40.18,5.0,2026,6,0,1.0,50.0,1,2,4.61512051684126
26466.0,34500.0,8.0,1496.0,2024.0,19.0,3.0,5,9.0,300.0,36.8,5.0,2024,7,0,0.0,34500.0,1,3,10.448743588106625
15573.0,38000.0,4.0,1395.0,2022.0,12.0,3.0,5,11.0,0.0,0.0,5.0,2023,3,0,1.0,19000.0,0,1,10.545367754151743
10819.0,31400.0,7.0,1908.792198826372,2025.0,13.0,3.0,5,7.0,120.0,42.1,5.0,2025,6,0,0.0,31400.0,1,2,10.354595018522993
1295.0,70000.0,4.0,1499.0,2015.0,12.0,3.0,5,11.0,0.0,0.0,5.0,2015,10,1,0.0,70000.0,0,4,11.156264806643742
10598.0,100.0,4.0,1490.0,2026.0,13.0,3.0,5,11.0,0.0,0.0,4.0,2026,5,0,0.0,100.0,0,2,4.61512051684126
38242.0,100.0,7.0,1908.792198826372,2025.0,20.0,0.0,5,9.0,300.0,96.1,4.0,2025,12,0,0.0,100.0,1,4,4.61512051684126
4386.0,66800.0,4.0,1398.0,2020.0,12.0,3.0,5,11.0,0.0,0.0,5.0,2021,7,1,1.0,33400.0,0,3,11.109473329472568
1012736.0,30.0,4.0,1908.792198826372,2024.0,22.0,3.0,0,11.0,0.0,0.0,4.603574926542605,1990,1,1,0.0,30.0,0,1,3.4339872044851463
24847.0,172000.0,4.0,1984.0,2018.0,8.0,0.0,7,10.0,0.0,0.0,5.0,2018,4,0,0.0,172000.0,0,2,12.055255569732177
23404.0,80000.0,4.0,2979.0,2017.0,20.0,1.0,5,3.0,0.0,0.0,4.0,2017,9,0,0.0,80000.0,0,3,11.289794413577894
27673.0,59000.0,4.0,1998.0,2014.0,13.0,3.0,5,11.0,0.0,0.0,3.0,2018,12,1,4.0,11800.0,0,4,10.985309671896763
41952.0,1300.0,8.0,1498.0,2025.0,20.0,0.0,5,7.0,227.0,53.4,5.0,2025,10,0,0.0,1300.0,1,4,7.170888478512505
16162.0,63500.0,4.0,3996.0,2021.0,14.0,0.0,4,2.0,0.0,0.0,5.0,2023,6,0,2.0,21166.666666666668,0,2,11.05881093278828
10127.0,10000.0,7.0,1908.792198826372,2025.0,13.0,3.0,5,7.0,120.0,42.1,5.0,2025,8,0,0.0,10000.0,1,3,9.210440366976517
4386.0,63200.0,7.0,1908.792198826372,2022.0,10.0,3.0,5,11.0,45.0,31.4,5.0,2022,9,0,0.0,63200.0,1,3,11.05407540279458
8979.0,9700.0,7.0,1908.792198826372,2026.0,13.0,3.0,5,11.0,120.0,42.8,5.0,2025,10,0,0.0,9700.0,1,4,9.179984251961283
9685.0,97000.0,4.0,1498.0,2017.0,12.0,3.0,5,10.0,0.0,0.0,5.0,2018,2,0,1.0,48500.0,0,1,11.48247656671073
18959.0,12000.0,4.0,1967.0,2021.0,5.0,0.0,0,2.0,0.0,0.0,4.0,2022,4,0,1.0,6000.0,0,2,9.392745258631441
2767.0,70000.0,4.0,1598.0,2018.0,13.0,3.0,5,11.0,0.0,0.0,4.0,2019,12,0,1.0,35000.0,0,4,11.156264806643742
7286.0,58000.0,4.0,1598.0,2018.0,13.0,3.0,5,11.0,0.0,0.0,4.0,2018,4,0,0.0,58000.0,0,2,10.968215530759236
13660.0,130000.0,4.0,2956.0,2018.0,20.0,0.0,5,2.0,0.0,0.0,4.0,2018,8,0,0.0,130000.0,0,3,11.775297421715827
217561.0,27000.0,1.0,2996.0,2024.0,19.0,0.0,5,2.0,0.0,0.0,5.0,2024,5,0,0.0,27000.0,0,2,10.203629181337648
12188.0,12000.0,4.0,1494.0,2025.0,12.0,3.0,5,11.0,0.0,0.0,5.0,2025,7,0,0.0,12000.0,0,3,9.392745258631441
8655.0,22000.0,6.0,1493.0,2024.0,13.0,2.0,5,11.0,140.0,9.07,4.0,2024,5,0,0.0,22000.0,1,2,9.99884318585288
3827.0,40000.0,7.0,1908.792198826372,2021.0,10.0,3.0,4,11.0,35.0,0.0,5.0,2021,12,0,0.0,40000.0,0,4,10.596659732783579
2472.0,94700.0,4.0,1199.0,2019.0,13.0,3.0,5,11.0,0.0,0.0,4.0,2019,12,0,0.0,94700.0,0,4,11.458479838780507
2914.0,132400.0,4.0,1798.0,2012.0,13.0,0.0,5,11.0,0.0,0.0,5.0,2013,6,0,1.0,66200.0,0,2,11.793590475326612
12320.0,10000.0,7.0,1908.792198826372,2024.0,20.0,3.0,5,9.0,400.0,70.26,5.0,2024,9,0,0.0,10000.0,1,3,9.210440366976517
26348.0,27000.0,8.0,1496.0,2024.0,19.0,3.0,5,9.0,300.0,36.8,5.0,2024,10,0,0.0,27000.0,1,4,10.203629181337648
20872.0,23000.0,7.0,1908.792198826372,2026.0,19.0,0.0,6,7.0,220.0,81.9,5.0,2025,8,0,0.0,23000.0,1,3,10.043292972227004
11996.0,7000.0,7.0,1908.792198826372,2026.0,12.0,3.0,5,7.0,200.0,56.12,5.0,2026,3,0,0.0,7000.0,1,1,8.853808274977197
12629.0,44000.0,4.0,1497.0,2021.0,12.0,3.0,5,11.0,0.0,0.0,5.0,2023,1,0,2.0,14666.666666666666,0,1,10.691967639914864
5858.0,120000.0,4.0,2360.0,2016.0,12.0,3.0,5,2.0,0.0,0.0,5.0,2016,12,0,0.0,120000.0,0,4,11.695255355062795
263488.0,25000.0,4.0,3994.0,2019.0,22.0,3.0,2,5.0,0.0,0.0,2.0,2019,1,0,0.0,25000.0,0,1,10.12667110305036
14425.0,7000.0,6.0,1498.0,2026.0,12.0,3.0,5,11.0,120.0,26.6,5.0,2026,4,0,0.0,7000.0,1,2,8.853808274977197
39714.0,8700.0,6.0,1995.0,2025.0,14.0,0.0,6,10.0,560.0,46.9,5.0,2025,10,0,0.0,8700.0,1,4,9.071193240566025
3959.0,3400.0,7.0,1908.792198826372,2024.0,10.0,3.0,4,11.0,30.0,13.41,3.0,2025,10,0,1.0,1700.0,1,4,8.131824785007195
6447.0,50000.0,7.0,1908.792198826372,2022.0,13.0,3.0,5,11.0,120.0,50.0,4.0,2022,8,0,0.0,50000.0,1,3,10.819798284210286
39449.0,8000.0,3.0,1996.0,2021.0,4.0,3.0,0,3.0,0.0,0.0,5.0,2022,7,0,1.0,4000.0,0,3,8.987321812850125
12776.0,10.0,4.0,1395.0,2026.0,12.0,3.0,5,11.0,0.0,0.0,5.0,2026,1,0,0.0,10.0,0,1,2.3978952727983707
8066.0,120000.0,4.0,2496.0,2015.0,17.0,3.0,5,10.0,0.0,0.0,5.0,2017,12,0,2.0,40000.0,0,4,11.695255355062795
52844.0,1400.0,4.0,2261.0,2024.0,17.0,0.0,5,2.0,0.0,0.0,4.0,2025,8,0,1.0,700.0,0,3,7.244941546337007
14690.0,100.0,6.0,1499.0,2025.0,17.0,3.0,5,11.0,150.0,18.67,5.0,2025,10,0,0.0,100.0,1,4,4.61512051684126
30882.0,5400.0,6.0,1991.0,2023.0,8.0,3.0,7,11.0,134.0,25.57,5.0,2025,10,0,2.0,1800.0,1,4,8.594339400592892
23993.0,100.0,8.0,1498.0,2025.0,17.0,3.0,5,7.0,150.0,32.6,5.0,2026,4,0,1.0,50.0,1,2,4.61512051684126
15573.0,16000.0,4.0,1497.0,2021.0,12.0,3.0,5,11.0,0.0,0.0,5.0,2025,5,0,4.0,3200.0,0,2,9.680406499268875
35298.0,33000.0,4.0,1995.0,2022.0,12.0,0.0,5,10.0,0.0,0.0,5.0,2022,8,0,0.0,33000.0,0,3,10.404293143019792
29145.0,37000.0,4.0,1998.0,2022.0,13.0,3.0,4,11.0,0.0,0.0,3.0,2022,3,0,0.0,37000.0,0,1,10.518700218288165
35151.0,24700.0,6.0,1499.0,2025.0,14.0,0.0,6,2.0,390.0,44.85,5.0,2025,5,0,0.0,24700.0,1,2,10.114599007626499
16162.0,69000.0,7.0,1908.792198826372,2021.0,7.0,3.0,5,7.0,202.0,55.0,4.0,2022,12,0,1.0,34500.0,1,4,11.141876276228
7198.0,10200.0,4.0,1598.0,2024.0,13.0,3.0,5,11.0,0.0,0.0,4.0,2024,9,0,0.0,10200.0,0,3,9.23024103368252
28704.0,26000.0,4.0,1987.0,2025.0,20.0,3.0,5,11.0,0.0,0.0,4.0,2025,4,0,0.0,26000.0,0,2,10.165890277802454
22963.0,5800.0,8.0,1498.0,2025.0,12.0,3.0,5,9.0,403.0,40.3,4.0,2025,12,0,0.0,5800.0,1,4,8.665785595466064
3503.0,58000.0,4.0,1498.0,2021.0,18.0,3.0,5,11.0,0.0,0.0,4.0,2021,6,0,0.0,58000.0,0,2,10.968215530759236
18915.0,91000.0,4.0,1998.0,2021.0,17.0,3.0,5,2.0,0.0,0.0,5.0,2022,4,0,1.0,45500.0,0,2,11.418625774449598
12217.0,20000.0,6.0,1497.0,2025.0,17.0,0.0,5,11.0,165.0,21.5,5.0,2025,6,0,0.0,20000.0,1,2,9.90353755128617
26466.0,3000.0,6.0,1498.0,2026.0,17.0,1.0,5,11.0,165.0,32.6,5.0,2026,3,0,0.0,3000.0,1,1,8.006700845440367
9361.0,70000.0,7.0,1908.792198826372,2024.0,12.0,3.0,5,11.0,120.0,0.0,5.0,2024,7,0,0.0,70000.0,0,3,11.156264806643742
199897.0,17000.0,4.0,3994.0,2023.0,22.0,3.0,2,5.0,0.0,0.0,2.0,2023,2,0,0.0,17000.0,0,1,9.741027444837728
1898.0,50800.0,4.0,1498.0,2017.0,17.0,3.0,7,11.0,0.0,0.0,5.0,2017,12,0,0.0,50800.0,0,4,10.835671318412196
27673.0,15000.0,6.0,1499.0,2026.0,19.0,3.0,5,11.0,107.0,21.2,5.0,2025,12,0,0.0,15000.0,1,4,9.61587214452889
15043.0,11600.0,7.0,1908.792198826372,2025.0,13.0,3.0,5,7.0,120.0,42.1,5.0,2025,4,0,0.0,11600.0,1,2,9.358846580275406
14837.0,60000.0,3.0,2000.0,2023.0,4.0,3.0,0,3.0,0.0,0.0,5.0,2024,2,1,1.0,30000.0,0,1,11.002116507732017
24435.0,3100.0,7.0,1908.792198826372,2025.0,17.0,1.0,5,7.0,180.0,80.0,5.0,2025,10,0,0.0,3100.0,1,4,8.03947991910045
55906.0,23800.0,4.0,1998.0,2022.0,19.0,1.0,5,10.0,0.0,0.0,5.0,2023,9,0,1.0,11900.0,0,3,10.077482875583607
11260.0,59600.0,6.0,1999.0,2020.0,17.0,0.0,7,9.0,290.0,20.0,5.0,2022,1,0,2.0,19866.666666666668,1,1,10.995427631436174
33237.0,5900.0,7.0,1908.792198826372,2025.0,19.0,3.0,5,7.0,250.0,87.3,5.0,2025,9,0,0.0,5900.0,1,3,8.682877107057168
19695.0,40000.0,7.0,1908.792198826372,2022.0,7.0,3.0,5,7.0,210.0,70.0,4.0,2023,2,0,1.0,20000.0,1,1,10.596659732783579
36770.0,93000.0,1.0,1995.0,2023.0,17.0,3.0,5,2.0,0.0,0.0,5.0,2022,11,0,0.0,93000.0,0,4,11.440365524765756
853.0,130000.0,4.0,1587.0,2014.0,12.0,3.0,5,11.0,0.0,0.0,5.0,2015,4,1,1.0,65000.0,0,2,11.775297421715827
3827.0,153000.0,4.0,3664.0,2010.0,19.0,3.0,7,10.0,0.0,0.0,5.0,2011,5,0,1.0,76500.0,0,2,11.938199736300925
18988.0,22000.0,7.0,1908.792198826372,2022.0,18.0,3.0,5,9.0,360.0,75.0,4.0,2023,3,0,1.0,11000.0,1,1,9.99884318585288
2914.0,51400.0,4.0,1499.0,2015.0,12.0,3.0,5,11.0,0.0,0.0,5.0,2016,5,0,1.0,25700.0,0,2,10.847412906506923
250092.0,44000.0,4.0,5950.0,2020.0,15.0,3.0,5,2.0,0.0,0.0,4.0,2021,1,0,1.0,22000.0,0,1,10.691967639914864
16633.0,37000.0,4.0,1998.0,2023.0,12.0,0.0,5,2.0,0.0,0.0,5.0,2023,10,0,0.0,37000.0,0,4,10.518700218288165
33267.0,29000.0,4.0,1908.792198826372,2013.0,22.0,3.0,0,11.0,0.0,0.0,4.603574926542605,2013,9,0,0.0,29000.0,0,3,10.275085591132715
8360.0,75000.0,7.0,1908.792198826372,2021.0,13.0,3.0,5,11.0,105.0,47.8,5.0,2022,2,0,1.0,37500.0,1,1,11.225256725762893
23257.0,17000.0,7.0,1908.792198826372,2025.0,14.0,0.0,6,7.0,340.0,85.0,5.0,2025,7,0,0.0,17000.0,1,3,9.741027444837728
214323.0,8000.0,7.0,1908.792198826372,2024.0,22.0,3.0,2,1.0,960.0,80.0,2.0,2025,9,0,1.0,4000.0,1,3,8.987321812850125
6476.0,200.0,7.0,1908.792198826372,2026.0,10.0,3.0,4,11.0,55.0,28.08,5.0,2026,6,0,0.0,200.0,1,2,5.303304908059076
38124.0,8500.0,4.0,1984.0,2025.0,17.0,0.0,5,10.0,0.0,0.0,5.0,2025,7,0,0.0,8500.0,0,3,9.04793908261736
23110.0,21700.0,7.0,1908.792198826372,2023.0,19.0,0.0,7,7.0,150.0,83.4,5.0,2023,6,0,0.0,21700.0,1,2,9.985113621416073
24847.0,19000.0,4.0,1998.0,2023.0,12.0,3.0,5,11.0,0.0,0.0,5.0,2023,7,0,0.0,19000.0,0,3,9.852246888342531
5711.0,30000.0,4.0,1460.0,2021.0,13.0,1.0,5,11.0,0.0,0.0,4.0,2022,5,0,1.0,15000.0,0,2,10.308985993422082
8979.0,49000.0,7.0,1908.792198826372,2023.0,12.0,0.0,5,11.0,120.0,0.0,5.0,2023,10,0,0.0,49000.0,0,4,10.799595985047786
7065.0,100.0,7.0,1908.792198826372,2025.0,10.0,3.0,4,11.0,50.0,30.24,5.0,2026,5,0,1.0,50.0,1,2,4.61512051684126
20578.0,9000.0,6.0,1499.0,2025.0,20.0,3.0,5,2.0,355.0,33.68,4.0,2026,1,0,1.0,4500.0,1,1,9.105090961257085
5578.0,106300.0,4.0,2488.0,2017.0,12.0,3.0,5,10.0,0.0,0.0,5.0,2017,7,0,0.0,106300.0,0,3,11.574029971623514
29410.0,52000.0,4.0,3470.0,2023.0,19.0,0.0,6,2.0,0.0,0.0,5.0,2024,1,0,1.0,26000.0,0,1,10.859018228147887
14396.0,26000.0,4.0,1997.0,2022.0,12.0,3.0,5,11.0,0.0,0.0,5.0,2022,1,0,0.0,26000.0,0,1,10.165890277802454
26496.0,12000.0,7.0,1908.792198826372,2025.0,20.0,1.0,5,7.0,270.0,74.9,5.0,2025,9,0,0.0,12000.0,1,3,9.392745258631441
22050.0,8700.0,7.0,1908.792198826372,2025.0,14.0,0.0,6,9.0,440.0,85.0,5.0,2025,9,0,0.0,8700.0,1,3,9.071193240566025
12055.0,20200.0,6.0,1499.0,2025.0,17.0,0.0,5,11.0,150.0,18.67,5.0,2025,9,0,0.0,20200.0,1,3,9.913487387114461
9685.0,80000.0,8.0,1498.0,2021.0,17.0,0.0,5,9.0,405.0,35.0,5.0,2021,10,0,0.0,80000.0,1,4,11.289794413577894
4416.0,109900.0,4.0,1368.0,2017.0,12.0,3.0,5,11.0,0.0,0.0,5.0,2017,12,0,0.0,109900.0,0,4,11.60733523953139
12350.0,1000.0,4.0,1598.0,2025.0,13.0,3.0,5,11.0,0.0,0.0,4.0,2026,3,0,1.0,500.0,0,1,6.90875477931522
8817.0,40000.0,6.0,1499.0,2024.0,13.0,1.0,5,11.0,150.0,18.3,4.0,2024,1,0,0.0,40000.0,1,1,10.596659732783579
15456.0,220000.0,4.0,1908.792198826372,2015.0,19.0,0.0,0,11.0,0.0,0.0,4.603574926542605,2015,1,0,0.0,220000.0,0,1,12.301387370778713
63266.0,8000.0,6.0,1974.0,2025.0,14.0,3.0,6,2.0,660.0,70.0,5.0,2026,3,0,1.0,4000.0,1,1,8.987321812850125
29145.0,45000.0,8.0,1496.0,2023.0,19.0,3.0,6,9.0,330.0,40.9,5.0,2023,2,0,0.0,45000.0,1,1,10.714439990727769
13807.0,45900.0,4.0,1497.0,2022.0,13.0,3.0,5,11.0,0.0,0.0,4.0,2023,6,0,1.0,22950.0,0,2,10.734242182303689
6123.0,32000.0,4.0,1497.0,2021.0,13.0,3.0,5,11.0,0.0,0.0,4.0,2022,5,1,1.0,16000.0,0,2,10.373522431293592
24994.0,22000.0,7.0,1908.792198826372,2026.0,19.0,3.0,5,7.0,245.0,76.0,5.0,2025,9,0,0.0,22000.0,1,3,9.99884318585288
44130.0,4000.0,8.0,1496.0,2025.0,14.0,3.0,5,9.0,392.0,53.4,5.0,2025,9,0,0.0,4000.0,1,3,8.294299608857235
18664.0,35000.0,4.0,1395.0,2022.0,13.0,2.0,5,11.0,0.0,0.0,4.0,2022,8,0,0.0,35000.0,0,3,10.463131911491967
16456.0,7000.0,8.0,1497.0,2024.0,19.0,3.0,6,7.0,200.0,34.32,5.0,2025,5,0,1.0,3500.0,1,2,8.853808274977197
6476.0,26700.0,4.0,1498.0,2023.0,17.0,3.0,5,11.0,0.0,0.0,5.0,2023,4,1,0.0,26700.0,0,2,10.192456296870509
15132.0,100.0,4.0,1598.0,2025.0,18.0,2.0,5,11.0,0.0,0.0,5.0,1990,1,0,0.0,100.0,0,1,4.61512051684126
26201.0,52000.0,4.0,1997.0,2024.0,17.0,3.0,5,2.0,0.0,0.0,5.0,2024,3,0,0.0,52000.0,0,1,10.859018228147887
14101.0,100.0,7.0,1908.792198826372,2026.0,20.0,3.0,5,7.0,120.0,51.48,5.0,2026,4,0,0.0,100.0,1,2,4.61512051684126
17928.0,100.0,6.0,1497.0,2025.0,12.0,3.0,5,11.0,100.0,30.3,5.0,2026,3,0,1.0,50.0,1,1,4.61512051684126
3797.0,10900.0,4.0,1451.0,2023.0,16.0,3.0,0,5.0,0.0,0.0,5.0,2024,5,1,1.0,5450.0,0,2,9.296609807128359
8670.0,10000.0,4.0,1598.0,2024.0,17.0,0.0,5,11.0,0.0,0.0,5.0,2024,2,0,0.0,10000.0,0,1,9.210440366976517
33679.0,20000.0,7.0,1908.792198826372,2026.0,14.0,3.0,6,9.0,520.0,102.0,5.0,2025,11,0,0.0,20000.0,1,4,9.90353755128617
5578.0,100000.0,4.0,1997.0,2017.0,12.0,3.0,5,11.0,0.0,0.0,5.0,2017,6,0,0.0,100000.0,0,2,11.51293546492023
5564.0,75000.0,4.0,1908.792198826372,2018.0,4.0,0.0,0,3.0,0.0,0.0,4.0,2019,1,0,1.0,37500.0,0,1,11.225256725762893
27496.0,16000.0,6.0,1499.0,2025.0,19.0,2.0,6,9.0,300.0,52.3,5.0,2024,10,0,0.0,16000.0,1,4,9.680406499268875
13248.0,55000.0,4.0,1984.0,2022.0,17.0,3.0,5,11.0,0.0,0.0,5.0,2022,8,0,0.0,55000.0,0,3,10.915106645867503
276736.0,17000.0,4.0,5204.0,2020.0,22.0,3.0,2,5.0,0.0,0.0,2.0,2021,6,0,1.0,8500.0,0,2,9.741027444837728
9832.0,25000.0,4.0,1598.0,2023.0,12.0,1.0,5,11.0,0.0,0.0,5.0,2023,12,0,0.0,25000.0,0,4,10.12667110305036
2664.0,78000.0,6.0,1908.792198826372,2019.0,13.0,3.0,5,11.0,100.0,9.1,4.0,2020,12,0,1.0,39000.0,1,4,11.264476926102367
63001.0,1500.0,7.0,1908.792198826372,2025.0,8.0,0.0,6,7.0,200.0,116.0,5.0,2025,10,0,0.0,1500.0,1,4,7.313886831633462
38242.0,16000.0,6.0,1499.0,2025.0,8.0,3.0,7,2.0,215.0,44.28,5.0,2025,10,0,0.0,16000.0,1,4,9.680406499268875
17443.0,13200.0,7.0,1908.792198826372,2024.0,17.0,0.0,5,7.0,240.0,60.0,5.0,2025,4,0,1.0,6600.0,1,2,9.488047863280759
11304.0,64000.0,7.0,1908.792198826372,2024.0,12.0,3.0,5,7.0,135.0,65.69,5.0,2024,9,0,0.0,64000.0,1,3,11.06665398721974
10863.0,29000.0,7.0,1908.792198826372,2024.0,12.0,0.0,5,7.0,135.0,50.63,5.0,2024,3,0,0.0,29000.0,1,1,10.275085591132715
40480.0,18000.0,7.0,1908.792198826372,2025.0,19.0,1.0,5,9.0,508.0,101.7,5.0,2025,7,0,0.0,18000.0,1,3,9.798182590890704
14867.0,35000.0,7.0,1908.792198826372,2024.0,17.0,0.0,5,7.0,240.0,85.0,5.0,2025,6,0,1.0,17500.0,1,2,10.463131911491967
26760.0,6700.0,6.0,1499.0,2025.0,19.0,0.0,6,9.0,300.0,44.5,5.0,2024,12,0,0.0,6700.0,1,4,8.81001204797317
6152.0,35000.0,4.0,1497.0,2023.0,11.0,3.0,5,11.0,0.0,0.0,5.0,2023,5,0,0.0,35000.0,0,2,10.463131911491967
1810.0,72400.0,4.0,1591.0,2015.0,13.0,3.0,5,11.0,0.0,0.0,4.0,2016,3,1,1.0,36200.0,0,1,11.189975390433117
1442.0,93800.0,4.0,1498.0,2016.0,17.0,3.0,5,11.0,0.0,0.0,5.0,2017,8,1,1.0,46900.0,0,3,11.448930795918299
28821.0,2000.0,3.0,2998.0,2021.0,4.0,3.0,0,3.0,0.0,0.0,4.0,2025,9,0,4.0,400.0,0,3,7.601402334583733
5858.0,130000.0,4.0,1998.0,2017.0,13.0,3.0,5,11.0,0.0,0.0,5.0,2017,5,0,0.0,130000.0,0,2,11.775297421715827
19430.0,22000.0,1.0,1997.0,2021.0,17.0,3.0,5,2.0,0.0,0.0,5.0,2021,12,0,0.0,22000.0,0,4,9.99884318585288
9685.0,23800.0,7.0,1908.792198826372,2021.0,12.0,3.0,5,11.0,120.0,61.3,5.0,2022,9,0,1.0,11900.0,1,3,10.077482875583607
5299.0,125800.0,4.0,1908.792198826372,2017.0,5.0,3.0,0,10.0,0.0,0.0,4.0,2019,7,0,2.0,41933.333333333336,0,3,11.74245657234248
14690.0,12500.0,7.0,1908.792198826372,2025.0,13.0,2.0,5,7.0,120.0,42.1,5.0,2025,4,0,0.0,12500.0,1,2,9.433563920090563
2870.0,90000.0,4.0,1499.0,2015.0,12.0,3.0,5,11.0,0.0,0.0,5.0,2016,8,0,1.0,45000.0,0,3,11.407576060361786
88143.0,90000.0,5.0,2494.0,2020.0,8.0,0.0,4,2.0,155.0,0.0,5.0,2021,6,0,1.0,45000.0,0,2,11.407576060361786
703616.0,7500.0,4.0,2480.0,2025.0,22.0,2.0,2,5.0,0.0,0.0,1.0,2025,2,0,0.0,7500.0,0,1,8.922791623969637
26024.0,35000.0,4.0,1998.0,2022.0,17.0,3.0,5,10.0,0.0,0.0,5.0,2023,6,0,1.0,17500.0,0,2,10.463131911491967
4563.0,66700.0,4.0,1981.0,2018.0,17.0,3.0,5,11.0,0.0,0.0,5.0,2019,5,0,1.0,33350.0,0,2,11.107975224295076
15279.0,60000.0,4.0,1998.0,2020.0,19.0,0.0,7,2.0,0.0,0.0,5.0,2021,4,0,1.0,30000.0,0,2,11.002116507732017
6888.0,110000.0,3.0,1999.0,2020.0,8.0,3.0,7,3.0,0.0,0.0,4.0,2020,7,1,0.0,110000.0,0,3,11.608244735642321
26466.0,48000.0,4.0,1967.0,2021.0,12.0,3.0,5,10.0,0.0,0.0,5.0,2022,3,0,1.0,24000.0,0,1,10.778977123006351
23625.0,15500.0,7.0,1908.792198826372,2025.0,17.0,3.0,5,7.0,240.0,60.0,5.0,2025,11,0,0.0,15500.0,1,4,9.648659816955295
4857.0,58000.0,4.0,999.0,2022.0,13.0,3.0,5,11.0,0.0,0.0,4.0,2022,8,0,0.0,58000.0,0,3,10.968215530759236
9126.0,10000.0,4.0,1598.0,2025.0,13.0,3.0,5,11.0,0.0,0.0,4.0,2025,3,0,0.0,10000.0,0,1,9.210440366976517
8213.0,17300.0,7.0,1908.792198826372,2026.0,11.0,3.0,5,11.0,75.0,31.9,5.0,2025,6,0,0.0,17300.0,1,2,9.758519582283522
6888.0,70000.0,7.0,1908.792198826372,2022.0,1.0,3.0,0,11.0,70.0,0.0,3.0,2022,12,0,0.0,70000.0,0,4,11.156264806643742
18517.0,2200.0,8.0,1498.0,2025.0,17.0,3.0,5,7.0,150.0,32.6,5.0,2025,12,0,0.0,2200.0,1,4,7.696667081526462
8861.0,15100.0,7.0,1908.792198826372,2023.0,0.0,3.0,5,11.0,120.0,54.0,5.0,2024,7,0,1.0,7550.0,1,3,9.62251624577579
7183.0,130000.0,7.0,1908.792198826372,2021.0,13.0,3.0,5,11.0,100.0,57.0,4.0,2021,7,0,0.0,130000.0,1,3,11.775297421715827
5446.0,48700.0,4.0,1499.0,2020.0,12.0,3.0,5,11.0,0.0,0.0,5.0,2019,12,0,0.0,48700.0,0,4,10.793454842740767
27791.0,96000.0,4.0,1995.0,2019.0,17.0,0.0,5,2.0,0.0,0.0,4.0,2019,7,0,0.0,96000.0,0,3,11.472113887062386
11304.0,18000.0,7.0,1908.792198826372,2024.0,12.0,2.0,5,7.0,135.0,50.63,5.0,2024,7,0,0.0,18000.0,1,3,9.798182590890704
15308.0,20000.0,7.0,1908.792198826372,2023.0,19.0,0.0,5,7.0,231.0,71.0,5.0,2024,1,0,1.0,10000.0,1,1,9.90353755128617
19695.0,53000.0,7.0,1908.792198826372,2023.0,19.0,3.0,5,7.0,250.0,90.0,5.0,2023,4,0,0.0,53000.0,1,2,10.87806606028079
11157.0,83000.0,4.0,1498.0,2024.0,7.0,0.0,5,11.0,0.0,0.0,4.0,2023,12,0,0.0,83000.0,0,4,11.326607934898927
45484.0,1000.0,6.0,1497.0,2026.0,14.0,0.0,6,2.0,380.0,65.0,5.0,2025,11,0,0.0,1000.0,1,4,6.90875477931522
28998.0,25000.0,4.0,1995.0,2022.0,12.0,2.0,5,10.0,0.0,0.0,5.0,2023,4,0,1.0,12500.0,0,2,10.12667110305036
200192.0,100.0,4.0,2992.0,2023.0,22.0,3.0,4,2.0,0.0,0.0,2.0,1990,1,0,0.0,100.0,0,1,4.61512051684126
12335.0,79000.0,7.0,1908.792198826372,2021.0,17.0,3.0,5,11.0,160.0,93.6,5.0,2021,8,0,0.0,79000.0,1,3,11.277215789596893
22816.0,23600.0,8.0,1497.0,2024.0,17.0,3.0,5,7.0,231.0,39.05,5.0,2025,6,0,1.0,11800.0,1,2,10.069044362997353
642925.0,3300.0,4.0,1908.792198826372,2022.0,22.0,3.0,0,11.0,0.0,0.0,4.603574926542605,2022,8,0,0.0,3300.0,0,3,8.101980731853192
41952.0,8000.0,1.0,1999.0,2025.0,17.0,0.0,5,10.0,0.0,0.0,5.0,2025,6,0,0.0,8000.0,0,2,8.987321812850125
23522.0,50000.0,4.0,1987.0,2022.0,20.0,1.0,5,11.0,0.0,0.0,4.0,2022,8,0,0.0,50000.0,0,3,10.819798284210286
11628.0,78000.0,4.0,1999.0,2019.0,17.0,0.0,5,11.0,0.0,0.0,5.0,2019,11,0,0.0,78000.0,0,4,11.264476926102367
12158.0,40600.0,4.0,1499.0,2023.0,17.0,0.0,5,11.0,0.0,0.0,5.0,2023,8,0,0.0,40600.0,0,3,10.611547975828369
2178.0,53200.0,4.0,1587.0,2016.0,13.0,3.0,5,11.0,0.0,0.0,4.0,2016,8,1,0.0,53200.0,0,3,10.881832472145556
27938.0,29100.0,4.0,1998.0,2024.0,7.0,3.0,5,3.0,0.0,0.0,4.0,2024,5,0,0.0,29100.0,0,2,10.278527816830314
24405.0,35000.0,4.0,1995.0,2023.0,12.0,1.0,5,2.0,0.0,0.0,5.0,2024,6,0,1.0,17500.0,0,2,10.463131911491967
27820.0,92400.0,1.0,2993.0,2022.0,19.0,0.0,5,2.0,0.0,0.0,5.0,2022,11,0,0.0,92400.0,0,4,11.433893080082035
30028.0,64600.0,6.0,1998.0,2023.0,19.0,3.0,5,2.0,120.0,37.1,5.0,2023,10,0,0.0,64600.0,1,4,11.075985169527042
4239.0,180000.0,7.0,1908.792198826372,2018.0,13.0,3.0,5,11.0,160.0,53.66,4.0,2019,12,0,1.0,90000.0,1,4,12.100717685412471
38831.0,3000.0,8.0,1498.0,2026.0,20.0,0.0,5,7.0,227.0,53.4,4.0,2025,12,0,0.0,3000.0,1,4,8.006700845440367
24288.0,100.0,8.0,1498.0,2025.0,17.0,3.0,5,7.0,150.0,32.6,5.0,2026,4,0,1.0,50.0,1,2,4.61512051684126
37359.0,100.0,7.0,1908.792198826372,2024.0,19.0,0.0,5,9.0,300.0,96.1,5.0,2025,12,0,1.0,50.0,1,4,4.61512051684126
13218.0,40000.0,6.0,1497.0,2023.0,20.0,0.0,5,11.0,145.0,18.316,4.0,2024,1,0,1.0,20000.0,1,1,10.596659732783579
12512.0,100000.0,4.0,2498.0,2018.0,17.0,3.0,5,2.0,0.0,0.0,5.0,2018,4,0,0.0,100000.0,0,2,11.51293546492023
2487.0,117600.0,4.0,1997.0,2016.0,12.0,3.0,5,11.0,0.0,0.0,5.0,2017,2,0,1.0,58800.0,0,1,11.67505281781187
42658.0,38000.0,4.0,1908.792198826372,2020.0,2.0,3.0,0,11.0,0.0,0.0,4.603574926542605,2020,4,0,0.0,38000.0,0,2,10.545367754151743
11481.0,100000.0,4.0,1998.0,2015.0,22.0,0.0,4,3.0,0.0,0.0,2.0,2015,4,0,0.0,100000.0,0,2,11.51293546492023
2031.0,70200.0,4.0,1591.0,2016.0,12.0,3.0,5,11.0,0.0,0.0,5.0,2017,2,1,1.0,35100.0,0,1,11.159117834926688
8213.0,73000.0,7.0,1908.792198826372,2024.0,13.0,3.0,5,11.0,70.0,43.2,5.0,2024,5,0,0.0,73000.0,1,2,11.19822841866684
407449.0,8000.0,4.0,3996.0,2024.0,19.0,3.0,5,2.0,0.0,0.0,5.0,2024,8,0,0.0,8000.0,0,3,8.987321812850125
25583.0,15000.0,6.0,1998.0,2024.0,12.0,1.0,5,2.0,120.0,37.1,5.0,2024,5,0,0.0,15000.0,1,2,9.61587214452889
46809.0,25000.0,6.0,1995.0,2021.0,17.0,0.0,5,2.0,133.0,17.0,5.0,2023,11,0,2.0,8333.333333333334,1,4,10.12667110305036
1324.0,76300.0,4.0,1591.0,2014.0,13.0,0.0,5,11.0,0.0,0.0,4.0,2014,7,1,0.0,76300.0,0,3,11.242441323346558
33399.0,12100.0,4.0,1998.0,2024.0,12.0,3.0,5,2.0,0.0,0.0,5.0,2025,5,0,1.0,6050.0,0,2,9.401043372798053
5431.0,51600.0,4.0,1499.0,2020.0,12.0,3.0,5,11.0,0.0,0.0,5.0,2020,12,0,0.0,51600.0,0,4,10.851296331126829
47795.0,12000.0,7.0,1908.792198826372,2025.0,20.0,3.0,5,8.0,1138.0,93.7,4.0,2025,9,0,0.0,12000.0,1,3,9.392745258631441
12335.0,13000.0,4.0,1392.0,2022.0,12.0,3.0,5,11.0,0.0,0.0,5.0,2022,7,0,0.0,13000.0,0,3,9.472781556562168
19106.0,5000.0,7.0,1908.792198826372,2025.0,19.0,3.0,5,7.0,253.0,85.0,5.0,2026,1,0,1.0,2500.0,1,1,8.517393171418904
11599.0,111000.0,4.0,1995.0,2018.0,17.0,3.0,5,2.0,0.0,0.0,5.0,2019,1,0,1.0,55500.0,0,1,11.6172944892629
19106.0,30000.0,6.0,1499.0,2023.0,19.0,1.0,6,9.0,350.0,44.5,5.0,2023,12,0,0.0,30000.0,1,4,10.308985993422082
6888.0,89000.0,4.0,1751.0,2026.0,17.0,1.0,5,11.0,0.0,0.0,5.0,2018,12,0,0.0,89000.0,0,4,11.39640288460621
12776.0,100.0,7.0,1908.792198826372,2025.0,18.0,1.0,5,11.0,160.0,59.22,4.0,2026,6,0,1.0,50.0,1,2,4.61512051684126
15735.0,1200.0,7.0,1908.792198826372,2026.0,13.0,3.0,5,7.0,180.0,67.1,5.0,2026,5,0,0.0,1200.0,1,2,7.0909098220799835
36505.0,44000.0,6.0,1998.0,2023.0,19.0,3.0,5,10.0,120.0,37.1,5.0,2024,1,0,1.0,22000.0,1,1,10.691967639914864
6771.0,20000.0,6.0,1498.0,2025.0,13.0,3.0,5,11.0,120.0,7.68,4.0,2025,7,0,0.0,20000.0,1,3,9.90353755128617
16015.0,108000.0,8.0,1199.0,2021.0,19.0,3.0,6,9.0,245.0,40.5,5.0,2021,9,0,0.0,108000.0,1,3,11.58989576532275
2929.0,119700.0,4.0,1999.0,2014.0,7.0,3.0,5,11.0,0.0,0.0,4.0,2015,7,0,1.0,59850.0,0,3,11.692752245730048
21903.0,114800.0,5.0,1993.0,2022.0,6.0,0.0,7,11.0,135.0,0.0,5.0,2022,9,0,0.0,114800.0,0,3,11.650955473631058
33679.0,5000.0,6.0,1497.0,2025.0,14.0,0.0,5,2.0,405.0,31.7,5.0,2026,1,0,1.0,2500.0,1,1,8.517393171418904
16928.0,47000.0,4.0,1996.0,2019.0,17.0,3.0,5,2.0,0.0,0.0,5.0,2019,11,0,0.0,47000.0,0,4,10.757924157061597
152911.0,49000.0,4.0,3982.0,2021.0,19.0,3.0,5,10.0,0.0,0.0,5.0,2021,6,0,0.0,49000.0,0,2,10.799595985047786
33856.0,6000.0,6.0,1969.0,2025.0,17.0,0.0,5,10.0,107.0,18.8,5.0,2026,4,0,1.0,3000.0,1,2,8.699681400989514
19842.0,16000.0,8.0,1498.0,2025.0,12.0,0.0,5,9.0,403.0,40.3,4.0,2025,2,0,0.0,16000.0,1,1,9.680406499268875
37977.0,30000.0,4.0,1908.792198826372,2019.0,12.0,3.0,0,11.0,0.0,0.0,4.603574926542605,2019,8,0,0.0,30000.0,0,3,10.308985993422082
55641.0,29000.0,4.0,1908.792198826372,2022.0,2.0,3.0,0,11.0,0.0,0.0,4.603574926542605,2024,11,0,2.0,9666.666666666666,0,4,10.275085591132715
18959.0,10000.0,8.0,1497.0,2025.0,19.0,3.0,5,9.0,316.0,35.07,5.0,2025,4,0,0.0,10000.0,1,2,9.210440366976517
8802.0,90000.0,7.0,1908.792198826372,2024.0,16.0,3.0,0,7.0,72.0,0.0,3.0,2024,9,0,0.0,90000.0,0,3,11.407576060361786
10789.0,13900.0,4.0,1498.0,2022.0,13.0,3.0,5,11.0,0.0,0.0,4.0,2023,3,0,1.0,6950.0,0,1,9.539716058977092
7065.0,80000.0,3.0,1968.0,2023.0,1.0,0.0,0,3.0,0.0,0.0,4.0,2023,11,1,0.0,80000.0,0,4,11.289794413577894
36770.0,16000.0,6.0,1497.0,2025.0,8.0,0.0,7,2.0,310.0,41.7,5.0,2024,10,0,0.0,16000.0,1,4,9.680406499268875
2472.0,78000.0,4.0,1498.0,2017.0,12.0,0.0,5,11.0,0.0,0.0,5.0,2017,2,0,0.0,78000.0,0,1,11.264476926102367
41186.0,7500.0,6.0,1995.0,2025.0,14.0,3.0,6,2.0,560.0,46.9,5.0,2025,10,0,0.0,7500.0,1,4,8.922791623969637
46956.0,6800.0,5.0,2487.0,2024.0,20.0,0.0,5,3.0,131.9,0.0,4.0,2025,11,0,1.0,3400.0,0,4,8.824824939175638
32648.0,12200.0,6.0,1499.0,2026.0,19.0,2.0,5,2.0,263.0,39.6,5.0,2025,9,0,0.0,12200.0,1,3,9.409273194575334
2178.0,80000.0,4.0,1997.0,2016.0,17.0,3.0,5,11.0,0.0,0.0,5.0,2017,1,1,1.0,40000.0,0,1,11.289794413577894
32207.0,50000.0,4.0,2979.0,2019.0,19.0,1.0,5,2.0,0.0,0.0,5.0,2018,10,0,0.0,50000.0,0,4,10.819798284210286
14690.0,8800.0,7.0,1908.792198826372,2025.0,13.0,3.0,5,7.0,120.0,42.1,5.0,2025,5,0,0.0,8800.0,1,2,9.082620630373812
11481.0,58400.0,7.0,1908.792198826372,2022.0,20.0,3.0,5,11.0,160.0,65.6,5.0,2022,12,0,0.0,58400.0,1,4,10.975088291957388
109958.0,5000.0,1.0,1908.792198826372,2025.0,19.0,3.0,5,2.0,0.0,0.0,4.603574926542605,2026,3,0,1.0,2500.0,0,1,8.517393171418904
33120.0,6000.0,7.0,1908.792198826372,2025.0,19.0,2.0,5,7.0,235.0,96.3,5.0,2025,7,0,0.0,6000.0,1,3,8.699681400989514
2914.0,56000.0,4.0,1499.0,2019.0,9.0,3.0,0,5.0,0.0,0.0,4.0,2022,7,1,3.0,14000.0,0,3,10.933124826700707
40156.0,7500.0,7.0,1908.792198826372,2026.0,14.0,3.0,6,9.0,520.0,102.0,5.0,2026,2,0,0.0,7500.0,1,1,8.922791623969637
18547.0,39000.0,8.0,1199.0,2021.0,19.0,1.0,6,9.0,245.0,40.5,5.0,2021,9,0,0.0,39000.0,1,3,10.571342565808699
1442.0,70000.0,4.0,1499.0,2017.0,12.0,3.0,5,11.0,0.0,0.0,5.0,2018,3,1,1.0,35000.0,0,1,11.156264806643742
24288.0,6000.0,7.0,1908.792198826372,2025.0,7.0,3.0,5,7.0,194.0,62.5,4.0,2026,1,0,1.0,3000.0,1,1,8.699681400989514
17634.0,47000.0,8.0,1497.0,2024.0,19.0,3.0,5,7.0,185.0,35.07,5.0,2024,5,0,0.0,47000.0,1,2,10.757924157061597
6918.0,127000.0,6.0,1349.0,2022.0,0.0,3.0,7,11.0,60.0,13.0,5.0,2023,8,0,1.0,63500.0,1,3,11.751950239425476
28968.0,55000.0,4.0,1995.0,2022.0,12.0,3.0,5,10.0,0.0,0.0,5.0,2023,2,0,1.0,27500.0,0,1,10.915106645867503
3797.0,16000.0,4.0,1485.0,2019.0,16.0,3.0,0,3.0,0.0,0.0,5.0,2019,8,1,0.0,16000.0,0,3,9.680406499268875
98329.0,28000.0,4.0,1908.792198826372,2022.0,2.0,0.0,0,11.0,0.0,0.0,4.603574926542605,2023,7,0,1.0,14000.0,0,3,10.239995502805316
2767.0,68000.0,4.0,1499.0,2018.0,16.0,3.0,0,5.0,0.0,0.0,5.0,2020,8,1,2.0,22666.666666666668,0,3,11.127277689932466
14690.0,24000.0,4.0,1395.0,2022.0,17.0,3.0,5,11.0,0.0,0.0,5.0,2023,1,0,1.0,12000.0,0,1,10.085850775128717
29410.0,80000.0,3.0,2993.0,2016.0,19.0,3.0,5,2.0,0.0,0.0,5.0,2016,4,0,0.0,80000.0,0,2,11.289794413577894
99801.0,65000.0,4.0,1908.792198826372,2022.0,2.0,0.0,0,11.0,0.0,0.0,4.603574926542605,2023,6,0,1.0,32500.0,0,2,11.082157933374816
2767.0,60000.0,4.0,1997.0,2015.0,12.0,3.0,5,11.0,0.0,0.0,5.0,2016,4,0,1.0,30000.0,0,2,11.002116507732017
27938.0,17400.0,7.0,1908.792198826372,2023.0,8.0,3.0,7,11.0,202.0,114.19,5.0,2023,12,0,0.0,17400.0,1,4,9.76428295481558
7330.0,120000.0,7.0,1908.792198826372,2023.0,13.0,3.0,5,11.0,100.0,55.2,4.0,2023,6,0,0.0,120000.0,1,2,11.695255355062795
19548.0,12000.0,4.0,1998.0,2021.0,12.0,3.0,5,11.0,0.0,0.0,5.0,2023,5,0,2.0,4000.0,0,2,9.392745258631441
13689.0,15000.0,7.0,1908.792198826372,2023.0,7.0,0.0,5,7.0,194.0,60.0,4.0,2024,9,0,1.0,7500.0,1,3,9.61587214452889
7934.0,27300.0,4.0,1998.0,2021.0,17.0,3.0,5,11.0,0.0,0.0,5.0,2022,7,0,1.0,13650.0,0,3,10.214678610538817
5372.0,59000.0,4.0,1967.0,2019.0,17.0,0.0,5,11.0,0.0,0.0,5.0,2019,7,0,0.0,59000.0,0,3,10.985309671896763
17634.0,4000.0,7.0,1908.792198826372,2025.0,7.0,3.0,5,11.0,200.0,74.4,4.0,2025,8,0,0.0,4000.0,1,3,8.294299608857235
7360.0,5000.0,4.0,1598.0,2026.0,13.0,3.0,5,11.0,0.0,0.0,4.0,2026,1,0,0.0,5000.0,0,1,8.517393171418904
14278.0,7800.0,7.0,1908.792198826372,2025.0,12.0,3.0,5,7.0,250.0,61.47,5.0,2025,11,0,0.0,7800.0,1,4,8.962007209588313
8360.0,89000.0,7.0,1908.792198826372,2021.0,17.0,3.0,5,11.0,160.0,66.231,5.0,2021,12,0,0.0,89000.0,1,4,11.39640288460621
8655.0,50000.0,4.0,1967.0,2019.0,5.0,1.0,0,3.0,0.0,0.0,4.0,2021,4,0,2.0,16666.666666666668,0,2,10.819798284210286
120527.0,4000.0,8.0,1499.0,2025.0,15.0,3.0,4,9.0,390.0,65.0,4.0,2025,8,0,0.0,4000.0,1,3,8.294299608857235
12629.0,19000.0,4.0,1395.0,2023.0,12.0,3.0,5,11.0,0.0,0.0,5.0,2023,3,0,0.0,19000.0,0,1,9.852246888342531
263488.0,6300.0,4.0,3982.0,2023.0,22.0,3.0,4,3.0,0.0,0.0,2.0,2023,2,0,0.0,6300.0,0,1,8.748463629942055
22492.0,30000.0,4.0,1395.0,2022.0,12.0,3.0,5,11.0,0.0,0.0,5.0,2022,11,0,0.0,30000.0,0,4,10.308985993422082
14690.0,30000.0,7.0,1908.792198826372,2022.0,17.0,3.0,5,11.0,175.0,94.5,5.0,2023,6,0,1.0,15000.0,1,2,10.308985993422082
43865.0,1000.0,7.0,1908.792198826372,2026.0,20.0,2.0,5,9.0,434.0,100.0,5.0,2026,6,0,0.0,1000.0,1,2,6.90875477931522
47368.0,52000.0,8.0,1499.0,2024.0,14.0,1.0,6,9.0,365.0,42.0,5.0,2024,7,0,0.0,52000.0,1,3,10.859018228147887
11628.0,31900.0,7.0,1908.792198826372,2023.0,22.0,3.0,4,7.0,170.0,64.27,2.0,2023,10,0,0.0,31900.0,1,4,10.370392636243981
13660.0,34000.0,7.0,1908.792198826372,2023.0,7.0,1.0,5,7.0,150.0,61.4,4.0,2023,6,0,0.0,34000.0,1,2,10.434145214930487
14101.0,900.0,8.0,1498.0,2024.0,20.0,3.0,5,7.0,200.0,43.88,5.0,2025,8,0,1.0,450.0,1,3,6.803505257608338
8817.0,28900.0,4.0,1991.0,2015.0,7.0,3.0,5,3.0,0.0,0.0,4.0,2016,6,0,1.0,14450.0,0,2,10.27163147557801
23375.0,170000.0,4.0,2995.0,2015.0,19.0,3.0,5,2.0,0.0,0.0,5.0,2015,4,0,0.0,170000.0,0,2,12.04355959836804
24288.0,6700.0,4.0,1998.0,2025.0,12.0,0.0,5,2.0,0.0,0.0,5.0,2026,1,0,1.0,3350.0,0,1,8.81001204797317
28704.0,5700.0,6.0,1969.0,2024.0,17.0,3.0,5,2.0,107.0,18.8,5.0,2025,2,0,1.0,2850.0,1,1,8.648396877031582
8213.0,35000.0,4.0,1197.0,2019.0,13.0,3.0,5,11.0,0.0,0.0,4.0,2020,7,0,1.0,17500.0,0,3,10.463131911491967
35033.0,25000.0,4.0,2956.0,2022.0,19.0,1.0,6,2.0,0.0,0.0,5.0,2022,1,0,0.0,25000.0,0,1,10.12667110305036
5416.0,187000.0,4.0,2261.0,2006.0,7.0,3.0,5,11.0,0.0,0.0,5.0,2008,12,0,2.0,62333.333333333336,0,4,12.138869243416009
31176.0,21300.0,7.0,1908.792198826372,2025.0,7.0,3.0,5,9.0,331.0,78.4,4.0,2025,9,0,0.0,21300.0,1,3,9.966509298952284
11746.0,60000.0,4.0,1499.0,2022.0,13.0,3.0,5,11.0,0.0,0.0,4.0,2022,10,0,0.0,60000.0,0,4,11.002116507732017
37094.0,8800.0,7.0,1908.792198826372,2026.0,7.0,3.0,5,9.0,579.0,100.0,5.0,2025,9,0,0.0,8800.0,1,3,9.082620630373812
25568.0,15200.0,7.0,1908.792198826372,2025.0,7.0,3.0,5,9.0,440.0,72.88,4.0,2025,4,0,0.0,15200.0,1,2,9.62911649414402
32089.0,4000.0,5.0,1991.0,2025.0,8.0,0.0,7,11.0,134.0,0.0,5.0,2025,9,0,0.0,4000.0,0,3,8.294299608857235
10274.0,100.0,4.0,1498.0,2023.0,13.0,3.0,5,11.0,0.0,0.0,5.0,2026,6,0,3.0,25.0,0,2,4.61512051684126
17192.0,60200.0,7.0,1908.792198826372,2024.0,19.0,0.0,6,7.0,215.0,67.7,5.0,2024,9,0,0.0,60200.0,1,3,11.005444242454628
12953.0,53000.0,4.0,1490.0,2019.0,17.0,3.0,5,11.0,0.0,0.0,5.0,2020,3,0,1.0,26500.0,0,1,10.87806606028079
2767.0,100000.0,6.0,1908.792198826372,2017.0,13.0,3.0,5,11.0,60.0,0.0,4.0,2018,4,0,1.0,50000.0,0,2,11.51293546492023
12512.0,54000.0,4.0,1998.0,2021.0,17.0,0.0,5,11.0,0.0,0.0,5.0,2021,1,0,0.0,54000.0,0,1,10.896757843893464
11599.0,20000.0,7.0,1908.792198826372,2024.0,17.0,3.0,5,11.0,185.0,65.0,5.0,2025,6,0,1.0,10000.0,1,2,9.90353755128617
2046.0,34200.0,4.0,1499.0,2017.0,13.0,3.0,5,11.0,0.0,0.0,4.0,2019,3,1,2.0,11400.0,0,1,10.440010162389305
10863.0,300.0,4.0,1395.0,2024.0,12.0,3.0,5,11.0,0.0,0.0,5.0,2026,3,0,2.0,100.0,0,1,5.707110264748875
2649.0,130000.0,4.0,1997.0,2016.0,12.0,3.0,5,11.0,0.0,0.0,5.0,2016,9,1,0.0,130000.0,0,3,11.775297421715827
121440.0,4100.0,8.0,1499.0,2025.0,15.0,3.0,4,9.0,390.0,65.0,4.0,2026,2,0,1.0,2050.0,1,1,8.31898612539206
35298.0,54900.0,1.0,1998.0,2024.0,20.0,3.0,5,3.0,0.0,0.0,4.0,2024,6,0,0.0,54900.0,0,2,10.91328684226798
67417.0,12500.0,6.0,1974.0,2025.0,14.0,0.0,6,10.0,660.0,70.0,5.0,2026,2,0,1.0,6250.0,1,1,9.433563920090563
9832.0,400.0,7.0,1908.792198826372,2026.0,13.0,3.0,5,7.0,85.0,40.16,5.0,2026,4,0,0.0,400.0,1,2,5.993961427306569
14661.0,8000.0,6.0,1497.0,2025.0,17.0,0.0,5,11.0,165.0,31.7,5.0,2025,5,0,0.0,8000.0,1,2,8.987321812850125
19989.0,100.0,4.0,1498.0,2024.0,7.0,3.0,5,11.0,0.0,0.0,4.0,2026,6,0,2.0,33.333333333333336,0,2,4.61512051684126
18517.0,53200.0,7.0,1908.792198826372,2021.0,19.0,3.0,5,9.0,230.0,96.7,5.0,2021,7,0,0.0,53200.0,1,3,10.881832472145556
121440.0,4100.0,8.0,1499.0,2025.0,15.0,3.0,4,9.0,390.0,65.0,4.0,2026,2,0,1.0,2050.0,1,1,8.31898612539206
7183.0,300.0,7.0,1908.792198826372,2026.0,10.0,2.0,4,7.0,30.0,25.1,5.0,2026,2,0,0.0,300.0,1,1,5.707110264748875
13218.0,34000.0,4.0,1969.0,2021.0,13.0,3.0,5,2.0,0.0,0.0,4.0,2021,5,0,0.0,34000.0,0,2,10.434145214930487
21667.0,6100.0,8.0,1498.0,2025.0,17.0,0.0,5,7.0,150.0,32.6,5.0,2025,9,0,0.0,6100.0,1,3,8.716207971151853
1442.0,110000.0,4.0,1490.0,2016.0,12.0,1.0,5,11.0,0.0,0.0,5.0,2017,7,0,1.0,55000.0,0,3,11.608244735642321
101273.0,29000.0,4.0,3497.0,2023.0,2.0,0.0,5,2.0,0.0,0.0,4.0,2025,7,0,2.0,9666.666666666666,0,3,10.275085591132715
26422.0,5500.0,6.0,1499.0,2026.0,17.0,1.0,5,9.0,336.0,38.2,5.0,2026,1,0,0.0,5500.0,1,1,8.612685172875459
6300.0,85000.0,4.0,2496.0,2013.0,17.0,3.0,5,3.0,0.0,0.0,5.0,2013,11,0,0.0,85000.0,0,4,11.350418300109132
35180.0,10.0,7.0,1908.792198826372,2025.0,20.0,0.0,5,9.0,300.0,96.1,4.0,2025,12,0,0.0,10.0,1,4,2.3978952727983707
5269.0,130000.0,4.0,1967.0,2017.0,12.0,3.0,5,11.0,0.0,0.0,5.0,2018,2,0,1.0,65000.0,0,1,11.775297421715827
14690.0,17000.0,4.0,1498.0,2023.0,17.0,3.0,7,11.0,0.0,0.0,5.0,2022,9,0,0.0,17000.0,0,3,9.741027444837728
30735.0,28000.0,1.0,1998.0,2022.0,19.0,0.0,7,2.0,0.0,0.0,5.0,2023,5,0,1.0,14000.0,0,2,10.239995502805316
16751.0,31000.0,6.0,1497.0,2024.0,17.0,3.0,7,11.0,160.0,35.03,5.0,2024,6,0,0.0,31000.0,1,2,10.34177474101152
21020.0,4000.0,8.0,1498.0,2025.0,17.0,3.0,5,7.0,150.0,32.6,5.0,2025,10,0,0.0,4000.0,1,4,8.294299608857235
3356.0,100000.0,4.0,1590.0,2018.0,0.0,3.0,7,3.0,0.0,0.0,4.0,2018,2,1,0.0,100000.0,0,1,11.51293546492023
9700.0,133600.0,7.0,1908.792198826372,2024.0,20.0,3.0,5,7.0,160.0,56.83,5.0,2024,5,0,0.0,133600.0,1,2,11.80261302508661
31795.0,11000.0,7.0,1908.792198826372,2026.0,17.0,1.0,5,9.0,440.0,82.16,5.0,2025,9,0,0.0,11000.0,1,3,9.305741456739435
13086.0,8000.0,4.0,1969.0,2024.0,12.0,1.0,5,11.0,0.0,0.0,5.0,2025,4,0,1.0,4000.0,0,2,8.987321812850125
8213.0,72400.0,4.0,1598.0,2019.0,17.0,3.0,5,11.0,0.0,0.0,5.0,2020,4,0,1.0,36200.0,0,2,11.189975390433117
3503.0,63000.0,4.0,1498.0,2018.0,13.0,3.0,5,11.0,0.0,0.0,4.0,2019,1,0,1.0,31500.0,0,1,11.050905878263567
15176.0,10000.0,7.0,1908.792198826372,2025.0,13.0,3.0,5,7.0,120.0,42.1,5.0,2025,4,0,0.0,10000.0,1,2,9.210440366976517
18076.0,22000.0,7.0,1908.792198826372,2024.0,19.0,3.0,5,7.0,200.0,100.0,5.0,2024,5,0,0.0,22000.0,1,2,9.99884318585288
1913.0,150000.0,4.0,1997.0,2016.0,1.0,0.0,0,3.0,0.0,0.0,4.0,2016,8,1,0.0,150000.0,0,3,11.918397239722838
61529.0,25000.0,4.0,1908.792198826372,2023.0,8.0,0.0,0,11.0,0.0,0.0,4.603574926542605,2023,4,0,0.0,25000.0,0,2,10.12667110305036
11893.0,30000.0,8.0,1497.0,2024.0,18.0,3.0,5,7.0,160.0,28.39,5.0,2024,9,0,0.0,30000.0,1,3,10.308985993422082
31648.0,3400.0,6.0,1497.0,2024.0,8.0,3.0,7,10.0,310.0,43.0,5.0,2024,6,0,0.0,3400.0,1,2,8.131824785007195
2472.0,110000.0,4.0,2359.0,2014.0,12.0,0.0,5,2.0,0.0,0.0,5.0,2014,12,0,0.0,110000.0,0,4,11.608244735642321
23846.0,12000.0,7.0,1908.792198826372,2025.0,17.0,3.0,5,9.0,340.0,60.0,5.0,2025,11,0,0.0,12000.0,1,4,9.392745258631441
14543.0,35000.0,4.0,1498.0,2023.0,17.0,0.0,5,11.0,0.0,0.0,5.0,2022,10,0,0.0,35000.0,0,4,10.463131911491967
33826.0,21000.0,7.0,1908.792198826372,2024.0,20.0,3.0,5,9.0,385.0,100.0,4.0,2024,7,0,0.0,21000.0,1,3,9.952325334619427
10878.0,19000.0,8.0,1497.0,2024.0,20.0,3.0,5,7.0,160.0,28.4,5.0,2024,8,0,0.0,19000.0,1,3,9.852246888342531
14690.0,35000.0,7.0,1908.792198826372,2025.0,12.0,2.0,5,9.0,155.0,81.76,5.0,2025,2,0,0.0,35000.0,1,1,10.463131911491967
25745.0,39700.0,6.0,1969.0,2023.0,17.0,3.0,5,2.0,107.0,18.8,5.0,2023,3,0,0.0,39700.0,1,1,10.589131655274922
189888.0,50000.0,4.0,3982.0,2022.0,22.0,3.0,4,3.0,0.0,0.0,2.0,2022,1,0,0.0,50000.0,0,1,10.819798284210286
4386.0,52500.0,4.0,999.0,2020.0,13.0,3.0,5,11.0,0.0,0.0,4.0,2020,12,0,0.0,52500.0,0,4,10.868587496017359
19136.0,37100.0,4.0,1395.0,2023.0,13.0,0.0,5,11.0,0.0,0.0,5.0,2023,5,0,0.0,37100.0,0,2,10.521399202410167
5269.0,80000.0,4.0,1797.0,2017.0,18.0,3.0,5,11.0,0.0,0.0,4.0,2018,2,0,1.0,40000.0,0,1,11.289794413577894
19106.0,1800.0,7.0,1908.792198826372,2025.0,17.0,2.0,5,7.0,150.0,64.6,5.0,2025,12,0,0.0,1800.0,1,4,7.496097345175956
16162.0,58400.0,4.0,1395.0,2023.0,13.0,3.0,5,11.0,0.0,0.0,5.0,2023,10,0,0.0,58400.0,0,4,10.975088291957388
4018.0,45000.0,4.0,1985.0,2016.0,12.0,3.0,5,3.0,0.0,0.0,4.0,2018,1,1,2.0,15000.0,0,1,10.714439990727769
14425.0,52600.0,7.0,1908.792198826372,2024.0,12.0,3.0,5,7.0,200.0,49.0,5.0,2024,11,0,0.0,52600.0,1,4,10.87049040995193
292898.0,38000.0,4.0,1908.792198826372,2002.0,12.0,0.0,0,11.0,0.0,0.0,4.603574926542605,2001,6,0,0.0,38000.0,0,2,10.545367754151743
84640.0,23000.0,4.0,2979.0,2022.0,15.0,3.0,5,3.0,0.0,0.0,4.0,2022,7,0,0.0,23000.0,0,3,10.043292972227004
7772.0,110000.0,4.0,1969.0,2019.0,13.0,0.0,5,11.0,0.0,0.0,4.0,2020,5,0,1.0,55000.0,0,2,11.608244735642321
2060.0,90000.0,4.0,1498.0,2016.0,17.0,0.0,7,11.0,0.0,0.0,5.0,2017,9,0,1.0,45000.0,0,3,11.407576060361786
11746.0,57000.0,7.0,1908.792198826372,2024.0,12.0,0.0,5,7.0,135.0,65.69,5.0,2024,6,0,0.0,57000.0,1,2,10.950824090522445
18974.0,20000.0,6.0,1499.0,2025.0,17.0,1.0,5,11.0,160.0,39.8,5.0,2024,9,0,0.0,20000.0,1,3,9.90353755128617
5888.0,27900.0,4.0,1497.0,2019.0,12.0,3.0,5,11.0,0.0,0.0,5.0,2020,8,0,1.0,13950.0,0,3,10.236417809461043
23993.0,35300.0,4.0,1395.0,2021.0,12.0,3.0,5,11.0,0.0,0.0,5.0,2021,8,0,0.0,35300.0,0,3,10.471666571132038
11599.0,51000.0,5.0,1798.0,2023.0,13.0,3.0,5,11.0,70.0,0.0,4.0,2023,5,0,0.0,51000.0,0,2,10.839600519357369
5520.0,70000.0,4.0,1494.0,2021.0,12.0,3.0,5,11.0,0.0,0.0,5.0,2021,7,0,0.0,70000.0,0,3,11.156264806643742
28968.0,11200.0,7.0,1908.792198826372,2024.0,22.0,3.0,2,7.0,231.0,64.0,2.0,2023,11,0,0.0,11200.0,1,4,9.32375833901174
7330.0,100000.0,3.0,1908.792198826372,2020.0,5.0,3.0,0,2.0,0.0,0.0,4.0,2021,12,1,1.0,50000.0,0,4,11.51293546492023
17369.0,160000.0,4.0,1908.792198826372,2018.0,2.0,3.0,0,11.0,0.0,0.0,4.603574926542605,2018,9,0,0.0,160000.0,0,3,11.982935344196433
5858.0,66000.0,4.0,1490.0,2021.0,13.0,3.0,5,11.0,0.0,0.0,5.0,2021,7,0,0.0,66000.0,0,3,11.097425172408931
32089.0,15000.0,8.0,1497.0,2025.0,20.0,0.0,5,7.0,231.0,39.05,4.0,2025,5,0,0.0,15000.0,1,2,9.61587214452889
8390.0,103300.0,4.0,1598.0,2026.0,12.0,3.0,5,11.0,0.0,0.0,5.0,2021,3,0,0.0,103300.0,0,1,11.545402335602985
8213.0,90000.0,6.0,1349.0,2020.0,0.0,0.0,6,11.0,60.0,13.0,5.0,2021,6,0,1.0,45000.0,1,2,11.407576060361786
5888.0,47000.0,4.0,1476.0,2021.0,13.0,2.0,5,11.0,0.0,0.0,4.0,2022,1,0,1.0,23500.0,0,1,10.757924157061597
41952.0,6000.0,1.0,1998.0,2026.0,8.0,3.0,7,11.0,0.0,0.0,5.0,2026,1,0,0.0,6000.0,0,1,8.699681400989514
3091.0,80000.0,4.0,1598.0,2014.0,18.0,3.0,5,11.0,0.0,0.0,5.0,2015,2,0,1.0,40000.0,0,1,11.289794413577894
4386.0,93500.0,4.0,1995.0,2016.0,8.0,3.0,7,3.0,0.0,0.0,5.0,2018,12,0,2.0,31166.666666666668,0,4,11.445727410406752
22668.0,4000.0,4.0,1967.0,2024.0,19.0,3.0,5,2.0,0.0,0.0,5.0,2024,8,0,0.0,4000.0,0,3,8.294299608857235
4857.0,100000.0,4.0,1995.0,2013.0,12.0,3.0,5,10.0,0.0,0.0,5.0,2013,6,0,0.0,100000.0,0,2,11.51293546492023
65945.0,61000.0,1.0,2996.0,2022.0,19.0,3.0,5,2.0,0.0,0.0,5.0,2022,6,0,0.0,61000.0,0,2,11.0186455364637
32089.0,11000.0,4.0,1998.0,2025.0,7.0,3.0,5,3.0,0.0,0.0,4.0,2024,12,0,0.0,11000.0,0,4,9.305741456739435
42393.0,46000.0,4.0,2979.0,2021.0,19.0,1.0,5,2.0,0.0,0.0,5.0,2021,9,0,0.0,46000.0,0,3,10.736418414365376
3797.0,40000.0,4.0,1908.792198826372,2020.0,16.0,3.0,0,5.0,0.0,0.0,4.0,2021,12,1,1.0,20000.0,0,4,10.596659732783579
12629.0,110000.0,4.0,2475.0,2006.0,12.0,3.0,5,2.0,0.0,0.0,5.0,2006,7,0,0.0,110000.0,0,3,11.608244735642321
2472.0,160000.0,4.0,1498.0,2017.0,17.0,3.0,7,11.0,0.0,0.0,5.0,2017,8,0,0.0,160000.0,0,3,11.982935344196433
4386.0,138600.0,4.0,1998.0,2017.0,17.0,3.0,5,2.0,0.0,0.0,5.0,2018,1,0,1.0,69300.0,0,1,11.839354580719126
111577.0,89000.0,4.0,1908.792198826372,2018.0,19.0,3.0,0,11.0,0.0,0.0,4.603574926542605,2018,6,0,0.0,89000.0,0,2,11.39640288460621
13660.0,20000.0,7.0,1908.792198826372,2024.0,12.0,3.0,5,7.0,135.0,69.77,5.0,2024,11,0,0.0,20000.0,1,4,9.90353755128617
36623.0,39900.0,1.0,1995.0,2021.0,20.0,1.0,5,3.0,0.0,0.0,4.0,2021,7,0,0.0,39900.0,0,3,10.594156665220533
13218.0,60000.0,4.0,1197.0,2023.0,13.0,3.0,5,11.0,0.0,0.0,4.0,2023,9,0,0.0,60000.0,0,3,11.002116507732017
8213.0,28000.0,4.0,1494.0,2023.0,13.0,3.0,5,11.0,0.0,0.0,5.0,2023,9,0,0.0,28000.0,0,3,10.239995502805316
2826.0,150000.0,4.0,1813.0,2014.0,13.0,3.0,5,11.0,0.0,0.0,4.0,2015,8,0,1.0,75000.0,0,3,11.918397239722838
34562.0,4700.0,8.0,1498.0,2025.0,20.0,0.0,5,7.0,227.0,53.4,4.0,2025,6,0,0.0,4700.0,1,2,8.45553053102413
47663.0,11200.0,8.0,1496.0,2025.0,14.0,2.0,5,9.0,392.0,53.4,5.0,2025,7,0,0.0,11200.0,1,3,9.32375833901174
5858.0,120000.0,4.0,1751.0,2015.0,18.0,3.0,5,11.0,0.0,0.0,5.0,2016,11,0,1.0,60000.0,0,4,11.695255355062795
19945.0,10000.0,7.0,1908.792198826372,2025.0,17.0,3.0,5,7.0,220.0,62.5,5.0,2025,4,0,0.0,10000.0,1,2,9.210440366976517
5858.0,60000.0,3.0,1910.0,2019.0,4.0,3.0,0,3.0,0.0,0.0,4.0,2019,2,1,0.0,60000.0,0,1,11.002116507732017
5048.0,86600.0,7.0,1908.792198826372,2022.0,12.0,3.0,5,11.0,55.0,38.54,5.0,2022,6,0,0.0,86600.0,1,2,11.369066641827967
14720.0,7500.0,7.0,1908.792198826372,2023.0,13.0,3.0,5,11.0,126.0,49.92,5.0,2024,8,0,1.0,3750.0,1,3,8.922791623969637
17928.0,1600.0,4.0,1498.0,2025.0,17.0,0.0,5,11.0,0.0,0.0,5.0,2025,4,0,0.0,1600.0,0,2,7.3783837129967145
14572.0,62000.0,6.0,1497.0,2023.0,17.0,1.0,5,11.0,145.0,36.8,5.0,2023,3,0,0.0,62000.0,1,1,11.034905792929415
18959.0,140000.0,4.0,2979.0,2017.0,20.0,1.0,5,3.0,0.0,0.0,4.0,2018,4,0,1.0,70000.0,0,2,11.849404844423074
10804.0,9900.0,7.0,1908.792198826372,2026.0,13.0,3.0,5,11.0,120.0,42.8,5.0,2025,10,0,0.0,9900.0,1,4,9.200391041122515
25877.0,10000.0,4.0,1975.0,2024.0,17.0,3.0,5,11.0,0.0,0.0,5.0,2026,1,0,2.0,3333.3333333333335,0,1,9.210440366976517
70361.0,46000.0,7.0,1908.792198826372,2023.0,19.0,2.0,5,9.0,675.0,112.0,5.0,2023,12,0,0.0,46000.0,1,4,10.736418414365376
8802.0,130000.0,4.0,1499.0,2017.0,12.0,2.0,5,10.0,0.0,0.0,5.0,2017,6,0,0.0,130000.0,0,2,11.775297421715827
39125.0,2000.0,6.0,1995.0,2025.0,14.0,3.0,6,2.0,560.0,46.9,5.0,2025,10,0,0.0,2000.0,1,4,7.601402334583733
8213.0,45000.0,3.0,1999.0,2022.0,5.0,1.0,0,3.0,0.0,0.0,4.0,2023,7,1,1.0,22500.0,0,3,10.714439990727769
2914.0,115000.0,4.0,1395.0,2016.0,13.0,3.0,5,11.0,0.0,0.0,4.0,2016,11,1,0.0,115000.0,0,4,11.652696102959753
29263.0,6000.0,4.0,1998.0,2025.0,18.0,0.0,5,3.0,0.0,0.0,4.0,2025,10,0,0.0,6000.0,0,4,8.699681400989514
16015.0,10000.0,8.0,1499.0,2025.0,12.0,3.0,5,9.0,315.0,33.68,5.0,2025,9,0,0.0,10000.0,1,3,9.210440366976517
48281.0,19000.0,8.0,1496.0,2025.0,14.0,0.0,6,9.0,330.0,52.3,5.0,2025,7,0,0.0,19000.0,1,3,9.852246888342531
12482.0,60000.0,7.0,1908.792198826372,2024.0,12.0,0.0,5,9.0,205.0,65.69,5.0,2024,3,0,0.0,60000.0,1,1,11.002116507732017
11746.0,77000.0,4.0,1999.0,2020.0,12.0,3.0,5,11.0,0.0,0.0,5.0,2020,7,0,0.0,77000.0,0,3,11.251573687764477
1884.0,225000.0,4.0,1999.0,2011.0,7.0,3.0,5,11.0,0.0,0.0,4.0,2011,8,0,0.0,225000.0,0,3,12.323860125621126
15573.0,44000.0,4.0,1984.0,2023.0,17.0,0.0,5,11.0,0.0,0.0,5.0,2023,8,0,0.0,44000.0,0,3,10.691967639914864
19989.0,6500.0,7.0,1908.792198826372,2023.0,17.0,1.0,5,9.0,390.0,91.3,5.0,2023,9,0,0.0,6500.0,1,3,8.77971129020447
22933.0,30000.0,1.0,1969.0,2024.0,20.0,0.0,5,11.0,0.0,0.0,4.0,2023,9,0,0.0,30000.0,0,3,10.308985993422082
27938.0,11400.0,7.0,1908.792198826372,2024.0,17.0,3.0,5,7.0,252.0,82.16,5.0,2026,4,0,2.0,3800.0,1,2,9.34145634983372
17502.0,115500.0,7.0,1908.792198826372,2023.0,19.0,1.0,5,7.0,250.0,90.0,5.0,2023,4,0,0.0,115500.0,1,2,11.657034466915164
40921.0,3700.0,8.0,1496.0,2026.0,19.0,0.0,5,9.0,392.0,53.4,5.0,2026,1,0,0.0,3700.0,1,1,8.216358332386156
4342.0,68000.0,4.0,1598.0,2015.0,18.0,3.0,5,11.0,0.0,0.0,4.0,2016,6,0,1.0,34000.0,0,2,11.127277689932466
2134.0,89800.0,4.0,1499.0,2015.0,12.0,3.0,5,11.0,0.0,0.0,5.0,2015,9,1,0.0,89800.0,0,3,11.405351390085748
8360.0,33000.0,4.0,1998.0,2018.0,12.0,3.0,5,11.0,0.0,0.0,5.0,2019,9,0,1.0,16500.0,0,3,10.404293143019792
5858.0,108000.0,7.0,1908.792198826372,2022.0,12.0,1.0,4,11.0,60.0,39.4,5.0,2022,7,0,0.0,108000.0,1,3,11.58989576532275
41186.0,20.0,7.0,1908.792198826372,2026.0,19.0,3.0,5,7.0,227.0,100.0,5.0,2026,5,0,0.0,20.0,1,2,3.044522437723423
21314.0,26000.0,4.0,1395.0,2023.0,12.0,3.0,5,11.0,0.0,0.0,5.0,2023,7,0,0.0,26000.0,0,3,10.165890277802454
10642.0,9000.0,7.0,1908.792198826372,2025.0,13.0,3.0,5,7.0,120.0,42.1,5.0,2025,9,0,0.0,9000.0,1,3,9.105090961257085
2355.0,74400.0,4.0,1498.0,2016.0,0.0,3.0,7,11.0,0.0,0.0,5.0,2017,8,1,1.0,37200.0,0,3,11.217224661591072
3650.0,90000.0,4.0,1598.0,2016.0,13.0,3.0,5,11.0,0.0,0.0,4.0,2016,12,0,0.0,90000.0,0,4,11.407576060361786
18841.0,20000.0,4.0,1998.0,2024.0,12.0,0.0,5,2.0,0.0,0.0,5.0,2024,12,0,0.0,20000.0,0,4,9.90353755128617
38566.0,2600.0,7.0,1908.792198826372,2025.0,8.0,3.0,7,9.0,275.0,103.0,5.0,2026,1,0,1.0,1300.0,1,1,7.8636512654486515
22227.0,9100.0,6.0,1499.0,2024.0,12.0,0.0,5,11.0,165.0,43.24,5.0,2024,9,0,0.0,9100.0,1,3,9.116139576577355
13218.0,1500.0,6.0,1498.0,2024.0,12.0,3.0,5,11.0,145.0,18.3,5.0,2026,1,0,2.0,500.0,1,1,7.313886831633462
2178.0,100000.0,4.0,1368.0,2015.0,13.0,3.0,5,11.0,0.0,0.0,5.0,2014,6,0,0.0,100000.0,0,2,11.51293546492023
4121.0,30000.0,4.0,1490.0,2014.0,13.0,3.0,5,11.0,0.0,0.0,5.0,2017,12,0,3.0,7500.0,0,4,10.308985993422082
20917.0,4000.0,6.0,1499.0,2025.0,19.0,0.0,6,11.0,180.0,18.4,5.0,2025,11,0,0.0,4000.0,1,4,8.294299608857235
18694.0,100.0,8.0,1498.0,2025.0,17.0,3.0,5,7.0,150.0,32.6,5.0,2026,4,0,1.0,50.0,1,2,4.61512051684126
21491.0,4500.0,8.0,1498.0,2025.0,17.0,3.0,5,7.0,150.0,32.6,5.0,2025,9,0,0.0,4500.0,1,3,8.412054873292933
18547.0,35600.0,1.0,1986.0,2023.0,8.0,0.0,7,11.0,0.0,0.0,5.0,2024,1,0,1.0,17800.0,0,1,10.480129006333248
13218.0,38000.0,7.0,1908.792198826372,2024.0,18.0,0.0,5,9.0,360.0,75.0,5.0,2024,6,0,0.0,38000.0,1,2,10.545367754151743
4195.0,81000.0,4.0,1490.0,2016.0,13.0,2.0,5,11.0,0.0,0.0,5.0,2017,10,0,1.0,40500.0,0,4,11.302216779257382
15132.0,38000.0,4.0,1498.0,2023.0,12.0,3.0,5,11.0,0.0,0.0,5.0,2023,1,0,0.0,38000.0,0,1,10.545367754151743
26201.0,11000.0,7.0,1908.792198826372,2025.0,20.0,3.0,5,7.0,215.0,100.0,4.0,2025,2,0,0.0,11000.0,1,1,9.305741456739435
21167.0,9000.0,8.0,1499.0,2024.0,19.0,3.0,5,9.0,345.0,41.16,5.0,2025,2,0,1.0,4500.0,1,1,9.105090961257085
27673.0,87200.0,1.0,1969.0,2022.0,19.0,0.0,7,2.0,0.0,0.0,5.0,2021,2,0,0.0,87200.0,0,1,11.375971077721223
5873.0,100000.0,4.0,1598.0,2017.0,18.0,0.0,5,11.0,0.0,0.0,4.0,2018,4,0,1.0,50000.0,0,2,11.51293546492023
11040.0,66000.0,7.0,1908.792198826372,2021.0,17.0,3.0,5,7.0,201.0,61.5,5.0,2023,1,0,2.0,22000.0,1,1,11.097425172408931
3238.0,95000.0,4.0,2185.0,2013.0,17.0,2.0,7,3.0,0.0,0.0,5.0,2013,10,1,0.0,95000.0,0,4,11.461642696843066
1442.0,128000.0,4.0,1598.0,2016.0,13.0,3.0,5,11.0,0.0,0.0,4.0,2016,4,1,0.0,128000.0,0,2,11.759793355371237
3503.0,67100.0,4.0,1598.0,2018.0,12.0,3.0,5,11.0,0.0,0.0,5.0,2019,11,0,1.0,33550.0,0,4,11.11395422597838
9391.0,23000.0,7.0,1908.792198826372,2023.0,12.0,3.0,5,11.0,120.0,0.0,5.0,2024,2,0,1.0,11500.0,0,1,10.043292972227004
42069.0,4000.0,8.0,1498.0,2026.0,20.0,0.0,5,7.0,227.0,53.4,4.0,2025,12,0,0.0,4000.0,1,4,8.294299608857235
24847.0,56000.0,7.0,1908.792198826372,2022.0,8.0,1.0,7,11.0,180.0,90.0,5.0,2023,10,0,1.0,28000.0,1,4,10.933124826700707
12776.0,53600.0,4.0,1998.0,2023.0,19.0,0.0,7,2.0,0.0,0.0,5.0,2023,8,0,0.0,53600.0,0,3,10.889323003601277
21167.0,55000.0,7.0,1908.792198826372,2023.0,19.0,3.0,5,7.0,230.0,90.0,4.0,2023,10,0,0.0,55000.0,1,4,10.915106645867503
8508.0,89000.0,4.0,1998.0,2019.0,17.0,3.0,5,10.0,0.0,0.0,5.0,2019,4,0,0.0,89000.0,0,2,11.39640288460621
9832.0,21000.0,4.0,1998.0,2022.0,13.0,3.0,5,11.0,0.0,0.0,4.0,2023,5,0,1.0,10500.0,0,2,9.952325334619427
3944.0,50000.0,7.0,1908.792198826372,2025.0,10.0,3.0,4,7.0,30.0,18.11,3.0,2025,8,0,0.0,50000.0,1,3,10.819798284210286
14690.0,165200.0,4.0,1908.792198826372,2020.0,19.0,3.0,0,11.0,0.0,0.0,4.603574926542605,2020,10,0,0.0,165200.0,0,4,12.01491819331946
14984.0,100.0,7.0,1908.792198826372,2026.0,13.0,3.0,5,7.0,160.0,67.1,5.0,2026,6,0,0.0,100.0,1,2,4.61512051684126
79458.0,2300.0,7.0,1908.792198826372,2025.0,15.0,3.0,5,1.0,960.0,135.5,4.0,2025,7,0,0.0,2300.0,1,3,7.741099090035366
38213.0,2500.0,6.0,1499.0,2025.0,8.0,3.0,7,10.0,215.0,44.28,5.0,2025,7,0,0.0,2500.0,1,3,7.824445930877619
15132.0,58000.0,4.0,1995.0,2019.0,12.0,3.0,5,2.0,0.0,0.0,5.0,2019,6,0,0.0,58000.0,0,2,10.968215530759236
11746.0,70600.0,3.0,1996.0,2021.0,5.0,0.0,0,2.0,0.0,0.0,4.0,2023,3,0,2.0,23533.333333333332,0,1,11.16479958768697
8360.0,24000.0,7.0,1908.792198826372,2026.0,11.0,0.0,5,11.0,75.0,31.9,5.0,2025,7,0,0.0,24000.0,1,3,10.085850775128717
2428.0,80000.0,4.0,1498.0,2016.0,17.0,3.0,7,11.0,0.0,0.0,5.0,2017,6,0,1.0,40000.0,0,2,11.289794413577894
26201.0,24500.0,4.0,1395.0,2021.0,12.0,3.0,5,11.0,0.0,0.0,5.0,2021,10,0,0.0,24500.0,0,4,10.106469212026385
36196.0,3400.0,7.0,1908.792198826372,2025.0,19.0,3.0,5,7.0,235.0,96.3,5.0,2026,4,0,1.0,1700.0,1,2,8.131824785007195
17192.0,6000.0,6.0,1499.0,2024.0,12.0,3.0,5,11.0,150.0,27.2,5.0,2024,10,0,0.0,6000.0,1,4,8.699681400989514
3238.0,51000.0,4.0,1498.0,2017.0,11.0,3.0,5,11.0,0.0,0.0,5.0,2018,8,0,1.0,25500.0,0,3,10.839600519357369
31427.0,31000.0,5.0,2487.0,2024.0,8.0,0.0,7,11.0,134.0,0.0,5.0,2025,2,0,1.0,15500.0,0,1,10.34177474101152
22816.0,3900.0,8.0,1498.0,2025.0,17.0,3.0,5,7.0,150.0,32.6,5.0,2025,10,0,0.0,3900.0,1,4,8.268988209506656
11599.0,33000.0,7.0,1908.792198826372,2022.0,20.0,3.0,5,9.0,400.0,86.0,5.0,2022,8,0,0.0,33000.0,1,3,10.404293143019792
214617.0,18000.0,4.0,2992.0,2020.0,22.0,3.0,2,5.0,0.0,0.0,2.0,2022,3,0,2.0,6000.0,0,1,9.798182590890704
35298.0,39000.0,8.0,1496.0,2024.0,19.0,3.0,5,9.0,330.0,52.3,5.0,2024,9,0,0.0,39000.0,1,3,10.571342565808699
7330.0,42000.0,4.0,1499.0,2022.0,12.0,3.0,5,11.0,0.0,0.0,5.0,2022,8,0,0.0,42000.0,0,3,10.645448706505872
1307136.0,10000.0,4.0,1908.792198826372,2022.0,15.0,0.0,0,11.0,0.0,0.0,4.603574926542605,2022,12,0,0.0,10000.0,0,4,9.210440366976517
17369.0,40000.0,1.0,1997.0,2020.0,17.0,3.0,5,2.0,0.0,0.0,5.0,2021,3,0,1.0,20000.0,0,1,10.596659732783579
11040.0,94500.0,4.0,1969.0,2020.0,7.0,3.0,5,11.0,0.0,0.0,4.0,2020,8,0,0.0,94500.0,0,3,11.456365695436427
28380.0,8800.0,7.0,1908.792198826372,2026.0,17.0,3.0,5,7.0,370.0,75.0,5.0,2026,1,0,0.0,8800.0,1,1,9.082620630373812
22183.0,25000.0,8.0,1496.0,2024.0,19.0,2.0,5,9.0,300.0,36.8,5.0,2024,9,0,0.0,25000.0,1,3,10.12667110305036
7330.0,61000.0,7.0,1908.792198826372,2020.0,12.0,3.0,5,11.0,150.0,68.0,5.0,2021,5,0,1.0,30500.0,1,2,11.0186455364637
21476.0,4000.0,8.0,1498.0,2025.0,17.0,0.0,5,7.0,150.0,32.6,5.0,2025,9,0,0.0,4000.0,1,3,8.294299608857235
7624.0,99300.0,4.0,1999.0,2017.0,17.0,3.0,5,2.0,0.0,0.0,5.0,2018,4,0,1.0,49650.0,0,2,11.505910920476012
11761.0,35600.0,7.0,1908.792198826372,2023.0,13.0,1.0,5,11.0,126.0,49.92,5.0,2024,3,0,1.0,17800.0,1,1,10.480129006333248
57113.0,20800.0,4.0,2891.0,2020.0,18.0,3.0,5,3.0,0.0,0.0,4.0,2022,1,0,2.0,6933.333333333333,0,1,9.942756341456828
15279.0,20000.0,7.0,1908.792198826372,2025.0,12.0,3.0,5,9.0,155.0,81.76,5.0,2025,4,0,0.0,20000.0,1,2,9.90353755128617
2178.0,93000.0,4.0,1298.0,2017.0,12.0,3.0,5,11.0,0.0,0.0,5.0,2018,8,0,1.0,46500.0,0,3,11.440365524765756
23993.0,20000.0,7.0,1908.792198826372,2024.0,19.0,0.0,5,9.0,365.0,100.0,5.0,2024,9,0,0.0,20000.0,1,3,9.90353755128617
4975.0,60000.0,4.0,1197.0,2018.0,13.0,3.0,5,11.0,0.0,0.0,5.0,2017,10,0,0.0,60000.0,0,4,11.002116507732017
367705.0,17000.0,4.0,5204.0,2023.0,22.0,3.0,2,5.0,0.0,0.0,2.0,2024,7,0,1.0,8500.0,0,3,9.741027444837728
25024.0,177000.0,4.0,2979.0,2016.0,19.0,3.0,5,2.0,0.0,0.0,5.0,2017,5,0,1.0,88500.0,0,2,12.083910661257521
6771.0,49900.0,4.0,1481.0,2021.0,12.0,3.0,5,11.0,0.0,0.0,5.0,2021,4,0,0.0,49900.0,0,2,10.817796321618971
3503.0,70000.0,4.0,1908.792198826372,2011.0,16.0,2.0,0,11.0,0.0,0.0,4.603574926542605,2015,6,1,4.0,14000.0,0,2,11.156264806643742
14690.0,24300.0,4.0,1497.0,2024.0,8.0,3.0,7,11.0,0.0,0.0,5.0,2025,6,0,1.0,12150.0,0,2,10.098272780745283
4386.0,90000.0,4.0,1496.0,2016.0,13.0,1.0,5,11.0,0.0,0.0,4.0,2015,12,0,0.0,90000.0,0,4,11.407576060361786
5004.0,73700.0,4.0,1485.0,2019.0,17.0,3.0,7,3.0,0.0,0.0,5.0,2022,1,1,3.0,18425.0,0,1,11.207771646606407
8655.0,90000.0,3.0,2776.0,2017.0,17.0,3.0,7,10.0,0.0,0.0,5.0,2020,8,0,3.0,22500.0,0,3,11.407576060361786
16162.0,152000.0,4.0,1998.0,2021.0,20.0,0.0,5,3.0,0.0,0.0,4.0,2021,4,0,0.0,152000.0,0,2,11.931642378754141
3665.0,13300.0,7.0,1908.792198826372,2024.0,10.0,3.0,4,7.0,30.0,17.3,3.0,2024,12,0,0.0,13300.0,1,4,9.495594499353297
34415.0,5500.0,8.0,1499.0,2026.0,19.0,1.0,5,7.0,227.0,53.4,5.0,2025,10,0,0.0,5500.0,1,4,8.612685172875459
11511.0,50000.0,4.0,2979.0,2014.0,20.0,1.0,5,3.0,0.0,0.0,4.0,2015,6,0,1.0,25000.0,0,2,10.819798284210286
30764.0,31000.0,7.0,1908.792198826372,2023.0,20.0,3.0,4,9.0,494.0,120.0,4.0,2023,2,0,0.0,31000.0,1,1,10.34177474101152
10127.0,28000.0,7.0,1908.792198826372,2021.0,17.0,0.0,5,11.0,160.0,66.231,5.0,2022,6,0,1.0,14000.0,1,2,10.239995502805316
9803.0,99000.0,4.0,2496.0,2015.0,20.0,1.0,5,3.0,0.0,0.0,4.0,2015,11,0,0.0,99000.0,0,4,11.502885230075814
19062.0,8000.0,7.0,1908.792198826372,2026.0,17.0,3.0,5,7.0,220.0,81.9,5.0,2025,10,0,0.0,8000.0,1,4,8.987321812850125
8802.0,31000.0,4.0,1494.0,2021.0,12.0,0.0,5,11.0,0.0,0.0,5.0,2022,2,0,1.0,15500.0,0,1,10.34177474101152
21785.0,32000.0,7.0,1908.792198826372,2024.0,7.0,3.0,5,7.0,310.0,100.0,4.0,2024,4,0,0.0,32000.0,1,2,10.373522431293592
21167.0,40000.0,7.0,1908.792198826372,2023.0,19.0,3.0,5,7.0,230.0,90.0,4.0,2024,3,0,1.0,20000.0,1,1,10.596659732783579
25907.0,7000.0,5.0,2487.0,2026.0,12.0,3.0,5,2.0,138.7,0.0,5.0,2026,1,0,0.0,7000.0,0,1,8.853808274977197
15456.0,13000.0,4.0,1395.0,2022.0,12.0,3.0,5,11.0,0.0,0.0,5.0,2022,11,0,0.0,13000.0,0,4,9.472781556562168
15132.0,12000.0,7.0,1908.792198826372,2025.0,13.0,3.0,5,7.0,120.0,42.1,5.0,2025,6,0,0.0,12000.0,1,2,9.392745258631441
4239.0,77000.0,4.0,1499.0,2020.0,13.0,3.0,5,11.0,0.0,0.0,5.0,2020,5,1,0.0,77000.0,0,2,11.251573687764477
5873.0,99000.0,4.0,1591.0,2016.0,7.0,3.0,5,11.0,0.0,0.0,4.0,2016,10,0,0.0,99000.0,0,4,11.502885230075814
4239.0,70000.0,6.0,1908.792198826372,2019.0,13.0,3.0,5,11.0,100.0,9.1,5.0,2019,6,0,0.0,70000.0,1,2,11.156264806643742
10274.0,10000.0,6.0,1498.0,2025.0,12.0,3.0,5,11.0,120.0,12.9,5.0,2025,6,0,0.0,10000.0,1,2,9.210440366976517
17634.0,50000.0,1.0,1998.0,2022.0,19.0,1.0,7,2.0,0.0,0.0,5.0,2023,4,0,1.0,25000.0,0,2,10.819798284210286
5858.0,94500.0,4.0,1499.0,2020.0,17.0,3.0,5,11.0,0.0,0.0,5.0,2022,7,0,2.0,31500.0,0,3,11.456365695436427
6653.0,77700.0,4.0,1598.0,2019.0,12.0,2.0,5,11.0,0.0,0.0,5.0,2019,11,0,0.0,77700.0,0,4,11.260623406285792
12040.0,39600.0,7.0,1908.792198826372,2024.0,7.0,0.0,5,11.0,100.0,72.0,4.0,2024,6,0,0.0,39600.0,1,2,10.586609649448985
4784.0,177700.0,3.0,1908.792198826372,2017.0,4.0,3.0,0,3.0,0.0,0.0,5.0,2019,3,1,2.0,59233.333333333336,0,1,12.087857641588924
2149.0,181000.0,4.0,1997.0,2009.0,13.0,0.0,5,11.0,0.0,0.0,4.0,2011,5,0,2.0,60333.333333333336,0,2,12.10625783509458
379437.0,15000.0,4.0,1908.792198826372,2021.0,22.0,3.0,0,11.0,0.0,0.0,4.603574926542605,2022,1,0,1.0,7500.0,0,1,9.61587214452889
18959.0,21000.0,4.0,1395.0,2022.0,12.0,3.0,5,11.0,0.0,0.0,5.0,2022,10,0,0.0,21000.0,0,4,9.952325334619427
9067.0,50000.0,7.0,1908.792198826372,2021.0,20.0,3.0,5,7.0,196.0,83.1,4.0,2021,9,0,0.0,50000.0,1,3,10.819798284210286
21461.0,33000.0,7.0,1908.792198826372,2025.0,17.0,3.0,5,7.0,180.0,80.0,5.0,2025,11,0,0.0,33000.0,1,4,10.404293143019792
3164.0,37000.0,4.0,1498.0,2021.0,13.0,3.0,5,11.0,0.0,0.0,4.0,2021,7,1,0.0,37000.0,0,3,10.518700218288165
11157.0,12000.0,4.0,1494.0,2025.0,12.0,3.0,5,11.0,0.0,0.0,5.0,2025,10,0,0.0,12000.0,0,4,9.392745258631441
26466.0,3100.0,7.0,1908.792198826372,2026.0,17.0,0.0,5,7.0,218.0,80.8,5.0,2026,4,0,0.0,3100.0,1,2,8.03947991910045
48281.0,2000.0,6.0,1498.0,2026.0,8.0,1.0,7,11.0,160.0,34.8,5.0,2025,8,0,0.0,2000.0,1,3,7.601402334583733
11481.0,7500.0,7.0,1908.792198826372,2026.0,13.0,3.0,5,11.0,120.0,42.8,5.0,2026,1,0,0.0,7500.0,1,1,8.922791623969637
3179.0,62000.0,4.0,1498.0,2019.0,17.0,3.0,7,11.0,0.0,0.0,5.0,2019,10,0,0.0,62000.0,0,4,11.034905792929415
8596.0,19500.0,4.0,1494.0,2023.0,12.0,3.0,5,11.0,0.0,0.0,5.0,2023,7,0,0.0,19500.0,0,3,9.87822102528824
16604.0,80000.0,4.0,1988.0,2018.0,22.0,3.0,2,5.0,0.0,0.0,2.0,2018,1,0,0.0,80000.0,0,1,11.289794413577894
8066.0,92000.0,7.0,1908.792198826372,2021.0,12.0,3.0,5,11.0,150.0,53.0,5.0,2021,11,0,0.0,92000.0,1,4,11.429554725537322
12188.0,28000.0,4.0,2290.0,2021.0,12.0,0.0,5,2.0,0.0,0.0,4.0,2021,5,0,0.0,28000.0,0,2,10.239995502805316
115993.0,100.0,4.0,3456.0,2026.0,8.0,0.0,7,3.0,0.0,0.0,5.0,1990,1,0,0.0,100.0,0,1,4.61512051684126
17192.0,40000.0,7.0,1908.792198826372,2024.0,19.0,3.0,6,7.0,200.0,82.28,5.0,2024,6,0,0.0,40000.0,1,2,10.596659732783579
5858.0,96000.0,4.0,1591.0,2019.0,13.0,1.0,5,11.0,0.0,0.0,4.0,2020,8,0,1.0,48000.0,0,3,11.472113887062386
7183.0,73000.0,4.0,1798.0,2016.0,7.0,3.0,5,11.0,0.0,0.0,5.0,2016,4,0,0.0,73000.0,0,2,11.19822841866684
23375.0,1000.0,7.0,1908.792198826372,2025.0,19.0,3.0,5,7.0,253.0,111.0,5.0,2026,1,0,1.0,500.0,1,1,6.90875477931522
42658.0,4600.0,8.0,1498.0,2025.0,20.0,0.0,5,7.0,227.0,53.4,5.0,2025,9,0,0.0,4600.0,1,3,8.434028950155469
9096.0,56100.0,7.0,1908.792198826372,2022.0,13.0,3.0,5,11.0,126.0,59.1,5.0,2022,2,0,0.0,56100.0,1,1,10.934908916663861
9273.0,65000.0,4.0,1984.0,2019.0,17.0,3.0,5,11.0,0.0,0.0,5.0,2020,4,0,1.0,32500.0,0,2,11.082157933374816
141017.0,6000.0,8.0,1499.0,2025.0,15.0,3.0,4,8.0,635.0,65.0,4.0,2026,4,0,1.0,3000.0,1,2,8.699681400989514
216384.0,27000.0,1.0,2996.0,2024.0,19.0,0.0,5,10.0,0.0,0.0,5.0,2024,5,0,0.0,27000.0,0,2,10.203629181337648
19106.0,30000.0,1.0,1969.0,2023.0,17.0,1.0,5,2.0,0.0,0.0,5.0,2022,9,0,0.0,30000.0,0,3,10.308985993422082
2281.0,102500.0,4.0,1499.0,2017.0,17.0,3.0,7,3.0,0.0,0.0,5.0,2017,6,0,0.0,102500.0,0,2,11.537627833610571
6329.0,9300.0,4.0,1997.0,2022.0,8.0,0.0,7,3.0,0.0,0.0,5.0,2023,1,1,1.0,4650.0,0,1,9.137877200242468
8684.0,30000.0,8.0,1199.0,2023.0,17.0,3.0,5,7.0,200.0,43.74,5.0,2023,9,0,0.0,30000.0,1,3,10.308985993422082
23993.0,13000.0,4.0,2261.0,2024.0,5.0,3.0,0,10.0,0.0,0.0,4.0,2024,8,0,0.0,13000.0,0,3,9.472781556562168
11334.0,78200.0,4.0,1995.0,2018.0,17.0,0.0,7,2.0,0.0,0.0,5.0,2019,7,0,1.0,39100.0,0,3,11.267037714175425
16795.0,15000.0,3.0,1968.0,2024.0,12.0,0.0,5,10.0,0.0,0.0,4.0,2024,11,0,0.0,15000.0,0,4,9.61587214452889
33826.0,31000.0,6.0,1497.0,2025.0,8.0,0.0,7,10.0,310.0,41.7,5.0,2024,9,0,0.0,31000.0,1,3,10.34177474101152
14690.0,3200.0,4.0,1498.0,2026.0,13.0,3.0,5,11.0,0.0,0.0,5.0,2025,10,0,0.0,3200.0,0,4,8.071218539969863
47840.0,23000.0,3.0,2998.0,2021.0,1.0,3.0,0,3.0,0.0,0.0,4.0,2023,3,0,2.0,7666.666666666667,0,1,10.043292972227004
24405.0,100.0,8.0,1498.0,2026.0,12.0,0.0,5,9.0,391.0,41.7,4.0,2026,6,0,0.0,100.0,1,2,4.61512051684126
12776.0,6000.0,8.0,1498.0,2026.0,12.0,1.0,5,11.0,180.0,29.165,5.0,2025,11,0,0.0,6000.0,1,4,8.699681400989514
23375.0,18000.0,6.0,1498.0,2025.0,19.0,0.0,5,10.0,250.0,36.3,5.0,2025,3,0,0.0,18000.0,1,1,9.798182590890704
10009.0,97000.0,4.0,1997.0,2019.0,7.0,3.0,5,3.0,0.0,0.0,4.0,2019,5,0,0.0,97000.0,0,2,11.48247656671073
19872.0,24600.0,6.0,1499.0,2022.0,17.0,1.0,5,2.0,265.0,39.67,5.0,2022,3,0,0.0,24600.0,1,1,10.110542371500753
2679.0,92600.0,4.0,1598.0,2015.0,11.0,3.0,5,11.0,0.0,0.0,5.0,2016,10,0,1.0,46300.0,0,4,11.43605521971203
441305.0,100.0,4.0,3982.0,2025.0,19.0,0.0,5,10.0,0.0,0.0,5.0,1990,1,0,0.0,100.0,0,1,4.61512051684126
9391.0,30000.0,4.0,1495.0,2021.0,0.0,0.0,7,11.0,0.0,0.0,5.0,2021,4,0,0.0,30000.0,0,2,10.308985993422082
11157.0,100.0,6.0,1498.0,2026.0,13.0,3.0,5,11.0,120.0,15.87,4.0,1990,1,0,0.0,100.0,1,1,4.61512051684126
6756.0,97300.0,7.0,1908.792198826372,2022.0,11.0,2.0,4,11.0,60.0,39.4,5.0,2022,9,0,0.0,97300.0,1,3,11.485564545613576
21314.0,12900.0,6.0,1499.0,2026.0,17.0,3.0,5,11.0,180.0,28.3,5.0,2025,10,0,0.0,12900.0,1,4,9.465060106725137
6594.0,45100.0,4.0,1477.0,2020.0,12.0,3.0,5,11.0,0.0,0.0,5.0,2021,5,0,1.0,22550.0,0,2,10.716659698193956
9096.0,7400.0,6.0,1498.0,2025.0,13.0,3.0,5,11.0,120.0,7.68,4.0,2025,6,0,0.0,7400.0,1,2,8.909370405197466
16162.0,27000.0,4.0,1495.0,2021.0,0.0,3.0,7,11.0,0.0,0.0,5.0,2022,9,0,1.0,13500.0,0,3,10.203629181337648
36064.0,70000.0,4.0,2995.0,2018.0,19.0,0.0,5,2.0,0.0,0.0,5.0,2018,8,0,0.0,70000.0,0,3,11.156264806643742
10863.0,60000.0,4.0,2496.0,2015.0,20.0,3.0,5,3.0,0.0,0.0,4.0,2015,5,0,0.0,60000.0,0,2,11.002116507732017
14248.0,111000.0,4.0,1998.0,2015.0,13.0,2.0,4,11.0,0.0,0.0,3.0,2016,1,0,1.0,55500.0,0,1,11.6172944892629
22933.0,100.0,4.0,1395.0,2025.0,7.0,0.0,5,11.0,0.0,0.0,5.0,2026,3,0,1.0,50.0,0,1,4.61512051684126
10716.0,900.0,7.0,1908.792198826372,2025.0,12.0,3.0,5,11.0,122.0,48.35,5.0,2026,4,0,1.0,450.0,1,2,6.803505257608338
8213.0,60000.0,4.0,1998.0,2020.0,13.0,0.0,5,11.0,0.0,0.0,4.0,2020,6,0,0.0,60000.0,0,2,11.002116507732017
14690.0,56000.0,8.0,1499.0,2024.0,19.0,0.0,5,7.0,195.0,32.0,5.0,2024,7,0,0.0,56000.0,1,3,10.933124826700707
11157.0,18000.0,4.0,1368.0,2021.0,12.0,3.0,5,11.0,0.0,0.0,5.0,2023,2,0,2.0,6000.0,0,1,9.798182590890704
2369.0,59200.0,4.0,1485.0,2017.0,12.0,3.0,5,11.0,0.0,0.0,5.0,2018,10,1,1.0,29600.0,0,4,10.988693712621323
7242.0,100000.0,4.0,2496.0,2015.0,20.0,3.0,5,3.0,0.0,0.0,4.0,2016,6,0,1.0,50000.0,0,2,11.51293546492023
17369.0,5400.0,7.0,1908.792198826372,2025.0,11.0,3.0,5,7.0,200.0,66.0,5.0,2024,5,0,0.0,5400.0,1,2,8.594339400592892
35298.0,13700.0,6.0,1497.0,2025.0,8.0,3.0,7,2.0,310.0,41.7,5.0,2024,10,0,0.0,13700.0,1,4,9.525224101853109
14690.0,7000.0,7.0,1908.792198826372,2025.0,13.0,3.0,5,7.0,120.0,42.1,5.0,2025,4,0,0.0,7000.0,1,2,8.853808274977197
13689.0,39700.0,4.0,2985.0,2016.0,20.0,3.0,5,3.0,0.0,0.0,4.0,2019,1,0,3.0,9925.0,0,1,10.589131655274922
8096.0,6600.0,4.0,1499.0,2024.0,13.0,3.0,5,11.0,0.0,0.0,4.0,2025,12,0,1.0,3300.0,0,4,8.79497643168877
20563.0,35500.0,7.0,1908.792198826372,2025.0,19.0,1.0,5,7.0,216.0,75.0,5.0,2025,1,0,0.0,35500.0,1,1,10.477316144080852
10127.0,81000.0,7.0,1908.792198826372,2024.0,16.0,3.0,0,11.0,120.0,0.0,4.0,2024,6,0,0.0,81000.0,0,2,11.302216779257382
5667.0,15900.0,4.0,1798.0,2022.0,0.0,0.0,7,3.0,0.0,0.0,4.0,2022,7,1,0.0,15900.0,0,3,9.674137279312397
1442.0,120000.0,4.0,1908.792198826372,2014.0,1.0,3.0,0,5.0,0.0,0.0,4.0,2014,5,1,0.0,120000.0,0,2,11.695255355062795
43865.0,80000.0,4.0,2979.0,2019.0,15.0,3.0,5,3.0,0.0,0.0,4.0,2019,6,0,0.0,80000.0,0,2,11.289794413577894
2649.0,105300.0,4.0,1587.0,2015.0,12.0,3.0,5,11.0,0.0,0.0,5.0,2016,5,0,1.0,52650.0,0,2,11.564578194753137
5681.0,65300.0,7.0,1908.792198826372,2022.0,16.0,3.0,0,7.0,60.0,0.0,5.0,2023,5,0,1.0,32650.0,0,2,11.086762629082946
16604.0,46000.0,4.0,1395.0,2021.0,12.0,3.0,5,11.0,0.0,0.0,5.0,2022,1,0,1.0,23000.0,0,1,10.736418414365376
42629.0,6200.0,8.0,1499.0,2026.0,8.0,0.0,7,7.0,210.0,63.3,5.0,2025,12,0,0.0,6200.0,1,4,8.732465848349879
19695.0,100000.0,6.0,1499.0,2023.0,19.0,0.0,6,9.0,350.0,44.5,5.0,2023,7,0,0.0,100000.0,1,3,11.51293546492023
30352.0,16600.0,6.0,1497.0,2022.0,8.0,3.0,7,11.0,170.0,40.06,5.0,2023,12,0,1.0,8300.0,1,4,9.717218213494077
13218.0,119000.0,4.0,1999.0,2009.0,22.0,3.0,2,3.0,0.0,0.0,2.0,2010,9,0,1.0,59500.0,0,3,11.686887175419702
27232.0,300.0,7.0,1908.792198826372,2026.0,18.0,3.0,5,7.0,250.0,79.1,4.0,1990,1,0,0.0,300.0,1,1,5.707110264748875
35033.0,11400.0,8.0,1499.0,2026.0,19.0,0.0,5,9.0,382.0,53.4,5.0,2025,10,0,0.0,11400.0,1,4,9.34145634983372
27496.0,11000.0,8.0,1496.0,2026.0,19.0,0.0,5,7.0,230.0,66.0,5.0,2025,11,0,0.0,11000.0,1,4,9.305741456739435
12600.0,31000.0,7.0,1908.792198826372,2024.0,12.0,3.0,5,11.0,160.0,60.22,5.0,2025,5,0,1.0,15500.0,1,2,10.34177474101152
78899.0,69000.0,5.0,3456.0,2018.0,15.0,0.0,5,3.0,131.0,0.0,4.0,2020,3,0,2.0,23000.0,0,1,11.141876276228
16751.0,133000.0,7.0,1908.792198826372,2021.0,19.0,3.0,6,9.0,440.0,97.0,5.0,2022,9,0,1.0,66500.0,1,3,11.798111925972618
73570.0,14000.0,7.0,1908.792198826372,2023.0,19.0,3.0,5,9.0,675.0,112.0,5.0,2023,8,0,0.0,14000.0,1,3,9.546884034617925
9715.0,16000.0,4.0,1598.0,2024.0,17.0,3.0,7,11.0,0.0,0.0,5.0,2024,1,0,0.0,16000.0,0,1,9.680406499268875
88172.0,58000.0,4.0,3799.0,2014.0,22.0,3.0,2,5.0,0.0,0.0,2.0,2015,6,0,1.0,29000.0,0,2,10.968215530759236
3797.0,45000.0,7.0,1908.792198826372,2022.0,11.0,3.0,5,11.0,35.0,30.66,5.0,2022,10,0,0.0,45000.0,1,4,10.714439990727769
7124.0,34200.0,7.0,1908.792198826372,2024.0,12.0,2.0,5,11.0,60.0,29.67,5.0,2024,4,0,0.0,34200.0,1,2,10.440010162389305
176345.0,100.0,4.0,3492.0,2025.0,14.0,0.0,7,2.0,0.0,0.0,5.0,1990,1,0,0.0,100.0,0,1,4.61512051684126
2472.0,78000.0,4.0,1799.0,2016.0,20.0,0.0,5,11.0,0.0,0.0,4.0,2016,7,0,0.0,78000.0,0,3,11.264476926102367
1030.0,130000.0,4.0,1799.0,2013.0,18.0,0.0,5,11.0,0.0,0.0,4.0,2014,2,0,1.0,65000.0,0,1,11.775297421715827
12776.0,46000.0,7.0,1908.792198826372,2022.0,18.0,3.0,5,11.0,150.0,64.31,4.0,2024,3,0,2.0,15333.333333333334,1,1,10.736418414365376
13468.0,43000.0,7.0,1908.792198826372,2023.0,19.0,3.0,5,7.0,231.0,71.0,5.0,2024,1,0,1.0,21500.0,1,1,10.668978650219241
13807.0,9300.0,4.0,1598.0,2025.0,17.0,0.0,7,11.0,0.0,0.0,5.0,2025,10,0,0.0,9300.0,0,4,9.137877200242468
10863.0,110000.0,3.0,1908.792198826372,2018.0,5.0,3.0,0,2.0,0.0,0.0,4.0,2018,9,0,0.0,110000.0,0,3,11.608244735642321
114521.0,17300.0,8.0,1499.0,2025.0,15.0,3.0,4,9.0,390.0,65.0,4.0,2025,10,0,0.0,17300.0,1,4,9.758519582283522
8213.0,30000.0,7.0,1908.792198826372,2023.0,13.0,3.0,5,11.0,100.0,55.2,4.0,2024,4,0,1.0,15000.0,1,2,10.308985993422082
42393.0,10000.0,8.0,1496.0,2025.0,14.0,0.0,5,9.0,392.0,53.4,5.0,2025,8,0,0.0,10000.0,1,3,9.210440366976517
10083.0,90000.0,4.0,1499.0,2016.0,13.0,2.0,4,11.0,0.0,0.0,3.0,2016,9,0,0.0,90000.0,0,3,11.407576060361786
28851.0,53000.0,4.0,1908.792198826372,2020.0,4.0,3.0,0,11.0,0.0,0.0,4.603574926542605,2021,6,0,1.0,26500.0,0,2,10.87806606028079
8802.0,100.0,7.0,1908.792198826372,2026.0,13.0,3.0,5,7.0,58.0,30.12,5.0,2026,5,0,0.0,100.0,1,2,4.61512051684126
41952.0,36700.0,4.0,2979.0,2019.0,19.0,3.0,5,2.0,0.0,0.0,5.0,2019,7,0,0.0,36700.0,0,3,10.510559281627845
23522.0,4000.0,7.0,1908.792198826372,2025.0,17.0,0.0,5,7.0,180.0,80.0,5.0,2025,9,0,0.0,4000.0,1,3,8.294299608857235
12497.0,15000.0,4.0,1998.0,2024.0,17.0,3.0,5,11.0,0.0,0.0,5.0,2024,7,0,0.0,15000.0,0,3,9.61587214452889
3974.0,10200.0,4.0,1499.0,2021.0,13.0,3.0,5,11.0,0.0,0.0,4.0,2022,7,1,1.0,5100.0,0,3,9.23024103368252
152793.0,39000.0,5.0,2983.0,2024.0,15.0,0.0,5,10.0,160.0,0.0,4.0,2024,12,0,0.0,39000.0,0,4,10.571342565808699
11481.0,16000.0,4.0,1987.0,2024.0,12.0,3.0,5,11.0,0.0,0.0,5.0,2024,8,0,0.0,16000.0,0,3,9.680406499268875
73305.0,80000.0,4.0,1908.792198826372,2018.0,15.0,0.0,0,11.0,0.0,0.0,4.603574926542605,2019,4,0,1.0,40000.0,0,2,11.289794413577894
22816.0,60000.0,5.0,2487.0,2021.0,17.0,0.0,7,2.0,174.0,0.0,5.0,2021,11,0,0.0,60000.0,0,4,11.002116507732017
49459.0,100.0,4.0,1997.0,2026.0,17.0,3.0,5,2.0,0.0,0.0,5.0,2026,3,0,0.0,100.0,0,1,4.61512051684126
112608.0,34000.0,4.0,1908.792198826372,2024.0,2.0,3.0,0,11.0,0.0,0.0,4.603574926542605,2024,1,0,0.0,34000.0,0,1,10.434145214930487
23257.0,90000.0,8.0,1496.0,2024.0,19.0,3.0,5,9.0,300.0,36.8,5.0,2024,6,0,0.0,90000.0,1,2,11.407576060361786
6447.0,150000.0,7.0,1908.792198826372,2022.0,18.0,3.0,5,11.0,120.0,58.589,4.0,2022,5,0,0.0,150000.0,1,2,11.918397239722838
53286.0,11000.0,8.0,1496.0,2025.0,14.0,0.0,6,9.0,392.0,53.4,5.0,2025,4,0,0.0,11000.0,1,2,9.305741456739435
4975.0,120000.0,4.0,1797.0,2017.0,18.0,3.0,5,11.0,0.0,0.0,4.0,2018,7,0,1.0,60000.0,0,3,11.695255355062795
8316.0,210000.0,4.0,3956.0,2004.0,19.0,2.0,8,2.0,0.0,0.0,5.0,2005,3,0,1.0,105000.0,0,1,12.25486757159303
2914.0,90000.0,4.0,1798.0,2018.0,9.0,3.0,0,5.0,0.0,0.0,2.0,2020,8,1,2.0,30000.0,0,3,11.407576060361786
2472.0,160000.0,4.0,1240.0,2019.0,9.0,3.0,0,5.0,0.0,0.0,2.0,2020,6,1,1.0,80000.0,0,2,11.982935344196433
24111.0,15000.0,7.0,1908.792198826372,2025.0,14.0,0.0,6,9.0,440.0,85.0,5.0,2025,8,0,0.0,15000.0,1,3,9.61587214452889
31795.0,10000.0,6.0,1499.0,2026.0,19.0,3.0,5,2.0,263.0,39.6,5.0,2025,11,0,0.0,10000.0,1,4,9.210440366976517
21049.0,10000.0,4.0,1998.0,2025.0,12.0,0.0,5,2.0,0.0,0.0,5.0,2025,6,0,0.0,10000.0,0,2,9.210440366976517
19857.0,6300.0,7.0,1908.792198826372,2025.0,17.0,3.0,5,7.0,150.0,64.6,5.0,2025,12,0,0.0,6300.0,1,4,8.748463629942055
33384.0,18700.0,6.0,1989.0,2024.0,8.0,3.0,7,2.0,210.0,20.14,5.0,2025,5,0,1.0,9350.0,1,2,9.83633227734872
6182.0,30000.0,4.0,1499.0,2020.0,12.0,3.0,5,11.0,0.0,0.0,5.0,2020,8,0,0.0,30000.0,0,3,10.308985993422082
14248.0,4000.0,7.0,1908.792198826372,2025.0,0.0,3.0,7,11.0,100.0,60.0,5.0,2025,10,0,0.0,4000.0,1,4,8.294299608857235
24552.0,38000.0,4.0,1998.0,2023.0,12.0,3.0,5,11.0,0.0,0.0,5.0,2023,6,0,0.0,38000.0,0,2,10.545367754151743
28968.0,6000.0,6.0,1499.0,2026.0,19.0,3.0,5,2.0,263.0,39.6,5.0,2025,12,0,0.0,6000.0,1,4,8.699681400989514
33090.0,500.0,7.0,1908.792198826372,2026.0,20.0,2.0,5,7.0,264.0,81.0,5.0,1990,1,0,0.0,500.0,1,1,6.2166061010848646
9862.0,51500.0,3.0,1996.0,2021.0,5.0,3.0,0,2.0,0.0,0.0,4.0,2021,6,1,0.0,51500.0,0,2,10.849356503939038
2870.0,45000.0,4.0,1490.0,2018.0,13.0,3.0,5,11.0,0.0,0.0,5.0,2019,12,0,1.0,22500.0,0,4,10.714439990727769
3459.0,60000.0,7.0,1908.792198826372,2019.0,10.0,3.0,5,11.0,50.0,41.0,5.0,2019,5,0,0.0,60000.0,1,2,11.002116507732017
4239.0,80000.0,7.0,1908.792198826372,2021.0,12.0,3.0,4,11.0,55.0,38.54,5.0,2021,8,0,0.0,80000.0,1,3,11.289794413577894
2325.0,93000.0,4.0,1997.0,2015.0,12.0,3.0,5,11.0,0.0,0.0,5.0,2016,3,0,1.0,46500.0,0,1,11.440365524765756
37977.0,6900.0,7.0,1908.792198826372,2026.0,17.0,3.0,5,7.0,205.0,107.0,5.0,2025,6,0,0.0,6900.0,1,2,8.839421607620602
33561.0,4800.0,7.0,1908.792198826372,2026.0,17.0,3.0,5,7.0,220.0,62.5,5.0,2026,3,0,0.0,4800.0,1,1,8.476579508530941
117465.0,4000.0,8.0,1499.0,2025.0,15.0,3.0,4,9.0,390.0,65.0,4.0,2026,1,0,1.0,2000.0,1,1,8.294299608857235
4239.0,86000.0,4.0,1981.0,2016.0,17.0,3.0,5,11.0,0.0,0.0,5.0,2017,12,0,1.0,43000.0,0,4,11.362114203075018
20578.0,25000.0,1.0,1991.0,2024.0,12.0,3.0,5,11.0,0.0,0.0,5.0,2024,4,0,0.0,25000.0,0,2,10.12667110305036
18812.0,10000.0,6.0,1499.0,2024.0,12.0,3.0,5,11.0,165.0,26.7,5.0,2024,8,0,0.0,10000.0,1,3,9.210440366976517
38831.0,9500.0,7.0,1908.792198826372,2026.0,14.0,3.0,6,9.0,520.0,102.0,5.0,2026,3,0,0.0,9500.0,1,1,9.15915233520675
2325.0,80000.0,4.0,1598.0,2017.0,12.0,3.0,5,11.0,0.0,0.0,5.0,2017,3,1,0.0,80000.0,0,1,11.289794413577894
5814.0,15000.0,4.0,1498.0,2023.0,13.0,3.0,5,11.0,0.0,0.0,4.0,2023,9,0,0.0,15000.0,0,3,9.61587214452889
17928.0,9000.0,8.0,1497.0,2024.0,19.0,0.0,6,7.0,200.0,34.32,5.0,2025,1,0,1.0,4500.0,1,1,9.105090961257085
26481.0,25000.0,7.0,1908.792198826372,2025.0,17.0,3.0,5,7.0,310.0,100.0,5.0,2025,6,0,0.0,25000.0,1,2,10.12667110305036
43865.0,1000.0,4.0,1908.792198826372,2021.0,2.0,2.0,0,11.0,0.0,0.0,4.603574926542605,1990,1,0,0.0,1000.0,0,1,6.90875477931522
19548.0,100.0,4.0,1751.0,2026.0,12.0,3.0,5,11.0,0.0,0.0,5.0,1990,1,0,0.0,100.0,0,1,4.61512051684126
16928.0,20000.0,7.0,1908.792198826372,2024.0,12.0,3.0,5,7.0,200.0,66.0,5.0,2024,10,0,0.0,20000.0,1,4,9.90353755128617
15897.0,23000.0,7.0,1908.792198826372,2022.0,12.0,3.0,5,7.0,200.0,66.0,5.0,2023,2,0,1.0,11500.0,1,1,10.043292972227004
22050.0,82000.0,4.0,1908.792198826372,2019.0,19.0,3.0,0,11.0,0.0,0.0,4.603574926542605,2019,4,0,0.0,82000.0,0,2,11.314486721293981
6300.0,43000.0,4.0,1490.0,2021.0,12.0,3.0,5,11.0,0.0,0.0,5.0,2020,11,0,0.0,43000.0,0,4,10.668978650219241
351513.0,20000.0,4.0,3994.0,2019.0,22.0,3.0,2,5.0,0.0,0.0,2.0,2020,1,0,1.0,10000.0,0,1,9.90353755128617
8802.0,15000.0,4.0,1494.0,2022.0,12.0,3.0,5,11.0,0.0,0.0,5.0,2022,6,0,0.0,15000.0,0,2,9.61587214452889
31942.0,900.0,7.0,1908.792198826372,2025.0,7.0,3.0,5,7.0,194.0,62.5,4.0,2026,5,0,1.0,450.0,1,2,6.803505257608338
47957.0,30000.0,4.0,2261.0,2024.0,17.0,3.0,5,10.0,0.0,0.0,4.0,2024,7,0,0.0,30000.0,0,3,10.308985993422082
5269.0,9000.0,4.0,1451.0,2025.0,9.0,3.0,0,5.0,0.0,0.0,2.0,2025,12,1,0.0,9000.0,0,4,9.105090961257085
20019.0,6800.0,4.0,1499.0,2023.0,12.0,3.0,5,11.0,0.0,0.0,5.0,2024,1,0,1.0,3400.0,0,1,8.824824939175638
3370.0,69900.0,7.0,1908.792198826372,2018.0,21.0,3.0,4,11.0,50.0,41.5,5.0,2018,12,0,0.0,69900.0,1,4,11.154835234271214
48281.0,26600.0,4.0,2995.0,2017.0,19.0,3.0,5,2.0,0.0,0.0,5.0,2017,12,0,0.0,26600.0,0,4,10.188704088048116
8817.0,37000.0,4.0,1998.0,2021.0,19.0,3.0,7,11.0,0.0,0.0,5.0,2022,5,0,1.0,18500.0,0,2,10.518700218288165
2531.0,135500.0,4.0,1485.0,2017.0,12.0,3.0,5,11.0,0.0,0.0,5.0,2017,8,1,0.0,135500.0,0,3,11.816734299348461
72864.0,3400.0,6.0,1974.0,2026.0,19.0,0.0,5,2.0,700.0,70.0,5.0,2026,5,0,0.0,3400.0,1,2,8.131824785007195
25760.0,51000.0,4.0,1997.0,2026.0,19.0,3.0,7,2.0,0.0,0.0,5.0,2023,9,0,0.0,51000.0,0,3,10.839600519357369
14101.0,26000.0,4.0,1498.0,2023.0,17.0,3.0,5,11.0,0.0,0.0,5.0,2023,8,0,0.0,26000.0,0,3,10.165890277802454
17075.0,45000.0,1.0,1997.0,2021.0,17.0,3.0,5,2.0,0.0,0.0,5.0,2021,12,0,0.0,45000.0,0,4,10.714439990727769
10127.0,99000.0,4.0,1499.0,2017.0,12.0,3.0,5,11.0,0.0,0.0,5.0,2019,1,0,2.0,33000.0,0,1,11.502885230075814
1310.0,73200.0,4.0,1499.0,2015.0,13.0,3.0,5,11.0,0.0,0.0,5.0,2015,7,1,0.0,73200.0,0,3,11.200964361058276
15573.0,37000.0,4.0,1999.0,2022.0,12.0,3.0,5,2.0,0.0,0.0,5.0,2021,11,0,0.0,37000.0,0,4,10.518700218288165
5004.0,127800.0,7.0,1908.792198826372,2021.0,10.0,2.0,4,11.0,35.0,33.0,5.0,2021,11,0,0.0,127800.0,1,4,11.758229645621093
6447.0,120000.0,7.0,1908.792198826372,2021.0,13.0,3.0,5,11.0,135.0,58.8,4.0,2021,1,0,0.0,120000.0,1,1,11.695255355062795
5961.0,54500.0,4.0,1485.0,2023.0,13.0,3.0,5,11.0,0.0,0.0,4.0,2022,11,0,0.0,54500.0,0,4,10.905974329106854
43541.0,1900.0,4.0,1998.0,2024.0,7.0,0.0,5,3.0,0.0,0.0,5.0,2025,2,0,1.0,950.0,0,1,7.550135342488429
12040.0,46000.0,7.0,1908.792198826372,2024.0,12.0,3.0,5,7.0,135.0,65.69,5.0,2024,8,0,0.0,46000.0,1,3,10.736418414365376
87701.0,4000.0,8.0,1499.0,2025.0,15.0,0.0,5,9.0,390.0,65.0,4.0,2025,6,0,0.0,4000.0,1,2,8.294299608857235
7919.0,9000.0,4.0,1598.0,2024.0,13.0,3.0,5,11.0,0.0,0.0,4.0,2024,8,0,0.0,9000.0,0,3,9.105090961257085
18223.0,55000.0,8.0,1199.0,2021.0,19.0,2.0,6,9.0,245.0,40.5,5.0,2022,7,0,1.0,27500.0,1,3,10.915106645867503
145433.0,34000.0,1.0,2999.0,2021.0,14.0,0.0,5,10.0,0.0,0.0,5.0,2021,9,0,0.0,34000.0,0,3,10.434145214930487
13807.0,89000.0,4.0,1967.0,2019.0,5.0,3.0,0,2.0,0.0,0.0,4.0,2021,3,0,2.0,29666.666666666668,0,1,11.39640288460621
1736.0,70900.0,4.0,1908.792198826372,2015.0,0.0,3.0,7,11.0,0.0,0.0,5.0,2019,5,1,4.0,14180.0,0,2,11.16903981679311
5711.0,90000.0,4.0,1967.0,2017.0,17.0,0.0,5,11.0,0.0,0.0,5.0,2018,1,0,1.0,45000.0,0,1,11.407576060361786
20578.0,40000.0,7.0,1908.792198826372,2025.0,14.0,0.0,6,7.0,340.0,85.0,5.0,2025,8,0,0.0,40000.0,1,3,10.596659732783579
16162.0,1400.0,4.0,1498.0,2023.0,12.0,3.0,5,11.0,0.0,0.0,5.0,2023,6,0,0.0,1400.0,0,2,7.244941546337007
7948.0,64300.0,4.0,1998.0,2022.0,12.0,1.0,5,2.0,0.0,0.0,5.0,2022,5,0,0.0,64300.0,0,2,11.071330462204312
8802.0,80000.0,4.0,1995.0,2019.0,12.0,3.0,5,2.0,0.0,0.0,5.0,2018,12,0,0.0,80000.0,0,4,11.289794413577894
21049.0,55000.0,7.0,1908.792198826372,2021.0,19.0,3.0,6,9.0,440.0,97.0,5.0,2021,11,0,0.0,55000.0,1,4,10.915106645867503
1884.0,86300.0,4.0,1497.0,2015.0,12.0,3.0,5,11.0,0.0,0.0,5.0,2016,4,0,1.0,43150.0,0,2,11.3655964644899
18517.0,43000.0,7.0,1908.792198826372,2022.0,20.0,3.0,5,9.0,380.0,85.4,4.0,2024,8,0,2.0,14333.333333333334,1,3,10.668978650219241
9391.0,60000.0,4.0,1998.0,2019.0,17.0,3.0,5,10.0,0.0,0.0,5.0,2019,9,0,0.0,60000.0,0,3,11.002116507732017
21344.0,56000.0,4.0,1998.0,2023.0,18.0,3.0,5,3.0,0.0,0.0,4.0,2023,5,0,0.0,56000.0,0,2,10.933124826700707
21903.0,4000.0,8.0,1498.0,2025.0,17.0,0.0,5,7.0,150.0,32.6,5.0,2025,10,0,0.0,4000.0,1,4,8.294299608857235
360640.0,10200.0,4.0,3996.0,2024.0,19.0,3.0,5,2.0,0.0,0.0,5.0,2023,5,0,0.0,10200.0,0,2,9.23024103368252
21461.0,98000.0,7.0,1908.792198826372,2024.0,20.0,3.0,5,7.0,230.0,94.5,4.0,2024,5,0,0.0,98000.0,1,2,11.49273296168228
12953.0,100000.0,4.0,1328.0,2015.0,12.0,0.0,4,2.0,0.0,0.0,3.0,2017,8,0,2.0,33333.333333333336,0,3,11.51293546492023
13542.0,41000.0,4.0,1197.0,2023.0,13.0,3.0,5,11.0,0.0,0.0,4.0,2022,12,0,0.0,41000.0,0,4,10.62135173563291
42216.0,3500.0,7.0,1908.792198826372,2026.0,14.0,0.0,6,9.0,520.0,102.0,5.0,2026,4,0,0.0,3500.0,1,2,8.160803920954665
6918.0,350000.0,4.0,2457.0,2017.0,8.0,3.0,7,11.0,0.0,0.0,5.0,2017,9,0,0.0,350000.0,0,3,12.765691290604371
9406.0,99000.0,4.0,1499.0,2017.0,12.0,1.0,5,2.0,0.0,0.0,5.0,2018,5,0,1.0,49500.0,0,2,11.502885230075814
11628.0,5000.0,7.0,1908.792198826372,2025.0,13.0,3.0,5,7.0,120.0,42.1,5.0,2025,9,0,0.0,5000.0,1,3,8.517393171418904
7801.0,160000.0,3.0,2199.0,2015.0,17.0,0.0,7,10.0,0.0,0.0,5.0,2015,7,0,0.0,160000.0,0,3,11.982935344196433
23036.0,56000.0,7.0,1908.792198826372,2025.0,17.0,0.0,5,7.0,310.0,75.0,5.0,2025,2,0,0.0,56000.0,1,1,10.933124826700707
4239.0,100000.0,4.0,1984.0,2010.0,13.0,3.0,5,11.0,0.0,0.0,5.0,2013,10,0,3.0,25000.0,0,4,11.51293546492023
3385.0,70000.0,4.0,1908.792198826372,2019.0,4.0,3.0,0,3.0,0.0,0.0,4.0,2020,12,1,1.0,35000.0,0,4,11.156264806643742
171929.0,38600.0,7.0,1908.792198826372,2024.0,22.0,3.0,2,1.0,960.0,80.0,2.0,2025,7,0,1.0,19300.0,1,3,10.5610334618531
12188.0,84300.0,7.0,1908.792198826372,2020.0,13.0,3.0,5,9.0,300.0,71.0,5.0,2021,12,0,1.0,42150.0,1,4,11.342149006315793
4680.0,39100.0,4.0,1392.0,2021.0,13.0,3.0,5,11.0,0.0,0.0,4.0,2021,4,0,0.0,39100.0,0,2,10.573903321093981
1766.0,64600.0,4.0,1499.0,2015.0,11.0,3.0,5,11.0,0.0,0.0,5.0,2016,10,1,1.0,32300.0,0,4,11.075985169527042
16309.0,100.0,7.0,1908.792198826372,2025.0,17.0,3.0,5,11.0,150.0,66.7,5.0,2026,6,0,1.0,50.0,1,2,4.61512051684126
6152.0,169000.0,7.0,1908.792198826372,2022.0,13.0,3.0,5,11.0,100.0,60.0,4.0,2022,9,0,0.0,169000.0,1,3,12.037659911047468
76411.0,40000.0,4.0,2894.0,2022.0,15.0,3.0,4,3.0,0.0,0.0,5.0,2022,7,0,0.0,40000.0,0,3,10.596659732783579
9391.0,51000.0,4.0,1598.0,2022.0,17.0,3.0,5,11.0,0.0,0.0,5.0,2022,6,0,0.0,51000.0,0,2,10.839600519357369
2649.0,80000.0,4.0,1498.0,2018.0,12.0,3.0,5,11.0,0.0,0.0,5.0,2018,1,0,0.0,80000.0,0,1,11.289794413577894
31721.0,38800.0,6.0,1497.0,2024.0,8.0,0.0,7,2.0,215.0,40.0,5.0,2024,11,0,0.0,38800.0,1,4,10.566201298475118
2031.0,136000.0,4.0,1485.0,2017.0,13.0,3.0,5,11.0,0.0,0.0,5.0,2018,9,1,1.0,68000.0,0,3,11.820417517632333
20578.0,2500.0,6.0,1498.0,2025.0,17.0,3.0,7,11.0,200.0,21.504,5.0,2025,4,0,0.0,2500.0,1,2,7.824445930877619
8670.0,17000.0,4.0,1494.0,2023.0,12.0,3.0,5,11.0,0.0,0.0,5.0,2023,7,0,0.0,17000.0,0,3,9.741027444837728
3017.0,68000.0,7.0,1908.792198826372,2019.0,16.0,3.0,0,7.0,60.0,0.0,5.0,2021,5,0,2.0,22666.666666666668,0,2,11.127277689932466
19400.0,67000.0,4.0,1997.0,2020.0,17.0,3.0,5,2.0,0.0,0.0,5.0,2021,2,0,1.0,33500.0,0,1,11.112462823634855
8508.0,19800.0,4.0,1498.0,2022.0,17.0,0.0,5,11.0,0.0,0.0,5.0,2022,12,0,0.0,19800.0,0,4,9.893487720457795
17928.0,100.0,7.0,1908.792198826372,2025.0,20.0,0.0,5,7.0,160.0,79.97,5.0,2026,6,0,1.0,50.0,1,2,4.61512051684126
24729.0,50000.0,4.0,1908.792198826372,2016.0,22.0,3.0,0,11.0,0.0,0.0,4.603574926542605,2016,11,0,0.0,50000.0,0,4,10.819798284210286
26466.0,43000.0,6.0,1499.0,2025.0,19.0,0.0,6,9.0,300.0,44.5,5.0,2024,10,0,0.0,43000.0,1,4,10.668978650219241
2046.0,64700.0,4.0,1587.0,2018.0,13.0,3.0,5,11.0,0.0,0.0,4.0,2018,10,1,0.0,64700.0,0,4,11.07753193632009
22933.0,22000.0,4.0,1395.0,2022.0,12.0,3.0,5,11.0,0.0,0.0,5.0,2023,2,0,1.0,11000.0,0,1,9.99884318585288
5505.0,73600.0,4.0,1395.0,2021.0,12.0,3.0,5,11.0,0.0,0.0,5.0,2021,6,0,0.0,73600.0,0,2,11.206413891581187
2914.0,80000.0,4.0,1598.0,2018.0,13.0,3.0,5,11.0,0.0,0.0,4.0,2018,8,0,0.0,80000.0,0,3,11.289794413577894
6756.0,85000.0,7.0,1908.792198826372,2019.0,13.0,3.0,5,11.0,85.0,52.5,5.0,2020,1,0,1.0,42500.0,1,1,11.350418300109132
3665.0,44000.0,4.0,1798.0,2020.0,1.0,3.0,0,5.0,0.0,0.0,4.0,2021,1,1,1.0,22000.0,0,1,10.691967639914864
2472.0,150000.0,4.0,1908.792198826372,2011.0,17.0,3.0,7,11.0,0.0,0.0,5.0,2011,11,0,0.0,150000.0,0,4,11.918397239722838
4975.0,8300.0,7.0,1908.792198826372,2022.0,10.0,3.0,5,11.0,45.0,31.4,5.0,2022,11,0,0.0,8300.0,1,4,9.024131268455035
17487.0,110000.0,4.0,3604.0,2017.0,8.0,0.0,7,11.0,0.0,0.0,5.0,2017,11,0,0.0,110000.0,0,4,11.608244735642321
11746.0,23000.0,5.0,1498.0,2024.0,12.0,0.0,5,2.0,185.0,1.67,5.0,2024,9,0,0.0,23000.0,1,3,10.043292972227004
12188.0,65000.0,7.0,1908.792198826372,2022.0,7.0,3.0,5,11.0,150.0,64.31,4.0,2022,11,0,0.0,65000.0,1,4,11.082157933374816
40921.0,3100.0,8.0,1498.0,2026.0,20.0,0.0,5,7.0,227.0,53.4,4.0,2025,12,0,0.0,3100.0,1,4,8.03947991910045
23257.0,17800.0,7.0,1908.792198826372,2025.0,17.0,3.0,5,7.0,240.0,60.0,5.0,2025,11,0,0.0,17800.0,1,4,9.787009914477434
62824.0,40000.0,4.0,1991.0,2024.0,8.0,0.0,7,3.0,0.0,0.0,5.0,2024,10,0,0.0,40000.0,0,4,10.596659732783579
42393.0,97000.0,4.0,1908.792198826372,2010.0,22.0,3.0,2,5.0,0.0,0.0,2.0,2010,9,0,0.0,97000.0,0,3,11.48247656671073
12776.0,45000.0,4.0,1498.0,2021.0,11.0,3.0,5,11.0,0.0,0.0,5.0,2021,10,0,0.0,45000.0,0,4,10.714439990727769
6476.0,40000.0,6.0,1498.0,2025.0,13.0,3.0,5,11.0,120.0,7.68,4.0,2025,1,0,0.0,40000.0,1,1,10.596659732783579
110400.0,49000.0,1.0,2996.0,2020.0,19.0,0.0,5,10.0,0.0,0.0,5.0,2021,1,0,1.0,24500.0,0,1,10.799595985047786
912301.0,1000.0,6.0,3990.0,2021.0,22.0,0.0,2,4.0,162.0,7.9,2.0,2024,1,0,3.0,250.0,1,1,6.90875477931522
38713.0,4000.0,8.0,1498.0,2026.0,20.0,0.0,5,7.0,227.0,53.4,4.0,2025,9,0,0.0,4000.0,1,3,8.294299608857235
1457.0,113200.0,4.0,1485.0,2015.0,13.0,3.0,5,11.0,0.0,0.0,4.0,2016,8,1,1.0,56600.0,0,3,11.636920278634463
4901.0,57000.0,4.0,999.0,2022.0,13.0,3.0,5,11.0,0.0,0.0,4.0,2022,6,0,0.0,57000.0,0,2,10.950824090522445
11672.0,100.0,7.0,1908.792198826372,2025.0,12.0,3.0,5,7.0,125.0,49.1,5.0,2026,4,0,1.0,50.0,1,2,4.61512051684126
18547.0,28000.0,4.0,1908.792198826372,2019.0,1.0,1.0,0,11.0,0.0,0.0,4.603574926542605,2019,6,0,0.0,28000.0,0,2,10.239995502805316
26466.0,40000.0,4.0,1967.0,2022.0,12.0,3.0,5,10.0,0.0,0.0,5.0,2023,2,0,1.0,20000.0,0,1,10.596659732783579
7183.0,330000.0,4.0,1908.792198826372,2004.0,19.0,2.0,0,11.0,0.0,0.0,4.603574926542605,2004,11,0,0.0,330000.0,0,4,12.706850963741102
9832.0,42700.0,4.0,1499.0,2017.0,13.0,3.0,4,11.0,0.0,0.0,3.0,2018,5,0,1.0,21350.0,0,2,10.661977618146238
16604.0,18000.0,4.0,1395.0,2023.0,17.0,3.0,5,11.0,0.0,0.0,5.0,2024,4,0,1.0,9000.0,0,2,9.798182590890704
3238.0,103400.0,4.0,2495.0,2013.0,20.0,0.0,5,11.0,0.0,0.0,4.0,2014,10,0,1.0,51700.0,0,4,11.546369912189585
44130.0,2700.0,6.0,1497.0,2026.0,14.0,0.0,5,2.0,380.0,65.0,5.0,2026,6,0,0.0,2700.0,1,2,7.901377353792616
58585.0,30000.0,4.0,1984.0,2023.0,17.0,0.0,5,2.0,0.0,0.0,5.0,2024,8,0,1.0,15000.0,0,3,10.308985993422082
14101.0,27000.0,7.0,1908.792198826372,2022.0,7.0,3.0,5,11.0,150.0,64.31,4.0,2023,12,0,1.0,13500.0,1,4,10.203629181337648
24994.0,18000.0,7.0,1908.792198826372,2026.0,19.0,3.0,5,7.0,245.0,76.0,5.0,2025,8,0,0.0,18000.0,1,3,9.798182590890704
2576.0,36300.0,4.0,1485.0,2017.0,12.0,3.0,5,11.0,0.0,0.0,5.0,2017,9,1,0.0,36300.0,0,3,10.499600568082863
4224.0,87800.0,4.0,1967.0,2017.0,12.0,0.0,5,11.0,0.0,0.0,5.0,2017,11,0,0.0,87800.0,0,4,11.382828169079987
19636.0,100.0,4.0,1989.0,2025.0,17.0,0.0,5,11.0,0.0,0.0,5.0,2025,9,0,0.0,100.0,0,3,4.61512051684126
16177.0,9400.0,4.0,1598.0,2024.0,18.0,3.0,5,11.0,0.0,0.0,5.0,2024,6,0,0.0,9400.0,0,2,9.148571345578551
2340.0,80000.0,4.0,1981.0,2016.0,17.0,3.0,5,11.0,0.0,0.0,5.0,2017,9,0,1.0,40000.0,0,3,11.289794413577894
10892.0,9000.0,7.0,1908.792198826372,2026.0,13.0,3.0,5,11.0,120.0,42.8,5.0,2025,11,0,0.0,9000.0,1,4,9.105090961257085
21903.0,132000.0,8.0,1496.0,2023.0,19.0,3.0,5,9.0,330.0,40.9,5.0,2023,9,0,0.0,132000.0,1,3,11.790564777297387
23522.0,12000.0,8.0,1497.0,2025.0,19.0,3.0,5,9.0,316.0,35.07,5.0,2025,6,0,0.0,12000.0,1,2,9.392745258631441
12114.0,135300.0,4.0,2972.0,2016.0,19.0,0.0,7,2.0,0.0,0.0,5.0,2016,9,0,0.0,135300.0,0,3,11.815257205114566
24729.0,134000.0,4.0,2979.0,2016.0,19.0,3.0,5,2.0,0.0,0.0,5.0,2016,11,0,0.0,134000.0,0,4,11.80560254159177
33237.0,4600.0,7.0,1908.792198826372,2025.0,19.0,3.0,5,7.0,250.0,87.3,5.0,2025,9,0,0.0,4600.0,1,3,8.434028950155469
56936.0,11000.0,7.0,1908.792198826372,2023.0,19.0,3.0,5,9.0,385.0,111.5,5.0,2025,12,0,2.0,3666.6666666666665,1,4,9.305741456739435
10127.0,13700.0,7.0,1908.792198826372,2026.0,13.0,2.0,5,11.0,120.0,42.8,5.0,2025,9,0,0.0,13700.0,1,3,9.525224101853109
5122.0,100.0,7.0,1908.792198826372,2025.0,10.0,3.0,4,7.0,30.0,17.03,3.0,2026,6,0,1.0,50.0,1,2,4.61512051684126
7654.0,129000.0,4.0,1999.0,2016.0,20.0,3.0,5,3.0,0.0,0.0,4.0,2016,3,0,0.0,129000.0,0,1,11.767575435251748
27232.0,17000.0,4.0,1908.792198826372,2023.0,12.0,3.0,5,11.0,0.0,0.0,4.603574926542605,2023,6,0,0.0,17000.0,0,2,9.741027444837728
35298.0,8200.0,4.0,1995.0,2024.0,12.0,3.0,5,2.0,0.0,0.0,5.0,2024,7,0,0.0,8200.0,0,3,9.012011377036412
10009.0,130000.0,4.0,2290.0,2016.0,19.0,0.0,5,2.0,0.0,0.0,5.0,2017,10,0,1.0,65000.0,0,4,11.775297421715827
28968.0,54000.0,4.0,1995.0,2022.0,12.0,3.0,5,2.0,0.0,0.0,5.0,2023,2,0,1.0,27000.0,0,1,10.896757843893464
2178.0,101900.0,4.0,1598.0,2016.0,12.0,3.0,5,11.0,0.0,0.0,5.0,2016,9,1,0.0,101900.0,0,3,11.531757032705352
21520.0,9000.0,8.0,1498.0,2025.0,12.0,3.0,5,9.0,403.0,40.3,4.0,2025,12,0,0.0,9000.0,1,4,9.105090961257085
26024.0,9000.0,8.0,1499.0,2025.0,19.0,3.0,5,9.0,350.0,45.0,5.0,2025,7,0,0.0,9000.0,1,3,9.105090961257085
21756.0,55000.0,4.0,2261.0,2023.0,2.0,0.0,5,2.0,0.0,0.0,4.0,2025,2,0,2.0,18333.333333333332,0,1,10.915106645867503
56510.0,115000.0,4.0,1991.0,2023.0,8.0,0.0,7,3.0,0.0,0.0,5.0,2024,6,0,1.0,57500.0,0,2,11.652696102959753
17634.0,100.0,7.0,1908.792198826372,2025.0,17.0,2.0,5,7.0,210.0,62.0,5.0,2026,6,0,1.0,50.0,1,2,4.61512051684126
1104.0,70000.0,4.0,1499.0,2016.0,12.0,0.0,5,11.0,0.0,0.0,5.0,2016,3,1,0.0,70000.0,0,1,11.156264806643742
23257.0,80100.0,4.0,1987.0,2022.0,20.0,3.0,5,11.0,0.0,0.0,4.0,2023,11,0,1.0,40050.0,0,4,11.291043617373028
18664.0,12000.0,8.0,1499.0,2026.0,19.0,0.0,6,7.0,170.0,38.7,5.0,2025,6,0,0.0,12000.0,1,2,9.392745258631441
9568.0,29000.0,7.0,1908.792198826372,2023.0,13.0,3.0,5,11.0,100.0,55.2,4.0,2023,10,0,0.0,29000.0,1,4,10.275085591132715
160153.0,9200.0,8.0,1997.0,2025.0,14.0,0.0,6,1.0,880.0,55.53,5.0,2026,1,0,1.0,4600.0,1,1,9.127067452782361
65945.0,100000.0,4.0,1908.792198826372,2020.0,19.0,0.0,0,11.0,0.0,0.0,4.603574926542605,2020,4,0,0.0,100000.0,0,2,11.51293546492023
38124.0,100.0,7.0,1908.792198826372,2026.0,20.0,3.0,5,9.0,365.0,100.0,4.0,1990,1,0,0.0,100.0,1,1,4.61512051684126
123353.0,1000.0,8.0,1499.0,2025.0,15.0,0.0,4,8.0,635.0,65.0,4.0,2026,2,0,1.0,500.0,1,1,6.90875477931522
4121.0,59000.0,4.0,1596.0,2018.0,13.0,3.0,5,11.0,0.0,0.0,4.0,2018,6,1,0.0,59000.0,0,2,10.985309671896763
20166.0,40000.0,7.0,1908.792198826372,2025.0,19.0,3.0,5,7.0,216.0,75.0,5.0,2025,1,0,0.0,40000.0,1,1,10.596659732783579
17192.0,46000.0,4.0,3470.0,2021.0,19.0,3.0,7,2.0,0.0,0.0,5.0,2022,8,0,1.0,23000.0,0,3,10.736418414365376
8508.0,70000.0,4.0,1497.0,2023.0,12.0,3.0,5,11.0,0.0,0.0,5.0,2024,8,0,1.0,35000.0,0,3,11.156264806643742
16780.0,6000.0,7.0,1908.792198826372,2026.0,17.0,3.0,5,7.0,220.0,74.9,5.0,2025,5,0,0.0,6000.0,1,2,8.699681400989514
11172.0,15700.0,4.0,1480.0,2023.0,12.0,0.0,5,11.0,0.0,0.0,5.0,2025,1,0,2.0,5233.333333333333,0,1,9.661479683575521
4092.0,50000.0,4.0,1476.0,2021.0,13.0,0.0,5,11.0,0.0,0.0,4.0,2021,12,0,0.0,50000.0,0,4,10.819798284210286
8096.0,29100.0,6.0,1498.0,2024.0,13.0,3.0,5,11.0,132.0,8.3,4.0,2024,7,0,0.0,29100.0,1,3,10.278527816830314
49871.0,2500.0,6.0,1497.0,2026.0,14.0,3.0,6,2.0,380.0,65.0,5.0,2025,12,0,0.0,2500.0,1,4,7.824445930877619
12659.0,26100.0,7.0,1908.792198826372,2025.0,12.0,3.0,5,7.0,100.0,59.93,5.0,2024,12,0,0.0,26100.0,1,4,10.169728906753061
8655.0,40000.0,4.0,1477.0,2020.0,12.0,3.0,5,11.0,0.0,0.0,5.0,2022,1,0,2.0,13333.333333333334,0,1,10.596659732783579
6918.0,121300.0,4.0,2496.0,2015.0,17.0,3.0,5,2.0,0.0,0.0,5.0,2016,1,0,1.0,60650.0,0,1,11.706030338921243
35298.0,10.0,7.0,1908.792198826372,2026.0,20.0,0.0,5,7.0,237.0,94.53,4.0,2026,6,0,0.0,10.0,1,2,2.3978952727983707
4710.0,25800.0,4.0,1988.0,2022.0,6.0,3.0,7,3.0,0.0,0.0,5.0,2023,1,1,1.0,12900.0,0,1,10.158168529848494
5372.0,87100.0,4.0,1368.0,2017.0,12.0,3.0,5,11.0,0.0,0.0,5.0,2017,10,0,0.0,87100.0,0,4,11.374823643830945
8832.0,25400.0,7.0,1908.792198826372,2022.0,12.0,3.0,5,11.0,120.0,80.0,5.0,2021,12,0,0.0,25400.0,1,4,10.142543822310387
6741.0,3500.0,4.0,1494.0,2025.0,13.0,3.0,5,11.0,0.0,0.0,4.0,2026,6,1,1.0,1750.0,0,2,8.160803920954665
7330.0,78000.0,7.0,1908.792198826372,2021.0,13.0,1.0,5,11.0,105.0,47.8,5.0,2021,10,0,0.0,78000.0,1,4,11.264476926102367
40156.0,3000.0,7.0,1908.792198826372,2023.0,19.0,2.0,5,9.0,240.0,76.6,5.0,2025,12,0,2.0,1000.0,1,4,8.006700845440367
12291.0,4800.0,7.0,1908.792198826372,2025.0,13.0,3.0,5,7.0,120.0,42.1,5.0,2025,8,0,0.0,4800.0,1,3,8.476579508530941
8096.0,38000.0,4.0,1969.0,2021.0,12.0,3.0,5,11.0,0.0,0.0,5.0,2022,2,0,1.0,19000.0,0,1,10.545367754151743
3944.0,90000.0,3.0,2771.0,2015.0,5.0,2.0,0,3.0,0.0,0.0,4.0,2016,4,1,1.0,45000.0,0,2,11.407576060361786
924077.0,2700.0,4.0,6496.0,2023.0,19.0,3.0,4,2.0,0.0,0.0,5.0,2025,4,0,2.0,900.0,0,2,7.901377353792616
292633.0,88000.0,4.0,5513.0,2005.0,15.0,3.0,4,3.0,0.0,0.0,4.0,2008,4,0,3.0,22000.0,0,2,11.385103457032141
7624.0,88800.0,4.0,1999.0,2018.0,7.0,3.0,5,11.0,0.0,0.0,4.0,2017,9,0,0.0,88800.0,0,3,11.394153190178114
27791.0,65000.0,1.0,2995.0,2021.0,20.0,0.0,5,2.0,0.0,0.0,4.0,2021,6,0,0.0,65000.0,0,2,11.082157933374816
1736.0,70000.0,7.0,1908.792198826372,2016.0,10.0,3.0,4,11.0,30.0,17.3,5.0,2018,5,0,2.0,23333.333333333332,1,2,11.156264806643742
4121.0,65700.0,4.0,1499.0,2019.0,12.0,3.0,5,11.0,0.0,0.0,5.0,2019,12,0,0.0,65700.0,0,4,11.092869425057021
7065.0,140000.0,4.0,1998.0,2017.0,13.0,3.0,5,11.0,0.0,0.0,5.0,2018,6,0,1.0,70000.0,0,2,11.849404844423074
3944.0,88300.0,4.0,1997.0,2017.0,12.0,3.0,5,11.0,0.0,0.0,5.0,2017,9,0,0.0,88300.0,0,3,11.388506711556236
9980.0,50000.0,7.0,1908.792198826372,2024.0,20.0,3.0,5,7.0,190.0,58.1,5.0,2024,5,0,0.0,50000.0,1,2,10.819798284210286
4401.0,1200.0,7.0,1908.792198826372,2026.0,10.0,3.0,4,7.0,30.0,18.11,3.0,2025,11,0,0.0,1200.0,1,4,7.0909098220799835
44719.0,19500.0,6.0,1998.0,2026.0,19.0,3.0,5,10.0,130.0,37.1,5.0,2025,9,0,0.0,19500.0,1,3,9.87822102528824
11040.0,13000.0,6.0,1498.0,2025.0,20.0,3.0,5,11.0,160.0,20.5,5.0,2025,4,0,0.0,13000.0,1,2,9.472781556562168
18223.0,4000.0,8.0,1497.0,2026.0,17.0,3.0,5,7.0,190.0,31.73,5.0,2025,9,0,0.0,4000.0,1,3,8.294299608857235
5269.0,267000.0,4.0,3471.0,2012.0,7.0,3.0,5,11.0,0.0,0.0,4.0,2012,10,0,0.0,267000.0,0,4,12.495007682693725
2634.0,65100.0,4.0,1497.0,2017.0,12.0,3.0,5,11.0,0.0,0.0,5.0,2016,11,1,0.0,65100.0,0,4,11.083695189061785
18694.0,8500.0,8.0,1498.0,2025.0,20.0,0.0,5,7.0,252.0,40.2,4.0,2025,11,0,0.0,8500.0,1,4,9.04793908261736
19562.0,59500.0,6.0,1999.0,2024.0,6.0,0.0,7,11.0,134.0,25.57,5.0,2024,5,0,0.0,59500.0,1,2,10.993748398115178
6108.0,40000.0,4.0,1395.0,2017.0,11.0,3.0,5,11.0,0.0,0.0,5.0,2017,1,0,0.0,40000.0,0,1,10.596659732783579
41952.0,5000.0,7.0,1908.792198826372,2025.0,19.0,2.0,5,9.0,508.0,101.7,5.0,2025,12,0,0.0,5000.0,1,4,8.517393171418904
12776.0,26300.0,4.0,1997.0,2018.0,17.0,1.0,5,2.0,0.0,0.0,5.0,2019,10,0,1.0,13150.0,0,4,10.177362240256695
2031.0,73000.0,7.0,1908.792198826372,2017.0,21.0,3.0,4,11.0,36.0,0.0,5.0,2018,5,0,1.0,36500.0,0,2,11.19822841866684
29145.0,20000.0,6.0,1499.0,2025.0,19.0,2.0,6,9.0,300.0,52.3,5.0,2025,2,0,0.0,20000.0,1,1,9.90353755128617
8154.0,15400.0,4.0,1999.0,2018.0,12.0,3.0,5,11.0,0.0,0.0,5.0,2019,3,0,1.0,7700.0,0,1,9.642187721358466
21932.0,16300.0,7.0,1908.792198826372,2024.0,17.0,3.0,5,7.0,240.0,60.0,5.0,2025,7,0,1.0,8150.0,1,3,9.69898173460629
4239.0,50000.0,4.0,1490.0,2016.0,13.0,2.0,5,11.0,0.0,0.0,5.0,2017,3,0,1.0,25000.0,0,1,10.819798284210286
22065.0,40000.0,4.0,2261.0,2023.0,19.0,3.0,6,2.0,0.0,0.0,5.0,2023,6,0,0.0,40000.0,0,2,10.596659732783579
3518.0,4500.0,7.0,1908.792198826372,2026.0,10.0,1.0,4,7.0,30.0,18.11,3.0,2025,9,0,0.0,4500.0,1,3,8.412054873292933
20578.0,19300.0,7.0,1908.792198826372,2026.0,12.0,2.0,5,7.0,250.0,66.0,5.0,2025,5,0,0.0,19300.0,1,2,9.867912187022208
507840.0,2500.0,6.0,3996.0,2025.0,19.0,3.0,5,2.0,141.0,25.9,5.0,2026,6,0,1.0,1250.0,1,2,7.824445930877619
8802.0,57000.0,7.0,1908.792198826372,2023.0,13.0,2.0,5,11.0,105.0,45.99,5.0,2023,7,0,0.0,57000.0,1,3,10.950824090522445
226393.0,18000.0,4.0,3855.0,2020.0,22.0,1.0,4,3.0,0.0,0.0,2.0,2021,11,0,1.0,9000.0,0,4,9.798182590890704
12629.0,6000.0,7.0,1908.792198826372,2026.0,13.0,3.0,5,11.0,160.0,51.8,5.0,2026,2,0,0.0,6000.0,1,1,8.699681400989514
6888.0,37300.0,7.0,1908.792198826372,2023.0,11.0,1.0,5,11.0,60.0,39.4,5.0,2024,7,0,1.0,18650.0,1,3,10.526775414924009
3944.0,130000.0,7.0,1908.792198826372,2018.0,12.0,1.0,6,11.0,90.0,48.18,5.0,2018,3,0,0.0,130000.0,1,1,11.775297421715827
19106.0,300000.0,7.0,1908.792198826372,2022.0,8.0,0.0,7,11.0,180.0,90.0,5.0,2023,7,0,1.0,150000.0,1,3,12.611541086966115
17192.0,2900.0,4.0,1998.0,2024.0,12.0,3.0,5,2.0,0.0,0.0,5.0,2025,6,0,1.0,1450.0,0,2,7.972810784121404
64032.0,68000.0,4.0,1908.792198826372,2017.0,14.0,0.0,7,2.0,0.0,0.0,5.0,2017,6,0,0.0,68000.0,0,2,11.127277689932466
14690.0,29000.0,6.0,1499.0,2023.0,17.0,3.0,5,11.0,130.0,19.94,5.0,2023,7,0,0.0,29000.0,1,3,10.275085591132715
16044.0,39000.0,7.0,1908.792198826372,2023.0,19.0,3.0,5,7.0,231.0,71.0,5.0,2023,12,0,0.0,39000.0,1,4,10.571342565808699
11746.0,5000.0,7.0,1908.792198826372,2025.0,12.0,3.0,5,11.0,135.0,51.87,5.0,2025,7,0,0.0,5000.0,1,3,8.517393171418904
15279.0,9000.0,8.0,1498.0,2026.0,17.0,3.0,5,7.0,200.0,27.4,5.0,2025,11,0,0.0,9000.0,1,4,9.105090961257085
7919.0,140000.0,4.0,2378.0,2008.0,22.0,3.0,4,11.0,0.0,0.0,2.0,2009,4,0,1.0,70000.0,0,2,11.849404844423074
4857.0,69900.0,4.0,1598.0,2019.0,13.0,3.0,5,11.0,0.0,0.0,4.0,2019,3,0,0.0,69900.0,0,1,11.154835234271214
2944.0,90300.0,4.0,1485.0,2017.0,11.0,3.0,5,11.0,0.0,0.0,5.0,2017,5,1,0.0,90300.0,0,2,11.410903813540878
10127.0,70000.0,4.0,1987.0,2022.0,11.0,3.0,5,11.0,0.0,0.0,5.0,2022,2,0,0.0,70000.0,0,1,11.156264806643742
6447.0,120000.0,4.0,1328.0,2012.0,12.0,3.0,4,2.0,0.0,0.0,3.0,2013,4,0,1.0,60000.0,0,2,11.695255355062795
93913.0,7400.0,4.0,1991.0,2021.0,22.0,1.0,2,5.0,0.0,0.0,2.0,2023,11,0,2.0,2466.6666666666665,0,4,8.909370405197466
8802.0,129000.0,4.0,1998.0,2021.0,7.0,1.0,5,3.0,0.0,0.0,4.0,2021,8,0,0.0,129000.0,0,3,11.767575435251748
3797.0,110000.0,4.0,1798.0,2017.0,0.0,3.0,7,11.0,0.0,0.0,5.0,2017,7,0,0.0,110000.0,0,3,11.608244735642321
2796.0,74100.0,4.0,1798.0,2016.0,12.0,0.0,5,11.0,0.0,0.0,5.0,2017,12,0,1.0,37050.0,0,4,11.21318430646977
6888.0,120000.0,7.0,1908.792198826372,2021.0,12.0,3.0,5,11.0,135.0,63.98,5.0,2021,9,0,0.0,120000.0,1,3,11.695255355062795
4092.0,23000.0,4.0,1798.0,2018.0,12.0,3.0,5,11.0,0.0,0.0,5.0,2018,3,0,0.0,23000.0,0,1,10.043292972227004
5446.0,70000.0,4.0,1962.0,2023.0,8.0,0.0,7,3.0,0.0,0.0,4.0,2024,8,1,1.0,35000.0,0,3,11.156264806643742
3532.0,121000.0,4.0,1598.0,2015.0,13.0,3.0,5,11.0,0.0,0.0,5.0,2017,5,0,2.0,40333.333333333336,0,2,11.703554089007538
26024.0,37000.0,6.0,1497.0,2023.0,17.0,0.0,5,2.0,485.0,31.8,5.0,2024,8,0,1.0,18500.0,1,3,10.518700218288165
5858.0,110000.0,4.0,1499.0,2020.0,12.0,1.0,5,11.0,0.0,0.0,5.0,2020,4,0,0.0,110000.0,0,2,11.608244735642321
10716.0,10000.0,7.0,1908.792198826372,2025.0,13.0,3.0,5,7.0,120.0,42.1,5.0,2025,11,0,0.0,10000.0,1,4,9.210440366976517
28704.0,11000.0,6.0,1499.0,2025.0,19.0,0.0,6,2.0,520.0,41.46,5.0,2025,8,0,0.0,11000.0,1,3,9.305741456739435
5048.0,42000.0,7.0,1908.792198826372,2021.0,10.0,1.0,4,7.0,40.0,31.9,3.0,2022,1,0,1.0,21000.0,1,1,10.645448706505872
54169.0,33000.0,4.0,1995.0,2024.0,17.0,3.0,5,2.0,0.0,0.0,4.0,2023,9,0,0.0,33000.0,0,3,10.404293143019792
4239.0,90000.0,4.0,1999.0,2015.0,18.0,3.0,5,11.0,0.0,0.0,4.0,2016,8,0,1.0,45000.0,0,3,11.407576060361786
11304.0,23000.0,6.0,1498.0,2025.0,17.0,0.0,5,11.0,168.0,30.9,5.0,2025,7,0,0.0,23000.0,1,3,10.043292972227004
9096.0,31000.0,7.0,1908.792198826372,2024.0,19.0,3.0,5,7.0,250.0,77.0,5.0,2023,12,0,0.0,31000.0,1,4,10.34177474101152
4386.0,86000.0,4.0,1490.0,2017.0,7.0,3.0,5,11.0,0.0,0.0,4.0,2017,4,0,0.0,86000.0,0,2,11.362114203075018
13984.0,100000.0,4.0,1995.0,2020.0,12.0,3.0,5,2.0,0.0,0.0,5.0,2021,4,0,1.0,50000.0,0,2,11.51293546492023
25995.0,200.0,4.0,1984.0,2026.0,7.0,3.0,5,11.0,0.0,0.0,5.0,1990,1,0,0.0,200.0,0,1,5.303304908059076
7772.0,41200.0,7.0,1908.792198826372,2020.0,13.0,3.0,5,11.0,135.0,69.9,4.0,2020,11,0,0.0,41200.0,1,4,10.626217806887722
4239.0,87000.0,7.0,1908.792198826372,2019.0,10.0,3.0,4,11.0,35.0,33.0,5.0,2019,12,0,0.0,87000.0,1,4,11.373674891823535
5932.0,60000.0,6.0,1490.0,2021.0,12.0,3.0,5,11.0,100.0,11.1,5.0,2022,1,0,1.0,30000.0,1,1,11.002116507732017
13807.0,10000.0,7.0,1908.792198826372,2026.0,20.0,3.0,5,7.0,210.0,63.18,5.0,2026,2,0,0.0,10000.0,1,1,9.210440366976517
7919.0,39000.0,1.0,1349.0,2022.0,13.0,3.0,5,11.0,0.0,0.0,4.0,2021,12,0,0.0,39000.0,0,4,10.571342565808699
11010.0,53000.0,7.0,1908.792198826372,2023.0,20.0,3.0,5,7.0,180.0,60.0,4.0,2023,7,0,0.0,53000.0,1,3,10.87806606028079
33561.0,91000.0,4.0,2998.0,2022.0,17.0,3.0,5,10.0,0.0,0.0,5.0,2023,3,0,1.0,45500.0,0,1,11.418625774449598
8360.0,74000.0,4.0,1967.0,2022.0,5.0,3.0,0,3.0,0.0,0.0,4.0,2022,10,1,0.0,74000.0,0,4,11.211833885608513
48988.0,32000.0,8.0,1499.0,2024.0,14.0,0.0,6,9.0,365.0,42.0,5.0,2024,5,0,0.0,32000.0,1,2,10.373522431293592
37977.0,29000.0,4.0,1998.0,2022.0,13.0,0.0,4,11.0,0.0,0.0,3.0,2022,5,0,0.0,29000.0,0,2,10.275085591132715
4092.0,148100.0,7.0,1908.792198826372,2019.0,12.0,3.0,5,11.0,80.0,0.0,5.0,2021,10,0,2.0,49366.666666666664,0,4,11.905649752427557
18841.0,21000.0,7.0,1908.792198826372,2025.0,11.0,2.0,5,11.0,135.0,51.5,5.0,2024,11,0,0.0,21000.0,1,4,9.952325334619427
144256.0,40900.0,4.0,3982.0,2017.0,22.0,1.0,4,3.0,0.0,0.0,2.0,2019,9,0,2.0,13633.333333333334,0,3,10.61890979160975
6594.0,18000.0,4.0,1199.0,2021.0,12.0,3.0,5,11.0,0.0,0.0,5.0,2023,3,0,2.0,6000.0,0,1,9.798182590890704
34415.0,96000.0,4.0,3456.0,2018.0,19.0,3.0,7,2.0,0.0,0.0,5.0,2019,9,0,1.0,48000.0,0,3,11.472113887062386
11746.0,102000.0,4.0,1997.0,2018.0,20.0,3.0,5,3.0,0.0,0.0,4.0,2018,2,0,0.0,102000.0,0,1,11.532737896139919
10127.0,74000.0,7.0,1908.792198826372,2023.0,17.0,3.0,5,7.0,155.0,67.12,5.0,2024,6,0,1.0,37000.0,1,2,11.211833885608513
2634.0,97500.0,7.0,1908.792198826372,2022.0,10.0,2.0,4,11.0,30.0,12.92,3.0,2023,10,0,1.0,48750.0,1,4,11.487617913343598
24994.0,28400.0,4.0,1995.0,2022.0,12.0,3.0,5,10.0,0.0,0.0,5.0,2021,9,0,0.0,28400.0,0,3,10.254179634797001
9244.0,77500.0,8.0,1498.0,2021.0,17.0,3.0,5,9.0,405.0,35.0,5.0,2022,1,0,1.0,38750.0,1,1,11.258046118484
26039.0,7000.0,7.0,1908.792198826372,2025.0,19.0,3.0,7,7.0,500.0,100.5,5.0,2025,11,0,0.0,7000.0,1,4,8.853808274977197
25877.0,39600.0,4.0,1984.0,2024.0,19.0,0.0,5,2.0,0.0,0.0,5.0,2024,3,0,0.0,39600.0,0,1,10.586609649448985
3797.0,140000.0,4.0,2438.0,2015.0,17.0,2.0,7,3.0,0.0,0.0,5.0,2019,4,1,4.0,28000.0,0,2,11.849404844423074
20578.0,81700.0,7.0,1908.792198826372,2021.0,19.0,1.0,5,9.0,300.0,95.0,5.0,2021,8,0,0.0,81700.0,1,3,11.310821520675269
5416.0,42000.0,4.0,1498.0,2022.0,17.0,3.0,5,11.0,0.0,0.0,5.0,2022,11,0,0.0,42000.0,0,4,10.645448706505872
113049.0,52000.0,4.0,4499.0,2011.0,22.0,3.0,2,5.0,0.0,0.0,2.0,2011,3,0,0.0,52000.0,0,1,10.859018228147887
28704.0,50000.0,1.0,2993.0,2023.0,5.0,0.0,0,10.0,0.0,0.0,4.0,2024,7,0,1.0,25000.0,0,3,10.819798284210286
10863.0,45400.0,4.0,1451.0,2022.0,0.0,3.0,7,11.0,0.0,0.0,5.0,2022,7,0,0.0,45400.0,0,3,10.723289410218579
5269.0,150000.0,7.0,1908.792198826372,2023.0,16.0,3.0,0,7.0,60.0,0.0,4.0,2023,7,0,0.0,150000.0,0,3,11.918397239722838
8979.0,13600.0,4.0,1494.0,2023.0,12.0,3.0,5,11.0,0.0,0.0,5.0,2023,6,0,0.0,13600.0,0,2,9.517898598432753
3944.0,98000.0,4.0,1499.0,2018.0,12.0,3.0,5,11.0,0.0,0.0,5.0,2018,2,0,0.0,98000.0,0,1,11.49273296168228
12615.0,30000.0,7.0,1908.792198826372,2024.0,12.0,3.0,5,11.0,120.0,68.03,5.0,2025,6,0,1.0,15000.0,1,2,10.308985993422082
8360.0,53500.0,7.0,1908.792198826372,2023.0,12.0,0.0,5,11.0,120.0,0.0,5.0,2023,11,0,0.0,53500.0,0,4,10.887455624298198
43865.0,9700.0,7.0,1908.792198826372,2026.0,14.0,3.0,6,9.0,520.0,102.0,5.0,2026,1,0,0.0,9700.0,1,1,9.179984251961283
3208.0,78800.0,4.0,1498.0,2021.0,13.0,1.0,5,11.0,0.0,0.0,4.0,2021,1,0,0.0,78800.0,0,1,11.274680966120778
5122.0,24000.0,7.0,1908.792198826372,2019.0,10.0,2.0,2,7.0,40.0,30.0,2.0,2020,6,0,1.0,12000.0,1,2,10.085850775128717
11304.0,100.0,6.0,1499.0,2025.0,17.0,1.0,5,11.0,160.0,25.0,5.0,1990,1,0,0.0,100.0,1,1,4.61512051684126
3503.0,73600.0,7.0,1908.792198826372,2021.0,10.0,3.0,5,11.0,55.0,31.95,5.0,2021,7,0,0.0,73600.0,1,3,11.206413891581187
19283.0,105600.0,7.0,1908.792198826372,2021.0,19.0,3.0,6,9.0,440.0,97.0,5.0,2021,8,0,0.0,105600.0,1,3,11.567423119906431
3797.0,80000.0,4.0,1587.0,2018.0,13.0,3.0,5,11.0,0.0,0.0,4.0,2018,6,0,0.0,80000.0,0,2,11.289794413577894
8832.0,15000.0,4.0,1497.0,2023.0,11.0,3.0,5,11.0,0.0,0.0,5.0,2024,2,0,1.0,7500.0,0,1,9.61587214452889
11746.0,15000.0,7.0,1908.792198826372,2025.0,12.0,3.0,5,11.0,135.0,51.87,5.0,2025,5,0,0.0,15000.0,1,2,9.61587214452889
7772.0,88800.0,4.0,1998.0,2020.0,12.0,3.0,5,11.0,0.0,0.0,5.0,2020,3,0,0.0,88800.0,0,1,11.394153190178114
7948.0,34400.0,4.0,1481.0,2022.0,6.0,3.0,7,11.0,0.0,0.0,5.0,2023,2,0,1.0,17200.0,0,1,10.445840912706414
92706.0,43000.0,8.0,1997.0,2023.0,14.0,2.0,5,1.0,880.0,49.05,5.0,2024,1,0,1.0,21500.0,1,1,10.668978650219241
17634.0,100.0,8.0,1497.0,2026.0,20.0,3.0,5,7.0,120.0,28.39,5.0,2025,12,0,0.0,100.0,1,4,4.61512051684126
5814.0,19000.0,4.0,1494.0,2024.0,13.0,3.0,5,11.0,0.0,0.0,4.0,2024,3,0,0.0,19000.0,0,1,9.852246888342531
11761.0,26000.0,7.0,1908.792198826372,2024.0,12.0,3.0,5,7.0,135.0,50.63,5.0,2024,4,0,0.0,26000.0,1,2,10.165890277802454
31471.0,45000.0,6.0,1991.0,2023.0,8.0,0.0,7,11.0,134.0,25.57,5.0,2024,1,0,1.0,22500.0,1,1,10.714439990727769
29881.0,5400.0,4.0,1998.0,2025.0,7.0,3.0,5,3.0,0.0,0.0,4.0,2026,3,0,1.0,2700.0,0,1,8.594339400592892
244352.0,11000.0,4.0,5204.0,2020.0,22.0,3.0,2,5.0,0.0,0.0,2.0,2022,7,0,2.0,3666.6666666666665,0,3,9.305741456739435
11746.0,7000.0,4.0,1199.0,2008.0,12.0,3.0,5,11.0,0.0,0.0,5.0,2023,6,0,15.0,437.5,0,2,8.853808274977197
2046.0,46700.0,4.0,1997.0,2015.0,12.0,3.0,5,11.0,0.0,0.0,5.0,2017,2,1,2.0,15566.666666666666,0,1,10.751520856703959
12055.0,43800.0,4.0,1598.0,2022.0,12.0,3.0,5,11.0,0.0,0.0,5.0,2022,6,0,0.0,43800.0,0,2,10.687411927154141
12188.0,50000.0,4.0,1998.0,2022.0,12.0,3.0,5,10.0,0.0,0.0,5.0,2023,1,0,1.0,25000.0,0,1,10.819798284210286
41186.0,10000.0,8.0,1496.0,2025.0,14.0,0.0,5,9.0,392.0,53.4,5.0,2025,6,0,0.0,10000.0,1,2,9.210440366976517
4386.0,40000.0,4.0,1598.0,2019.0,13.0,3.0,5,11.0,0.0,0.0,4.0,2020,11,0,1.0,20000.0,0,4,10.596659732783579
22933.0,20000.0,6.0,1496.0,2025.0,8.0,3.0,7,11.0,176.0,24.7,5.0,2024,6,0,0.0,20000.0,1,2,9.90353755128617
2502.0,47300.0,7.0,1908.792198826372,2016.0,21.0,3.0,2,7.0,60.0,24.5,3.0,2017,12,0,1.0,23650.0,1,4,10.764286715905591
12335.0,29500.0,7.0,1908.792198826372,2025.0,12.0,2.0,5,7.0,100.0,59.93,5.0,2024,12,0,0.0,29500.0,1,4,10.292179440058462
17811.0,2800.0,4.0,1395.0,2026.0,17.0,2.0,5,11.0,0.0,0.0,5.0,2025,8,0,0.0,2800.0,0,3,7.937731775260109
20431.0,7500.0,8.0,1499.0,2026.0,19.0,0.0,6,7.0,170.0,38.7,5.0,2025,6,0,0.0,7500.0,1,2,8.922791623969637
36505.0,85000.0,6.0,1998.0,2023.0,19.0,0.0,5,10.0,120.0,37.1,5.0,2024,4,0,1.0,42500.0,1,2,11.350418300109132
14425.0,50000.0,4.0,1991.0,2017.0,22.0,1.0,4,3.0,0.0,0.0,2.0,2018,6,0,1.0,25000.0,0,2,10.819798284210286
2649.0,27600.0,4.0,1497.0,2016.0,12.0,3.0,5,11.0,0.0,0.0,5.0,2016,12,0,0.0,27600.0,0,4,10.225607282932941
3768.0,60000.0,4.0,1490.0,2020.0,13.0,3.0,5,11.0,0.0,0.0,5.0,2021,2,0,1.0,30000.0,0,1,11.002116507732017
2472.0,100000.0,4.0,1598.0,2014.0,13.0,3.0,5,11.0,0.0,0.0,4.0,2015,1,0,1.0,50000.0,0,1,11.51293546492023
14690.0,3000.0,7.0,1908.792198826372,2026.0,20.0,3.0,5,7.0,210.0,63.18,5.0,2026,4,0,0.0,3000.0,1,2,8.006700845440367
8243.0,62100.0,5.0,1476.0,2022.0,12.0,2.0,5,11.0,0.0,0.0,5.0,2022,6,0,0.0,62100.0,0,2,11.036517370851499
39272.0,9000.0,6.0,1995.0,2025.0,14.0,3.0,6,2.0,560.0,46.9,5.0,2025,10,0,0.0,9000.0,1,4,9.105090961257085
47074.0,8000.0,7.0,1908.792198826372,2025.0,20.0,0.0,5,9.0,385.0,100.0,5.0,2026,1,0,1.0,4000.0,1,1,8.987321812850125
13512.0,28000.0,3.0,1996.0,2023.0,5.0,3.0,0,3.0,0.0,0.0,4.0,2024,6,0,1.0,14000.0,0,2,10.239995502805316
41216.0,60000.0,4.0,1984.0,2022.0,17.0,3.0,5,2.0,0.0,0.0,5.0,2022,4,0,0.0,60000.0,0,2,11.002116507732017
335616.0,1700.0,4.0,3855.0,2020.0,22.0,3.0,4,3.0,0.0,0.0,2.0,2023,5,0,3.0,425.0,0,2,7.438971592395862
11040.0,90000.0,4.0,2985.0,2016.0,20.0,0.0,5,3.0,0.0,0.0,4.0,2017,8,0,1.0,45000.0,0,3,11.407576060361786
21550.0,65300.0,1.0,1998.0,2022.0,17.0,3.0,5,2.0,0.0,0.0,5.0,2022,1,0,0.0,65300.0,0,1,11.086762629082946
2944.0,80000.0,7.0,1908.792198826372,2018.0,13.0,3.0,5,11.0,100.0,49.93,4.0,2018,12,0,0.0,80000.0,1,4,11.289794413577894
23257.0,7000.0,7.0,1908.792198826372,2025.0,17.0,3.0,5,7.0,240.0,60.0,5.0,2025,11,0,0.0,7000.0,1,4,8.853808274977197
102745.0,59000.0,4.0,3982.0,2018.0,22.0,3.0,2,3.0,0.0,0.0,2.0,2019,3,0,1.0,29500.0,0,1,10.985309671896763
2443.0,77000.0,4.0,1498.0,2017.0,17.0,3.0,7,11.0,0.0,0.0,5.0,2018,7,1,1.0,38500.0,0,3,11.251573687764477
482816.0,4000.0,4.0,3855.0,2023.0,22.0,1.0,4,3.0,0.0,0.0,2.0,2025,2,0,2.0,1333.3333333333333,0,1,8.294299608857235
9715.0,39000.0,7.0,1908.792198826372,2023.0,12.0,3.0,5,11.0,120.0,0.0,5.0,2024,2,0,1.0,19500.0,0,1,10.571342565808699
15132.0,100.0,4.0,1598.0,2025.0,18.0,2.0,5,11.0,0.0,0.0,5.0,1990,1,0,0.0,100.0,0,1,4.61512051684126
10127.0,5200.0,7.0,1908.792198826372,2026.0,13.0,3.0,5,11.0,120.0,42.8,5.0,2025,9,0,0.0,5200.0,1,3,8.556606193773073
5740.0,119000.0,4.0,2488.0,2017.0,12.0,3.0,5,10.0,0.0,0.0,5.0,2017,1,0,0.0,119000.0,0,1,11.686887175419702
24288.0,12000.0,8.0,1496.0,2024.0,19.0,3.0,5,9.0,300.0,36.8,5.0,2025,3,0,1.0,6000.0,1,1,9.392745258631441
17649.0,34800.0,7.0,1908.792198826372,2023.0,19.0,3.0,5,7.0,231.0,71.0,5.0,2023,10,0,0.0,34800.0,1,4,10.457401400981889
21756.0,29000.0,8.0,1498.0,2025.0,12.0,3.0,5,9.0,403.0,40.3,4.0,2025,4,0,0.0,29000.0,1,2,10.275085591132715
3974.0,16000.0,4.0,1499.0,2021.0,12.0,3.0,5,11.0,0.0,0.0,5.0,2021,12,1,0.0,16000.0,0,4,9.680406499268875
35180.0,2000.0,6.0,1498.0,2025.0,8.0,3.0,7,11.0,160.0,24.4,5.0,2025,4,0,0.0,2000.0,1,2,7.601402334583733
19106.0,9900.0,6.0,1497.0,2025.0,17.0,0.0,5,11.0,165.0,31.7,5.0,2025,4,0,0.0,9900.0,1,2,9.200391041122515
16118.0,50000.0,4.0,1967.0,2021.0,12.0,0.0,5,2.0,0.0,0.0,5.0,2022,2,0,1.0,25000.0,0,1,10.819798284210286
136896.0,2700.0,8.0,1499.0,2025.0,15.0,3.0,4,8.0,635.0,65.0,4.0,2025,8,0,0.0,2700.0,1,3,7.901377353792616
12629.0,131000.0,3.0,2000.0,2023.0,4.0,0.0,0,3.0,0.0,0.0,5.0,2023,2,1,0.0,131000.0,0,1,11.782960235741939
39744.0,31000.0,8.0,1496.0,2022.0,14.0,0.0,6,9.0,330.0,42.6,5.0,2024,1,0,2.0,10333.333333333334,1,1,10.34177474101152
17634.0,47000.0,4.0,1395.0,2022.0,12.0,3.0,5,11.0,0.0,0.0,5.0,2022,6,0,0.0,47000.0,0,2,10.757924157061597
17487.0,100.0,8.0,1497.0,2025.0,7.0,3.0,5,7.0,190.0,35.07,5.0,2026,6,0,1.0,50.0,1,2,4.61512051684126
130713.0,33000.0,4.0,3982.0,2019.0,22.0,1.0,4,3.0,0.0,0.0,2.0,2019,7,0,0.0,33000.0,0,3,10.404293143019792
5696.0,100.0,7.0,1908.792198826372,2026.0,21.0,3.0,4,11.0,35.0,17.65,3.0,2026,5,0,0.0,100.0,1,2,4.61512051684126
6314.0,31600.0,4.0,1598.0,2023.0,13.0,3.0,5,11.0,0.0,0.0,4.0,2024,11,0,1.0,15800.0,0,4,10.360944044643913
8890.0,40000.0,4.0,1497.0,2021.0,13.0,3.0,5,11.0,0.0,0.0,4.0,2022,10,0,1.0,20000.0,0,4,10.596659732783579
11143.0,23000.0,4.0,1498.0,2022.0,13.0,3.0,5,11.0,0.0,0.0,4.0,2022,4,0,0.0,23000.0,0,2,10.043292972227004
17634.0,100.0,7.0,1908.792198826372,2026.0,7.0,3.0,5,7.0,200.0,56.12,5.0,2026,6,0,0.0,100.0,1,2,4.61512051684126
3797.0,43000.0,7.0,1908.792198826372,2022.0,10.0,3.0,5,11.0,45.0,31.4,5.0,2022,5,0,0.0,43000.0,1,2,10.668978650219241
2914.0,36000.0,7.0,1908.792198826372,2021.0,10.0,3.0,4,7.0,20.0,13.9,3.0,2021,11,0,0.0,36000.0,1,4,10.491301994830229
19577.0,10000.0,8.0,1496.0,2024.0,19.0,0.0,5,9.0,330.0,42.8,5.0,2024,8,0,0.0,10000.0,1,3,9.210440366976517
28807.0,53000.0,4.0,1998.0,2018.0,22.0,3.0,2,3.0,0.0,0.0,2.0,2018,7,0,0.0,53000.0,0,3,10.87806606028079
3650.0,85200.0,4.0,1598.0,2019.0,13.0,3.0,5,11.0,0.0,0.0,4.0,2019,8,0,0.0,85200.0,0,3,11.352768449837729
5269.0,66700.0,4.0,1591.0,2019.0,13.0,3.0,5,11.0,0.0,0.0,4.0,2021,1,0,2.0,22233.333333333332,0,1,11.107975224295076
22050.0,43000.0,7.0,1908.792198826372,2024.0,17.0,3.0,5,7.0,267.0,100.0,5.0,2024,10,0,0.0,43000.0,1,4,10.668978650219241
19106.0,125000.0,4.0,1991.0,2017.0,20.0,0.0,5,2.0,0.0,0.0,4.0,2018,2,0,1.0,62500.0,0,1,11.736077016252437
6741.0,136000.0,4.0,3498.0,2013.0,19.0,1.0,7,11.0,0.0,0.0,5.0,2014,3,0,1.0,68000.0,0,1,11.820417517632333
27379.0,116000.0,1.0,1969.0,2022.0,19.0,3.0,7,2.0,0.0,0.0,5.0,2022,1,0,0.0,116000.0,0,1,11.661354090741
36505.0,48000.0,4.0,4691.0,2013.0,22.0,3.0,4,3.0,0.0,0.0,2.0,2013,5,0,0.0,48000.0,0,2,10.778977123006351
189593.0,40000.0,1.0,2996.0,2023.0,19.0,0.0,5,2.0,0.0,0.0,5.0,2022,8,0,0.0,40000.0,0,3,10.596659732783579
20578.0,40000.0,7.0,1908.792198826372,2025.0,19.0,1.0,5,7.0,216.0,75.0,5.0,2025,1,0,0.0,40000.0,1,1,10.596659732783579
10274.0,35200.0,3.0,1999.0,2021.0,5.0,3.0,0,3.0,0.0,0.0,4.0,2021,5,1,0.0,35200.0,0,2,10.468829770273567
12629.0,11800.0,4.0,1395.0,2022.0,12.0,3.0,5,11.0,0.0,0.0,5.0,2022,12,0,0.0,11800.0,0,4,9.375939552625749
2311.0,62000.0,4.0,1499.0,2018.0,11.0,3.0,5,11.0,0.0,0.0,5.0,2018,12,0,0.0,62000.0,0,4,11.034905792929415
9832.0,48000.0,7.0,1908.792198826372,2024.0,12.0,0.0,5,11.0,120.0,0.0,5.0,2024,2,0,0.0,48000.0,0,1,10.778977123006351
24258.0,3000.0,7.0,1908.792198826372,2026.0,17.0,3.0,5,7.0,270.0,82.7,5.0,2026,3,0,0.0,3000.0,1,1,8.006700845440367
8228.0,89200.0,4.0,1495.0,2021.0,0.0,1.0,7,11.0,0.0,0.0,5.0,2022,2,0,1.0,44600.0,0,1,11.398647529267592
26466.0,11300.0,6.0,1499.0,2025.0,19.0,2.0,6,9.0,300.0,44.5,5.0,2024,10,0,0.0,11300.0,1,4,9.332646496360152
905280.0,6000.0,4.0,6496.0,2023.0,19.0,3.0,4,2.0,0.0,0.0,5.0,2026,1,0,3.0,1500.0,0,1,8.699681400989514
11599.0,225000.0,7.0,1908.792198826372,2021.0,17.0,3.0,5,11.0,160.0,93.6,5.0,2022,7,0,1.0,112500.0,1,3,12.323860125621126
23257.0,32000.0,5.0,1995.0,2024.0,7.0,1.0,5,11.0,140.0,0.0,4.0,2024,6,0,0.0,32000.0,0,2,10.373522431293592
12629.0,137000.0,4.0,1969.0,2018.0,17.0,3.0,5,2.0,0.0,0.0,5.0,2018,7,0,0.0,137000.0,0,3,11.827743504053695
5137.0,90000.0,7.0,1908.792198826372,2020.0,12.0,3.0,5,11.0,160.0,52.56,5.0,2020,11,0,0.0,90000.0,1,4,11.407576060361786
2620.0,70000.0,4.0,1799.0,2017.0,19.0,3.0,5,11.0,0.0,0.0,5.0,2019,7,0,2.0,23333.333333333332,0,3,11.156264806643742
13218.0,4000.0,7.0,1908.792198826372,2026.0,12.0,3.0,5,7.0,200.0,56.12,5.0,2026,1,0,0.0,4000.0,1,1,8.294299608857235
7183.0,160000.0,4.0,3664.0,2011.0,19.0,3.0,7,2.0,0.0,0.0,5.0,2011,1,0,0.0,160000.0,0,1,11.982935344196433
15573.0,14000.0,8.0,1499.0,2025.0,20.0,3.0,5,7.0,195.0,34.7,4.0,2025,6,0,0.0,14000.0,1,2,9.546884034617925
8213.0,110000.0,4.0,1497.0,2020.0,18.0,3.0,5,11.0,0.0,0.0,4.0,2021,1,0,1.0,55000.0,0,1,11.608244735642321
19989.0,33000.0,4.0,1499.0,2021.0,12.0,3.0,5,2.0,0.0,0.0,5.0,2022,9,0,1.0,16500.0,0,3,10.404293143019792
762496.0,4600.0,7.0,1908.792198826372,2024.0,22.0,3.0,4,11.0,430.0,0.0,2.0,2025,3,0,1.0,2300.0,0,1,8.434028950155469
3459.0,40000.0,4.0,1460.0,2021.0,13.0,0.0,5,11.0,0.0,0.0,4.0,2021,11,0,0.0,40000.0,0,4,10.596659732783579
7330.0,1700.0,7.0,1908.792198826372,2023.0,12.0,3.0,5,11.0,60.0,39.4,5.0,2023,9,0,0.0,1700.0,1,3,7.438971592395862
7330.0,81400.0,4.0,1798.0,2018.0,17.0,3.0,7,11.0,0.0,0.0,5.0,2018,1,0,0.0,81400.0,0,1,11.307142836927456
3518.0,31900.0,4.0,1908.792198826372,2018.0,13.0,3.0,5,11.0,0.0,0.0,4.603574926542605,2019,6,1,1.0,15950.0,0,2,10.370392636243981
158240.0,22000.0,1.0,2996.0,2023.0,19.0,0.0,5,2.0,0.0,0.0,5.0,2024,3,0,1.0,11000.0,0,1,9.99884318585288
9715.0,30000.0,6.0,1498.0,2024.0,17.0,3.0,5,11.0,130.0,17.52,5.0,2024,6,0,0.0,30000.0,1,2,10.308985993422082
4239.0,32800.0,4.0,999.0,2020.0,13.0,3.0,5,11.0,0.0,0.0,4.0,2021,4,0,1.0,16400.0,0,2,10.39821428171237
8537.0,71900.0,7.0,1908.792198826372,2021.0,17.0,0.0,5,11.0,160.0,66.231,5.0,2022,7,0,1.0,35950.0,1,3,11.183045451818261
4842.0,24000.0,4.0,1495.0,2023.0,13.0,3.0,5,11.0,0.0,0.0,4.0,2025,6,1,2.0,8000.0,0,2,10.085850775128717
13218.0,100.0,7.0,1908.792198826372,2025.0,12.0,3.0,5,11.0,150.0,56.7,5.0,2025,11,0,0.0,100.0,1,4,4.61512051684126
34739.0,5500.0,7.0,1908.792198826372,2025.0,19.0,3.0,5,7.0,235.0,96.3,5.0,2026,4,0,1.0,2750.0,1,2,8.612685172875459
27938.0,43000.0,6.0,1497.0,2022.0,8.0,3.0,7,10.0,215.0,40.06,5.0,2023,2,0,1.0,21500.0,1,1,10.668978650219241
11746.0,14000.0,7.0,1908.792198826372,2024.0,13.0,3.0,5,11.0,135.0,57.7,5.0,2024,10,0,0.0,14000.0,1,4,9.546884034617925
21608.0,6800.0,8.0,1498.0,2025.0,17.0,3.0,5,7.0,150.0,32.6,5.0,2025,10,0,0.0,6800.0,1,4,8.824824939175638
23080.0,80000.0,4.0,1987.0,2021.0,20.0,3.0,5,11.0,0.0,0.0,4.0,2022,1,0,1.0,40000.0,0,1,11.289794413577894
27938.0,34000.0,8.0,1496.0,2024.0,19.0,0.0,5,9.0,300.0,36.8,5.0,2024,9,0,0.0,34000.0,1,3,10.434145214930487
26466.0,13000.0,7.0,1908.792198826372,2026.0,19.0,0.0,5,7.0,215.0,82.0,5.0,2025,12,0,0.0,13000.0,1,4,9.472781556562168
17634.0,100.0,4.0,1498.0,2024.0,7.0,3.0,5,11.0,0.0,0.0,4.0,2026,6,0,2.0,33.333333333333336,0,2,4.61512051684126
13807.0,38000.0,4.0,1497.0,2023.0,13.0,3.0,5,11.0,0.0,0.0,4.0,2023,9,0,0.0,38000.0,0,3,10.545367754151743
27938.0,18000.0,6.0,1497.0,2025.0,17.0,0.0,5,2.0,485.0,31.8,5.0,2025,4,0,0.0,18000.0,1,2,9.798182590890704
11746.0,41000.0,4.0,1498.0,2022.0,12.0,3.0,5,11.0,0.0,0.0,5.0,2022,6,0,0.0,41000.0,0,2,10.62135173563291
6624.0,300.0,7.0,1908.792198826372,2025.0,10.0,3.0,5,11.0,40.0,28.08,5.0,2025,11,0,0.0,300.0,1,4,5.707110264748875
4975.0,20000.0,4.0,1496.0,2023.0,13.0,3.0,5,11.0,0.0,0.0,4.0,2022,9,0,0.0,20000.0,0,3,9.90353755128617
366233.0,14000.0,4.0,3902.0,2019.0,22.0,3.0,2,5.0,0.0,0.0,2.0,2020,11,0,1.0,7000.0,0,4,9.546884034617925
3797.0,80000.0,4.0,1598.0,2018.0,13.0,3.0,5,11.0,0.0,0.0,4.0,2018,9,0,0.0,80000.0,0,3,11.289794413577894
9096.0,8100.0,4.0,1598.0,2024.0,13.0,3.0,5,11.0,0.0,0.0,4.0,2025,10,0,1.0,4050.0,0,4,8.999742789830492
38124.0,5000.0,8.0,1498.0,2025.0,20.0,0.0,5,7.0,227.0,53.4,4.0,2025,5,0,0.0,5000.0,1,2,8.517393171418904
13660.0,46000.0,4.0,1395.0,2022.0,12.0,0.0,5,11.0,0.0,0.0,5.0,2022,10,0,0.0,46000.0,0,4,10.736418414365376
23522.0,84000.0,7.0,1908.792198826372,2022.0,17.0,0.0,5,7.0,194.0,60.0,5.0,2023,4,0,1.0,42000.0,1,2,11.338583982516495
27791.0,100.0,7.0,1908.792198826372,2024.0,19.0,3.0,5,7.0,250.0,90.0,5.0,2026,6,0,2.0,33.333333333333336,1,2,4.61512051684126
14543.0,9000.0,7.0,1908.792198826372,2025.0,13.0,2.0,5,7.0,120.0,42.1,5.0,2025,4,0,0.0,9000.0,1,2,9.105090961257085
2693.0,100100.0,4.0,999.0,2012.0,10.0,3.0,2,7.0,0.0,0.0,3.0,2014,9,0,2.0,33366.666666666664,0,3,11.513934955263402
53845.0,40000.0,8.0,1499.0,2024.0,14.0,0.0,6,9.0,365.0,52.0,5.0,2024,5,0,0.0,40000.0,1,2,10.596659732783579
11319.0,30500.0,7.0,1908.792198826372,2023.0,12.0,2.0,5,7.0,180.0,50.4,5.0,2024,8,0,1.0,15250.0,1,3,10.32551474894327
14558.0,24000.0,4.0,1497.0,2021.0,12.0,3.0,5,11.0,0.0,0.0,5.0,2023,2,0,2.0,8000.0,0,1,10.085850775128717
15456.0,200.0,3.0,2296.0,2024.0,5.0,0.0,0,3.0,0.0,0.0,4.0,1990,1,0,0.0,200.0,0,1,5.303304908059076
18959.0,8000.0,7.0,1908.792198826372,2026.0,17.0,3.0,5,7.0,220.0,81.9,5.0,2025,7,0,0.0,8000.0,1,3,8.987321812850125
10863.0,75000.0,4.0,1967.0,2020.0,12.0,2.0,5,2.0,0.0,0.0,4.0,2021,7,0,1.0,37500.0,0,3,11.225256725762893
11746.0,100.0,6.0,1499.0,2025.0,17.0,0.0,5,11.0,160.0,25.0,5.0,2026,6,0,1.0,50.0,1,2,4.61512051684126
30882.0,16000.0,8.0,1499.0,2025.0,19.0,3.0,5,9.0,382.0,53.4,5.0,2025,5,0,0.0,16000.0,1,2,9.680406499268875
1840.0,62000.0,4.0,1556.0,2016.0,13.0,3.0,5,11.0,0.0,0.0,4.0,2016,12,0,0.0,62000.0,0,4,11.034905792929415
49312.0,13400.0,6.0,1997.0,2025.0,19.0,3.0,6,2.0,500.0,36.8,5.0,2025,9,0,0.0,13400.0,1,3,9.503084610020228
17192.0,93000.0,8.0,1199.0,2021.0,19.0,0.0,6,9.0,245.0,40.5,5.0,2022,6,0,1.0,46500.0,1,2,11.440365524765756
6388.0,60000.0,4.0,1969.0,2021.0,13.0,3.0,5,11.0,0.0,0.0,4.0,2021,9,0,0.0,60000.0,0,3,11.002116507732017
41657.0,24000.0,4.0,2261.0,2024.0,17.0,3.0,5,2.0,0.0,0.0,4.0,2025,8,0,1.0,12000.0,0,3,10.085850775128717
8802.0,82000.0,7.0,1908.792198826372,2021.0,13.0,3.0,5,11.0,135.0,58.8,4.0,2021,7,0,0.0,82000.0,1,3,11.314486721293981
4975.0,39900.0,7.0,1908.792198826372,2022.0,16.0,3.0,0,7.0,60.0,0.0,5.0,2022,11,0,0.0,39900.0,0,4,10.594156665220533
19106.0,8000.0,8.0,1497.0,2026.0,17.0,3.0,5,7.0,190.0,31.73,5.0,2025,9,0,0.0,8000.0,1,3,8.987321812850125
36770.0,5000.0,7.0,1908.792198826372,2026.0,19.0,0.0,5,9.0,365.0,100.0,5.0,2025,9,0,0.0,5000.0,1,3,8.517393171418904
8655.0,68900.0,4.0,1995.0,2020.0,8.0,0.0,7,3.0,0.0,0.0,5.0,2020,8,0,0.0,68900.0,0,3,11.140425970684525
15279.0,8000.0,4.0,1998.0,2024.0,12.0,3.0,5,11.0,0.0,0.0,5.0,2025,3,0,1.0,4000.0,0,1,8.987321812850125
7919.0,42500.0,4.0,1480.0,2023.0,12.0,3.0,5,11.0,0.0,0.0,5.0,2023,5,0,0.0,42500.0,0,2,10.657282884047461
133216.0,30000.0,4.0,1908.792198826372,2023.0,12.0,3.0,0,11.0,0.0,0.0,4.603574926542605,2023,4,0,0.0,30000.0,0,2,10.308985993422082
1766.0,124500.0,4.0,1997.0,2015.0,12.0,3.0,5,11.0,0.0,0.0,5.0,2015,12,1,0.0,124500.0,0,4,11.732069026983156
8066.0,12600.0,4.0,1494.0,2024.0,13.0,3.0,5,11.0,0.0,0.0,4.0,2025,1,0,1.0,6300.0,0,1,9.441531454869693
19106.0,27000.0,6.0,1499.0,2025.0,12.0,3.0,5,2.0,325.0,43.2,5.0,2025,6,0,0.0,27000.0,1,2,10.203629181337648
5269.0,110000.0,4.0,1598.0,2016.0,13.0,3.0,5,11.0,0.0,0.0,5.0,2018,9,0,2.0,36666.666666666664,0,3,11.608244735642321
22816.0,12000.0,7.0,1908.792198826372,2025.0,20.0,0.0,5,7.0,215.0,82.0,4.0,2025,3,0,0.0,12000.0,1,1,9.392745258631441
235225.0,30000.0,4.0,3902.0,2015.0,22.0,3.0,2,5.0,0.0,0.0,2.0,2017,1,0,2.0,10000.0,0,1,10.308985993422082
11628.0,15000.0,4.0,1499.0,2018.0,13.0,3.0,5,11.0,0.0,0.0,5.0,2019,2,0,1.0,7500.0,0,1,9.61587214452889
16162.0,16000.0,7.0,1908.792198826372,2025.0,20.0,0.0,5,7.0,160.0,79.97,5.0,2025,4,0,0.0,16000.0,1,2,9.680406499268875
11628.0,54000.0,7.0,1908.792198826372,2022.0,20.0,0.0,5,9.0,400.0,86.0,5.0,2022,8,0,0.0,54000.0,1,3,10.896757843893464
1442.0,82000.0,4.0,1792.0,2016.0,12.0,3.0,5,11.0,0.0,0.0,5.0,2017,1,1,1.0,41000.0,0,1,11.314486721293981
17192.0,21000.0,4.0,1998.0,2021.0,12.0,3.0,5,11.0,0.0,0.0,5.0,2022,6,0,1.0,10500.0,0,2,9.952325334619427
21314.0,19000.0,7.0,1908.792198826372,2025.0,17.0,3.0,5,7.0,218.0,68.5,5.0,2025,3,0,0.0,19000.0,1,1,9.852246888342531
26481.0,16000.0,7.0,1908.792198826372,2025.0,7.0,3.0,5,9.0,440.0,72.88,4.0,2025,4,0,0.0,16000.0,1,2,9.680406499268875
12924.0,13000.0,7.0,1908.792198826372,2025.0,13.0,3.0,5,11.0,100.0,57.6,4.0,2025,3,0,0.0,13000.0,1,1,9.472781556562168
5240.0,60700.0,4.0,1496.0,2017.0,13.0,3.0,5,11.0,0.0,0.0,4.0,2017,8,0,0.0,60700.0,0,3,11.013715451376466
10289.0,100000.0,4.0,1995.0,2017.0,17.0,1.0,5,10.0,0.0,0.0,5.0,2019,5,0,2.0,33333.333333333336,0,2,11.51293546492023
22050.0,75000.0,7.0,1908.792198826372,2020.0,17.0,3.0,5,9.0,400.0,75.0,5.0,2022,4,0,2.0,25000.0,1,2,11.225256725762893
20460.0,17000.0,4.0,2498.0,2021.0,17.0,2.0,5,2.0,0.0,0.0,5.0,2023,3,0,2.0,5666.666666666667,0,1,9.741027444837728
6741.0,73800.0,4.0,1395.0,2015.0,13.0,3.0,5,11.0,0.0,0.0,5.0,2016,8,0,1.0,36900.0,0,3,11.209127560632263
48281.0,70000.0,4.0,2995.0,2019.0,19.0,3.0,5,2.0,0.0,0.0,5.0,2021,8,0,2.0,23333.333333333332,0,3,11.156264806643742
6462.0,102700.0,7.0,1908.792198826372,2022.0,12.0,3.0,5,11.0,120.0,0.0,5.0,2022,6,0,0.0,102700.0,0,2,11.539577132967588
36770.0,8300.0,7.0,1908.792198826372,2026.0,19.0,0.0,5,9.0,365.0,100.0,5.0,2025,9,0,0.0,8300.0,1,3,9.024131268455035
10863.0,20000.0,8.0,1480.0,2025.0,20.0,0.0,5,7.0,175.0,18.4,5.0,2025,5,0,0.0,20000.0,1,2,9.90353755128617
15720.0,29000.0,1.0,1969.0,2024.0,12.0,3.0,5,11.0,0.0,0.0,5.0,2023,7,0,0.0,29000.0,0,3,10.275085591132715
18517.0,49000.0,4.0,1395.0,2021.0,13.0,3.0,5,11.0,0.0,0.0,5.0,2022,7,0,1.0,24500.0,0,3,10.799595985047786
6888.0,80000.0,4.0,999.0,2015.0,10.0,1.0,2,7.0,0.0,0.0,3.0,2019,2,0,4.0,16000.0,0,1,11.289794413577894
2384.0,23800.0,7.0,1908.792198826372,2021.0,10.0,3.0,4,7.0,20.0,9.0,3.0,2023,9,0,2.0,7933.333333333333,1,3,10.077482875583607
11555.0,118000.0,4.0,3460.0,2005.0,19.0,3.0,5,2.0,0.0,0.0,5.0,2006,7,0,1.0,59000.0,0,3,11.678448377988165
12762.0,20000.0,4.0,1598.0,2024.0,17.0,0.0,5,11.0,0.0,0.0,5.0,2024,6,0,0.0,20000.0,0,2,9.90353755128617
69154.0,8000.0,6.0,1974.0,2025.0,14.0,0.0,6,2.0,660.0,70.0,5.0,2026,2,0,1.0,4000.0,1,1,8.987321812850125
35445.0,4900.0,6.0,1498.0,2025.0,8.0,3.0,7,11.0,160.0,24.4,5.0,2025,9,0,0.0,4900.0,1,3,8.497194544909547
7330.0,65000.0,4.0,1332.0,2020.0,12.0,0.0,5,11.0,0.0,0.0,5.0,2020,11,0,0.0,65000.0,0,4,11.082157933374816
26466.0,15200.0,6.0,1499.0,2025.0,19.0,1.0,6,9.0,300.0,44.5,5.0,2024,10,0,0.0,15200.0,1,4,9.62911649414402
3974.0,19900.0,4.0,1997.0,2016.0,12.0,3.0,5,11.0,0.0,0.0,5.0,2017,1,0,1.0,9950.0,0,1,9.898525260706313
24111.0,5300.0,7.0,1908.792198826372,2025.0,14.0,3.0,7,9.0,440.0,85.0,5.0,2025,10,0,0.0,5300.0,1,4,8.575650760987806
3841.0,88500.0,7.0,1908.792198826372,2018.0,11.0,3.0,5,11.0,80.0,48.0,5.0,2018,5,0,0.0,88500.0,1,2,11.390769130367211
18223.0,7000.0,6.0,1499.0,2024.0,19.0,2.0,5,11.0,165.0,34.46,5.0,2024,8,0,0.0,7000.0,1,3,8.853808274977197
20578.0,2900.0,8.0,1498.0,2025.0,17.0,0.0,5,7.0,150.0,32.6,5.0,2025,9,0,0.0,2900.0,1,3,7.972810784121404
16898.0,29000.0,4.0,1497.0,2023.0,12.0,3.0,5,11.0,0.0,0.0,5.0,2023,9,0,0.0,29000.0,0,3,10.275085591132715
8360.0,100.0,7.0,1908.792198826372,2025.0,13.0,3.0,4,11.0,50.0,31.9,5.0,1990,1,0,0.0,100.0,1,1,4.61512051684126
5711.0,88000.0,4.0,1967.0,2019.0,5.0,3.0,0,10.0,0.0,0.0,4.0,2019,7,1,0.0,88000.0,0,3,11.385103457032141
470745.0,16000.0,4.0,3902.0,2020.0,22.0,3.0,2,5.0,0.0,0.0,2.0,2022,2,0,2.0,5333.333333333333,0,1,9.680406499268875
25009.0,23400.0,5.0,1991.0,2024.0,8.0,3.0,7,11.0,134.0,0.0,5.0,2024,9,0,0.0,23400.0,0,3,10.060534035475412
4386.0,59000.0,4.0,1451.0,2019.0,12.0,3.0,5,11.0,0.0,0.0,5.0,2019,11,0,0.0,59000.0,0,4,10.985309671896763
2605.0,63800.0,4.0,1598.0,2015.0,12.0,3.0,5,11.0,0.0,0.0,5.0,2015,4,1,0.0,63800.0,0,2,11.063524143191238
25760.0,27000.0,7.0,1908.792198826372,2025.0,17.0,0.0,5,7.0,220.0,62.5,5.0,2025,5,0,0.0,27000.0,1,2,10.203629181337648
36505.0,120000.0,4.0,1995.0,2020.0,17.0,2.0,5,2.0,0.0,0.0,4.0,2020,8,0,0.0,120000.0,0,3,11.695255355062795
12997.0,85400.0,7.0,1908.792198826372,2023.0,12.0,0.0,5,7.0,200.0,66.0,5.0,2023,8,0,0.0,85400.0,1,3,11.355113089309977
26348.0,32000.0,4.0,1499.0,2023.0,13.0,3.0,5,11.0,0.0,0.0,6.0,2024,7,0,1.0,16000.0,0,3,10.373522431293592
36770.0,60000.0,4.0,1998.0,2023.0,20.0,0.0,5,3.0,0.0,0.0,4.0,2023,11,0,0.0,60000.0,0,4,11.002116507732017
16604.0,10500.0,4.0,1998.0,2024.0,12.0,3.0,5,10.0,0.0,0.0,5.0,2025,4,0,1.0,5250.0,0,2,9.259225769705994
13248.0,50000.0,7.0,1908.792198826372,2023.0,12.0,3.0,5,7.0,200.0,49.0,5.0,2023,5,0,0.0,50000.0,1,2,10.819798284210286
8670.0,3000.0,4.0,1499.0,2024.0,12.0,3.0,5,11.0,0.0,0.0,5.0,2025,12,0,1.0,1500.0,0,4,8.006700845440367
8905.0,30000.0,4.0,1998.0,2020.0,12.0,3.0,5,11.0,0.0,0.0,5.0,2020,9,0,0.0,30000.0,0,3,10.308985993422082
5652.0,100.0,7.0,1908.792198826372,2025.0,10.0,3.0,4,7.0,30.0,16.2,5.0,2026,6,0,1.0,50.0,1,2,4.61512051684126
191065.0,4800.0,4.0,1908.792198826372,2024.0,19.0,0.0,0,11.0,0.0,0.0,4.603574926542605,2025,9,0,1.0,2400.0,0,3,8.476579508530941
8360.0,14800.0,3.0,1996.0,2023.0,5.0,3.0,0,3.0,0.0,0.0,4.0,2024,8,1,1.0,7400.0,0,3,9.60245002503719
55023.0,6700.0,7.0,1908.792198826372,2024.0,8.0,0.0,6,9.0,580.0,108.0,5.0,2025,3,0,1.0,3350.0,1,1,8.81001204797317
12011.0,28000.0,7.0,1908.792198826372,2024.0,12.0,3.0,5,11.0,150.0,69.2,5.0,2024,11,0,0.0,28000.0,1,4,10.239995502805316
12188.0,73000.0,4.0,1997.0,2020.0,17.0,3.0,5,2.0,0.0,0.0,5.0,2020,1,0,0.0,73000.0,0,1,11.19822841866684
7330.0,110000.0,3.0,1908.792198826372,2020.0,5.0,3.0,0,10.0,0.0,0.0,4.0,2020,7,1,0.0,110000.0,0,3,11.608244735642321
11746.0,62000.0,7.0,1908.792198826372,2023.0,7.0,3.0,5,7.0,160.0,79.97,5.0,2023,10,0,0.0,62000.0,1,4,11.034905792929415
6771.0,120000.0,3.0,1908.792198826372,2019.0,5.0,3.0,0,3.0,0.0,0.0,4.0,2019,9,1,0.0,120000.0,0,3,11.695255355062795
5858.0,46000.0,4.0,1765.0,2020.0,12.0,3.0,5,11.0,0.0,0.0,5.0,2021,6,0,1.0,23000.0,0,2,10.736418414365376
45484.0,31000.0,6.0,1997.0,2025.0,19.0,0.0,6,2.0,500.0,36.8,5.0,2025,8,0,0.0,31000.0,1,3,10.34177474101152
10863.0,20000.0,4.0,1998.0,2023.0,17.0,0.0,5,11.0,0.0,0.0,5.0,2023,8,0,0.0,20000.0,0,3,9.90353755128617
9111.0,100.0,7.0,1908.792198826372,2026.0,12.0,2.0,5,11.0,75.0,31.9,5.0,2026,6,0,0.0,100.0,1,2,4.61512051684126
27232.0,2500.0,7.0,1908.792198826372,2026.0,7.0,3.0,5,7.0,450.0,75.46,5.0,2026,4,0,0.0,2500.0,1,2,7.824445930877619
2149.0,110000.0,4.0,1485.0,2017.0,13.0,3.0,5,11.0,0.0,0.0,5.0,2018,12,1,1.0,55000.0,0,4,11.608244735642321
2428.0,104700.0,4.0,1498.0,2017.0,12.0,3.0,5,11.0,0.0,0.0,5.0,2018,1,1,1.0,52350.0,0,1,11.558863947911393
258777.0,18000.0,4.0,3996.0,2021.0,19.0,0.0,5,2.0,0.0,0.0,5.0,2021,1,0,0.0,18000.0,0,1,9.798182590890704
20755.0,46100.0,6.0,1499.0,2024.0,12.0,3.0,5,11.0,165.0,43.24,5.0,2024,6,0,0.0,46100.0,1,2,10.738589920723442
17192.0,29000.0,4.0,1997.0,2021.0,7.0,3.0,5,3.0,0.0,0.0,4.0,2022,4,0,1.0,14500.0,0,2,10.275085591132715
15264.0,28500.0,4.0,1498.0,2022.0,12.0,3.0,5,11.0,0.0,0.0,5.0,2022,3,0,0.0,28500.0,0,1,10.25769445336048
20431.0,87100.0,7.0,1908.792198826372,2016.0,19.0,3.0,5,9.0,386.0,75.0,5.0,2017,9,0,1.0,43550.0,1,3,11.374823643830945
10127.0,5000.0,7.0,1908.792198826372,2025.0,13.0,2.0,5,11.0,70.0,42.3,5.0,2025,11,0,0.0,5000.0,1,4,8.517393171418904
41657.0,33000.0,6.0,1995.0,2025.0,14.0,0.0,6,2.0,680.0,46.9,5.0,2025,4,0,0.0,33000.0,1,2,10.404293143019792
22933.0,19000.0,7.0,1908.792198826372,2023.0,19.0,1.0,5,9.0,425.0,90.0,5.0,2024,5,0,1.0,9500.0,1,2,9.852246888342531
22050.0,30000.0,4.0,1395.0,2022.0,12.0,3.0,5,11.0,0.0,0.0,5.0,2022,11,0,0.0,30000.0,0,4,10.308985993422082
2060.0,76000.0,4.0,1500.0,2016.0,12.0,3.0,7,3.0,0.0,0.0,5.0,2018,1,1,2.0,25333.333333333332,0,1,11.23850177707664
41804.0,5000.0,4.0,2261.0,2024.0,17.0,0.0,5,10.0,0.0,0.0,4.0,2024,9,0,0.0,5000.0,0,3,8.517393171418904
3680.0,100500.0,4.0,1587.0,2016.0,13.0,3.0,5,11.0,0.0,0.0,4.0,2017,11,0,1.0,50250.0,0,4,11.51792295668052
54169.0,150000.0,4.0,2995.0,2017.0,19.0,3.0,5,2.0,0.0,0.0,5.0,2018,5,0,1.0,75000.0,0,2,11.918397239722838
4239.0,120000.0,7.0,1908.792198826372,2022.0,18.0,3.0,5,11.0,120.0,58.589,4.0,2022,6,0,0.0,120000.0,1,2,11.695255355062795
7507.0,21000.0,4.0,1485.0,2024.0,13.0,3.0,5,11.0,0.0,0.0,4.0,2024,11,0,0.0,21000.0,0,4,9.952325334619427
33856.0,160000.0,4.0,1908.792198826372,2018.0,14.0,3.0,0,11.0,0.0,0.0,4.603574926542605,2020,4,0,2.0,53333.333333333336,0,2,11.982935344196433
14543.0,16000.0,6.0,1498.0,2025.0,17.0,3.0,5,11.0,160.0,18.3,5.0,2025,8,0,0.0,16000.0,1,3,9.680406499268875
8213.0,63000.0,4.0,1497.0,2022.0,13.0,3.0,5,11.0,0.0,0.0,4.0,2022,6,0,0.0,63000.0,0,2,11.050905878263567
24111.0,700.0,4.0,1395.0,2022.0,12.0,3.0,5,11.0,0.0,0.0,5.0,2023,9,0,1.0,350.0,0,3,6.55250788703459
7330.0,33800.0,4.0,1485.0,2024.0,13.0,3.0,5,11.0,0.0,0.0,4.0,2024,10,0,0.0,33800.0,0,4,10.428245666832275
33237.0,2600.0,7.0,1908.792198826372,2026.0,19.0,3.0,5,7.0,258.0,93.1,5.0,2026,1,0,0.0,2600.0,1,1,7.8636512654486515
2208.0,91800.0,4.0,1499.0,2018.0,13.0,3.0,5,11.0,0.0,0.0,4.0,2019,4,1,1.0,45900.0,0,2,11.427378469795439
1442.0,120000.0,4.0,1368.0,2014.0,13.0,3.0,5,11.0,0.0,0.0,5.0,2014,11,0,0.0,120000.0,0,4,11.695255355062795
27349.0,85000.0,6.0,1497.0,2022.0,8.0,0.0,7,2.0,215.0,40.06,5.0,2023,11,0,1.0,42500.0,1,4,11.350418300109132
33900.0,16900.0,7.0,1908.792198826372,2025.0,14.0,0.0,6,9.0,440.0,85.0,5.0,2025,11,0,0.0,16900.0,1,4,9.735128070758227
7919.0,9000.0,6.0,1499.0,2024.0,13.0,3.0,5,11.0,150.0,18.3,4.0,2024,10,0,0.0,9000.0,1,4,9.105090961257085
35004.0,9000.0,6.0,1497.0,2025.0,8.0,0.0,7,2.0,310.0,41.7,5.0,2024,12,0,0.0,9000.0,1,4,9.105090961257085
13807.0,70000.0,4.0,1998.0,2020.0,7.0,3.0,5,3.0,0.0,0.0,4.0,2020,9,0,0.0,70000.0,0,3,11.156264806643742
14101.0,55000.0,4.0,1498.0,2017.0,17.0,0.0,5,11.0,0.0,0.0,5.0,2017,8,0,0.0,55000.0,0,3,10.915106645867503
17369.0,68000.0,7.0,1908.792198826372,2022.0,19.0,3.0,6,7.0,220.0,97.0,5.0,2023,11,0,1.0,34000.0,1,4,11.127277689932466
4386.0,55000.0,4.0,1497.0,2019.0,12.0,3.0,5,11.0,0.0,0.0,5.0,2019,7,0,0.0,55000.0,0,3,10.915106645867503
2325.0,50500.0,4.0,1499.0,2016.0,12.0,3.0,5,11.0,0.0,0.0,5.0,2017,11,1,1.0,25250.0,0,4,10.829748417047593
2193.0,35900.0,4.0,1372.0,2016.0,10.0,3.0,5,11.0,0.0,0.0,5.0,2018,6,1,2.0,11966.666666666666,0,2,10.488520429241627
11452.0,30000.0,6.0,1499.0,2025.0,0.0,0.0,7,11.0,160.0,18.65,5.0,2025,3,0,0.0,30000.0,1,1,10.308985993422082
19121.0,60000.0,4.0,2979.0,2017.0,20.0,3.0,5,3.0,0.0,0.0,4.0,2017,9,0,0.0,60000.0,0,3,11.002116507732017
9096.0,28000.0,4.0,1598.0,2022.0,13.0,0.0,5,11.0,0.0,0.0,4.0,2022,12,0,0.0,28000.0,0,4,10.239995502805316
13807.0,78000.0,4.0,1998.0,2021.0,8.0,3.0,7,11.0,0.0,0.0,5.0,2020,12,0,0.0,78000.0,0,4,11.264476926102367
3385.0,24000.0,4.0,1451.0,2021.0,9.0,3.0,0,5.0,0.0,0.0,2.0,2023,6,1,2.0,8000.0,0,2,10.085850775128717
1854.0,79000.0,4.0,1368.0,2014.0,13.0,3.0,5,11.0,0.0,0.0,5.0,2015,10,0,1.0,39500.0,0,4,11.277215789596893
2208.0,77000.0,4.0,1498.0,2018.0,17.0,0.0,7,11.0,0.0,0.0,5.0,2018,10,0,0.0,77000.0,0,4,11.251573687764477
15603.0,57000.0,7.0,1908.792198826372,2020.0,17.0,0.0,5,9.0,400.0,100.0,5.0,2021,11,0,1.0,28500.0,1,4,10.950824090522445
2178.0,70000.0,4.0,1499.0,2016.0,9.0,3.0,0,5.0,0.0,0.0,4.0,2018,10,1,2.0,23333.333333333332,0,4,11.156264806643742
8169.0,38000.0,7.0,1908.792198826372,2024.0,19.0,3.0,5,7.0,250.0,77.0,5.0,2023,12,0,0.0,38000.0,1,4,10.545367754151743
6815.0,39000.0,7.0,1908.792198826372,2022.0,16.0,3.0,0,7.0,60.0,0.0,5.0,2023,2,0,1.0,19500.0,0,1,10.571342565808699
73423.0,2500.0,8.0,1498.0,2026.0,14.0,0.0,6,9.0,420.0,72.7,5.0,2026,6,0,0.0,2500.0,1,2,7.824445930877619
24994.0,29000.0,4.0,1998.0,2021.0,17.0,0.0,7,2.0,0.0,0.0,5.0,2022,1,0,1.0,14500.0,0,1,10.275085591132715
14469.0,10000.0,7.0,1908.792198826372,2026.0,17.0,1.0,5,7.0,220.0,81.9,5.0,2025,7,0,0.0,10000.0,1,3,9.210440366976517
30617.0,21000.0,4.0,1984.0,2023.0,19.0,0.0,5,10.0,0.0,0.0,5.0,2023,7,0,0.0,21000.0,0,3,9.952325334619427
62824.0,37000.0,7.0,1908.792198826372,2023.0,19.0,0.0,5,9.0,450.0,112.0,5.0,2023,5,0,0.0,37000.0,1,2,10.518700218288165
31029.0,13000.0,7.0,1908.792198826372,2025.0,19.0,3.0,5,7.0,235.0,96.3,5.0,2026,1,0,1.0,6500.0,1,1,9.472781556562168
11746.0,3000.0,4.0,1497.0,2024.0,13.0,3.0,5,11.0,0.0,0.0,4.0,2026,1,0,2.0,1000.0,0,1,8.006700845440367
5313.0,69700.0,7.0,1908.792198826372,2022.0,12.0,3.0,5,11.0,70.0,38.54,5.0,2022,8,0,0.0,69700.0,1,3,11.151969943847991
4121.0,15000.0,7.0,1908.792198826372,2022.0,10.0,3.0,4,11.0,30.0,17.65,3.0,2022,9,0,0.0,15000.0,1,3,9.61587214452889
7772.0,40000.0,7.0,1908.792198826372,2023.0,12.0,1.0,5,11.0,60.0,39.4,5.0,2023,8,0,0.0,40000.0,1,3,10.596659732783579
14425.0,80000.0,4.0,2496.0,2017.0,20.0,1.0,5,3.0,0.0,0.0,4.0,2018,7,0,1.0,40000.0,0,3,11.289794413577894
13218.0,26000.0,4.0,1197.0,2021.0,13.0,3.0,5,11.0,0.0,0.0,4.0,2023,7,0,2.0,8666.666666666666,0,3,10.165890277802454
43865.0,39000.0,4.0,1908.792198826372,2021.0,8.0,0.0,0,11.0,0.0,0.0,4.603574926542605,2021,3,0,0.0,39000.0,0,1,10.571342565808699
3532.0,50000.0,4.0,1587.0,2019.0,13.0,3.0,5,11.0,0.0,0.0,4.0,2019,4,0,0.0,50000.0,0,2,10.819798284210286
58585.0,41000.0,7.0,1908.792198826372,2023.0,19.0,3.0,5,9.0,450.0,112.0,5.0,2023,7,0,0.0,41000.0,1,3,10.62135173563291
17649.0,99000.0,4.0,3604.0,2017.0,8.0,0.0,7,11.0,0.0,0.0,5.0,2018,7,0,1.0,49500.0,0,3,11.502885230075814
20166.0,52000.0,7.0,1908.792198826372,2024.0,7.0,0.0,5,9.0,360.0,75.0,5.0,2024,4,0,0.0,52000.0,1,2,10.859018228147887
12217.0,21000.0,5.0,1995.0,2026.0,12.0,3.0,5,2.0,9.6,0.0,5.0,2019,6,0,0.0,21000.0,0,2,9.952325334619427
47736.0,22000.0,4.0,1991.0,2019.0,8.0,0.0,7,3.0,0.0,0.0,5.0,2021,4,0,2.0,7333.333333333333,0,2,9.99884318585288
7183.0,110000.0,4.0,1998.0,2017.0,12.0,3.0,5,11.0,0.0,0.0,5.0,2018,2,0,1.0,55000.0,0,1,11.608244735642321
13689.0,48000.0,4.0,1998.0,2021.0,13.0,3.0,5,11.0,0.0,0.0,4.0,2021,11,0,0.0,48000.0,0,4,10.778977123006351
17634.0,34000.0,4.0,1998.0,2024.0,12.0,3.0,5,11.0,0.0,0.0,5.0,2024,1,0,0.0,34000.0,0,1,10.434145214930487
29410.0,42000.0,4.0,1998.0,2024.0,7.0,3.0,5,3.0,0.0,0.0,4.0,2024,2,0,0.0,42000.0,0,1,10.645448706505872
5269.0,103000.0,7.0,1908.792198826372,2019.0,13.0,3.0,5,11.0,160.0,50.8,4.0,2019,3,0,0.0,103000.0,1,1,11.542493975902508
7330.0,53000.0,4.0,2496.0,2015.0,17.0,3.0,5,2.0,0.0,0.0,5.0,2016,11,0,1.0,26500.0,0,4,10.87806606028079
7065.0,145000.0,7.0,1908.792198826372,2021.0,13.0,3.0,5,11.0,100.0,57.0,4.0,2021,8,0,0.0,145000.0,1,3,11.884495917930655
43247.0,1400.0,8.0,1498.0,2026.0,20.0,0.0,5,7.0,227.0,53.4,4.0,2025,12,0,0.0,1400.0,1,4,7.244941546337007
9244.0,40000.0,4.0,1997.0,2018.0,12.0,3.0,5,11.0,0.0,0.0,5.0,2018,7,0,0.0,40000.0,0,3,10.596659732783579
27673.0,57000.0,4.0,2979.0,2017.0,20.0,1.0,5,3.0,0.0,0.0,4.0,2018,4,0,1.0,28500.0,0,2,10.950824090522445
32089.0,111000.0,4.0,2976.0,2005.0,15.0,0.0,5,3.0,0.0,0.0,4.0,2006,3,0,1.0,55500.0,0,1,11.6172944892629
16030.0,160000.0,4.0,1908.792198826372,2008.0,14.0,3.0,0,11.0,0.0,0.0,4.603574926542605,2008,8,0,0.0,160000.0,0,3,11.982935344196433
13689.0,123000.0,7.0,1908.792198826372,2014.0,20.0,3.0,5,7.0,310.0,85.0,5.0,2014,12,0,0.0,123000.0,1,4,11.719947764402807
1130496.0,20000.0,6.0,3799.0,2014.0,22.0,0.0,2,5.0,132.0,0.0,2.0,2014,9,0,0.0,20000.0,0,3,9.90353755128617
8979.0,12500.0,7.0,1908.792198826372,2023.0,0.0,3.0,5,11.0,120.0,54.0,5.0,2024,11,0,1.0,6250.0,1,4,9.433563920090563
11996.0,8000.0,4.0,1598.0,2025.0,13.0,0.0,5,11.0,0.0,0.0,4.0,2026,3,0,1.0,4000.0,0,1,8.987321812850125
38242.0,100000.0,1.0,1998.0,2023.0,8.0,3.0,6,11.0,0.0,0.0,5.0,2023,5,0,0.0,100000.0,0,2,11.51293546492023
115993.0,26000.0,4.0,1908.792198826372,2022.0,2.0,0.0,0,11.0,0.0,0.0,4.603574926542605,2024,9,0,2.0,8666.666666666666,0,3,10.165890277802454
57113.0,19000.0,4.0,4735.0,2012.0,22.0,3.0,2,3.0,0.0,0.0,2.0,2017,2,0,5.0,3166.6666666666665,0,1,9.852246888342531
7521.0,44400.0,4.0,1998.0,2017.0,17.0,0.0,7,2.0,0.0,0.0,5.0,2018,7,0,1.0,22200.0,0,3,10.70101727068921
33120.0,9000.0,4.0,1991.0,2022.0,17.0,0.0,5,10.0,0.0,0.0,5.0,2022,1,0,0.0,9000.0,0,1,9.105090961257085
9994.0,27700.0,7.0,1908.792198826372,2022.0,19.0,1.0,5,9.0,400.0,90.0,5.0,2023,1,0,1.0,13850.0,1,1,10.229223792606835
61088.0,14500.0,4.0,1991.0,2022.0,8.0,0.0,7,3.0,0.0,0.0,5.0,2024,3,0,2.0,4833.333333333333,0,1,9.581972891547895
98624.0,39000.0,4.0,3993.0,2015.0,22.0,3.0,4,2.0,0.0,0.0,2.0,2015,12,0,0.0,39000.0,0,4,10.571342565808699
25436.0,15000.0,4.0,1991.0,2024.0,8.0,3.0,7,11.0,0.0,0.0,5.0,2024,11,0,0.0,15000.0,0,4,9.61587214452889
23522.0,5000.0,7.0,1908.792198826372,2024.0,17.0,0.0,5,7.0,252.0,82.16,5.0,2025,5,0,1.0,2500.0,1,2,8.517393171418904
10304.0,8200.0,7.0,1908.792198826372,2025.0,13.0,3.0,5,11.0,70.0,42.3,5.0,2026,4,0,1.0,4100.0,1,2,9.012011377036412
8655.0,48000.0,7.0,1908.792198826372,2023.0,12.0,3.0,5,11.0,120.0,54.34,5.0,2023,9,0,0.0,48000.0,1,3,10.778977123006351
2325.0,42800.0,7.0,1908.792198826372,2022.0,21.0,3.0,4,7.0,25.0,9.18,3.0,2022,1,0,0.0,42800.0,1,1,10.664316745782925
11761.0,27400.0,4.0,1969.0,2023.0,12.0,0.0,5,11.0,0.0,0.0,5.0,2023,2,0,0.0,27400.0,0,1,10.21833478806055
7772.0,90100.0,4.0,1967.0,2019.0,5.0,3.0,0,3.0,0.0,0.0,4.0,2019,12,0,0.0,90100.0,0,4,11.408686542313973
21638.0,42000.0,7.0,1908.792198826372,2023.0,19.0,3.0,5,7.0,250.0,90.0,5.0,2023,8,0,0.0,42000.0,1,3,10.645448706505872
3208.0,50000.0,4.0,1498.0,2021.0,12.0,3.0,5,11.0,0.0,0.0,5.0,2021,5,1,0.0,50000.0,0,2,10.819798284210286
8802.0,84000.0,4.0,1598.0,2014.0,12.0,1.0,5,11.0,0.0,0.0,5.0,2016,1,0,2.0,28000.0,0,1,11.338583982516495
2737.0,21600.0,4.0,1798.0,2018.0,12.0,3.0,7,11.0,0.0,0.0,5.0,2018,8,1,0.0,21600.0,0,3,9.980494888896912
3223.0,69000.0,4.0,1476.0,2021.0,13.0,0.0,5,11.0,0.0,0.0,4.0,2020,12,0,0.0,69000.0,0,4,11.141876276228
15132.0,91000.0,4.0,1996.0,2019.0,17.0,3.0,5,11.0,0.0,0.0,5.0,2020,3,0,1.0,45500.0,0,1,11.418625774449598
25583.0,9000.0,6.0,1498.0,2025.0,19.0,3.0,5,2.0,360.0,35.6,5.0,2025,12,0,0.0,9000.0,1,4,9.105090961257085
12335.0,60000.0,4.0,1499.0,2016.0,13.0,3.0,4,11.0,0.0,0.0,3.0,2016,12,0,0.0,60000.0,0,4,11.002116507732017
31176.0,59000.0,6.0,1497.0,2022.0,8.0,3.0,7,2.0,215.0,40.06,5.0,2023,3,0,1.0,29500.0,1,1,10.985309671896763
4504.0,140000.0,4.0,3604.0,2013.0,19.0,3.0,5,2.0,0.0,0.0,5.0,2012,12,0,0.0,140000.0,0,4,11.849404844423074
24552.0,40000.0,6.0,1991.0,2023.0,8.0,3.0,7,11.0,134.0,25.57,5.0,2023,6,0,0.0,40000.0,1,2,10.596659732783579
9685.0,46300.0,7.0,1908.792198826372,2023.0,13.0,3.0,5,11.0,126.0,47.8,5.0,2024,2,0,1.0,23150.0,1,1,10.742918838113225
2046.0,70000.0,3.0,2771.0,2015.0,5.0,3.0,0,3.0,0.0,0.0,4.0,2015,7,1,0.0,70000.0,0,3,11.156264806643742
30470.0,1800.0,6.0,1499.0,2026.0,19.0,3.0,5,2.0,263.0,39.6,5.0,2026,5,0,0.0,1800.0,1,2,7.496097345175956
4931.0,105600.0,4.0,1451.0,2017.0,0.0,3.0,7,11.0,0.0,0.0,5.0,2017,8,0,0.0,105600.0,0,3,11.567423119906431
12040.0,71400.0,4.0,1998.0,2021.0,12.0,3.0,5,11.0,0.0,0.0,5.0,2021,8,0,0.0,71400.0,0,3,11.17606715383184
1736.0,60000.0,4.0,1500.0,2016.0,12.0,3.0,7,3.0,0.0,0.0,5.0,2016,12,1,0.0,60000.0,0,4,11.002116507732017
15132.0,27300.0,7.0,1908.792198826372,2024.0,17.0,0.0,5,7.0,240.0,60.0,5.0,2025,1,0,1.0,13650.0,1,1,10.214678610538817
4857.0,35000.0,4.0,1496.0,2023.0,13.0,0.0,5,11.0,0.0,0.0,4.0,2023,1,0,0.0,35000.0,0,1,10.463131911491967
20578.0,18000.0,7.0,1908.792198826372,2025.0,19.0,3.0,5,7.0,235.0,96.3,5.0,2025,10,0,0.0,18000.0,1,4,9.798182590890704
7330.0,150000.0,4.0,2976.0,2006.0,20.0,3.0,5,3.0,0.0,0.0,4.0,2006,12,0,0.0,150000.0,0,4,11.918397239722838
34592.0,5000.0,4.0,1995.0,2021.0,17.0,3.0,5,10.0,0.0,0.0,5.0,2022,8,0,1.0,2500.0,0,3,8.517393171418904
1766.0,79000.0,4.0,1499.0,2017.0,12.0,3.0,5,11.0,0.0,0.0,5.0,2017,6,1,0.0,79000.0,0,2,11.277215789596893
12497.0,5700.0,6.0,1497.0,2025.0,12.0,0.0,5,11.0,100.0,30.3,5.0,2025,11,0,0.0,5700.0,1,4,8.648396877031582
24994.0,10000.0,7.0,1908.792198826372,2025.0,14.0,0.0,6,9.0,440.0,85.0,5.0,2025,8,0,0.0,10000.0,1,3,9.210440366976517
6771.0,29800.0,7.0,1908.792198826372,2023.0,12.0,3.0,4,7.0,50.0,28.1,3.0,2023,6,0,0.0,29800.0,1,2,10.30229722897745
24847.0,32000.0,7.0,1908.792198826372,2025.0,7.0,3.0,5,9.0,440.0,72.88,4.0,2025,5,0,0.0,32000.0,1,2,10.373522431293592
6447.0,43000.0,4.0,1395.0,2018.0,12.0,3.0,5,11.0,0.0,0.0,5.0,2019,4,0,1.0,21500.0,0,2,10.668978650219241
8096.0,26000.0,4.0,1598.0,2023.0,13.0,3.0,5,11.0,0.0,0.0,4.0,2023,8,0,0.0,26000.0,0,3,10.165890277802454
4842.0,160000.0,3.0,2499.0,2016.0,1.0,3.0,0,11.0,0.0,0.0,5.0,2016,6,1,0.0,160000.0,0,2,11.982935344196433
110105.0,70000.0,4.0,1908.792198826372,2019.0,19.0,3.0,0,11.0,0.0,0.0,4.603574926542605,2019,5,0,0.0,70000.0,0,2,11.156264806643742
11452.0,16200.0,7.0,1908.792198826372,2025.0,12.0,3.0,5,11.0,160.0,62.36,5.0,2025,5,0,0.0,16200.0,1,2,9.692828247710418
19400.0,18400.0,6.0,1499.0,2024.0,12.0,0.0,5,11.0,165.0,26.7,5.0,2025,1,0,1.0,9200.0,1,1,9.820160289946374
9818.0,31000.0,7.0,1908.792198826372,2024.0,13.0,3.0,5,11.0,100.0,57.6,4.0,2024,5,0,0.0,31000.0,1,2,10.34177474101152
17546.0,30000.0,4.0,1908.792198826372,2021.0,12.0,3.0,0,11.0,0.0,0.0,4.603574926542605,2022,1,0,1.0,15000.0,0,1,10.308985993422082
20578.0,100.0,6.0,1993.0,2023.0,7.0,3.0,5,11.0,135.0,17.7,4.0,2026,6,0,3.0,25.0,1,2,4.61512051684126
157209.0,76000.0,1.0,2996.0,2023.0,19.0,0.0,5,2.0,0.0,0.0,5.0,2023,7,0,0.0,76000.0,0,3,11.23850177707664
17487.0,100.0,6.0,1498.0,2023.0,17.0,3.0,5,10.0,220.0,19.27,5.0,2025,8,0,2.0,33.333333333333336,1,3,4.61512051684126
42393.0,83010.0,4.0,4735.0,2012.0,22.0,3.0,2,3.0,0.0,0.0,2.0,2013,8,0,1.0,41505.0,0,3,11.326728408117877
22050.0,29000.0,4.0,1395.0,2023.0,13.0,3.0,5,11.0,0.0,0.0,5.0,2022,12,0,0.0,29000.0,0,4,10.275085591132715
44160.0,141000.0,4.0,2995.0,2019.0,19.0,3.0,5,2.0,0.0,0.0,5.0,2019,8,0,0.0,141000.0,0,3,11.856522261533737
2767.0,38600.0,4.0,1498.0,2019.0,1.0,3.0,0,5.0,0.0,0.0,4.0,2021,6,1,2.0,12866.666666666666,0,2,10.5610334618531
36505.0,100.0,8.0,1498.0,2025.0,12.0,3.0,5,9.0,403.0,40.3,4.0,1990,1,0,0.0,100.0,1,1,4.61512051684126
45160.0,13000.0,8.0,1496.0,2025.0,14.0,2.0,6,9.0,392.0,53.4,5.0,2025,4,0,0.0,13000.0,1,2,9.472781556562168
4386.0,80000.0,4.0,1499.0,2019.0,12.0,3.0,5,11.0,0.0,0.0,5.0,2019,10,1,0.0,80000.0,0,4,11.289794413577894
13233.0,85000.0,4.0,1908.792198826372,2017.0,1.0,3.0,0,11.0,0.0,0.0,4.603574926542605,2017,9,0,0.0,85000.0,0,3,11.350418300109132
1235008.0,4000.0,4.0,1908.792198826372,2025.0,14.0,3.0,0,11.0,0.0,0.0,4.603574926542605,2026,5,0,1.0,2000.0,0,2,8.294299608857235
12335.0,41000.0,3.0,1996.0,2023.0,5.0,1.0,0,3.0,0.0,0.0,4.0,2024,4,0,1.0,20500.0,0,2,10.62135173563291
6329.0,120000.0,4.0,1798.0,2016.0,7.0,3.0,5,11.0,0.0,0.0,5.0,2017,3,0,1.0,60000.0,0,1,11.695255355062795
41039.0,14000.0,7.0,1908.792198826372,2025.0,19.0,3.0,5,7.0,235.0,96.3,5.0,2025,9,0,0.0,14000.0,1,3,9.546884034617925
19106.0,200.0,7.0,1908.792198826372,2026.0,17.0,0.0,5,7.0,190.0,77.94,5.0,2026,4,0,0.0,200.0,1,2,5.303304908059076
15588.0,3700.0,7.0,1908.792198826372,2025.0,12.0,3.0,5,7.0,160.0,60.9,5.0,2025,4,0,0.0,3700.0,1,2,8.216358332386156
13071.0,100.0,8.0,1497.0,2024.0,20.0,0.0,5,7.0,160.0,28.4,5.0,2026,3,0,2.0,33.333333333333336,1,1,4.61512051684126
39449.0,6000.0,7.0,1908.792198826372,2026.0,14.0,0.0,6,9.0,520.0,102.0,5.0,2026,1,0,0.0,6000.0,1,1,8.699681400989514
12629.0,62000.0,4.0,1498.0,2023.0,17.0,3.0,7,11.0,0.0,0.0,5.0,2023,6,0,0.0,62000.0,0,2,11.034905792929415
18841.0,11000.0,7.0,1908.792198826372,2026.0,17.0,1.0,5,7.0,220.0,81.9,5.0,2025,7,0,0.0,11000.0,1,3,9.305741456739435
5858.0,129000.0,4.0,2496.0,2015.0,17.0,3.0,5,2.0,0.0,0.0,5.0,2016,9,0,1.0,64500.0,0,3,11.767575435251748
12040.0,63000.0,4.0,1395.0,2019.0,13.0,2.0,5,11.0,0.0,0.0,5.0,2019,8,0,0.0,63000.0,0,3,11.050905878263567
4828.0,65900.0,4.0,2360.0,2016.0,17.0,0.0,5,2.0,0.0,0.0,5.0,2017,3,0,1.0,32950.0,0,1,11.095908894882296
14690.0,11000.0,4.0,1498.0,2023.0,17.0,0.0,5,11.0,0.0,0.0,5.0,2023,12,0,0.0,11000.0,0,4,9.305741456739435
6506.0,30000.0,7.0,1908.792198826372,2024.0,13.0,3.0,5,11.0,130.0,50.3,5.0,2024,1,0,0.0,30000.0,1,1,10.308985993422082
5564.0,19200.0,4.0,1997.0,2022.0,6.0,3.0,7,3.0,0.0,0.0,4.0,2022,9,1,0.0,19200.0,0,3,9.862717639992917
277913.0,23000.0,4.0,3994.0,2019.0,22.0,3.0,2,5.0,0.0,0.0,2.0,2019,5,0,0.0,23000.0,0,2,10.043292972227004
7212.0,23800.0,4.0,1498.0,2021.0,13.0,3.0,5,11.0,0.0,0.0,4.0,2022,1,0,1.0,11900.0,0,1,10.077482875583607
7183.0,47300.0,6.0,1349.0,2021.0,17.0,3.0,5,11.0,60.0,13.0,5.0,2021,11,0,0.0,47300.0,1,4,10.764286715905591
3356.0,47700.0,4.0,1349.0,2020.0,13.0,3.0,5,11.0,0.0,0.0,4.0,2020,8,1,0.0,47700.0,0,3,10.77270764101727
12482.0,25400.0,8.0,1499.0,2023.0,20.0,3.0,5,7.0,200.0,43.7,4.0,2023,9,0,0.0,25400.0,1,3,10.142543822310387
12335.0,6900.0,4.0,1498.0,2024.0,12.0,0.0,5,11.0,0.0,0.0,5.0,2025,7,0,1.0,3450.0,0,3,8.839421607620602
26319.0,19000.0,7.0,1908.792198826372,2023.0,8.0,3.0,7,11.0,202.0,95.16,5.0,2023,12,0,0.0,19000.0,1,4,9.852246888342531
3680.0,47900.0,7.0,1908.792198826372,2021.0,10.0,3.0,4,11.0,35.0,0.0,5.0,2022,7,0,1.0,23950.0,0,3,10.776891660007811
11040.0,20000.0,7.0,1908.792198826372,2025.0,12.0,0.0,5,7.0,250.0,61.47,5.0,2025,6,0,0.0,20000.0,1,2,9.90353755128617
10274.0,30000.0,5.0,1999.0,2024.0,0.0,0.0,7,3.0,130.0,1.83,4.0,2023,12,0,0.0,30000.0,1,4,10.308985993422082
9568.0,80000.0,4.0,1498.0,2016.0,12.0,3.0,5,11.0,0.0,0.0,5.0,2017,10,0,1.0,40000.0,0,4,11.289794413577894
8243.0,50000.0,4.0,1969.0,2023.0,13.0,0.0,5,11.0,0.0,0.0,4.0,2023,4,0,0.0,50000.0,0,2,10.819798284210286
8655.0,48000.0,7.0,1908.792198826372,2022.0,13.0,3.0,5,11.0,105.0,47.8,5.0,2022,7,0,0.0,48000.0,1,3,10.778977123006351
2414.0,113400.0,4.0,1499.0,2018.0,12.0,3.0,6,11.0,0.0,0.0,5.0,2018,6,0,0.0,113400.0,0,2,11.638685488579059
12629.0,36000.0,4.0,1498.0,2023.0,17.0,0.0,7,11.0,0.0,0.0,5.0,2023,8,0,0.0,36000.0,0,3,10.491301994830229
18223.0,250.0,6.0,1496.0,2024.0,6.0,0.0,7,11.0,176.0,24.7,5.0,2025,1,0,1.0,125.0,1,1,5.5254529391317835
2517.0,23000.0,4.0,1490.0,2016.0,12.0,3.0,5,11.0,0.0,0.0,5.0,2016,10,0,0.0,23000.0,0,4,10.043292972227004
107102.0,15500.0,5.0,2393.0,2024.0,19.0,0.0,5,2.0,40.0,1.87,5.0,2025,9,0,1.0,7750.0,1,3,9.648659816955295
10274.0,13300.0,5.0,1999.0,2022.0,12.0,3.0,5,11.0,134.0,0.0,5.0,2023,8,0,1.0,6650.0,0,3,9.495594499353297
38242.0,10000.0,6.0,1995.0,2025.0,14.0,3.0,6,2.0,560.0,46.9,5.0,2025,11,0,0.0,10000.0,1,4,9.210440366976517
114521.0,55000.0,4.0,1908.792198826372,2023.0,2.0,3.0,0,11.0,0.0,0.0,4.603574926542605,2023,6,0,0.0,55000.0,0,2,10.915106645867503
34783.0,100.0,7.0,1908.792198826372,2024.0,20.0,3.0,5,7.0,220.0,94.3,4.0,2025,9,0,1.0,50.0,1,3,4.61512051684126
2472.0,80000.0,4.0,1997.0,2017.0,17.0,0.0,5,11.0,0.0,0.0,5.0,2018,1,0,1.0,40000.0,0,1,11.289794413577894
6697.0,53000.0,4.0,999.0,2018.0,10.0,3.0,2,7.0,0.0,0.0,3.0,2019,4,0,1.0,26500.0,0,2,10.87806606028079
22816.0,20000.0,7.0,1908.792198826372,2024.0,20.0,0.0,5,7.0,215.0,82.0,4.0,2024,4,0,0.0,20000.0,1,2,9.90353755128617
274969.0,30000.0,4.0,3902.0,2015.0,22.0,3.0,2,5.0,0.0,0.0,2.0,2018,2,0,3.0,7500.0,0,1,10.308985993422082
18988.0,73700.0,4.0,1908.792198826372,2020.0,19.0,3.0,0,11.0,0.0,0.0,4.603574926542605,2020,6,0,0.0,73700.0,0,2,11.207771646606407
6594.0,12200.0,4.0,1495.0,2023.0,13.0,3.0,5,11.0,0.0,0.0,4.0,2025,7,1,2.0,4066.6666666666665,0,3,9.409273194575334
17634.0,300.0,6.0,1496.0,2024.0,6.0,0.0,7,11.0,176.0,24.7,5.0,2025,1,0,1.0,150.0,1,1,5.707110264748875
39008.0,10400.0,7.0,1908.792198826372,2026.0,14.0,0.0,6,9.0,520.0,102.0,5.0,2026,3,0,0.0,10400.0,1,1,9.249657234353133
13071.0,100000.0,4.0,2976.0,2007.0,20.0,2.0,5,3.0,0.0,0.0,4.0,2007,10,0,0.0,100000.0,0,4,11.51293546492023
38831.0,12000.0,6.0,1499.0,2025.0,8.0,0.0,7,10.0,215.0,44.28,5.0,2025,11,0,0.0,12000.0,1,4,9.392745258631441
39449.0,9000.0,8.0,1498.0,2025.0,20.0,1.0,5,7.0,227.0,53.4,4.0,2026,1,0,1.0,4500.0,1,1,9.105090961257085
9685.0,52000.0,4.0,1498.0,2022.0,12.0,0.0,5,11.0,0.0,0.0,5.0,2022,5,0,0.0,52000.0,0,2,10.859018228147887
11746.0,60000.0,4.0,1991.0,2018.0,7.0,3.0,5,3.0,0.0,0.0,4.0,2020,1,0,2.0,20000.0,0,1,11.002116507732017
206065.0,80000.0,4.0,3994.0,2019.0,22.0,3.0,2,5.0,0.0,0.0,2.0,2018,12,0,0.0,80000.0,0,4,11.289794413577894
129094.0,58000.0,4.0,3982.0,2020.0,19.0,3.0,5,2.0,0.0,0.0,5.0,2020,12,0,0.0,58000.0,0,4,10.968215530759236
18664.0,10200.0,4.0,1984.0,2024.0,17.0,0.0,7,11.0,0.0,0.0,5.0,2024,9,0,0.0,10200.0,0,3,9.23024103368252
24140.0,200.0,7.0,1908.792198826372,2025.0,14.0,3.0,6,7.0,340.0,85.0,5.0,2026,6,0,1.0,100.0,1,2,5.303304908059076
7036.0,29000.0,4.0,1494.0,2023.0,12.0,3.0,5,11.0,0.0,0.0,5.0,2023,8,0,0.0,29000.0,0,3,10.275085591132715
174873.0,19000.0,4.0,3994.0,2019.0,22.0,2.0,2,5.0,0.0,0.0,2.0,2020,11,0,1.0,9500.0,0,4,9.852246888342531
12850.0,110000.0,4.0,1998.0,2020.0,17.0,0.0,5,11.0,0.0,0.0,5.0,2020,5,0,0.0,110000.0,0,2,11.608244735642321
7934.0,54200.0,4.0,1998.0,2021.0,12.0,3.0,5,11.0,0.0,0.0,5.0,2021,5,0,0.0,54200.0,0,2,10.900454637442037
9832.0,100.0,6.0,1498.0,2025.0,7.0,0.0,5,11.0,150.0,9.5,4.0,2026,4,0,1.0,50.0,1,2,4.61512051684126
10127.0,38000.0,4.0,1494.0,2023.0,12.0,3.0,5,11.0,0.0,0.0,5.0,2024,1,0,1.0,19000.0,0,1,10.545367754151743
38124.0,10800.0,7.0,1908.792198826372,2025.0,8.0,3.0,7,11.0,235.0,94.8,5.0,2026,1,0,1.0,5400.0,1,1,9.287394001418473
5152.0,11000.0,7.0,1908.792198826372,2023.0,10.0,3.0,4,11.0,35.0,17.65,3.0,2024,5,0,1.0,5500.0,1,2,9.305741456739435
54287.0,36800.0,7.0,1908.792198826372,2024.0,15.0,3.0,5,9.0,450.0,102.0,5.0,2024,4,0,0.0,36800.0,1,2,10.513280297700861
5740.0,80000.0,3.0,1908.792198826372,2020.0,5.0,3.0,0,3.0,0.0,0.0,4.0,2020,6,1,0.0,80000.0,0,2,11.289794413577894
8066.0,94000.0,7.0,1908.792198826372,2024.0,16.0,3.0,0,7.0,70.0,0.0,4.603574926542605,2024,9,0,0.0,94000.0,0,3,11.451060699493427
10274.0,35000.0,4.0,1598.0,2022.0,13.0,0.0,5,11.0,0.0,0.0,4.0,2024,8,0,2.0,11666.666666666666,0,3,10.463131911491967
7860.0,128800.0,4.0,1908.792198826372,2021.0,19.0,3.0,0,11.0,0.0,0.0,4.603574926542605,2021,7,0,0.0,128800.0,0,3,11.766023856597407
6344.0,59000.0,4.0,1494.0,2021.0,12.0,3.0,5,11.0,0.0,0.0,5.0,2021,7,0,0.0,59000.0,0,3,10.985309671896763
10568.0,118000.0,4.0,1995.0,2018.0,17.0,0.0,7,2.0,0.0,0.0,5.0,2018,12,0,0.0,118000.0,0,4,11.678448377988165
16162.0,90000.0,4.0,1908.792198826372,2018.0,19.0,0.0,0,11.0,0.0,0.0,4.603574926542605,2019,7,0,1.0,45000.0,0,3,11.407576060361786
6005.0,167000.0,7.0,1908.792198826372,2023.0,16.0,3.0,0,7.0,60.0,0.0,4.0,2023,5,0,0.0,167000.0,0,2,12.025755079404917
19283.0,60000.0,4.0,1987.0,2020.0,20.0,3.0,5,11.0,0.0,0.0,4.0,2019,9,0,0.0,60000.0,0,3,11.002116507732017
17457.0,80000.0,4.0,2972.0,2020.0,19.0,3.0,7,2.0,0.0,0.0,5.0,2020,11,0,0.0,80000.0,0,4,11.289794413577894
32943.0,66000.0,6.0,1998.0,2023.0,19.0,3.0,5,2.0,120.0,37.1,5.0,2023,12,0,0.0,66000.0,1,4,11.097425172408931
7772.0,10000.0,7.0,1908.792198826372,2024.0,13.0,3.0,5,11.0,70.0,42.3,5.0,2025,3,0,1.0,5000.0,1,1,9.210440366976517
19548.0,21000.0,8.0,1499.0,2026.0,19.0,3.0,6,7.0,170.0,38.7,5.0,2025,8,0,0.0,21000.0,1,3,9.952325334619427
7404.0,115000.0,4.0,1498.0,2016.0,12.0,1.0,5,11.0,0.0,0.0,5.0,2018,8,0,2.0,38333.333333333336,0,3,11.652696102959753
4695.0,57000.0,7.0,1908.792198826372,2021.0,10.0,1.0,4,11.0,35.0,33.0,5.0,2021,5,0,0.0,57000.0,1,2,10.950824090522445
14396.0,36000.0,4.0,1498.0,2023.0,12.0,0.0,5,11.0,0.0,0.0,5.0,2023,6,0,0.0,36000.0,0,2,10.491301994830229
17487.0,110000.0,1.0,1497.0,2020.0,7.0,3.0,4,3.0,0.0,0.0,2.0,2019,7,0,0.0,110000.0,0,3,11.608244735642321
16015.0,10000.0,7.0,1908.792198826372,2024.0,18.0,0.0,5,11.0,150.0,64.31,4.0,2024,12,0,0.0,10000.0,1,4,9.210440366976517
8802.0,19000.0,6.0,1498.0,2024.0,7.0,1.0,5,11.0,120.0,10.08,4.0,2024,8,0,0.0,19000.0,1,3,9.852246888342531
17192.0,143000.0,4.0,1997.0,2017.0,19.0,0.0,5,2.0,0.0,0.0,5.0,2017,7,0,0.0,143000.0,0,3,11.870606902224587
736.0,80000.0,4.0,1499.0,2014.0,11.0,3.0,5,11.0,0.0,0.0,5.0,2014,12,1,0.0,80000.0,0,4,11.289794413577894
1589.0,123000.0,4.0,1997.0,2017.0,12.0,3.0,5,11.0,0.0,0.0,5.0,2017,5,0,0.0,123000.0,0,2,11.719947764402807
9950.0,14500.0,7.0,1908.792198826372,2023.0,13.0,3.0,5,11.0,100.0,50.6,5.0,2023,11,0,0.0,14500.0,1,4,9.581972891547895
13071.0,70000.0,4.0,1995.0,2020.0,7.0,3.0,5,3.0,0.0,0.0,4.0,2020,1,0,0.0,70000.0,0,1,11.156264806643742
8213.0,60000.0,4.0,1494.0,2022.0,12.0,3.0,5,11.0,0.0,0.0,5.0,2022,11,0,0.0,60000.0,0,4,11.002116507732017
7183.0,48800.0,7.0,1908.792198826372,2023.0,12.0,3.0,5,11.0,120.0,0.0,5.0,2023,12,0,0.0,48800.0,0,4,10.795506083434564
24847.0,2500.0,4.0,1998.0,2026.0,12.0,1.0,5,11.0,0.0,0.0,5.0,2026,1,0,0.0,2500.0,0,1,7.824445930877619
2178.0,80000.0,4.0,1499.0,2018.0,11.0,3.0,6,11.0,0.0,0.0,5.0,2019,3,0,1.0,40000.0,0,1,11.289794413577894
16604.0,23000.0,4.0,1998.0,2022.0,12.0,1.0,5,11.0,0.0,0.0,5.0,2022,9,0,0.0,23000.0,0,3,10.043292972227004
45337.0,60000.0,1.0,2996.0,2019.0,19.0,0.0,5,2.0,0.0,0.0,5.0,2019,2,0,0.0,60000.0,0,1,11.002116507732017
22050.0,25400.0,4.0,1395.0,2023.0,12.0,3.0,5,11.0,0.0,0.0,5.0,2023,10,0,0.0,25400.0,0,4,10.142543822310387
5976.0,28000.0,4.0,1496.0,2023.0,12.0,3.0,5,11.0,0.0,0.0,5.0,2022,7,0,0.0,28000.0,0,3,10.239995502805316
2134.0,106200.0,4.0,1490.0,2016.0,13.0,3.0,5,11.0,0.0,0.0,4.0,2015,8,0,0.0,106200.0,0,3,11.5730888039415
40303.0,10.0,7.0,1908.792198826372,2026.0,19.0,3.0,5,7.0,227.0,100.0,5.0,2026,4,0,0.0,10.0,1,2,2.3978952727983707
10274.0,30000.0,4.0,1494.0,2022.0,13.0,3.0,5,11.0,0.0,0.0,5.0,2023,5,0,1.0,15000.0,0,2,10.308985993422082
126297.0,4000.0,4.0,1908.792198826372,2023.0,2.0,0.0,0,11.0,0.0,0.0,4.603574926542605,2026,1,0,3.0,1000.0,0,1,8.294299608857235
21608.0,12000.0,4.0,1395.0,2022.0,13.0,3.0,5,11.0,0.0,0.0,5.0,2023,4,0,1.0,6000.0,0,2,9.392745258631441
16162.0,11000.0,8.0,1497.0,2025.0,19.0,3.0,5,7.0,200.0,34.32,5.0,2024,12,0,0.0,11000.0,1,4,9.305741456739435
43688.0,8000.0,4.0,1908.792198826372,2022.0,22.0,3.0,0,11.0,0.0,0.0,4.603574926542605,2023,1,0,1.0,4000.0,0,1,8.987321812850125
110370.0,83000.0,1.0,2996.0,2022.0,19.0,0.0,5,2.0,0.0,0.0,5.0,2022,5,0,0.0,83000.0,0,2,11.326607934898927
8464.0,43000.0,7.0,1908.792198826372,2023.0,12.0,3.0,5,11.0,100.0,51.9,5.0,2023,5,0,0.0,43000.0,1,2,10.668978650219241
6741.0,155000.0,4.0,1995.0,2015.0,12.0,3.0,5,2.0,0.0,0.0,5.0,2015,7,0,0.0,155000.0,0,3,11.951186847493476
5858.0,110000.0,7.0,1908.792198826372,2022.0,16.0,3.0,0,7.0,60.0,0.0,4.0,2023,5,0,1.0,55000.0,0,2,11.608244735642321
14984.0,10000.0,7.0,1908.792198826372,2025.0,13.0,3.0,5,11.0,140.0,51.8,5.0,2025,8,0,0.0,10000.0,1,3,9.210440366976517
46809.0,79000.0,4.0,1991.0,2022.0,8.0,0.0,7,3.0,0.0,0.0,5.0,2022,7,0,0.0,79000.0,0,3,11.277215789596893
7183.0,63000.0,4.0,1497.0,2021.0,13.0,3.0,5,11.0,0.0,0.0,4.0,2021,7,0,0.0,63000.0,0,3,11.050905878263567
21167.0,3800.0,7.0,1908.792198826372,2026.0,20.0,3.0,5,7.0,207.0,71.35,4.0,2026,4,0,0.0,3800.0,1,2,8.24301946898925
4254.0,76900.0,7.0,1908.792198826372,2018.0,12.0,3.0,5,11.0,80.0,48.0,5.0,2018,6,0,0.0,76900.0,1,2,11.250274159310356
21785.0,1200.0,4.0,1908.792198826372,2023.0,1.0,3.0,0,11.0,0.0,0.0,4.603574926542605,2026,1,0,3.0,300.0,0,1,7.0909098220799835
36623.0,15600.0,6.0,1497.0,2025.0,14.0,3.0,5,10.0,405.0,31.7,5.0,2025,7,0,0.0,15600.0,1,3,9.65509029374725
3606.0,139000.0,3.0,1999.0,2018.0,5.0,3.0,0,3.0,0.0,0.0,4.0,2018,5,1,0.0,139000.0,0,2,11.842236406331555
27349.0,100.0,8.0,1498.0,2026.0,20.0,0.0,5,7.0,200.0,35.0,4.0,2026,5,0,0.0,100.0,1,2,4.61512051684126
5078.0,1700.0,7.0,1908.792198826372,2025.0,10.0,3.0,4,7.0,30.0,17.03,3.0,2025,12,0,0.0,1700.0,1,4,7.438971592395862
5416.0,50000.0,4.0,1392.0,2021.0,13.0,3.0,5,11.0,0.0,0.0,4.0,2022,12,0,1.0,25000.0,0,4,10.819798284210286
37653.0,12000.0,7.0,1908.792198826372,2025.0,17.0,0.0,5,9.0,331.0,78.4,5.0,2025,8,0,0.0,12000.0,1,3,9.392745258631441
8066.0,13000.0,4.0,1392.0,2024.0,13.0,3.0,5,11.0,0.0,0.0,4.0,2025,4,0,1.0,6500.0,0,2,9.472781556562168
171929.0,38600.0,7.0,1908.792198826372,2024.0,22.0,3.0,2,1.0,960.0,80.0,2.0,2025,7,0,1.0,19300.0,1,3,10.5610334618531
73305.0,90000.0,4.0,5998.0,2013.0,15.0,3.0,5,2.0,0.0,0.0,4.0,2014,2,0,1.0,45000.0,0,1,11.407576060361786
10716.0,3000.0,7.0,1908.792198826372,2025.0,13.0,3.0,5,11.0,70.0,42.3,5.0,2026,5,0,1.0,1500.0,1,2,8.006700845440367
1545.0,82400.0,4.0,1499.0,2015.0,11.0,3.0,5,11.0,0.0,0.0,5.0,2016,2,1,1.0,41200.0,0,1,11.319352851746254
12070.0,70000.0,4.0,2995.0,2018.0,17.0,1.0,5,2.0,0.0,0.0,5.0,2017,10,0,0.0,70000.0,0,4,11.156264806643742
2988.0,130000.0,4.0,1498.0,2017.0,13.0,3.0,5,11.0,0.0,0.0,4.0,2017,12,0,0.0,130000.0,0,4,11.775297421715827
21020.0,25000.0,7.0,1908.792198826372,2025.0,17.0,3.0,5,7.0,218.0,68.5,5.0,2025,6,0,0.0,25000.0,1,2,10.12667110305036
13660.0,7200.0,4.0,1998.0,2024.0,17.0,0.0,7,11.0,0.0,0.0,5.0,2025,3,0,1.0,3600.0,0,1,8.881975184248867
12924.0,25000.0,7.0,1908.792198826372,2024.0,17.0,3.0,5,11.0,185.0,65.0,5.0,2024,3,0,0.0,25000.0,1,1,10.12667110305036
5784.0,50000.0,7.0,1908.792198826372,2021.0,7.0,0.0,4,11.0,100.0,54.0,4.0,2021,6,0,0.0,50000.0,1,2,10.819798284210286
61647.0,23000.0,4.0,2497.0,2024.0,19.0,2.0,5,10.0,0.0,0.0,5.0,2024,5,0,0.0,23000.0,0,2,10.043292972227004
5711.0,80000.0,4.0,1598.0,2014.0,12.0,2.0,5,11.0,0.0,0.0,5.0,2013,11,0,0.0,80000.0,0,4,11.289794413577894
2281.0,60000.0,7.0,1908.792198826372,2017.0,10.0,3.0,4,11.0,36.0,0.0,5.0,2018,1,0,1.0,30000.0,0,1,11.002116507732017
36623.0,13600.0,6.0,1497.0,2025.0,14.0,3.0,5,2.0,405.0,31.7,5.0,2025,8,0,0.0,13600.0,1,3,9.517898598432753
16015.0,108000.0,4.0,2995.0,2017.0,19.0,0.0,5,10.0,0.0,0.0,5.0,2017,4,0,0.0,108000.0,0,2,11.58989576532275
1748736.0,7800.0,6.0,3799.0,2014.0,22.0,1.0,2,5.0,132.0,0.0,2.0,2016,7,0,2.0,2600.0,0,3,8.962007209588313
11025.0,42600.0,4.0,2498.0,2020.0,7.0,0.0,5,2.0,0.0,0.0,4.0,2020,6,0,0.0,42600.0,0,2,10.659633006160352
47663.0,110000.0,4.0,3497.0,2020.0,14.0,0.0,7,2.0,0.0,0.0,5.0,2022,10,0,2.0,36666.666666666664,0,4,11.608244735642321
27644.0,54000.0,4.0,1995.0,2022.0,12.0,3.0,5,2.0,0.0,0.0,5.0,2023,9,0,1.0,27000.0,0,3,10.896757843893464
10274.0,18900.0,7.0,1908.792198826372,2023.0,13.0,3.0,5,11.0,100.0,55.2,4.0,2023,12,0,0.0,18900.0,1,4,9.846970109700957
33561.0,79600.0,5.0,2487.0,2023.0,8.0,3.0,7,11.0,134.0,0.0,5.0,2023,10,0,0.0,79600.0,0,4,11.284781934567633
4342.0,40000.0,4.0,1598.0,2015.0,13.0,3.0,5,11.0,0.0,0.0,5.0,2015,2,1,0.0,40000.0,0,1,10.596659732783579
21491.0,50000.0,4.0,1395.0,2023.0,13.0,2.0,5,11.0,0.0,0.0,5.0,2023,5,0,0.0,50000.0,0,2,10.819798284210286
29145.0,35000.0,7.0,1908.792198826372,2024.0,22.0,3.0,2,7.0,250.0,77.0,2.0,2024,3,0,0.0,35000.0,1,1,10.463131911491967
12394.0,12200.0,4.0,1998.0,2023.0,13.0,3.0,5,11.0,0.0,0.0,4.0,2025,2,0,2.0,4066.6666666666665,0,1,9.409273194575334
42393.0,3000.0,7.0,1908.792198826372,2024.0,20.0,0.0,5,9.0,480.0,75.0,4.0,2025,5,0,1.0,1500.0,1,2,8.006700845440367
29425.0,7400.0,6.0,1499.0,2025.0,19.0,2.0,6,2.0,520.0,41.46,5.0,2025,9,0,0.0,7400.0,1,3,8.909370405197466
37977.0,60000.0,4.0,1995.0,2019.0,17.0,3.0,5,2.0,0.0,0.0,4.0,2021,1,0,2.0,20000.0,0,1,11.002116507732017
4680.0,61000.0,4.0,1598.0,2019.0,13.0,3.0,5,11.0,0.0,0.0,4.0,2019,2,0,0.0,61000.0,0,1,11.0186455364637
16162.0,300.0,7.0,1908.792198826372,2025.0,17.0,3.0,5,11.0,200.0,65.28,5.0,2026,4,0,1.0,150.0,1,2,5.707110264748875
27820.0,4000.0,6.0,1498.0,2025.0,19.0,0.0,5,2.0,360.0,35.6,5.0,2025,12,0,0.0,4000.0,1,4,8.294299608857235
27938.0,14900.0,8.0,1499.0,2024.0,19.0,0.0,5,9.0,330.0,42.0,5.0,2024,8,0,0.0,14900.0,1,3,9.60918360377546
1030.0,100000.0,4.0,1598.0,2009.0,13.0,3.0,5,11.0,0.0,0.0,4.0,2009,9,0,0.0,100000.0,0,3,11.51293546492023
7624.0,100.0,7.0,1908.792198826372,2025.0,13.0,3.0,5,11.0,70.0,31.45,5.0,2026,5,0,1.0,50.0,1,2,4.61512051684126
1619.0,88000.0,4.0,1798.0,2013.0,13.0,3.0,5,11.0,0.0,0.0,4.0,2013,1,0,0.0,88000.0,0,1,11.385103457032141
24994.0,1000.0,8.0,1499.0,2026.0,19.0,3.0,5,9.0,335.0,34.3,5.0,2026,6,0,0.0,1000.0,1,2,6.90875477931522
7919.0,53000.0,7.0,1908.792198826372,2020.0,13.0,3.0,5,11.0,100.0,58.8,4.0,2020,12,0,0.0,53000.0,1,4,10.87806606028079
17634.0,13000.0,7.0,1908.792198826372,2025.0,13.0,3.0,5,11.0,160.0,62.2,5.0,2025,5,0,0.0,13000.0,1,2,9.472781556562168
10745.0,27000.0,3.0,2498.0,2025.0,5.0,3.0,0,3.0,0.0,0.0,4.0,2025,4,1,0.0,27000.0,0,2,10.203629181337648
41039.0,20000.0,7.0,1908.792198826372,2025.0,19.0,3.0,5,9.0,508.0,101.7,5.0,2025,7,0,0.0,20000.0,1,3,9.90353755128617
20902.0,40000.0,4.0,1395.0,2021.0,13.0,3.0,5,11.0,0.0,0.0,4.0,2021,7,0,0.0,40000.0,0,3,10.596659732783579
5873.0,33400.0,7.0,1908.792198826372,2022.0,12.0,2.0,5,11.0,70.0,38.54,5.0,2023,1,0,1.0,16700.0,1,1,10.416341118636355
24420.0,78900.0,4.0,1967.0,2021.0,12.0,3.0,5,10.0,0.0,0.0,5.0,2022,2,0,1.0,39450.0,0,1,11.275949181024878
7330.0,10.0,7.0,1908.792198826372,2025.0,16.0,0.0,0,7.0,30.0,0.0,5.0,2026,6,0,1.0,5.0,0,2,2.3978952727983707
9200.0,45200.0,4.0,1598.0,2022.0,12.0,0.0,5,11.0,0.0,0.0,5.0,2023,12,0,1.0,22600.0,0,4,10.718874489469398
7330.0,7600.0,4.0,1499.0,2025.0,13.0,3.0,5,11.0,0.0,0.0,4.0,2024,7,0,0.0,7600.0,0,3,8.936035096566041
13807.0,32000.0,4.0,1498.0,2023.0,12.0,0.0,5,11.0,0.0,0.0,5.0,2023,7,0,0.0,32000.0,0,3,10.373522431293592
19989.0,6000.0,6.0,1497.0,2025.0,17.0,0.0,5,11.0,165.0,31.7,5.0,2025,4,0,0.0,6000.0,1,2,8.699681400989514
23375.0,15800.0,7.0,1908.792198826372,2025.0,19.0,3.0,5,7.0,216.0,75.0,5.0,2025,9,0,0.0,15800.0,1,3,9.6678285081515
40921.0,100.0,6.0,1497.0,2025.0,14.0,2.0,5,2.0,405.0,31.7,5.0,2026,5,0,1.0,50.0,1,2,4.61512051684126
3768.0,60000.0,7.0,1908.792198826372,2019.0,16.0,3.0,0,11.0,70.0,0.0,4.0,2021,5,0,2.0,20000.0,0,2,11.002116507732017
5681.0,39000.0,4.0,1497.0,2021.0,13.0,3.0,5,11.0,0.0,0.0,4.0,2021,8,0,0.0,39000.0,0,3,10.571342565808699
96121.0,72400.0,1.0,2996.0,2023.0,19.0,2.0,8,2.0,0.0,0.0,5.0,2023,3,0,0.0,72400.0,0,1,11.189975390433117
1766.0,74300.0,4.0,1206.0,2016.0,13.0,3.0,5,11.0,0.0,0.0,5.0,2018,11,1,2.0,24766.666666666668,0,4,11.215879689565481
4239.0,40600.0,4.0,1587.0,2018.0,11.0,3.0,5,11.0,0.0,0.0,5.0,2019,1,0,1.0,20300.0,0,1,10.611547975828369
4680.0,50000.0,7.0,1908.792198826372,2022.0,12.0,3.0,5,11.0,40.0,31.7,5.0,2022,1,0,0.0,50000.0,1,1,10.819798284210286
26466.0,7000.0,7.0,1908.792198826372,2025.0,7.0,3.0,5,9.0,440.0,72.88,4.0,2025,4,0,0.0,7000.0,1,2,8.853808274977197
2208.0,78900.0,4.0,1591.0,2018.0,12.0,3.0,5,11.0,0.0,0.0,5.0,2018,9,1,0.0,78900.0,0,3,11.275949181024878
3797.0,30000.0,7.0,1908.792198826372,2021.0,10.0,3.0,5,11.0,55.0,32.2,5.0,2022,11,0,1.0,15000.0,1,4,10.308985993422082
37977.0,12000.0,7.0,1908.792198826372,2025.0,19.0,3.0,5,9.0,508.0,101.7,5.0,2025,7,0,0.0,12000.0,1,3,9.392745258631441
5416.0,90000.0,7.0,1908.792198826372,2022.0,16.0,3.0,0,7.0,60.0,0.0,5.0,2022,9,0,0.0,90000.0,0,3,11.407576060361786
18223.0,45000.0,5.0,1987.0,2024.0,7.0,3.0,5,11.0,83.0,0.0,4.0,2024,10,0,0.0,45000.0,0,4,10.714439990727769
18400.0,19000.0,3.0,2296.0,2024.0,5.0,0.0,0,2.0,0.0,0.0,4.0,2025,1,0,1.0,9500.0,0,1,9.852246888342531
11967.0,10000.0,7.0,1908.792198826372,2026.0,17.0,0.0,5,7.0,220.0,74.9,5.0,2025,6,0,0.0,10000.0,1,2,9.210440366976517
42393.0,4400.0,8.0,1496.0,2025.0,19.0,3.0,6,9.0,330.0,52.3,5.0,2025,5,0,0.0,4400.0,1,2,8.38958706681109
13218.0,18400.0,6.0,1497.0,2026.0,18.0,3.0,5,11.0,155.0,21.1,4.0,2025,12,0,0.0,18400.0,1,4,9.820160289946374
32943.0,9200.0,7.0,1908.792198826372,2026.0,17.0,2.0,5,9.0,440.0,82.16,5.0,2025,10,0,0.0,9200.0,1,4,9.127067452782361
20755.0,20000.0,7.0,1908.792198826372,2025.0,20.0,3.0,5,11.0,168.0,72.0,4.0,2025,10,0,0.0,20000.0,1,4,9.90353755128617
7360.0,38000.0,4.0,1494.0,2023.0,12.0,3.0,5,11.0,0.0,0.0,5.0,2023,2,0,0.0,38000.0,0,1,10.545367754151743
19548.0,9600.0,8.0,1499.0,2026.0,19.0,0.0,6,7.0,170.0,38.7,5.0,2025,6,0,0.0,9600.0,1,2,9.169622538697624
2531.0,140700.0,4.0,1372.0,2016.0,12.0,3.0,5,11.0,0.0,0.0,5.0,2016,8,0,0.0,140700.0,0,3,11.854392350397763
17075.0,5500.0,8.0,1497.0,2025.0,17.0,3.0,5,7.0,175.0,31.73,5.0,2025,6,0,0.0,5500.0,1,2,8.612685172875459
13969.0,21000.0,6.0,1498.0,2025.0,18.0,3.0,5,11.0,160.0,18.71,5.0,2025,7,0,0.0,21000.0,1,3,9.952325334619427
51225.0,44022.33564427444,7.0,1908.792198826372,2026.0,14.0,3.0,6,9.0,520.0,102.0,5.0,2026,6,0,0.0,44022.33564427444,1,2,10.69247512786329
4386.0,68000.0,7.0,1908.792198826372,2022.0,21.0,3.0,4,7.0,40.0,31.9,3.0,2022,4,0,0.0,68000.0,1,2,11.127277689932466
5829.0,35000.0,7.0,1908.792198826372,2021.0,13.0,3.0,5,11.0,135.0,69.9,4.0,2021,8,0,0.0,35000.0,1,3,10.463131911491967
8802.0,88000.0,4.0,1751.0,2026.0,17.0,1.0,7,11.0,0.0,0.0,5.0,2017,12,0,0.0,88000.0,0,4,11.385103457032141
3459.0,76100.0,4.0,2488.0,2014.0,12.0,3.0,5,11.0,0.0,0.0,5.0,2014,4,0,0.0,76100.0,0,2,11.239816684367907
13954.0,6500.0,4.0,1598.0,2026.0,12.0,3.0,5,11.0,0.0,0.0,5.0,2026,3,0,0.0,6500.0,0,1,8.77971129020447
3297.0,38000.0,4.0,1498.0,2021.0,13.0,3.0,5,11.0,0.0,0.0,4.0,2022,3,0,1.0,19000.0,0,1,10.545367754151743
9803.0,30000.0,6.0,1499.0,2023.0,13.0,3.0,5,11.0,107.0,0.0,4.0,2024,1,0,1.0,15000.0,0,1,10.308985993422082
4857.0,69000.0,4.0,2429.0,2007.0,13.0,0.0,5,11.0,0.0,0.0,5.0,2007,8,0,0.0,69000.0,0,3,11.141876276228
10274.0,87200.0,4.0,2995.0,2016.0,17.0,3.0,5,2.0,0.0,0.0,5.0,2017,5,0,1.0,43600.0,0,2,11.375971077721223
17634.0,120000.0,4.0,1984.0,2020.0,17.0,3.0,5,2.0,0.0,0.0,5.0,2020,8,0,0.0,120000.0,0,3,11.695255355062795
40744.0,13000.0,6.0,1995.0,2025.0,14.0,3.0,6,2.0,560.0,46.9,5.0,2025,11,0,0.0,13000.0,1,4,9.472781556562168
12953.0,14000.0,7.0,1908.792198826372,2025.0,12.0,3.0,5,7.0,160.0,65.28,5.0,2025,9,0,0.0,14000.0,1,3,9.546884034617925
7330.0,118900.0,7.0,1908.792198826372,2021.0,12.0,1.0,5,11.0,120.0,61.3,5.0,2021,1,0,0.0,118900.0,1,1,11.686046493072437
13542.0,38000.0,4.0,1496.0,2021.0,13.0,3.0,5,11.0,0.0,0.0,4.0,2021,9,0,0.0,38000.0,0,3,10.545367754151743
5416.0,57000.0,4.0,2360.0,2014.0,17.0,3.0,7,11.0,0.0,0.0,5.0,2015,2,0,1.0,28500.0,0,1,10.950824090522445
31648.0,20500.0,7.0,1908.792198826372,2024.0,20.0,3.0,5,9.0,385.0,100.0,4.0,2024,8,0,0.0,20500.0,1,3,9.928228944424575
10716.0,13300.0,7.0,1908.792198826372,2023.0,13.0,2.0,5,11.0,105.0,49.92,5.0,2023,5,0,0.0,13300.0,1,2,9.495594499353297
8537.0,1000.0,4.0,1499.0,2026.0,13.0,0.0,5,11.0,0.0,0.0,4.0,2025,10,0,0.0,1000.0,0,4,6.90875477931522
12629.0,19000.0,4.0,1598.0,2025.0,17.0,3.0,5,11.0,0.0,0.0,5.0,2024,9,0,0.0,19000.0,0,3,9.852246888342531
4975.0,90000.0,4.0,1598.0,2014.0,12.0,3.0,5,11.0,0.0,0.0,5.0,2016,4,0,2.0,30000.0,0,2,11.407576060361786
2914.0,50000.0,4.0,1499.0,2017.0,20.0,0.0,5,11.0,0.0,0.0,4.0,2019,9,0,2.0,16666.666666666668,0,3,10.819798284210286
14101.0,32100.0,4.0,1991.0,2023.0,8.0,3.0,7,11.0,0.0,0.0,5.0,2023,4,0,0.0,32100.0,0,2,10.376642461280849
12188.0,67000.0,3.0,2000.0,2023.0,1.0,3.0,0,3.0,0.0,0.0,5.0,2024,9,1,1.0,33500.0,0,3,11.112462823634855
7183.0,15000.0,7.0,1908.792198826372,2025.0,16.0,3.0,0,7.0,60.0,0.0,4.0,2025,6,0,0.0,15000.0,0,2,9.61587214452889
26201.0,60000.0,7.0,1908.792198826372,2022.0,8.0,0.0,6,11.0,180.0,90.0,5.0,2023,4,0,1.0,30000.0,1,2,11.002116507732017
42393.0,9300.0,5.0,1995.0,2023.0,17.0,3.0,5,2.0,140.0,0.0,5.0,1990,1,0,0.0,9300.0,0,1,9.137877200242468
19548.0,55000.0,4.0,1395.0,2021.0,13.0,3.0,5,11.0,0.0,0.0,5.0,2022,12,0,1.0,27500.0,0,4,10.915106645867503
29999.0,47000.0,8.0,1499.0,2024.0,19.0,1.0,5,9.0,330.0,42.0,5.0,2024,6,0,0.0,47000.0,1,2,10.757924157061597
26466.0,43000.0,4.0,1967.0,2021.0,12.0,3.0,5,10.0,0.0,0.0,5.0,2022,2,0,1.0,21500.0,0,1,10.668978650219241
10863.0,82000.0,7.0,1908.792198826372,2022.0,12.0,3.0,5,11.0,150.0,60.48,5.0,2022,4,0,0.0,82000.0,1,2,11.314486721293981
1884.0,110000.0,4.0,1497.0,2013.0,13.0,3.0,5,11.0,0.0,0.0,4.0,2012,6,0,0.0,110000.0,0,2,11.608244735642321
27938.0,7900.0,7.0,1908.792198826372,2026.0,20.0,2.0,5,7.0,215.0,82.0,4.0,2025,11,0,0.0,7900.0,1,4,8.974744612722734
9788.0,17400.0,7.0,1908.792198826372,2023.0,13.0,3.0,5,11.0,100.0,50.6,5.0,2024,7,0,1.0,8700.0,1,3,9.76428295481558
9096.0,26100.0,7.0,1908.792198826372,2023.0,13.0,3.0,5,11.0,105.0,47.8,5.0,2023,10,0,0.0,26100.0,1,4,10.169728906753061
13660.0,18000.0,4.0,1998.0,2025.0,12.0,3.0,5,11.0,0.0,0.0,5.0,2024,12,0,0.0,18000.0,0,4,9.798182590890704
11746.0,4000.0,7.0,1908.792198826372,2025.0,13.0,3.0,5,7.0,120.0,42.1,5.0,2026,1,0,1.0,2000.0,1,1,8.294299608857235
25877.0,29000.0,1.0,1969.0,2024.0,20.0,0.0,5,11.0,0.0,0.0,4.0,2024,5,0,0.0,29000.0,0,2,10.275085591132715
12364.0,4000.0,5.0,1798.0,2026.0,13.0,3.0,5,11.0,70.0,0.0,4.0,2026,3,0,0.0,4000.0,0,1,8.294299608857235
27496.0,5700.0,8.0,1499.0,2026.0,14.0,2.0,6,9.0,345.0,39.92,5.0,2025,11,0,0.0,5700.0,1,4,8.648396877031582
21344.0,600.0,4.0,1495.0,2021.0,0.0,3.0,7,11.0,0.0,0.0,5.0,2023,2,0,2.0,200.0,0,1,6.398594934535208
27938.0,1000.0,8.0,1497.0,2025.0,19.0,3.0,5,7.0,231.0,39.05,4.0,2025,8,0,0.0,1000.0,1,3,6.90875477931522
12953.0,38400.0,4.0,1967.0,2021.0,5.0,3.0,0,10.0,0.0,0.0,4.0,2022,5,0,1.0,19200.0,0,2,10.555838779903407
10583.0,72400.0,4.0,1498.0,2022.0,13.0,3.0,5,11.0,0.0,0.0,4.0,2022,2,0,0.0,72400.0,0,1,11.189975390433117
9568.0,7000.0,7.0,1908.792198826372,2025.0,1.0,3.0,0,7.0,60.0,0.0,5.0,2025,12,0,0.0,7000.0,0,4,8.853808274977197
9759.0,98500.0,4.0,1995.0,2020.0,17.0,0.0,7,11.0,0.0,0.0,5.0,2020,11,0,0.0,98500.0,0,4,11.49782197939291
3650.0,75000.0,7.0,1908.792198826372,2018.0,12.0,3.0,5,11.0,80.0,48.0,5.0,2018,12,0,0.0,75000.0,1,4,11.225256725762893
7212.0,93000.0,4.0,2985.0,2014.0,20.0,0.0,5,3.0,0.0,0.0,4.0,2016,8,0,2.0,31000.0,0,3,11.440365524765756
40038.0,15000.0,7.0,1908.792198826372,2025.0,19.0,3.0,5,9.0,508.0,101.7,5.0,2025,11,0,0.0,15000.0,1,4,9.61587214452889
6403.0,125000.0,4.0,3664.0,2010.0,19.0,3.0,7,10.0,0.0,0.0,5.0,2011,3,0,1.0,62500.0,0,1,11.736077016252437
23552.0,12000.0,4.0,1998.0,2025.0,12.0,1.0,5,2.0,0.0,0.0,5.0,2025,3,0,0.0,12000.0,0,1,9.392745258631441
3164.0,76100.0,4.0,1598.0,2018.0,12.0,0.0,5,11.0,0.0,0.0,5.0,2018,1,0,0.0,76100.0,0,1,11.239816684367907
85081.0,53000.0,8.0,1997.0,2023.0,14.0,0.0,5,1.0,880.0,49.05,5.0,2024,6,0,1.0,26500.0,1,2,10.87806606028079
6417.0,64000.0,4.0,1499.0,2019.0,12.0,3.0,5,11.0,0.0,0.0,5.0,2019,8,0,0.0,64000.0,0,3,11.06665398721974
51343.0,4900.0,4.0,2261.0,2024.0,17.0,1.0,5,2.0,0.0,0.0,4.0,2024,8,0,0.0,4900.0,0,3,8.497194544909547
1442.0,120000.0,4.0,1368.0,2012.0,13.0,3.0,5,11.0,0.0,0.0,4.0,2014,9,0,2.0,40000.0,0,3,11.695255355062795
19710.0,62400.0,7.0,1908.792198826372,2021.0,19.0,3.0,6,9.0,440.0,97.0,5.0,2022,10,0,1.0,31200.0,1,4,11.041336579870135
3974.0,54700.0,7.0,1908.792198826372,2020.0,10.0,1.0,4,7.0,40.0,31.9,3.0,2021,1,0,1.0,27350.0,1,1,10.909637269778615
69007.0,8000.0,6.0,1974.0,2025.0,14.0,3.0,6,10.0,660.0,70.0,5.0,2026,1,0,1.0,4000.0,1,1,8.987321812850125
14101.0,16000.0,6.0,1497.0,2025.0,17.0,3.0,5,11.0,165.0,31.7,5.0,2025,7,0,0.0,16000.0,1,3,9.680406499268875
10598.0,50000.0,7.0,1908.792198826372,2023.0,12.0,3.0,5,11.0,150.0,61.7,5.0,2024,3,0,1.0,25000.0,1,1,10.819798284210286
8802.0,300.0,4.0,1499.0,2026.0,13.0,0.0,5,11.0,0.0,0.0,4.0,2026,3,0,0.0,300.0,0,1,5.707110264748875
10156.0,15000.0,7.0,1908.792198826372,2025.0,13.0,3.0,5,7.0,120.0,42.1,5.0,2025,11,0,0.0,15000.0,1,4,9.61587214452889
7330.0,110000.0,4.0,1999.0,2019.0,12.0,3.0,5,11.0,0.0,0.0,5.0,2019,9,0,0.0,110000.0,0,3,11.608244735642321
3356.0,40000.0,4.0,1370.0,2022.0,16.0,3.0,0,5.0,0.0,0.0,5.0,2023,10,1,1.0,20000.0,0,4,10.596659732783579
121881.0,3000.0,7.0,1908.792198826372,2024.0,20.0,3.0,4,9.0,380.0,105.0,4.0,2025,7,0,1.0,1500.0,1,3,8.006700845440367
136601.0,19000.0,4.0,1908.792198826372,2023.0,2.0,3.0,0,11.0,0.0,0.0,4.603574926542605,2024,4,0,1.0,9500.0,0,2,9.852246888342531
17634.0,5000.0,4.0,1989.0,2025.0,7.0,0.0,5,11.0,0.0,0.0,4.0,2026,5,0,1.0,2500.0,0,2,8.517393171418904
20578.0,29000.0,7.0,1908.792198826372,2024.0,19.0,3.0,5,7.0,215.0,82.0,5.0,2024,11,0,0.0,29000.0,1,4,10.275085591132715
9244.0,32000.0,4.0,1485.0,2023.0,13.0,3.0,5,11.0,0.0,0.0,4.0,2023,7,0,0.0,32000.0,0,3,10.373522431293592
40921.0,6000.0,7.0,1908.792198826372,2025.0,19.0,1.0,5,9.0,508.0,101.7,5.0,2025,7,0,0.0,6000.0,1,3,8.699681400989514
17634.0,28000.0,4.0,1495.0,2021.0,0.0,1.0,7,11.0,0.0,0.0,5.0,2022,7,0,1.0,14000.0,0,3,10.239995502805316
14646.0,8800.0,7.0,1908.792198826372,2025.0,13.0,2.0,5,7.0,120.0,42.1,5.0,2025,5,0,0.0,8800.0,1,2,9.082620630373812
3179.0,62700.0,7.0,1908.792198826372,2020.0,10.0,3.0,2,11.0,29.0,28.0,3.0,2020,8,0,0.0,62700.0,1,3,11.046132675457146
3326.0,63000.0,7.0,1908.792198826372,2021.0,16.0,3.0,0,7.0,60.0,0.0,5.0,2022,6,0,1.0,31500.0,0,2,11.050905878263567
12924.0,30000.0,4.0,1498.0,2021.0,17.0,0.0,5,11.0,0.0,0.0,5.0,2022,6,0,1.0,15000.0,0,2,10.308985993422082
21550.0,2400.0,8.0,1498.0,2026.0,7.0,3.0,5,7.0,200.0,27.4,4.0,2026,4,0,0.0,2400.0,1,2,7.783640596221253
7330.0,112000.0,4.0,1798.0,2017.0,17.0,3.0,5,11.0,0.0,0.0,5.0,2017,12,0,0.0,112000.0,0,4,11.626263078808801
3944.0,29300.0,4.0,1590.0,2020.0,12.0,3.0,5,11.0,0.0,0.0,5.0,2019,7,1,0.0,29300.0,0,3,10.285376924115587
23257.0,41000.0,4.0,1996.0,2020.0,17.0,3.0,5,2.0,0.0,0.0,5.0,2022,1,0,2.0,13666.666666666666,0,1,10.62135173563291
32810.0,6000.0,7.0,1908.792198826372,2026.0,19.0,2.0,5,7.0,215.0,100.0,5.0,2025,10,0,0.0,6000.0,1,4,8.699681400989514
39008.0,200.0,8.0,1496.0,2026.0,14.0,0.0,6,9.0,380.0,52.0,5.0,2026,6,0,0.0,200.0,1,2,5.303304908059076
14101.0,9000.0,7.0,1908.792198826372,2025.0,17.0,3.0,5,7.0,170.0,65.28,5.0,2025,9,0,0.0,9000.0,1,3,9.105090961257085
14543.0,8000.0,7.0,1908.792198826372,2023.0,22.0,3.0,4,9.0,340.0,78.0,2.0,2024,6,0,1.0,4000.0,1,2,8.987321812850125
6741.0,93000.0,7.0,1908.792198826372,2018.0,13.0,3.0,5,11.0,160.0,60.23,4.0,2019,3,0,1.0,46500.0,1,1,11.440365524765756
8508.0,21000.0,7.0,1908.792198826372,2025.0,13.0,1.0,5,11.0,105.0,53.95,4.0,2025,6,0,0.0,21000.0,1,2,9.952325334619427
55906.0,200.0,6.0,1974.0,2026.0,19.0,0.0,5,2.0,660.0,70.0,5.0,2026,6,0,0.0,200.0,1,2,5.303304908059076
34592.0,11000.0,7.0,1908.792198826372,2024.0,20.0,0.0,5,7.0,227.0,100.0,4.0,2024,9,0,0.0,11000.0,1,3,9.305741456739435
18517.0,20000.0,7.0,1908.792198826372,2024.0,6.0,3.0,7,11.0,180.0,77.0,5.0,2023,11,0,0.0,20000.0,1,4,9.90353755128617
28998.0,84000.0,4.0,1998.0,2020.0,19.0,1.0,5,2.0,0.0,0.0,5.0,2019,7,0,0.0,84000.0,0,3,11.338583982516495
8802.0,4000.0,7.0,1908.792198826372,2024.0,13.0,1.0,5,11.0,70.0,42.3,5.0,2025,4,0,1.0,2000.0,1,2,8.294299608857235
285273.0,40000.0,4.0,3994.0,2019.0,22.0,3.0,2,5.0,0.0,0.0,2.0,2020,10,0,1.0,20000.0,0,4,10.596659732783579
13512.0,40000.0,2.0,1998.0,2018.0,17.0,3.0,5,2.0,0.0,0.0,5.0,2019,3,0,1.0,20000.0,0,1,10.596659732783579
135129.0,112000.0,4.0,1908.792198826372,2018.0,19.0,3.0,0,11.0,0.0,0.0,4.603574926542605,2019,11,0,1.0,56000.0,0,4,11.626263078808801
2487.0,79000.0,4.0,1451.0,2019.0,16.0,3.0,0,5.0,0.0,0.0,5.0,2020,7,1,1.0,39500.0,0,3,11.277215789596893
5711.0,103000.0,7.0,1908.792198826372,2022.0,13.0,1.0,5,11.0,142.0,50.1,5.0,2022,10,0,0.0,103000.0,1,4,11.542493975902508
4268.0,9400.0,4.0,999.0,2019.0,13.0,3.0,5,11.0,0.0,0.0,4.0,2020,5,0,1.0,4700.0,0,2,9.148571345578551
48281.0,100.0,7.0,1908.792198826372,2026.0,14.0,0.0,6,9.0,520.0,102.0,5.0,2026,6,0,0.0,100.0,1,2,4.61512051684126
8802.0,11000.0,3.0,1996.0,2022.0,5.0,0.0,0,3.0,0.0,0.0,4.0,2022,9,1,0.0,11000.0,0,3,9.305741456739435
19136.0,42500.0,4.0,1395.0,2021.0,13.0,3.0,5,11.0,0.0,0.0,5.0,2021,12,0,0.0,42500.0,0,4,10.657282884047461
18959.0,49000.0,4.0,2487.0,2022.0,7.0,0.0,5,11.0,0.0,0.0,4.0,2023,1,0,1.0,24500.0,0,1,10.799595985047786
11113.0,25000.0,4.0,1494.0,2023.0,12.0,3.0,5,11.0,0.0,0.0,5.0,2024,6,0,1.0,12500.0,0,2,10.12667110305036
8802.0,5900.0,4.0,1499.0,2022.0,12.0,3.0,5,11.0,0.0,0.0,5.0,2023,1,0,1.0,2950.0,0,1,8.682877107057168
3680.0,28400.0,7.0,1908.792198826372,2022.0,10.0,3.0,4,11.0,30.0,12.92,3.0,2023,7,0,1.0,14200.0,1,3,10.254179634797001
38242.0,11000.0,8.0,1496.0,2025.0,19.0,0.0,6,9.0,330.0,42.8,5.0,2025,12,0,0.0,11000.0,1,4,9.305741456739435
10716.0,4000.0,7.0,1908.792198826372,2026.0,13.0,3.0,5,7.0,85.0,40.16,5.0,2025,10,0,0.0,4000.0,1,4,8.294299608857235
10127.0,30000.0,3.0,1996.0,2021.0,5.0,3.0,0,3.0,0.0,0.0,4.0,2021,7,0,0.0,30000.0,0,3,10.308985993422082
28409.0,64000.0,4.0,1998.0,2020.0,20.0,3.0,5,3.0,0.0,0.0,4.0,2020,4,0,0.0,64000.0,0,2,11.06665398721974
23080.0,6000.0,7.0,1908.792198826372,2024.0,17.0,3.0,5,7.0,250.0,76.0,5.0,2025,10,0,1.0,3000.0,1,4,8.699681400989514
21785.0,15100.0,4.0,1499.0,2022.0,13.0,3.0,5,11.0,0.0,0.0,6.0,2022,3,0,0.0,15100.0,0,1,9.62251624577579
15456.0,60000.0,4.0,1991.0,2023.0,8.0,3.0,7,11.0,0.0,0.0,5.0,2023,2,0,0.0,60000.0,0,1,11.002116507732017
2914.0,27000.0,7.0,1908.792198826372,2022.0,21.0,3.0,4,7.0,20.0,13.6,3.0,2023,10,0,1.0,13500.0,1,4,10.203629181337648
19695.0,10000.0,6.0,1499.0,2025.0,19.0,3.0,6,11.0,180.0,41.46,5.0,2026,1,0,1.0,5000.0,1,1,9.210440366976517
11304.0,700.0,6.0,1498.0,2025.0,13.0,1.0,5,11.0,120.0,15.87,4.0,2025,3,0,0.0,700.0,1,1,6.55250788703459
10127.0,30600.0,7.0,1908.792198826372,2025.0,13.0,2.0,5,7.0,85.0,40.16,5.0,2024,10,0,0.0,30600.0,1,4,10.328787967145063
18076.0,80000.0,4.0,1998.0,2020.0,20.0,3.0,5,3.0,0.0,0.0,4.0,2019,11,0,0.0,80000.0,0,4,11.289794413577894
12188.0,45000.0,8.0,1499.0,2024.0,17.0,3.0,5,7.0,170.0,40.0,5.0,2024,9,0,0.0,45000.0,1,3,10.714439990727769
14248.0,100000.0,4.0,1995.0,2017.0,18.0,3.0,5,3.0,0.0,0.0,4.0,2019,2,0,2.0,33333.333333333336,0,1,11.51293546492023
2472.0,100000.0,4.0,1396.0,2015.0,13.0,3.0,5,11.0,0.0,0.0,4.0,2016,9,0,1.0,50000.0,0,3,11.51293546492023
11481.0,68300.0,4.0,1498.0,2021.0,17.0,3.0,5,11.0,0.0,0.0,5.0,2022,7,0,1.0,34150.0,0,3,11.131679686740132
19106.0,90000.0,4.0,3604.0,2016.0,19.0,0.0,5,2.0,0.0,0.0,5.0,2016,10,0,0.0,90000.0,0,4,11.407576060361786
3665.0,70000.0,4.0,1349.0,2019.0,13.0,3.0,5,11.0,0.0,0.0,4.0,2020,10,0,1.0,35000.0,0,4,11.156264806643742
17340.0,14000.0,4.0,1998.0,2021.0,12.0,3.0,5,11.0,0.0,0.0,5.0,2023,5,0,2.0,4666.666666666667,0,2,9.546884034617925
2472.0,150000.0,4.0,1586.0,2013.0,13.0,3.0,5,11.0,0.0,0.0,5.0,2015,4,0,2.0,50000.0,0,2,11.918397239722838
31206.0,39050.0,4.0,2261.0,2023.0,19.0,3.0,7,2.0,0.0,0.0,5.0,2023,11,0,0.0,39050.0,0,4,10.57262376313457
2502.0,93200.0,4.0,1343.0,2016.0,13.0,3.0,5,11.0,0.0,0.0,5.0,2017,4,0,1.0,46600.0,0,2,11.442513730229855
6888.0,22000.0,4.0,1494.0,2022.0,13.0,3.0,5,11.0,0.0,0.0,5.0,2023,3,0,1.0,11000.0,0,1,9.99884318585288
33679.0,100.0,7.0,1908.792198826372,2026.0,20.0,3.0,5,7.0,264.0,81.0,5.0,2026,6,0,0.0,100.0,1,2,4.61512051684126
21785.0,9000.0,8.0,1499.0,2025.0,19.0,3.0,5,9.0,345.0,41.16,5.0,2025,8,0,0.0,9000.0,1,3,9.105090961257085
14543.0,58000.0,4.0,1995.0,2020.0,7.0,2.0,5,3.0,0.0,0.0,4.0,2020,4,0,0.0,58000.0,0,2,10.968215530759236
21461.0,32000.0,8.0,1497.0,2024.0,17.0,3.0,5,7.0,231.0,39.05,5.0,2025,3,0,1.0,16000.0,1,1,10.373522431293592
23228.0,77000.0,4.0,1996.0,2019.0,17.0,3.0,5,10.0,0.0,0.0,5.0,2021,1,0,2.0,25666.666666666668,0,1,11.251573687764477
8066.0,85000.0,4.0,1969.0,2019.0,13.0,3.0,5,2.0,0.0,0.0,4.0,2019,12,0,0.0,85000.0,0,4,11.350418300109132
21608.0,20300.0,4.0,1995.0,2023.0,17.0,3.0,7,11.0,0.0,0.0,5.0,2024,6,0,1.0,10150.0,0,2,9.918425424900335
30323.0,24600.0,7.0,1908.792198826372,2024.0,19.0,3.0,5,7.0,215.0,100.0,5.0,2025,1,0,1.0,12300.0,1,1,10.110542371500753
33120.0,30000.0,1.0,1995.0,2022.0,20.0,1.0,5,3.0,0.0,0.0,4.0,2022,5,0,0.0,30000.0,0,2,10.308985993422082
12997.0,30000.0,8.0,1497.0,2025.0,19.0,0.0,5,7.0,200.0,34.32,5.0,2025,4,0,0.0,30000.0,1,2,10.308985993422082
6712.0,74000.0,4.0,1353.0,2020.0,13.0,3.0,5,11.0,0.0,0.0,4.0,2020,12,0,0.0,74000.0,0,4,11.211833885608513
17487.0,70000.0,4.0,1997.0,2020.0,17.0,3.0,5,2.0,0.0,0.0,5.0,2021,9,0,1.0,35000.0,0,3,11.156264806643742
20019.0,27000.0,4.0,1997.0,2021.0,20.0,3.0,5,3.0,0.0,0.0,4.0,2022,6,0,1.0,13500.0,0,2,10.203629181337648
3076.0,123800.0,4.0,1908.792198826372,2018.0,12.0,3.0,5,11.0,0.0,0.0,5.0,2018,10,0,0.0,123800.0,0,4,11.726430716744437
18664.0,68000.0,7.0,1908.792198826372,2021.0,7.0,0.0,5,7.0,220.0,55.0,4.0,2022,1,0,1.0,34000.0,1,1,11.127277689932466
2472.0,80000.0,4.0,1499.0,2015.0,12.0,0.0,5,11.0,0.0,0.0,5.0,2016,5,0,1.0,40000.0,0,2,11.289794413577894
30882.0,37000.0,4.0,1995.0,2022.0,12.0,3.0,5,10.0,0.0,0.0,5.0,2022,11,0,0.0,37000.0,0,4,10.518700218288165
8817.0,11600.0,7.0,1908.792198826372,2026.0,12.0,3.0,5,11.0,75.0,31.9,5.0,2025,7,0,0.0,11600.0,1,3,9.358846580275406
2472.0,49700.0,4.0,1499.0,2018.0,12.0,3.0,5,11.0,0.0,0.0,5.0,2018,1,1,0.0,49700.0,0,1,10.813780332606648
12776.0,90000.0,4.0,1997.0,2019.0,20.0,1.0,5,3.0,0.0,0.0,4.0,2019,1,0,0.0,90000.0,0,1,11.407576060361786
9096.0,60000.0,4.0,1490.0,2022.0,17.0,0.0,5,11.0,0.0,0.0,5.0,2022,7,0,0.0,60000.0,0,3,11.002116507732017
2443.0,34700.0,4.0,1499.0,2014.0,12.0,3.0,5,11.0,0.0,0.0,5.0,2015,10,0,1.0,17350.0,0,4,10.454523783963511
2340.0,78300.0,4.0,1584.0,2016.0,6.0,3.0,7,3.0,0.0,0.0,4.0,2017,1,1,1.0,39150.0,0,1,11.268315653289422
2325.0,73100.0,4.0,1498.0,2017.0,17.0,3.0,7,11.0,0.0,0.0,5.0,2017,11,0,0.0,73100.0,0,4,11.199597325534862
88246.0,28000.0,1.0,3470.0,2023.0,15.0,0.0,4,2.0,0.0,0.0,4.0,2023,5,0,0.0,28000.0,0,2,10.239995502805316
20357.0,42000.0,7.0,1908.792198826372,2023.0,19.0,3.0,5,7.0,250.0,90.0,5.0,2024,1,0,1.0,21000.0,1,1,10.645448706505872
14690.0,10000.0,7.0,1908.792198826372,2025.0,13.0,3.0,5,7.0,120.0,42.1,5.0,2025,4,0,0.0,10000.0,1,2,9.210440366976517
48281.0,100.0,6.0,1998.0,2026.0,19.0,3.0,5,2.0,455.0,59.05,5.0,2026,2,0,0.0,100.0,1,1,4.61512051684126
39449.0,12830.0,6.0,1499.0,2025.0,8.0,0.0,7,10.0,215.0,44.28,5.0,2026,1,0,1.0,6415.0,1,1,9.459619396895018
26348.0,30000.0,6.0,1497.0,2023.0,17.0,3.0,5,2.0,485.0,31.8,5.0,2024,1,0,1.0,15000.0,1,1,10.308985993422082
3503.0,40000.0,7.0,1908.792198826372,2022.0,10.0,3.0,4,7.0,30.0,17.3,3.0,2022,12,0,0.0,40000.0,1,4,10.596659732783579
9832.0,42000.0,7.0,1908.792198826372,2025.0,18.0,3.0,5,11.0,160.0,59.22,4.0,2024,9,0,0.0,42000.0,1,3,10.645448706505872
4828.0,18000.0,4.0,1908.792198826372,2021.0,5.0,3.0,0,3.0,0.0,0.0,4.0,2022,4,1,1.0,9000.0,0,2,9.798182590890704
15573.0,14000.0,4.0,1497.0,2021.0,12.0,3.0,5,11.0,0.0,0.0,5.0,2022,4,0,1.0,7000.0,0,2,9.546884034617925
350336.0,6500.0,4.0,3799.0,2019.0,22.0,3.0,2,5.0,0.0,0.0,2.0,2020,1,0,1.0,3250.0,0,1,8.77971129020447
17369.0,70000.0,4.0,1969.0,2020.0,17.0,3.0,5,2.0,0.0,0.0,5.0,2020,4,0,0.0,70000.0,0,2,11.156264806643742
18517.0,4000.0,6.0,1499.0,2026.0,12.0,3.0,5,2.0,220.0,27.54,5.0,2026,3,0,0.0,4000.0,1,1,8.294299608857235
3312.0,36000.0,4.0,1498.0,2021.0,7.0,0.0,5,11.0,0.0,0.0,4.0,2021,1,0,0.0,36000.0,0,1,10.491301994830229
6815.0,230000.0,7.0,1908.792198826372,2023.0,13.0,3.0,5,11.0,100.0,55.2,4.0,2023,6,0,0.0,230000.0,1,2,12.345838935721968
8213.0,48000.0,7.0,1908.792198826372,2019.0,13.0,3.0,5,11.0,135.0,58.8,4.0,2020,12,0,1.0,24000.0,1,4,10.778977123006351
12040.0,66000.0,4.0,1991.0,2018.0,18.0,3.0,5,3.0,0.0,0.0,4.0,2020,2,0,2.0,22000.0,0,1,11.097425172408931
5740.0,63900.0,4.0,1460.0,2021.0,13.0,3.0,5,11.0,0.0,0.0,4.0,2023,3,0,2.0,21300.0,0,1,11.065090289695444
8434.0,33000.0,7.0,1908.792198826372,2023.0,12.0,3.0,5,11.0,150.0,68.2,5.0,2024,1,0,1.0,16500.0,1,1,10.404293143019792
9685.0,37000.0,7.0,1908.792198826372,2025.0,16.0,3.0,0,5.0,70.0,0.0,2.0,2025,5,0,0.0,37000.0,0,2,10.518700218288165
160153.0,9200.0,8.0,1997.0,2025.0,14.0,0.0,6,1.0,880.0,55.53,5.0,2026,1,0,1.0,4600.0,1,1,9.127067452782361
459264.0,11000.0,6.0,2992.0,2021.0,22.0,3.0,2,5.0,122.0,7.45,2.0,2024,2,0,3.0,2750.0,1,1,9.305741456739435
1825.0,33600.0,4.0,1498.0,2016.0,12.0,3.0,5,11.0,0.0,0.0,5.0,2016,7,1,0.0,33600.0,0,3,10.422311107413181
10245.0,4200.0,7.0,1908.792198826372,2026.0,13.0,3.0,5,11.0,120.0,42.8,5.0,2026,3,0,0.0,4200.0,1,1,8.343077871169383
18252.0,127000.0,4.0,1991.0,2020.0,8.0,0.0,7,3.0,0.0,0.0,5.0,2020,10,0,0.0,127000.0,0,4,11.751950239425476
3238.0,60000.0,4.0,1587.0,2018.0,13.0,3.0,5,11.0,0.0,0.0,4.0,2018,7,0,0.0,60000.0,0,3,11.002116507732017
71833.0,77000.0,7.0,1908.792198826372,2019.0,20.0,3.0,4,9.0,500.0,93.4,4.0,2021,3,0,2.0,25666.666666666668,1,1,11.251573687764477
19106.0,56000.0,4.0,1984.0,2021.0,18.0,2.0,5,11.0,0.0,0.0,5.0,2022,6,0,1.0,28000.0,0,2,10.933124826700707
11157.0,56000.0,4.0,1498.0,2022.0,12.0,3.0,5,11.0,0.0,0.0,5.0,2022,4,0,0.0,56000.0,0,2,10.933124826700707
39449.0,80000.0,4.0,2979.0,2021.0,19.0,1.0,5,2.0,0.0,0.0,5.0,2021,7,0,0.0,80000.0,0,3,11.289794413577894
13807.0,25000.0,4.0,1998.0,2022.0,13.0,3.0,5,11.0,0.0,0.0,4.0,2022,11,0,0.0,25000.0,0,4,10.12667110305036
3356.0,112000.0,4.0,1598.0,2014.0,12.0,3.0,5,11.0,0.0,0.0,5.0,2016,1,0,2.0,37333.333333333336,0,1,11.626263078808801
22050.0,16000.0,7.0,1908.792198826372,2024.0,19.0,0.0,5,7.0,250.0,99.5,5.0,2024,11,0,0.0,16000.0,1,4,9.680406499268875
46780.0,54000.0,8.0,1499.0,2024.0,14.0,0.0,6,9.0,365.0,42.0,5.0,2025,1,0,1.0,27000.0,1,1,10.896757843893464
9685.0,91000.0,7.0,1908.792198826372,2023.0,20.0,3.0,5,7.0,250.0,77.0,5.0,2023,5,0,0.0,91000.0,1,2,11.418625774449598
66210.0,54000.0,7.0,1908.792198826372,2023.0,19.0,3.0,5,9.0,675.0,112.0,5.0,2023,7,0,0.0,54000.0,1,3,10.896757843893464
15279.0,26000.0,4.0,1498.0,2023.0,17.0,0.0,7,11.0,0.0,0.0,5.0,2023,6,0,0.0,26000.0,0,2,10.165890277802454
23522.0,34000.0,8.0,1497.0,2024.0,17.0,3.0,5,7.0,231.0,39.05,5.0,2025,3,0,1.0,17000.0,1,1,10.434145214930487
12247.0,11000.0,4.0,1998.0,2024.0,17.0,3.0,5,11.0,0.0,0.0,5.0,2024,12,0,0.0,11000.0,0,4,9.305741456739435
173401.0,39000.0,4.0,2981.0,2022.0,22.0,0.0,4,6.0,0.0,0.0,2.0,2022,1,0,0.0,39000.0,0,1,10.571342565808699
10451.0,100.0,7.0,1908.792198826372,2026.0,12.0,3.0,5,11.0,120.0,40.3,5.0,2026,4,0,0.0,100.0,1,2,4.61512051684126
29410.0,56000.0,6.0,1998.0,2023.0,19.0,3.0,5,10.0,120.0,37.1,5.0,2023,7,0,0.0,56000.0,1,3,10.933124826700707
25877.0,10000.0,7.0,1908.792198826372,2025.0,20.0,3.0,5,9.0,579.0,100.0,5.0,2025,5,0,0.0,10000.0,1,2,9.210440366976517
22639.0,21400.0,7.0,1908.792198826372,2025.0,17.0,3.0,5,9.0,380.0,87.04,5.0,2025,4,0,0.0,21400.0,1,2,9.97119292889014
18517.0,16000.0,7.0,1908.792198826372,2026.0,19.0,3.0,6,7.0,200.0,82.28,5.0,2025,10,0,0.0,16000.0,1,4,9.680406499268875
6638.0,19000.0,4.0,1598.0,2024.0,13.0,0.0,5,11.0,0.0,0.0,4.0,2023,11,0,0.0,19000.0,0,4,9.852246888342531
26937.0,1200.0,4.0,1997.0,2024.0,19.0,3.0,6,2.0,0.0,0.0,5.0,2024,2,0,0.0,1200.0,0,1,7.0909098220799835
35033.0,40000.0,8.0,1496.0,2022.0,14.0,0.0,6,9.0,330.0,42.6,5.0,2022,11,0,0.0,40000.0,1,4,10.596659732783579
47516.0,18000.0,5.0,2487.0,2023.0,19.0,3.0,5,2.0,174.0,0.0,5.0,2023,1,0,0.0,18000.0,0,1,9.798182590890704
11143.0,8000.0,4.0,1485.0,2024.0,13.0,3.0,5,11.0,0.0,0.0,4.0,2023,5,0,0.0,8000.0,0,2,8.987321812850125
11746.0,2800.0,6.0,1499.0,2024.0,12.0,3.0,5,11.0,150.0,18.3,5.0,2025,7,0,1.0,1400.0,1,3,7.937731775260109
25318.0,32000.0,8.0,1496.0,2024.0,19.0,3.0,5,9.0,300.0,36.8,5.0,2024,9,0,0.0,32000.0,1,3,10.373522431293592
9832.0,48000.0,3.0,1996.0,2021.0,5.0,0.0,0,2.0,0.0,0.0,4.0,2021,11,0,0.0,48000.0,0,4,10.778977123006351
16633.0,19000.0,7.0,1908.792198826372,2024.0,20.0,3.0,5,7.0,250.0,80.0,4.0,2025,1,0,1.0,9500.0,1,1,9.852246888342531
30617.0,63000.0,4.0,2979.0,2016.0,19.0,1.0,5,2.0,0.0,0.0,5.0,2016,12,0,0.0,63000.0,0,4,11.050905878263567
10009.0,107000.0,4.0,1999.0,2017.0,20.0,3.0,5,3.0,0.0,0.0,4.0,2017,1,0,0.0,107000.0,0,1,11.580593459194764
17634.0,26000.0,7.0,1908.792198826372,2025.0,20.0,3.0,5,7.0,230.0,77.0,4.0,2025,8,0,0.0,26000.0,1,3,10.165890277802454
25583.0,20000.0,7.0,1908.792198826372,2025.0,7.0,3.0,5,9.0,440.0,72.88,4.0,2025,4,0,0.0,20000.0,1,2,9.90353755128617
1810.0,39000.0,4.0,1451.0,2019.0,16.0,3.0,0,5.0,0.0,0.0,5.0,2020,11,1,1.0,19500.0,0,4,10.571342565808699
15573.0,8500.0,7.0,1908.792198826372,2025.0,12.0,3.0,5,7.0,160.0,60.9,5.0,2025,8,0,0.0,8500.0,1,3,9.04793908261736
20593.0,18400.0,8.0,1498.0,2025.0,12.0,0.0,5,9.0,403.0,40.3,4.0,2025,9,0,0.0,18400.0,1,3,9.820160289946374
18974.0,27000.0,8.0,1499.0,2026.0,19.0,0.0,6,7.0,170.0,38.7,5.0,2025,7,0,0.0,27000.0,1,3,10.203629181337648
17855.0,34900.0,6.0,1499.0,2025.0,12.0,3.0,5,11.0,150.0,43.2,5.0,2025,9,0,0.0,34900.0,1,3,10.460270761075149
26466.0,60000.0,7.0,1908.792198826372,2023.0,20.0,1.0,4,9.0,494.0,120.0,4.0,2023,5,0,0.0,60000.0,1,2,11.002116507732017
22050.0,46000.0,7.0,1908.792198826372,2021.0,14.0,3.0,6,9.0,320.0,84.0,5.0,2022,1,0,1.0,23000.0,1,1,10.736418414365376
5299.0,50000.0,7.0,1908.792198826372,2021.0,11.0,3.0,5,11.0,70.0,37.23,5.0,2022,5,0,1.0,25000.0,1,2,10.819798284210286
29410.0,9200.0,6.0,1998.0,2025.0,12.0,3.0,5,2.0,130.0,36.7,5.0,2025,3,0,0.0,9200.0,1,1,9.127067452782361
14248.0,32000.0,4.0,1395.0,2023.0,13.0,3.0,5,11.0,0.0,0.0,5.0,2024,3,0,1.0,16000.0,0,1,10.373522431293592
9568.0,22000.0,7.0,1908.792198826372,2025.0,12.0,3.0,5,11.0,122.0,48.35,5.0,2025,5,0,0.0,22000.0,1,2,9.99884318585288
16015.0,2700.0,7.0,1908.792198826372,2025.0,12.0,3.0,5,7.0,160.0,60.9,5.0,2025,4,0,0.0,2700.0,1,2,7.901377353792616
25583.0,14000.0,4.0,1497.0,2021.0,7.0,3.0,5,3.0,0.0,0.0,4.0,2021,12,0,0.0,14000.0,0,4,9.546884034617925
7624.0,86000.0,7.0,1908.792198826372,2023.0,16.0,3.0,0,7.0,60.0,0.0,5.0,2024,6,0,1.0,43000.0,0,2,11.362114203075018
36770.0,17000.0,4.0,1998.0,2023.0,13.0,3.0,4,11.0,0.0,0.0,3.0,2023,1,0,0.0,17000.0,0,1,9.741027444837728
6314.0,101300.0,4.0,2360.0,2016.0,12.0,3.0,5,2.0,0.0,0.0,5.0,2017,5,0,1.0,50650.0,0,2,11.525851561856362
6741.0,46000.0,7.0,1908.792198826372,2019.0,13.0,3.0,5,11.0,85.0,52.5,5.0,2019,6,0,0.0,46000.0,1,2,10.736418414365376
39714.0,19300.0,7.0,1908.792198826372,2025.0,19.0,3.0,5,9.0,508.0,101.7,5.0,2025,11,0,0.0,19300.0,1,4,9.867912187022208
37948.0,8400.0,7.0,1908.792198826372,2026.0,14.0,3.0,6,9.0,520.0,102.0,5.0,2026,1,0,0.0,8400.0,1,1,9.036106025364846
37977.0,54000.0,4.0,2998.0,2023.0,13.0,0.0,4,3.0,0.0,0.0,2.0,2023,7,0,0.0,54000.0,0,3,10.896757843893464
3974.0,76800.0,4.0,1587.0,2015.0,12.0,3.0,5,11.0,0.0,0.0,5.0,2017,8,0,2.0,25600.0,0,3,11.248972939884327
3356.0,92500.0,4.0,1396.0,2015.0,13.0,3.0,5,11.0,0.0,0.0,4.0,2016,8,0,1.0,46250.0,0,3,11.434974734252892
2914.0,13400.0,7.0,1908.792198826372,2024.0,21.0,3.0,4,7.0,20.0,17.18,3.0,2024,12,0,0.0,13400.0,1,4,9.503084610020228
38993.0,4000.0,8.0,1496.0,2026.0,19.0,3.0,5,9.0,390.0,66.0,5.0,2026,4,0,0.0,4000.0,1,2,8.294299608857235
13218.0,5100.0,4.0,1969.0,2024.0,12.0,0.0,5,11.0,0.0,0.0,5.0,2025,6,0,1.0,2550.0,0,2,8.537191877922927
437184.0,100.0,6.0,3996.0,2026.0,19.0,3.0,5,2.0,141.0,25.9,5.0,1990,1,0,0.0,100.0,1,1,4.61512051684126
8375.0,18600.0,3.0,1996.0,2023.0,5.0,3.0,0,3.0,0.0,0.0,4.0,2024,8,1,1.0,9300.0,0,3,9.83097062169695
33120.0,114700.0,4.0,1908.792198826372,2021.0,17.0,3.0,0,11.0,0.0,0.0,4.603574926542605,2021,12,0,0.0,114700.0,0,4,11.650084021475273
8802.0,90000.0,4.0,2488.0,2017.0,12.0,3.0,5,2.0,0.0,0.0,5.0,2018,9,0,1.0,45000.0,0,3,11.407576060361786
32501.0,11000.0,6.0,1499.0,2025.0,14.0,0.0,6,10.0,390.0,44.85,5.0,2025,4,0,0.0,11000.0,1,2,9.305741456739435
20431.0,17900.0,4.0,1395.0,2021.0,13.0,3.0,5,11.0,0.0,0.0,4.0,2021,9,0,0.0,17900.0,0,3,9.792611856190192
4342.0,62400.0,7.0,1908.792198826372,2022.0,21.0,3.0,5,11.0,45.0,31.4,5.0,2022,4,0,0.0,62400.0,1,2,11.041336579870135
30028.0,100.0,8.0,1497.0,2025.0,14.0,3.0,6,7.0,231.0,53.49,5.0,2026,6,0,1.0,50.0,1,2,4.61512051684126
22065.0,23200.0,4.0,1991.0,2024.0,8.0,0.0,7,11.0,0.0,0.0,5.0,2023,8,0,0.0,23200.0,0,3,10.05195066017375
42393.0,5000.0,8.0,1498.0,2026.0,20.0,0.0,5,7.0,227.0,53.4,4.0,2025,12,0,0.0,5000.0,1,4,8.517393171418904
14543.0,10000.0,7.0,1908.792198826372,2025.0,13.0,3.0,5,7.0,120.0,42.1,5.0,2025,5,0,0.0,10000.0,1,2,9.210440366976517
17516.0,100.0,6.0,1496.0,2024.0,6.0,2.0,7,11.0,176.0,24.7,5.0,2025,1,0,1.0,50.0,1,1,4.61512051684126
36505.0,34000.0,8.0,1496.0,2024.0,19.0,0.0,6,9.0,330.0,42.8,5.0,2024,7,0,0.0,34000.0,1,3,10.434145214930487
4357.0,138000.0,4.0,1598.0,2016.0,13.0,3.0,5,11.0,0.0,0.0,5.0,2017,11,0,1.0,69000.0,0,4,11.835016210489899
21314.0,60000.0,4.0,1998.0,2020.0,19.0,0.0,6,2.0,0.0,0.0,5.0,2021,1,0,1.0,30000.0,0,1,11.002116507732017
31206.0,47000.0,4.0,1499.0,2023.0,12.0,3.0,5,11.0,0.0,0.0,5.0,2023,8,0,0.0,47000.0,0,3,10.757924157061597
42511.0,5800.0,8.0,1496.0,2026.0,14.0,1.0,6,9.0,390.0,66.0,5.0,2026,3,0,0.0,5800.0,1,1,8.665785595466064
26024.0,12000.0,7.0,1908.792198826372,2025.0,7.0,3.0,5,9.0,440.0,72.88,4.0,2025,8,0,0.0,12000.0,1,3,9.392745258631441
31912.0,700.0,7.0,1908.792198826372,2026.0,7.0,0.0,5,9.0,360.0,100.0,4.0,2026,4,0,0.0,700.0,1,2,6.55250788703459
11157.0,12000.0,7.0,1908.792198826372,2026.0,17.0,3.0,5,7.0,220.0,74.9,5.0,2025,5,0,0.0,12000.0,1,2,9.392745258631441
44130.0,34000.0,6.0,1995.0,2025.0,14.0,0.0,6,2.0,680.0,46.9,5.0,2025,3,0,0.0,34000.0,1,1,10.434145214930487
18223.0,2500.0,6.0,1499.0,2025.0,12.0,0.0,5,11.0,150.0,27.2,5.0,2026,2,0,1.0,1250.0,1,1,7.824445930877619
17634.0,100.0,7.0,1908.792198826372,2026.0,7.0,3.0,5,7.0,200.0,56.12,5.0,2026,6,0,0.0,100.0,1,2,4.61512051684126
21756.0,18000.0,4.0,1395.0,2023.0,7.0,3.0,5,11.0,0.0,0.0,5.0,2023,9,0,0.0,18000.0,0,3,9.798182590890704
17281.0,57800.0,4.0,1999.0,2022.0,12.0,3.0,5,11.0,0.0,0.0,5.0,2022,3,0,0.0,57800.0,0,1,10.96476135554887
1442.0,90000.0,4.0,1368.0,2012.0,13.0,3.0,5,11.0,0.0,0.0,4.0,2013,9,0,1.0,45000.0,0,3,11.407576060361786
20872.0,23000.0,8.0,1499.0,2024.0,19.0,0.0,5,9.0,345.0,41.16,5.0,2024,12,0,0.0,23000.0,1,4,10.043292972227004
4548.0,30700.0,4.0,1485.0,2022.0,13.0,3.0,5,11.0,0.0,0.0,4.0,2022,3,0,0.0,30700.0,0,1,10.332050506334692
1148.0,51000.0,4.0,1299.0,2014.0,16.0,3.0,0,3.0,0.0,0.0,5.0,2016,4,1,2.0,17000.0,0,2,10.839600519357369
3326.0,68200.0,7.0,1908.792198826372,2021.0,16.0,3.0,0,7.0,60.0,0.0,5.0,2022,6,0,1.0,34100.0,0,2,11.130214506480655
4121.0,127100.0,4.0,1598.0,2014.0,18.0,3.0,5,11.0,0.0,0.0,4.0,2017,6,0,3.0,31775.0,0,2,11.752737324967208
9332.0,11000.0,7.0,1908.792198826372,2025.0,13.0,3.0,5,11.0,75.0,31.9,5.0,2025,11,0,0.0,11000.0,1,4,9.305741456739435
6741.0,29900.0,4.0,1495.0,2023.0,13.0,3.0,5,11.0,0.0,0.0,4.0,2025,1,0,2.0,9966.666666666666,0,1,10.305647203635566
4121.0,45000.0,7.0,1908.792198826372,2022.0,21.0,3.0,4,11.0,33.0,29.0,3.0,2023,9,0,1.0,22500.0,1,3,10.714439990727769
2208.0,60000.0,4.0,1485.0,2017.0,13.0,3.0,5,11.0,0.0,0.0,5.0,2017,10,1,0.0,60000.0,0,4,11.002116507732017
27482.0,2300.0,7.0,1908.792198826372,2026.0,20.0,3.0,5,7.0,215.0,82.0,4.0,2025,11,0,0.0,2300.0,1,4,7.741099090035366
9641.0,16300.0,4.0,1494.0,2023.0,13.0,3.0,5,11.0,0.0,0.0,5.0,2023,11,0,0.0,16300.0,0,4,9.69898173460629
15897.0,10000.0,8.0,1499.0,2025.0,20.0,3.0,5,7.0,195.0,34.7,4.0,2026,1,0,1.0,5000.0,1,1,9.210440366976517
25730.0,2400.0,6.0,1498.0,2025.0,19.0,0.0,5,11.0,200.0,35.6,5.0,2026,4,0,1.0,1200.0,1,2,7.783640596221253
10009.0,6300.0,7.0,1908.792198826372,2025.0,13.0,3.0,5,11.0,75.0,41.9,5.0,2025,9,0,0.0,6300.0,1,3,8.748463629942055
30440.0,100.0,8.0,1497.0,2025.0,14.0,0.0,6,7.0,231.0,40.18,5.0,2026,6,0,1.0,50.0,1,2,4.61512051684126
195481.0,29000.0,1.0,2996.0,2025.0,19.0,0.0,5,2.0,0.0,0.0,5.0,2025,1,0,0.0,29000.0,0,1,10.275085591132715
36505.0,110000.0,4.0,2995.0,2018.0,19.0,0.0,5,2.0,0.0,0.0,5.0,2018,11,0,0.0,110000.0,0,4,11.608244735642321
57113.0,1400.0,4.0,1984.0,2024.0,20.0,3.0,4,11.0,0.0,0.0,5.0,2025,6,0,1.0,700.0,0,2,7.244941546337007
3208.0,72000.0,4.0,1596.0,2012.0,13.0,3.0,5,11.0,0.0,0.0,5.0,2015,4,0,3.0,18000.0,0,2,11.184435286790631
4828.0,6000.0,7.0,1908.792198826372,2023.0,16.0,3.0,0,7.0,60.0,0.0,5.0,2023,6,0,0.0,6000.0,0,2,8.699681400989514
13218.0,60000.0,3.0,1996.0,2024.0,1.0,0.0,0,11.0,0.0,0.0,4.0,2024,12,0,0.0,60000.0,0,4,11.002116507732017
21491.0,60000.0,5.0,1993.0,2021.0,6.0,3.0,7,11.0,135.0,0.0,5.0,2021,12,0,0.0,60000.0,0,4,11.002116507732017
37683.0,19000.0,7.0,1908.792198826372,2025.0,8.0,3.0,7,11.0,235.0,105.0,5.0,2025,5,0,0.0,19000.0,1,2,9.852246888342531
10274.0,39000.0,4.0,1392.0,2022.0,12.0,3.0,5,11.0,0.0,0.0,5.0,2022,3,0,0.0,39000.0,0,1,10.571342565808699
34415.0,21000.0,7.0,1908.792198826372,2026.0,7.0,3.0,5,9.0,579.0,100.0,5.0,2025,8,0,0.0,21000.0,1,3,9.952325334619427
5917.0,73900.0,7.0,1908.792198826372,2022.0,11.0,1.0,4,11.0,60.0,33.5,5.0,2022,8,0,0.0,73900.0,1,3,11.210481638644469
10716.0,21400.0,7.0,1908.792198826372,2026.0,13.0,3.0,5,11.0,120.0,42.8,5.0,2025,11,0,0.0,21400.0,1,4,9.97119292889014
13660.0,100.0,6.0,1497.0,2026.0,12.0,3.0,5,11.0,158.0,18.4,5.0,2026,6,0,0.0,100.0,1,2,4.61512051684126
9862.0,98000.0,7.0,1908.792198826372,2024.0,19.0,3.0,5,7.0,250.0,77.0,5.0,2024,1,0,0.0,98000.0,1,1,11.49273296168228
19106.0,110000.0,7.0,1908.792198826372,2022.0,17.0,0.0,5,9.0,331.0,78.4,5.0,2021,3,0,0.0,110000.0,1,1,11.608244735642321
8640.0,48700.0,6.0,1498.0,2023.0,13.0,3.0,5,11.0,145.0,18.32,4.0,2023,8,0,0.0,48700.0,1,3,10.793454842740767
17340.0,47000.0,7.0,1908.792198826372,2023.0,19.0,3.0,5,7.0,247.0,76.6,5.0,2023,11,0,0.0,47000.0,1,4,10.757924157061597
25436.0,25000.0,7.0,1908.792198826372,2025.0,7.0,3.0,5,9.0,331.0,78.4,4.0,2025,7,0,0.0,25000.0,1,3,10.12667110305036
16162.0,20000.0,3.0,2298.0,1990.0,5.0,0.0,0,2.0,0.0,0.0,4.0,2025,7,0,35.0,555.5555555555555,0,3,9.90353755128617
2472.0,90000.0,4.0,1368.0,2015.0,13.0,3.0,5,11.0,0.0,0.0,4.0,2016,6,0,1.0,45000.0,0,2,11.407576060361786
1148.0,100000.0,4.0,1497.0,2015.0,7.0,3.0,5,11.0,0.0,0.0,4.0,2015,12,0,0.0,100000.0,0,4,11.51293546492023
1766.0,70900.0,4.0,1798.0,2015.0,12.0,3.0,5,11.0,0.0,0.0,5.0,2016,8,0,1.0,35450.0,0,3,11.16903981679311
3473.0,30000.0,4.0,1480.0,2019.0,16.0,3.0,0,3.0,0.0,0.0,5.0,2020,5,1,1.0,15000.0,0,2,10.308985993422082
9832.0,22500.0,7.0,1908.792198826372,2023.0,13.0,3.0,5,11.0,100.0,55.2,4.0,2023,9,0,0.0,22500.0,1,3,10.021315031649332
6771.0,19000.0,4.0,1485.0,2021.0,13.0,3.0,5,11.0,0.0,0.0,4.0,2022,1,0,1.0,9500.0,0,1,9.852246888342531
29410.0,10000.0,7.0,1908.792198826372,2026.0,19.0,0.0,5,7.0,215.0,100.0,5.0,2025,9,0,0.0,10000.0,1,3,9.210440366976517
3503.0,71000.0,4.0,1591.0,2018.0,12.0,3.0,5,11.0,0.0,0.0,5.0,2018,1,0,0.0,71000.0,0,1,11.170449240431308
24288.0,3000.0,4.0,1967.0,2024.0,12.0,3.0,5,2.0,0.0,0.0,4.0,2025,8,0,1.0,1500.0,0,3,8.006700845440367
8037.0,19200.0,4.0,1485.0,2024.0,13.0,3.0,5,11.0,0.0,0.0,4.0,2024,8,0,0.0,19200.0,0,3,9.862717639992917
5078.0,117800.0,4.0,1591.0,2016.0,18.0,3.0,5,11.0,0.0,0.0,4.0,2017,7,0,1.0,58900.0,0,3,11.676752039127939
40597.0,8900.0,8.0,1496.0,2025.0,19.0,3.0,5,9.0,330.0,52.3,5.0,2025,5,0,0.0,8900.0,1,2,9.093918908958932
4342.0,29000.0,4.0,1597.0,2023.0,9.0,3.0,0,5.0,0.0,0.0,4.0,2023,9,1,0.0,29000.0,0,3,10.275085591132715
2487.0,156000.0,4.0,2360.0,2013.0,17.0,3.0,7,11.0,0.0,0.0,5.0,2014,6,0,1.0,78000.0,0,2,11.957617696467539
6314.0,106700.0,4.0,2496.0,2015.0,17.0,3.0,5,10.0,0.0,0.0,5.0,2016,10,0,1.0,53350.0,0,4,11.577785809317154
14690.0,4300.0,7.0,1908.792198826372,2025.0,12.0,0.0,5,7.0,160.0,65.28,5.0,2025,8,0,0.0,4300.0,1,3,8.366602832783736
13866.0,6700.0,6.0,1499.0,2025.0,17.0,2.0,5,11.0,150.0,18.67,5.0,2025,3,0,0.0,6700.0,1,1,8.81001204797317
25288.0,60000.0,1.0,1969.0,2023.0,17.0,3.0,5,10.0,0.0,0.0,5.0,2022,9,0,0.0,60000.0,0,3,11.002116507732017
19695.0,2000.0,4.0,1598.0,2026.0,17.0,3.0,5,11.0,0.0,0.0,5.0,2026,3,0,0.0,2000.0,0,1,7.601402334583733
5269.0,96000.0,4.0,1199.0,2019.0,12.0,3.0,5,11.0,0.0,0.0,5.0,2019,8,0,0.0,96000.0,0,3,11.472113887062386
12040.0,32000.0,4.0,1498.0,2023.0,13.0,3.0,5,11.0,0.0,0.0,4.0,2023,4,0,0.0,32000.0,0,2,10.373522431293592
5711.0,60000.0,4.0,1496.0,2017.0,13.0,3.0,5,11.0,0.0,0.0,4.0,2018,2,0,1.0,30000.0,0,1,11.002116507732017
7183.0,60000.0,4.0,1494.0,2021.0,12.0,3.0,5,11.0,0.0,0.0,5.0,2021,9,0,0.0,60000.0,0,3,11.002116507732017
9391.0,6900.0,7.0,1908.792198826372,2024.0,11.0,3.0,4,7.0,50.0,28.1,3.0,2025,10,0,1.0,3450.0,1,4,8.839421607620602
5416.0,100000.0,4.0,1598.0,2026.0,17.0,0.0,7,11.0,0.0,0.0,5.0,2017,12,0,0.0,100000.0,0,4,11.51293546492023
31912.0,18000.0,6.0,1497.0,2025.0,8.0,3.0,7,2.0,310.0,41.7,5.0,2025,7,0,0.0,18000.0,1,3,9.798182590890704
20608.0,95000.0,4.0,1998.0,2020.0,8.0,1.0,4,11.0,0.0,0.0,5.0,2020,11,0,0.0,95000.0,0,4,11.461642696843066
23375.0,9000.0,7.0,1908.792198826372,2025.0,7.0,3.0,5,7.0,194.0,62.5,4.0,2025,4,0,0.0,9000.0,1,2,9.105090961257085
2767.0,148200.0,4.0,1199.0,2015.0,13.0,3.0,5,11.0,0.0,0.0,4.0,2017,3,0,2.0,49400.0,0,1,11.906324739459684
24435.0,8500.0,6.0,1499.0,2025.0,12.0,3.0,5,11.0,160.0,19.09,5.0,2025,11,0,0.0,8500.0,1,4,9.04793908261736
12512.0,68300.0,7.0,1908.792198826372,2024.0,17.0,0.0,5,11.0,185.0,65.0,5.0,2024,9,0,0.0,68300.0,1,3,11.131679686740132
14101.0,37900.0,7.0,1908.792198826372,2024.0,12.0,0.0,5,9.0,205.0,69.77,5.0,2024,2,0,0.0,37900.0,1,1,10.542732775946709
27349.0,20000.0,6.0,1998.0,2025.0,5.0,0.0,0,10.0,120.0,0.0,4.0,2025,7,0,0.0,20000.0,0,3,9.90353755128617
54169.0,9200.0,4.0,3456.0,2011.0,22.0,2.0,4,5.0,0.0,0.0,2.0,2022,10,1,11.0,766.6666666666666,0,4,9.127067452782361
3944.0,7000.0,7.0,1908.792198826372,2025.0,10.0,3.0,4,7.0,30.0,18.11,3.0,2025,9,0,0.0,7000.0,1,3,8.853808274977197
10127.0,60000.0,4.0,1998.0,2022.0,12.0,0.0,5,2.0,0.0,0.0,5.0,2022,6,0,0.0,60000.0,0,2,11.002116507732017
2090.0,47300.0,4.0,1499.0,2014.0,13.0,3.0,5,11.0,0.0,0.0,4.0,2016,1,0,2.0,15766.666666666666,0,1,10.764286715905591
27791.0,16000.0,4.0,1975.0,2021.0,8.0,1.0,7,11.0,0.0,0.0,5.0,2023,3,0,2.0,5333.333333333333,0,1,9.680406499268875
19106.0,75000.0,4.0,1996.0,2019.0,17.0,0.0,5,10.0,0.0,0.0,5.0,2020,7,0,1.0,37500.0,0,3,11.225256725762893
16015.0,31000.0,7.0,1908.792198826372,2025.0,17.0,3.0,5,11.0,200.0,65.28,5.0,2025,8,0,0.0,31000.0,1,3,10.34177474101152
5004.0,110600.0,7.0,1908.792198826372,2019.0,11.0,3.0,5,11.0,160.0,61.0,5.0,2019,7,0,0.0,110600.0,1,3,11.613684409620816
12512.0,32200.0,5.0,1498.0,2024.0,12.0,0.0,5,11.0,130.0,1.67,5.0,2024,7,0,0.0,32200.0,1,3,10.379752786950895
5152.0,50000.0,4.0,1499.0,2021.0,12.0,0.0,5,11.0,0.0,0.0,5.0,2020,11,0,0.0,50000.0,0,4,10.819798284210286
39125.0,8000.0,6.0,1499.0,2025.0,8.0,0.0,7,10.0,215.0,44.28,5.0,2026,1,0,1.0,4000.0,1,1,8.987321812850125
8360.0,30000.0,4.0,1598.0,2014.0,11.0,3.0,5,11.0,0.0,0.0,5.0,2019,1,0,5.0,5000.0,0,1,10.308985993422082
6476.0,5800.0,4.0,1590.0,2026.0,8.0,0.0,5,3.0,0.0,0.0,4.0,2026,4,1,0.0,5800.0,0,2,8.665785595466064
17664.0,3100.0,6.0,1499.0,2026.0,17.0,0.0,7,11.0,150.0,32.66,5.0,2025,11,0,0.0,3100.0,1,4,8.03947991910045
29263.0,23000.0,4.0,1998.0,2022.0,13.0,3.0,4,11.0,0.0,0.0,3.0,2023,11,0,1.0,11500.0,0,4,10.043292972227004
93913.0,60000.0,4.0,3799.0,2015.0,22.0,0.0,2,5.0,0.0,0.0,2.0,2017,5,0,2.0,20000.0,0,2,11.002116507732017
33561.0,70000.0,8.0,1496.0,2024.0,14.0,0.0,6,9.0,330.0,52.3,5.0,2023,5,0,0.0,70000.0,1,2,11.156264806643742
15279.0,23000.0,8.0,1497.0,2024.0,19.0,0.0,6,7.0,200.0,34.32,5.0,2024,11,0,0.0,23000.0,1,4,10.043292972227004
35740.0,68000.0,1.0,1995.0,2023.0,17.0,3.0,5,10.0,0.0,0.0,5.0,2023,1,0,0.0,68000.0,0,1,11.127277689932466
6300.0,77000.0,7.0,1908.792198826372,2022.0,16.0,3.0,0,7.0,70.0,0.0,5.0,2022,12,0,0.0,77000.0,0,4,11.251573687764477
52697.0,200.0,4.0,2956.0,2024.0,19.0,0.0,6,2.0,0.0,0.0,5.0,2025,9,0,1.0,100.0,0,3,5.303304908059076
5858.0,150000.0,4.0,1991.0,2017.0,17.0,0.0,7,11.0,0.0,0.0,5.0,2018,5,0,1.0,75000.0,0,2,11.918397239722838
2914.0,70000.0,4.0,1499.0,2017.0,12.0,3.0,5,11.0,0.0,0.0,5.0,2017,1,0,0.0,70000.0,0,1,11.156264806643742
4416.0,56200.0,7.0,1908.792198826372,2022.0,16.0,3.0,0,7.0,60.0,0.0,5.0,2023,12,0,1.0,28100.0,0,4,10.936689829317784
6152.0,59000.0,7.0,1908.792198826372,2022.0,12.0,3.0,5,11.0,120.0,53.6,5.0,2024,5,0,2.0,19666.666666666668,1,2,10.985309671896763
19548.0,40000.0,7.0,1908.792198826372,2023.0,19.0,0.0,5,7.0,379.0,100.0,5.0,2023,12,0,0.0,40000.0,1,4,10.596659732783579
17045.0,28000.0,4.0,1751.0,2025.0,7.0,3.0,5,11.0,0.0,0.0,4.0,2024,6,0,0.0,28000.0,0,2,10.239995502805316
4416.0,68000.0,4.0,1798.0,2019.0,0.0,3.0,7,3.0,0.0,0.0,4.0,2020,10,1,1.0,34000.0,0,4,11.127277689932466
5564.0,51000.0,4.0,1392.0,2023.0,13.0,3.0,5,11.0,0.0,0.0,4.0,2023,7,0,0.0,51000.0,0,3,10.839600519357369
10009.0,100.0,7.0,1908.792198826372,2026.0,13.0,3.0,5,11.0,120.0,42.8,5.0,2026,5,0,0.0,100.0,1,2,4.61512051684126
7919.0,67000.0,4.0,1495.0,2021.0,0.0,1.0,7,11.0,0.0,0.0,5.0,2021,4,0,0.0,67000.0,0,2,11.112462823634855
27349.0,50400.0,4.0,1975.0,2021.0,8.0,3.0,7,11.0,0.0,0.0,5.0,2022,1,0,1.0,25200.0,0,1,10.827766295132466
380953.0,13000.0,4.0,3996.0,2023.0,15.0,3.0,5,2.0,0.0,0.0,4.0,2023,8,0,0.0,13000.0,0,3,9.472781556562168
8508.0,44000.0,4.0,1598.0,2020.0,12.0,1.0,5,11.0,0.0,0.0,5.0,2020,3,0,0.0,44000.0,0,1,10.691967639914864
23110.0,11000.0,7.0,1908.792198826372,2025.0,17.0,0.0,5,7.0,240.0,60.0,5.0,2025,11,0,0.0,11000.0,1,4,9.305741456739435
5152.0,77500.0,4.0,1598.0,2017.0,12.0,3.0,5,11.0,0.0,0.0,5.0,2017,12,0,0.0,77500.0,0,4,11.258046118484
41775.0,10000.0,7.0,1908.792198826372,2025.0,19.0,3.0,5,9.0,508.0,101.7,5.0,2025,7,0,0.0,10000.0,1,3,9.210440366976517
17634.0,2000.0,6.0,1499.0,2024.0,17.0,2.0,5,11.0,199.0,19.43,5.0,2026,5,0,2.0,666.6666666666666,1,2,7.601402334583733
17502.0,69000.0,8.0,1199.0,2021.0,19.0,1.0,6,9.0,245.0,40.5,5.0,2021,10,0,0.0,69000.0,1,4,11.141876276228
37212.0,28000.0,7.0,1908.792198826372,2020.0,20.0,3.0,4,7.0,300.0,79.2,4.0,2021,6,0,1.0,14000.0,1,2,10.239995502805316
5829.0,41000.0,6.0,1490.0,2020.0,12.0,3.0,5,11.0,100.0,11.1,5.0,2020,12,0,0.0,41000.0,1,4,10.62135173563291
12629.0,23000.0,4.0,1998.0,2022.0,13.0,3.0,5,11.0,0.0,0.0,4.0,2022,10,0,0.0,23000.0,0,4,10.043292972227004
6329.0,84000.0,4.0,1967.0,2017.0,12.0,3.0,5,11.0,0.0,0.0,5.0,2018,1,0,1.0,42000.0,0,1,11.338583982516495
19695.0,12000.0,8.0,1497.0,2026.0,19.0,3.0,6,7.0,200.0,34.32,5.0,2025,10,0,0.0,12000.0,1,4,9.392745258631441
2914.0,120000.0,4.0,1981.0,2016.0,17.0,3.0,5,10.0,0.0,0.0,5.0,2016,9,0,0.0,120000.0,0,3,11.695255355062795
70626.0,5800.0,4.0,1908.792198826372,2025.0,22.0,2.0,0,11.0,0.0,0.0,4.603574926542605,2025,8,0,0.0,5800.0,0,3,8.665785595466064
7507.0,25000.0,7.0,1908.792198826372,2019.0,12.0,3.0,5,11.0,160.0,61.0,5.0,2020,4,0,1.0,12500.0,1,2,10.12667110305036
5858.0,65000.0,7.0,1908.792198826372,2021.0,1.0,3.0,0,7.0,60.0,0.0,5.0,2023,6,0,2.0,21666.666666666668,0,2,11.082157933374816
1736.0,80000.0,4.0,1598.0,2016.0,13.0,3.0,5,11.0,0.0,0.0,4.0,2017,10,0,1.0,40000.0,0,4,11.289794413577894
19106.0,9000.0,6.0,1497.0,2025.0,17.0,0.0,5,11.0,165.0,31.7,5.0,2025,5,0,0.0,9000.0,1,2,9.105090961257085
1884.0,130000.0,4.0,1499.0,2015.0,12.0,0.0,5,11.0,0.0,0.0,5.0,2016,8,0,1.0,65000.0,0,3,11.775297421715827
17296.0,89000.0,4.0,1499.0,2018.0,13.0,1.0,4,11.0,0.0,0.0,2.0,2019,9,0,1.0,44500.0,0,3,11.39640288460621
16162.0,63000.0,4.0,1995.0,2017.0,18.0,3.0,5,3.0,0.0,0.0,4.0,2019,5,0,2.0,21000.0,0,2,11.050905878263567
12776.0,32000.0,7.0,1908.792198826372,2024.0,12.0,0.0,5,9.0,205.0,65.69,5.0,2025,3,0,1.0,16000.0,1,1,10.373522431293592
20593.0,15000.0,8.0,1498.0,2025.0,17.0,3.0,5,7.0,150.0,32.6,5.0,2025,10,0,0.0,15000.0,1,4,9.61587214452889
5416.0,90000.0,7.0,1908.792198826372,2022.0,10.0,3.0,4,11.0,35.0,34.9,5.0,2022,1,0,0.0,90000.0,1,1,11.407576060361786
250092.0,36000.0,4.0,3994.0,2019.0,22.0,3.0,2,5.0,0.0,0.0,2.0,2018,6,0,0.0,36000.0,0,2,10.491301994830229
11304.0,16000.0,7.0,1908.792198826372,2024.0,20.0,3.0,5,7.0,200.0,70.26,5.0,2024,10,0,0.0,16000.0,1,4,9.680406499268875
20578.0,35000.0,8.0,1497.0,2026.0,17.0,0.0,5,7.0,231.0,39.05,5.0,2025,10,0,0.0,35000.0,1,4,10.463131911491967
23772.0,80000.0,6.0,1499.0,2023.0,8.0,3.0,7,2.0,265.0,37.96,5.0,2024,3,0,1.0,40000.0,1,1,11.289794413577894
8655.0,14000.0,4.0,1499.0,2026.0,13.0,2.0,5,11.0,0.0,0.0,4.0,2025,12,0,0.0,14000.0,0,4,9.546884034617925
12791.0,1900.0,7.0,1908.792198826372,2026.0,12.0,3.0,5,11.0,135.0,61.83,5.0,2026,6,0,0.0,1900.0,1,2,7.550135342488429
7639.0,53400.0,1.0,1480.0,2020.0,12.0,3.0,5,11.0,0.0,0.0,5.0,2021,4,0,1.0,26700.0,0,2,10.885584751364705
33120.0,6000.0,7.0,1908.792198826372,2025.0,19.0,0.0,5,7.0,250.0,87.3,5.0,2025,9,0,0.0,6000.0,1,3,8.699681400989514
16162.0,35000.0,4.0,1497.0,2023.0,12.0,3.0,5,11.0,0.0,0.0,5.0,2023,7,0,0.0,35000.0,0,3,10.463131911491967
17928.0,1500.0,4.0,1998.0,2025.0,12.0,3.0,5,11.0,0.0,0.0,5.0,2026,3,0,1.0,750.0,0,1,7.313886831633462
6594.0,34300.0,4.0,1499.0,2020.0,17.0,3.0,5,11.0,0.0,0.0,5.0,2021,1,0,1.0,17150.0,0,1,10.442929787247998
3238.0,30000.0,4.0,1476.0,2021.0,13.0,3.0,5,11.0,0.0,0.0,4.0,2022,1,0,1.0,15000.0,0,1,10.308985993422082
2782.0,101000.0,4.0,1799.0,2012.0,13.0,3.0,5,11.0,0.0,0.0,4.0,2014,4,0,2.0,33666.666666666664,0,2,11.522885696764481
2046.0,29400.0,7.0,1908.792198826372,2022.0,21.0,1.0,4,7.0,25.0,9.18,3.0,2022,3,0,0.0,29400.0,1,1,10.288783966353765
16162.0,41100.0,4.0,1499.0,2019.0,13.0,3.0,5,11.0,0.0,0.0,6.0,2020,4,0,1.0,20550.0,0,2,10.623787731088578
6300.0,19000.0,4.0,2438.0,2025.0,5.0,3.0,0,3.0,0.0,0.0,4.0,2025,4,1,0.0,19000.0,0,2,9.852246888342531
45102.0,110000.0,1.0,2995.0,2021.0,15.0,0.0,5,10.0,0.0,0.0,4.0,2021,12,0,0.0,110000.0,0,4,11.608244735642321
17310.0,64000.0,4.0,1984.0,2020.0,17.0,0.0,5,2.0,0.0,0.0,5.0,2020,6,0,0.0,64000.0,0,2,11.06665398721974
41186.0,2000.0,8.0,1498.0,2026.0,20.0,3.0,5,7.0,227.0,53.4,4.0,2025,12,0,0.0,2000.0,1,4,7.601402334583733
6226.0,40000.0,4.0,1497.0,2023.0,12.0,3.0,5,11.0,0.0,0.0,5.0,2023,7,0,0.0,40000.0,0,3,10.596659732783579
3503.0,68000.0,4.0,1598.0,2018.0,12.0,3.0,5,11.0,0.0,0.0,5.0,2019,5,0,1.0,34000.0,0,2,11.127277689932466
9111.0,10200.0,4.0,1598.0,2024.0,13.0,3.0,5,11.0,0.0,0.0,5.0,2024,1,0,0.0,10200.0,0,1,9.23024103368252
26481.0,25000.0,7.0,1908.792198826372,2025.0,17.0,3.0,5,7.0,310.0,100.0,5.0,2025,6,0,0.0,25000.0,1,2,10.12667110305036
8508.0,4400.0,7.0,1908.792198826372,2025.0,13.0,3.0,4,11.0,55.0,30.08,5.0,2025,4,0,0.0,4400.0,1,2,8.38958706681109
18179.0,19000.0,4.0,1998.0,2024.0,12.0,0.0,5,2.0,0.0,0.0,5.0,2024,9,0,0.0,19000.0,0,3,9.852246888342531
58585.0,128000.0,4.0,2995.0,2016.0,19.0,0.0,5,2.0,0.0,0.0,5.0,2016,7,0,0.0,128000.0,0,3,11.759793355371237
24552.0,19000.0,6.0,1497.0,2023.0,17.0,3.0,5,2.0,485.0,31.8,5.0,2024,12,0,1.0,9500.0,1,4,9.852246888342531
26760.0,30000.0,7.0,1908.792198826372,2024.0,19.0,3.0,5,7.0,215.0,100.0,5.0,2025,2,0,1.0,15000.0,1,1,10.308985993422082
9980.0,30000.0,4.0,1998.0,2023.0,13.0,2.0,5,11.0,0.0,0.0,4.0,2023,11,0,0.0,30000.0,0,4,10.308985993422082
12953.0,8000.0,4.0,1998.0,2025.0,13.0,3.0,5,11.0,0.0,0.0,4.0,2025,2,0,0.0,8000.0,0,1,8.987321812850125
121440.0,4100.0,8.0,1499.0,2025.0,15.0,3.0,4,9.0,390.0,65.0,4.0,2026,2,0,1.0,2050.0,1,1,8.31898612539206
5078.0,26000.0,7.0,1908.792198826372,2023.0,10.0,3.0,5,11.0,36.0,30.2,5.0,2022,7,0,0.0,26000.0,1,3,10.165890277802454
8802.0,18000.0,7.0,1908.792198826372,2022.0,13.0,1.0,5,11.0,105.0,45.99,5.0,2022,10,0,0.0,18000.0,1,4,9.798182590890704
2767.0,80000.0,4.0,1498.0,2017.0,17.0,3.0,7,11.0,0.0,0.0,5.0,2017,10,0,0.0,80000.0,0,4,11.289794413577894
18400.0,100.0,7.0,1908.792198826372,2026.0,17.0,3.0,5,7.0,220.0,81.9,5.0,2026,6,0,0.0,100.0,1,2,4.61512051684126
5416.0,90000.0,7.0,1908.792198826372,2022.0,16.0,3.0,0,7.0,60.0,0.0,5.0,2022,6,0,0.0,90000.0,0,2,11.407576060361786
20019.0,8000.0,7.0,1908.792198826372,2025.0,19.0,3.0,5,11.0,180.0,76.8,5.0,2025,6,0,0.0,8000.0,1,2,8.987321812850125
11304.0,98000.0,7.0,1908.792198826372,2018.0,14.0,1.0,7,9.0,480.0,70.0,5.0,2018,9,0,0.0,98000.0,1,3,11.49273296168228
5196.0,65200.0,7.0,1908.792198826372,2019.0,16.0,3.0,0,7.0,60.0,0.0,5.0,2022,5,0,3.0,16300.0,0,2,11.08523008522044
30735.0,29000.0,4.0,1995.0,2022.0,12.0,3.0,5,10.0,0.0,0.0,5.0,2022,9,0,0.0,29000.0,0,3,10.275085591132715
8316.0,80900.0,7.0,1908.792198826372,2018.0,17.0,1.0,5,0.0,137.0,52.5,5.0,2020,6,0,2.0,26966.666666666668,1,2,11.300981463909618
55597.0,12300.0,8.0,1496.0,2025.0,14.0,0.0,5,9.0,365.0,52.0,5.0,2025,11,0,0.0,12300.0,1,4,9.417435838868785
6035.0,126100.0,4.0,1995.0,2017.0,17.0,3.0,5,11.0,0.0,0.0,5.0,2017,10,0,0.0,126100.0,0,4,11.744838452135683
12953.0,78000.0,4.0,1998.0,2018.0,17.0,0.0,5,10.0,0.0,0.0,5.0,2018,1,0,0.0,78000.0,0,1,11.264476926102367
24994.0,9000.0,7.0,1908.792198826372,2026.0,19.0,3.0,5,7.0,245.0,76.0,5.0,2025,9,0,0.0,9000.0,1,3,9.105090961257085
16162.0,39200.0,4.0,1969.0,2020.0,17.0,3.0,5,2.0,0.0,0.0,5.0,2020,4,0,0.0,39200.0,0,2,10.576457535657255
16162.0,21000.0,6.0,1499.0,2025.0,20.0,0.0,5,11.0,160.0,33.68,4.0,2025,10,0,0.0,21000.0,1,4,9.952325334619427
11599.0,30000.0,7.0,1908.792198826372,2022.0,20.0,3.0,5,9.0,400.0,86.0,5.0,2022,8,0,0.0,30000.0,1,3,10.308985993422082
38095.0,31600.0,4.0,2956.0,2023.0,19.0,1.0,6,2.0,0.0,0.0,5.0,2024,4,0,1.0,15800.0,0,2,10.360944044643913
158976.0,29000.0,6.0,2995.0,2019.0,19.0,3.0,5,2.0,94.0,17.3,5.0,2021,11,0,2.0,9666.666666666666,1,4,10.275085591132715
14278.0,25000.0,4.0,1998.0,2023.0,17.0,0.0,5,11.0,0.0,0.0,5.0,2023,6,0,0.0,25000.0,0,2,10.12667110305036
30617.0,6500.0,6.0,1995.0,2024.0,19.0,0.0,5,2.0,100.0,17.107,5.0,2025,11,0,1.0,3250.0,1,4,8.77971129020447
28527.0,14100.0,7.0,1908.792198826372,2025.0,7.0,3.0,5,9.0,440.0,72.88,4.0,2025,9,0,0.0,14100.0,1,3,9.55400099583723
26201.0,49170.0,5.0,1991.0,2023.0,8.0,3.0,7,11.0,134.0,0.0,5.0,2023,4,0,0.0,49170.0,0,2,10.80305929780341
20578.0,11000.0,7.0,1908.792198826372,2025.0,20.0,2.0,5,7.0,500.0,83.2,4.0,2025,12,0,0.0,11000.0,1,4,9.305741456739435
44130.0,1000.0,8.0,1496.0,2026.0,14.0,3.0,6,9.0,390.0,66.0,5.0,2026,5,0,0.0,1000.0,1,2,6.90875477931522
22374.0,6800.0,8.0,1498.0,2025.0,17.0,0.0,5,7.0,150.0,32.6,5.0,2025,9,0,0.0,6800.0,1,3,8.824824939175638
15720.0,85000.0,3.0,1899.0,2020.0,17.0,3.0,5,2.0,0.0,0.0,5.0,2022,3,0,2.0,28333.333333333332,0,1,11.350418300109132
11010.0,33000.0,4.0,1368.0,2021.0,12.0,3.0,5,11.0,0.0,0.0,5.0,2022,9,0,1.0,16500.0,0,3,10.404293143019792
5740.0,43000.0,4.0,999.0,2015.0,10.0,3.0,2,7.0,0.0,0.0,3.0,2016,11,0,1.0,21500.0,0,4,10.668978650219241
6771.0,100000.0,4.0,2498.0,2014.0,12.0,1.0,5,2.0,0.0,0.0,5.0,2014,7,0,0.0,100000.0,0,3,11.51293546492023
15897.0,34000.0,4.0,1998.0,2023.0,12.0,3.0,5,2.0,0.0,0.0,5.0,2023,11,0,0.0,34000.0,0,4,10.434145214930487
292928.0,30000.0,4.0,1908.792198826372,2007.0,12.0,3.0,0,11.0,0.0,0.0,4.603574926542605,2007,4,1,0.0,30000.0,0,2,10.308985993422082
3503.0,100000.0,4.0,1997.0,2016.0,12.0,3.0,5,11.0,0.0,0.0,5.0,2017,4,0,1.0,50000.0,0,2,11.51293546492023
36623.0,4700.0,6.0,1991.0,2025.0,8.0,1.0,7,11.0,160.0,44.5,5.0,2025,5,0,0.0,4700.0,1,2,8.45553053102413
14499.0,30700.0,6.0,1499.0,2024.0,17.0,0.0,5,11.0,199.0,19.43,5.0,2024,8,0,0.0,30700.0,1,3,10.332050506334692
2944.0,60000.0,4.0,1590.0,2016.0,0.0,3.0,7,3.0,0.0,0.0,4.0,2017,10,1,1.0,30000.0,0,4,11.002116507732017
1751.0,38200.0,4.0,1498.0,2016.0,12.0,3.0,5,11.0,0.0,0.0,5.0,2017,3,1,1.0,19100.0,0,1,10.5506169722625
2472.0,16400.0,7.0,1908.792198826372,2022.0,10.0,1.0,4,7.0,25.0,13.8,3.0,2022,9,0,0.0,16400.0,1,3,9.70509758756311
108633.0,6300.0,4.0,1991.0,2021.0,22.0,3.0,2,5.0,0.0,0.0,2.0,2025,2,0,4.0,1260.0,0,1,8.748463629942055
21756.0,7000.0,8.0,1498.0,2025.0,17.0,3.0,5,7.0,150.0,32.6,5.0,2025,10,0,0.0,7000.0,1,4,8.853808274977197
1810.0,93000.0,4.0,1587.0,2015.0,11.0,3.0,5,11.0,0.0,0.0,5.0,2016,4,1,1.0,46500.0,0,2,11.440365524765756
6888.0,16000.0,4.0,1392.0,2024.0,13.0,3.0,5,11.0,0.0,0.0,4.0,2024,2,0,0.0,16000.0,0,1,9.680406499268875
4386.0,40700.0,7.0,1908.792198826372,2021.0,21.0,3.0,4,11.0,35.0,0.0,5.0,2021,12,0,0.0,40700.0,0,4,10.614007941153417
23375.0,8800.0,7.0,1908.792198826372,2025.0,14.0,3.0,6,7.0,340.0,85.0,5.0,2025,9,0,0.0,8800.0,1,3,9.082620630373812
26378.0,5000.0,6.0,1499.0,2025.0,19.0,2.0,6,9.0,300.0,52.3,5.0,2024,10,0,0.0,5000.0,1,4,8.517393171418904
108633.0,27670.0,1.0,2996.0,2025.0,19.0,0.0,5,2.0,0.0,0.0,5.0,2025,4,0,0.0,27670.0,0,2,10.228140212351999
5858.0,163000.0,4.0,2997.0,2013.0,17.0,3.0,5,11.0,0.0,0.0,5.0,2014,4,0,1.0,81500.0,0,2,12.001511614739405
27938.0,100.0,4.0,1991.0,2024.0,8.0,0.0,7,11.0,0.0,0.0,5.0,2026,3,0,2.0,33.333333333333336,0,1,4.61512051684126
39449.0,6100.0,7.0,1908.792198826372,2026.0,14.0,0.0,6,9.0,520.0,102.0,5.0,2026,1,0,0.0,6100.0,1,1,8.716207971151853
33826.0,5400.0,6.0,1497.0,2026.0,20.0,3.0,5,2.0,380.0,63.0,4.0,2025,11,0,0.0,5400.0,1,4,8.594339400592892
3518.0,62000.0,4.0,1499.0,2018.0,12.0,3.0,5,11.0,0.0,0.0,5.0,2018,11,0,0.0,62000.0,0,4,11.034905792929415
19106.0,70000.0,7.0,1908.792198826372,2023.0,19.0,0.0,5,7.0,379.0,100.0,5.0,2023,12,0,0.0,70000.0,1,4,11.156264806643742
40450.0,18000.0,6.0,1997.0,2025.0,19.0,1.0,7,2.0,500.0,36.8,5.0,2025,8,0,0.0,18000.0,1,3,9.798182590890704
7212.0,37000.0,6.0,1498.0,2023.0,13.0,3.0,5,11.0,132.0,8.32,4.0,2023,4,0,0.0,37000.0,1,2,10.518700218288165
22933.0,11000.0,7.0,1908.792198826372,2025.0,17.0,3.0,5,7.0,180.0,80.0,5.0,2025,9,0,0.0,11000.0,1,3,9.305741456739435
984429.0,2000.0,4.0,1908.792198826372,2025.0,22.0,3.0,0,11.0,0.0,0.0,4.603574926542605,2026,5,0,1.0,1000.0,0,2,7.601402334583733
279385.0,35000.0,4.0,3982.0,2022.0,19.0,1.0,5,2.0,0.0,0.0,5.0,2022,8,0,0.0,35000.0,0,3,10.463131911491967
13233.0,10000.0,4.0,1998.0,2023.0,19.0,0.0,7,2.0,0.0,0.0,5.0,2024,3,0,1.0,5000.0,0,1,9.210440366976517
6624.0,60000.0,7.0,1908.792198826372,2021.0,13.0,3.0,5,11.0,105.0,47.8,5.0,2021,11,0,0.0,60000.0,1,4,11.002116507732017
10039.0,23000.0,6.0,1499.0,2024.0,13.0,3.0,5,11.0,150.0,18.3,4.0,2025,4,0,1.0,11500.0,1,2,10.043292972227004
10230.0,100.0,6.0,1498.0,2025.0,7.0,3.0,5,11.0,150.0,20.5,4.0,2026,6,0,1.0,50.0,1,2,4.61512051684126
83609.0,37000.0,1.0,2996.0,2023.0,19.0,0.0,5,2.0,0.0,0.0,5.0,2023,7,0,0.0,37000.0,0,3,10.518700218288165
12629.0,4000.0,4.0,1969.0,2026.0,12.0,0.0,5,11.0,0.0,0.0,5.0,2025,9,0,0.0,4000.0,0,3,8.294299608857235
17045.0,87000.0,4.0,1598.0,2014.0,12.0,2.0,5,2.0,0.0,0.0,5.0,2015,12,0,1.0,43500.0,0,4,11.373674891823535
20578.0,80000.0,4.0,2979.0,2017.0,20.0,3.0,5,3.0,0.0,0.0,4.0,2018,7,0,1.0,40000.0,0,3,11.289794413577894
190859.0,11000.0,4.0,3994.0,2022.0,22.0,3.0,2,5.0,0.0,0.0,2.0,2022,1,0,0.0,11000.0,0,1,9.305741456739435
1766.0,82500.0,4.0,1598.0,2017.0,12.0,3.0,5,11.0,0.0,0.0,5.0,2017,12,1,0.0,82500.0,0,4,11.320565693461432
57260.0,2000.0,5.0,1984.0,2026.0,20.0,3.0,5,2.0,18.0,1.7,4.0,2026,3,0,0.0,2000.0,1,1,7.601402334583733
6447.0,101000.0,4.0,2498.0,2013.0,12.0,3.0,5,10.0,0.0,0.0,5.0,2015,6,0,2.0,33666.666666666664,0,2,11.522885696764481
26201.0,2000.0,6.0,1498.0,2025.0,19.0,0.0,5,2.0,360.0,35.6,5.0,2025,12,0,0.0,2000.0,1,4,7.601402334583733
27791.0,3000.0,8.0,1497.0,2025.0,19.0,3.0,5,7.0,231.0,39.05,4.0,2026,3,0,1.0,1500.0,1,1,8.006700845440367
1000.0,80000.0,4.0,1499.0,2017.0,0.0,1.0,7,11.0,0.0,0.0,5.0,2016,7,1,0.0,80000.0,0,3,11.289794413577894
99801.0,87000.0,4.0,1908.792198826372,2021.0,19.0,0.0,0,11.0,0.0,0.0,4.603574926542605,2022,5,0,1.0,43500.0,0,2,11.373674891823535
258777.0,9200.0,6.0,2993.0,2023.0,22.0,3.0,2,5.0,70.0,7.4,2.0,2025,3,0,2.0,3066.6666666666665,1,1,9.127067452782361
17340.0,17000.0,7.0,1908.792198826372,2024.0,19.0,3.0,6,7.0,200.0,82.28,5.0,2024,9,0,0.0,17000.0,1,3,9.741027444837728
7330.0,74000.0,7.0,1908.792198826372,2019.0,12.0,1.0,5,11.0,160.0,61.8,5.0,2020,3,0,1.0,37000.0,1,1,11.211833885608513
2031.0,83000.0,4.0,1497.0,2016.0,12.0,3.0,5,11.0,0.0,0.0,5.0,2016,9,0,0.0,83000.0,0,3,11.326607934898927
13086.0,20000.0,7.0,1908.792198826372,2025.0,12.0,3.0,5,7.0,160.0,56.2,5.0,2025,3,0,0.0,20000.0,1,1,9.90353755128617
24994.0,58000.0,4.0,1967.0,2022.0,12.0,3.0,5,2.0,0.0,0.0,5.0,2023,3,0,1.0,29000.0,0,1,10.968215530759236
13689.0,72000.0,4.0,1999.0,2022.0,12.0,0.0,5,11.0,0.0,0.0,5.0,2021,7,0,0.0,72000.0,0,3,11.184435286790631
703616.0,23000.0,4.0,1908.792198826372,2022.0,14.0,3.0,0,11.0,0.0,0.0,4.603574926542605,2022,10,0,0.0,23000.0,0,4,10.043292972227004
3974.0,56900.0,7.0,1908.792198826372,2021.0,10.0,3.0,5,11.0,45.0,31.4,5.0,2021,12,0,0.0,56900.0,1,4,10.949068194652432
2914.0,80000.0,3.0,2771.0,2016.0,5.0,3.0,0,3.0,0.0,0.0,4.0,2016,5,1,0.0,80000.0,0,2,11.289794413577894
8802.0,182000.0,7.0,1908.792198826372,2021.0,6.0,3.0,9,7.0,90.0,70.2,4.0,2021,7,0,0.0,182000.0,1,3,12.111767460549332
6476.0,69800.0,4.0,1967.0,2020.0,12.0,3.0,5,11.0,0.0,0.0,5.0,2021,4,0,1.0,34900.0,0,2,11.153403615295403
96857.0,55000.0,4.0,3497.0,2022.0,14.0,0.0,7,2.0,0.0,0.0,5.0,2023,5,0,1.0,27500.0,0,2,10.915106645867503
4828.0,59800.0,7.0,1908.792198826372,2022.0,10.0,2.0,5,11.0,45.0,31.4,5.0,2022,12,0,0.0,59800.0,1,4,10.998777662206932
10568.0,28000.0,4.0,1398.0,2021.0,12.0,3.0,5,11.0,0.0,0.0,5.0,2022,5,0,1.0,14000.0,0,2,10.239995502805316
30617.0,19000.0,6.0,1497.0,2025.0,14.0,2.0,5,2.0,405.0,31.7,5.0,2025,11,0,0.0,19000.0,1,4,9.852246888342531
14425.0,87000.0,4.0,2498.0,2020.0,7.0,3.0,5,2.0,0.0,0.0,4.0,2020,9,0,0.0,87000.0,0,3,11.373674891823535
13660.0,45000.0,7.0,1908.792198826372,2022.0,12.0,3.0,5,7.0,200.0,66.0,5.0,2022,12,0,0.0,45000.0,1,4,10.714439990727769
18959.0,40000.0,4.0,1395.0,2021.0,12.0,3.0,5,11.0,0.0,0.0,5.0,2022,1,0,1.0,20000.0,0,1,10.596659732783579
7036.0,60000.0,7.0,1908.792198826372,2023.0,13.0,3.0,5,11.0,130.0,50.3,5.0,2023,11,0,0.0,60000.0,1,4,11.002116507732017
14101.0,22000.0,4.0,1495.0,2021.0,0.0,3.0,7,11.0,0.0,0.0,5.0,2022,10,0,1.0,11000.0,0,4,9.99884318585288
5122.0,60000.0,4.0,1197.0,2019.0,13.0,3.0,5,11.0,0.0,0.0,5.0,2019,6,0,0.0,60000.0,0,2,11.002116507732017
4386.0,27000.0,7.0,1908.792198826372,2022.0,10.0,2.0,4,11.0,30.0,17.65,3.0,2023,8,0,1.0,13500.0,1,3,10.203629181337648
11040.0,100.0,4.0,1497.0,2023.0,13.0,3.0,5,11.0,0.0,0.0,4.0,2026,4,0,3.0,25.0,0,2,4.61512051684126
39744.0,8540.0,6.0,1499.0,2025.0,8.0,0.0,7,2.0,215.0,44.28,5.0,2025,12,0,0.0,8540.0,1,4,9.052633375946147
2031.0,126000.0,4.0,1908.792198826372,2013.0,12.0,3.0,5,10.0,0.0,0.0,4.603574926542605,2013,10,0,0.0,126000.0,0,4,11.744045122410057
37977.0,6000.0,6.0,1969.0,2025.0,14.0,3.0,6,2.0,353.0,52.38,5.0,2025,11,0,0.0,6000.0,1,4,8.699681400989514
6152.0,166000.0,7.0,1908.792198826372,2023.0,16.0,3.0,0,7.0,60.0,0.0,4.0,2023,6,0,0.0,166000.0,0,2,12.019749091416921
10127.0,5000.0,7.0,1908.792198826372,2025.0,13.0,3.0,4,11.0,55.0,38.88,5.0,2025,5,0,0.0,5000.0,1,2,8.517393171418904
10127.0,34700.0,7.0,1908.792198826372,2023.0,13.0,3.0,5,11.0,100.0,55.2,4.0,2023,11,0,0.0,34700.0,1,4,10.454523783963511
20578.0,57000.0,4.0,1984.0,2022.0,18.0,3.0,5,11.0,0.0,0.0,4.0,2022,3,0,0.0,57000.0,0,1,10.950824090522445
38257.0,35000.0,4.0,2261.0,2024.0,17.0,3.0,5,2.0,0.0,0.0,4.0,2024,10,0,0.0,35000.0,0,4,10.463131911491967
42069.0,8600.0,8.0,1496.0,2025.0,19.0,3.0,6,9.0,330.0,52.3,5.0,2025,5,0,0.0,8600.0,1,2,9.059633754551479
18267.0,51000.0,1.0,1969.0,2022.0,17.0,3.0,5,2.0,0.0,0.0,5.0,2022,7,0,0.0,51000.0,0,3,10.839600519357369
225216.0,69000.0,4.0,6592.0,2014.0,15.0,3.0,5,3.0,0.0,0.0,4.0,2015,9,0,1.0,34500.0,0,3,11.141876276228
21844.0,10000.0,7.0,1908.792198826372,2025.0,19.0,3.0,5,7.0,235.0,96.3,5.0,2026,1,0,1.0,5000.0,1,1,9.210440366976517
8213.0,37300.0,7.0,1908.792198826372,2022.0,13.0,2.0,5,11.0,105.0,45.99,5.0,2022,9,0,0.0,37300.0,1,3,10.526775414924009
719513.0,25000.0,4.0,6749.0,2018.0,14.0,0.0,4,2.0,0.0,0.0,5.0,2022,6,0,4.0,5000.0,0,2,10.12667110305036
27496.0,7700.0,7.0,1908.792198826372,2024.0,19.0,3.0,5,7.0,215.0,82.0,5.0,2024,11,0,0.0,7700.0,1,4,8.94910546953925
2811.0,64800.0,4.0,1499.0,2015.0,12.0,3.0,5,11.0,0.0,0.0,5.0,2016,1,0,1.0,32400.0,0,1,11.079076314320059
13512.0,48000.0,4.0,1497.0,2023.0,13.0,3.0,5,11.0,0.0,0.0,4.0,2023,3,0,0.0,48000.0,0,1,10.778977123006351
58585.0,70000.0,4.0,2998.0,2021.0,15.0,0.0,4,3.0,0.0,0.0,4.0,2021,7,0,0.0,70000.0,0,3,11.156264806643742
70361.0,45000.0,4.0,1908.792198826372,2018.0,15.0,3.0,0,11.0,0.0,0.0,4.603574926542605,2018,9,0,0.0,45000.0,0,3,10.714439990727769
8802.0,4800.0,4.0,1591.0,2016.0,18.0,3.0,5,11.0,0.0,0.0,4.0,2018,5,0,2.0,1600.0,0,2,8.476579508530941
3503.0,50000.0,7.0,1908.792198826372,2019.0,12.0,3.0,4,11.0,33.0,26.8,5.0,2019,12,0,0.0,50000.0,1,4,10.819798284210286
1442.0,90600.0,4.0,1997.0,2016.0,12.0,3.0,5,11.0,0.0,0.0,5.0,2016,6,0,0.0,90600.0,0,2,11.41422052949775
20431.0,1000.0,4.0,1998.0,2025.0,13.0,3.0,5,11.0,0.0,0.0,4.0,2025,6,0,0.0,1000.0,0,2,6.90875477931522
1442.0,38000.0,7.0,1908.792198826372,2017.0,10.0,3.0,2,11.0,29.0,14.9,3.0,2018,6,0,1.0,19000.0,1,2,10.545367754151743
15014.0,83000.0,7.0,1908.792198826372,2021.0,19.0,3.0,7,7.0,150.0,84.8,5.0,2021,12,0,0.0,83000.0,1,4,11.326607934898927
15279.0,35000.0,4.0,1497.0,2021.0,12.0,3.0,5,11.0,0.0,0.0,5.0,2022,3,0,1.0,17500.0,0,1,10.463131911491967
2693.0,87000.0,4.0,2359.0,2013.0,17.0,3.0,5,11.0,0.0,0.0,5.0,2013,10,0,0.0,87000.0,0,4,11.373674891823535
39449.0,19000.0,6.0,1969.0,2025.0,14.0,0.0,6,2.0,353.0,52.38,5.0,2025,9,0,0.0,19000.0,1,3,9.852246888342531
4386.0,100000.0,7.0,1908.792198826372,2022.0,16.0,3.0,0,7.0,60.0,0.0,5.0,2022,12,0,0.0,100000.0,0,4,11.51293546492023
87584.0,10.0,7.0,1908.792198826372,2026.0,14.0,0.0,6,9.0,520.0,102.0,5.0,1990,1,0,0.0,10.0,1,1,2.3978952727983707
29145.0,56000.0,4.0,1908.792198826372,2017.0,2.0,3.0,0,11.0,0.0,0.0,4.603574926542605,2017,7,0,0.0,56000.0,0,3,10.933124826700707
17928.0,147000.0,1.0,1969.0,2022.0,17.0,3.0,5,2.0,0.0,0.0,5.0,2022,3,0,0.0,147000.0,0,1,11.898194668458823
29410.0,100.0,7.0,1908.792198826372,2024.0,20.0,3.0,5,7.0,220.0,73.6,4.0,2025,9,0,1.0,50.0,1,3,4.61512051684126
10274.0,57000.0,4.0,1332.0,2020.0,13.0,3.0,5,11.0,0.0,0.0,4.0,2020,4,0,0.0,57000.0,0,2,10.950824090522445
17487.0,100.0,4.0,1989.0,2025.0,7.0,0.0,5,11.0,0.0,0.0,4.0,2026,6,0,1.0,50.0,0,2,4.61512051684126
2325.0,78000.0,4.0,1298.0,2017.0,11.0,3.0,5,11.0,0.0,0.0,5.0,2018,3,0,1.0,39000.0,0,1,11.264476926102367
13218.0,11000.0,5.0,1498.0,2024.0,12.0,3.0,5,2.0,185.0,1.67,5.0,2025,3,0,1.0,5500.0,1,1,9.305741456739435
21020.0,1500.0,6.0,1498.0,2025.0,20.0,3.0,5,11.0,200.0,0.0,4.0,2025,3,0,0.0,1500.0,0,1,7.313886831633462
19548.0,40000.0,6.0,1497.0,2026.0,8.0,0.0,7,11.0,150.0,34.9,5.0,2025,11,0,0.0,40000.0,1,4,10.596659732783579
44130.0,1800.0,7.0,1908.792198826372,2025.0,20.0,0.0,5,7.0,227.0,100.0,5.0,2026,3,0,1.0,900.0,1,1,7.496097345175956
9391.0,59000.0,8.0,1498.0,2021.0,17.0,0.0,5,9.0,405.0,35.0,5.0,2021,11,0,0.0,59000.0,1,4,10.985309671896763
28821.0,5610.0,6.0,1498.0,2025.0,19.0,0.0,5,2.0,360.0,35.6,5.0,2026,1,0,1.0,2805.0,1,1,8.632484235750972
20431.0,3700.0,6.0,1498.0,2025.0,20.0,3.0,5,11.0,200.0,0.0,4.0,2025,3,0,0.0,3700.0,0,1,8.216358332386156
8552.0,18000.0,4.0,1498.0,2021.0,11.0,3.0,5,11.0,0.0,0.0,5.0,2021,6,0,0.0,18000.0,0,2,9.798182590890704
17664.0,30000.0,4.0,1395.0,2022.0,12.0,3.0,5,11.0,0.0,0.0,5.0,2022,1,0,0.0,30000.0,0,1,10.308985993422082
485760.0,2000.0,6.0,2992.0,2021.0,22.0,3.0,2,5.0,122.0,7.45,2.0,2023,8,0,2.0,666.6666666666666,1,3,7.601402334583733
10863.0,108000.0,4.0,2356.0,2018.0,18.0,0.0,5,11.0,0.0,0.0,4.0,2018,12,0,0.0,108000.0,0,4,11.58989576532275
2826.0,127000.0,4.0,1598.0,2016.0,13.0,3.0,5,11.0,0.0,0.0,4.0,2016,8,0,0.0,127000.0,0,3,11.751950239425476
20431.0,3000.0,5.0,1987.0,2026.0,7.0,3.0,5,11.0,83.0,0.0,4.0,2026,3,0,0.0,3000.0,0,1,8.006700845440367
23375.0,27000.0,7.0,1908.792198826372,2025.0,17.0,0.0,5,7.0,310.0,100.0,5.0,2024,11,0,0.0,27000.0,1,4,10.203629181337648
4828.0,45000.0,4.0,1498.0,2021.0,18.0,3.0,5,11.0,0.0,0.0,4.0,2022,1,0,1.0,22500.0,0,1,10.714439990727769
13660.0,31000.0,7.0,1908.792198826372,2026.0,17.0,3.0,5,11.0,185.0,64.8,5.0,2025,11,0,0.0,31000.0,1,4,10.34177474101152
11746.0,14900.0,4.0,1498.0,2024.0,7.0,0.0,5,11.0,0.0,0.0,4.0,2024,1,0,0.0,14900.0,0,1,9.60918360377546
22639.0,11000.0,7.0,1908.792198826372,2025.0,20.0,0.0,5,11.0,170.0,67.4,4.0,2025,12,0,0.0,11000.0,1,4,9.305741456739435
20313.0,69000.0,7.0,1908.792198826372,2021.0,19.0,0.0,6,9.0,440.0,97.0,5.0,2023,2,0,2.0,23000.0,1,1,11.141876276228
13984.0,35000.0,4.0,1495.0,2022.0,12.0,3.0,5,11.0,0.0,0.0,5.0,2022,10,0,0.0,35000.0,0,4,10.463131911491967
26466.0,15000.0,8.0,1497.0,2025.0,19.0,0.0,5,7.0,231.0,39.05,4.0,2025,1,0,0.0,15000.0,1,1,9.61587214452889
22050.0,100.0,6.0,1991.0,2024.0,19.0,0.0,7,11.0,134.0,25.57,5.0,2026,6,0,2.0,33.333333333333336,1,2,4.61512051684126
22050.0,46000.0,1.0,2993.0,2023.0,5.0,3.0,0,2.0,0.0,0.0,4.0,2023,6,0,0.0,46000.0,0,2,10.736418414365376
2767.0,130000.0,4.0,1999.0,2014.0,12.0,3.0,5,11.0,0.0,0.0,5.0,2014,1,0,0.0,130000.0,0,1,11.775297421715827
42673.0,33000.0,1.0,1998.0,2023.0,8.0,3.0,6,11.0,0.0,0.0,5.0,2023,6,0,0.0,33000.0,0,2,10.404293143019792
13512.0,100.0,6.0,1499.0,2026.0,17.0,3.0,5,10.0,270.0,25.0,5.0,2026,6,0,0.0,100.0,1,2,4.61512051684126
2031.0,94000.0,4.0,1598.0,2013.0,13.0,3.0,5,11.0,0.0,0.0,5.0,2013,7,0,0.0,94000.0,0,3,11.451060699493427
35298.0,400.0,7.0,1908.792198826372,2024.0,19.0,0.0,5,9.0,300.0,96.1,5.0,2026,3,0,2.0,133.33333333333334,1,1,5.993961427306569
8081.0,31300.0,4.0,1497.0,2020.0,12.0,3.0,5,11.0,0.0,0.0,5.0,2021,4,0,1.0,15650.0,0,2,10.351405324899678
5048.0,34500.0,7.0,1908.792198826372,2022.0,10.0,3.0,4,7.0,40.0,31.9,3.0,2022,4,0,0.0,34500.0,1,2,10.448743588106625
6741.0,75000.0,4.0,1598.0,2019.0,12.0,3.0,5,11.0,0.0,0.0,5.0,2019,7,0,0.0,75000.0,0,3,11.225256725762893
18664.0,23000.0,4.0,1498.0,2023.0,11.0,3.0,5,11.0,0.0,0.0,5.0,2024,2,0,1.0,11500.0,0,1,10.043292972227004
5593.0,120000.0,7.0,1908.792198826372,2022.0,16.0,3.0,0,7.0,60.0,0.0,5.0,2023,3,0,1.0,60000.0,0,1,11.695255355062795
10274.0,20000.0,7.0,1908.792198826372,2025.0,13.0,3.0,5,7.0,125.0,52.8,5.0,2025,1,0,0.0,20000.0,1,1,9.90353755128617
12776.0,94000.0,4.0,1395.0,2021.0,13.0,3.0,5,11.0,0.0,0.0,4.0,2021,8,0,0.0,94000.0,0,3,11.451060699493427
23522.0,9500.0,7.0,1908.792198826372,2024.0,17.0,3.0,5,7.0,252.0,82.16,5.0,2025,3,0,1.0,4750.0,1,1,9.15915233520675
2767.0,55000.0,4.0,1460.0,2020.0,12.0,3.0,5,11.0,0.0,0.0,5.0,2020,8,0,0.0,55000.0,0,3,10.915106645867503
17928.0,33000.0,4.0,1997.0,2024.0,7.0,2.0,5,3.0,0.0,0.0,4.0,2024,1,0,0.0,33000.0,0,1,10.404293143019792
23375.0,60000.0,4.0,1998.0,2021.0,17.0,3.0,5,2.0,0.0,0.0,5.0,2021,6,0,0.0,60000.0,0,2,11.002116507732017
9391.0,20000.0,4.0,1494.0,2023.0,13.0,3.0,5,11.0,0.0,0.0,5.0,2023,12,0,0.0,20000.0,0,4,9.90353755128617
12776.0,12000.0,7.0,1908.792198826372,2025.0,12.0,2.0,5,7.0,185.0,68.36,5.0,2025,8,0,0.0,12000.0,1,3,9.392745258631441
12144.0,37600.0,7.0,1908.792198826372,2024.0,20.0,0.0,5,7.0,170.0,84.5,4.0,2024,1,0,0.0,37600.0,1,1,10.534785924769006
2428.0,104900.0,4.0,1590.0,2019.0,17.0,3.0,7,11.0,0.0,0.0,5.0,2019,11,1,0.0,104900.0,0,4,11.560772327227417
18841.0,120000.0,4.0,1908.792198826372,2013.0,2.0,3.0,0,11.0,0.0,0.0,4.603574926542605,2016,1,0,3.0,30000.0,0,1,11.695255355062795
18841.0,46000.0,4.0,1395.0,2021.0,13.0,3.0,5,11.0,0.0,0.0,5.0,2022,11,0,1.0,23000.0,0,4,10.736418414365376
6771.0,58800.0,7.0,1908.792198826372,2019.0,13.0,3.0,5,11.0,120.0,51.9,4.0,2020,6,0,1.0,29400.0,1,2,10.981914140544825
17634.0,100.0,7.0,1908.792198826372,2026.0,20.0,3.0,5,7.0,210.0,63.18,5.0,2026,4,0,0.0,100.0,1,2,4.61512051684126
30882.0,71000.0,4.0,1998.0,2023.0,13.0,0.0,4,11.0,0.0,0.0,3.0,2023,2,0,0.0,71000.0,0,1,11.170449240431308
235225.0,8000.0,4.0,5204.0,2020.0,22.0,0.0,2,5.0,0.0,0.0,2.0,2021,9,0,1.0,4000.0,0,3,8.987321812850125
12512.0,45600.0,4.0,1998.0,2024.0,17.0,3.0,5,11.0,0.0,0.0,5.0,2024,3,0,0.0,45600.0,0,1,10.727684925086583
32089.0,12000.0,4.0,1998.0,2023.0,13.0,3.0,4,11.0,0.0,0.0,3.0,2024,5,0,1.0,6000.0,0,2,9.392745258631441
26790.0,39000.0,8.0,1499.0,2024.0,19.0,0.0,5,7.0,200.0,40.0,5.0,2024,11,0,0.0,39000.0,1,4,10.571342565808699
2620.0,100000.0,4.0,1499.0,2017.0,11.0,3.0,6,11.0,0.0,0.0,5.0,2017,11,0,0.0,100000.0,0,4,11.51293546492023
12953.0,25000.0,7.0,1908.792198826372,2025.0,12.0,3.0,5,9.0,155.0,81.76,5.0,2025,4,0,0.0,25000.0,1,2,10.12667110305036
92736.0,31000.0,4.0,1908.792198826372,2022.0,12.0,0.0,0,11.0,0.0,0.0,4.603574926542605,2023,7,0,1.0,15500.0,0,3,10.34177474101152
16015.0,26000.0,4.0,1499.0,2021.0,13.0,3.0,5,11.0,0.0,0.0,4.0,2022,2,0,1.0,13000.0,0,1,10.165890277802454
11628.0,23800.0,4.0,1498.0,2024.0,12.0,3.0,5,11.0,0.0,0.0,5.0,2025,1,0,1.0,11900.0,0,1,10.077482875583607
2031.0,90000.0,4.0,1598.0,2016.0,11.0,3.0,5,11.0,0.0,0.0,5.0,2017,7,0,1.0,45000.0,0,3,11.407576060361786
1457.0,49000.0,4.0,1499.0,2016.0,12.0,3.0,5,11.0,0.0,0.0,5.0,2017,7,1,1.0,24500.0,0,3,10.799595985047786
3591.0,47300.0,4.0,1590.0,2018.0,12.0,3.0,5,11.0,0.0,0.0,5.0,2018,12,0,0.0,47300.0,0,4,10.764286715905591
27938.0,31000.0,4.0,1998.0,2024.0,7.0,3.0,5,3.0,0.0,0.0,4.0,2024,5,0,0.0,31000.0,0,2,10.34177474101152
35298.0,39000.0,7.0,1908.792198826372,2024.0,20.0,0.0,5,9.0,385.0,100.0,4.0,2025,2,0,1.0,19500.0,1,1,10.571342565808699
2723.0,120000.0,4.0,1590.0,2018.0,0.0,3.0,7,3.0,0.0,0.0,4.0,2018,9,1,0.0,120000.0,0,3,11.695255355062795
8537.0,57000.0,4.0,1984.0,2015.0,20.0,0.0,5,11.0,0.0,0.0,4.0,2015,10,0,0.0,57000.0,0,4,10.950824090522445
2944.0,146900.0,7.0,1908.792198826372,2017.0,0.0,3.0,7,11.0,85.0,47.17,5.0,2018,7,0,1.0,73450.0,1,3,11.897514169490739
5255.0,114700.0,4.0,1598.0,2019.0,17.0,3.0,5,11.0,0.0,0.0,5.0,2020,12,0,1.0,57350.0,0,4,11.650084021475273
29410.0,10.0,7.0,1908.792198826372,2025.0,18.0,0.0,5,7.0,252.0,72.88,4.0,2026,6,0,1.0,5.0,1,2,2.3978952727983707
1457.0,130000.0,4.0,2253.0,2011.0,18.0,3.0,5,11.0,0.0,0.0,4.0,2011,6,0,0.0,130000.0,0,2,11.775297421715827
22050.0,8600.0,7.0,1908.792198826372,2025.0,17.0,3.0,5,7.0,230.0,81.0,5.0,2025,11,0,0.0,8600.0,1,4,9.059633754551479
16486.0,45000.0,8.0,1199.0,2020.0,19.0,3.0,6,9.0,240.0,40.5,5.0,2020,12,0,0.0,45000.0,1,4,10.714439990727769
5299.0,61000.0,4.0,3604.0,2013.0,20.0,0.0,5,3.0,0.0,0.0,4.0,2015,5,0,2.0,20333.333333333332,0,2,11.0186455364637
4990.0,90000.0,4.0,1496.0,2017.0,13.0,3.0,5,11.0,0.0,0.0,4.0,2018,9,0,1.0,45000.0,0,3,11.407576060361786
39744.0,15000.0,1.0,1999.0,2023.0,17.0,3.0,5,10.0,0.0,0.0,5.0,2025,6,0,2.0,5000.0,0,2,9.61587214452889
12585.0,59000.0,4.0,1997.0,2018.0,17.0,3.0,5,11.0,0.0,0.0,5.0,2020,1,0,2.0,19666.666666666668,0,1,10.985309671896763
12953.0,30000.0,7.0,1908.792198826372,2024.0,12.0,0.0,5,9.0,205.0,65.69,5.0,2025,3,0,1.0,15000.0,1,1,10.308985993422082
3238.0,70000.0,4.0,1498.0,2019.0,1.0,3.0,0,5.0,0.0,0.0,4.0,2020,6,1,1.0,35000.0,0,2,11.156264806643742
13218.0,88700.0,4.0,1969.0,2019.0,17.0,3.0,5,11.0,0.0,0.0,5.0,2019,4,0,0.0,88700.0,0,2,11.39302644219128
4386.0,60000.0,4.0,1591.0,2017.0,11.0,3.0,5,11.0,0.0,0.0,5.0,2016,11,0,0.0,60000.0,0,4,11.002116507732017
14248.0,79000.0,4.0,1984.0,2018.0,7.0,3.0,5,11.0,0.0,0.0,4.0,2018,7,0,0.0,79000.0,0,3,11.277215789596893
15720.0,52000.0,4.0,1395.0,2021.0,12.0,3.0,5,11.0,0.0,0.0,5.0,2021,12,0,0.0,52000.0,0,4,10.859018228147887
11746.0,12000.0,6.0,1499.0,2025.0,13.0,3.0,5,11.0,150.0,18.67,4.0,2024,12,0,0.0,12000.0,1,4,9.392745258631441
16044.0,44000.0,6.0,1497.0,2023.0,20.0,0.0,5,11.0,145.0,18.316,4.0,2024,1,0,1.0,22000.0,1,1,10.691967639914864
210201.0,5000.0,1.0,2996.0,2025.0,19.0,3.0,5,2.0,0.0,0.0,5.0,2026,1,0,1.0,2500.0,0,1,8.517393171418904
10127.0,132000.0,4.0,2488.0,2017.0,12.0,3.0,5,2.0,0.0,0.0,5.0,2017,9,0,0.0,132000.0,0,3,11.790564777297387
22933.0,100.0,5.0,1993.0,2024.0,12.0,3.0,5,11.0,135.0,0.0,5.0,2026,6,0,2.0,33.333333333333336,0,2,4.61512051684126
2060.0,76000.0,4.0,1206.0,2016.0,13.0,3.0,5,11.0,0.0,0.0,5.0,2017,7,1,1.0,38000.0,0,3,11.23850177707664
10716.0,4000.0,7.0,1908.792198826372,2026.0,13.0,3.0,5,7.0,85.0,40.16,5.0,2025,10,0,0.0,4000.0,1,4,8.294299608857235
6182.0,12100.0,7.0,1908.792198826372,2024.0,21.0,3.0,4,11.0,35.0,32.56,5.0,2025,3,0,1.0,6050.0,1,1,9.401043372798053
52697.0,40000.0,4.0,3456.0,2023.0,8.0,3.0,7,3.0,0.0,0.0,4.0,2023,2,0,0.0,40000.0,0,1,10.596659732783579
63119.0,12000.0,7.0,1908.792198826372,2024.0,3.0,3.0,7,9.0,400.0,102.7,5.0,2025,6,0,1.0,6000.0,1,2,9.392745258631441
11187.0,18000.0,7.0,1908.792198826372,2022.0,7.0,3.0,5,11.0,150.0,64.31,4.0,2022,10,0,0.0,18000.0,1,4,9.798182590890704
42540.0,15000.0,1.0,1998.0,2024.0,20.0,1.0,5,3.0,0.0,0.0,4.0,2024,1,0,0.0,15000.0,0,1,9.61587214452889
26319.0,38300.0,4.0,1987.0,2023.0,20.0,3.0,5,11.0,0.0,0.0,4.0,2024,3,0,1.0,19150.0,0,1,10.55323128448846
10598.0,69000.0,7.0,1908.792198826372,2022.0,7.0,3.0,5,11.0,160.0,71.0,4.0,2023,3,0,1.0,34500.0,1,1,11.141876276228
9391.0,70000.0,8.0,1908.792198826372,2022.0,20.0,3.0,5,7.0,170.0,43.88,4.0,2023,6,0,1.0,35000.0,1,2,11.156264806643742
4195.0,99000.0,7.0,1908.792198826372,2019.0,12.0,3.0,4,11.0,33.0,26.8,5.0,2019,11,0,0.0,99000.0,1,4,11.502885230075814
108633.0,41000.0,4.0,1908.792198826372,2022.0,2.0,0.0,0,11.0,0.0,0.0,4.603574926542605,2023,1,0,1.0,20500.0,0,1,10.62135173563291
23522.0,2600.0,6.0,1499.0,2025.0,20.0,3.0,5,10.0,355.0,33.68,4.0,2025,12,0,0.0,2600.0,1,4,7.8636512654486515
3974.0,83000.0,4.0,2488.0,2015.0,12.0,3.0,5,2.0,0.0,0.0,5.0,2016,5,0,1.0,41500.0,0,2,11.326607934898927
32207.0,48000.0,4.0,2497.0,2023.0,20.0,1.0,5,3.0,0.0,0.0,4.0,2023,8,0,0.0,48000.0,0,3,10.778977123006351
6712.0,48600.0,4.0,1490.0,2019.0,0.0,0.0,7,11.0,0.0,0.0,5.0,2019,5,0,0.0,48600.0,0,2,10.791399385808587
9568.0,75000.0,4.0,1998.0,2017.0,18.0,3.0,5,3.0,0.0,0.0,4.0,2017,1,0,0.0,75000.0,0,1,11.225256725762893
3488.0,29400.0,4.0,1798.0,2018.0,17.0,3.0,7,11.0,0.0,0.0,5.0,2019,4,1,1.0,14700.0,0,2,10.288783966353765
26319.0,20000.0,4.0,1967.0,2025.0,12.0,0.0,5,10.0,0.0,0.0,5.0,2025,4,0,0.0,20000.0,0,2,9.90353755128617
16928.0,69000.0,7.0,1908.792198826372,2022.0,7.0,0.0,5,7.0,210.0,70.0,4.0,2022,5,0,0.0,69000.0,1,2,11.141876276228
32354.0,80000.0,4.0,1995.0,2021.0,17.0,3.0,5,2.0,0.0,0.0,4.0,2021,1,0,0.0,80000.0,0,1,11.289794413577894
7919.0,49000.0,7.0,1908.792198826372,2023.0,13.0,3.0,5,7.0,125.0,49.0,5.0,2023,11,0,0.0,49000.0,1,4,10.799595985047786
7624.0,54500.0,4.0,1490.0,2022.0,12.0,3.0,5,11.0,0.0,0.0,5.0,2023,1,0,1.0,27250.0,0,1,10.905974329106854
18252.0,10000.0,7.0,1908.792198826372,2024.0,20.0,3.0,5,7.0,220.0,73.6,4.0,2025,5,0,1.0,5000.0,1,2,9.210440366976517
18370.0,8000.0,7.0,1908.792198826372,2026.0,17.0,3.0,5,11.0,200.0,74.4,5.0,2025,11,0,0.0,8000.0,1,4,8.987321812850125
36328.0,100.0,7.0,1908.792198826372,2026.0,14.0,3.0,6,9.0,440.0,85.0,5.0,2026,6,0,0.0,100.0,1,2,4.61512051684126
35151.0,34000.0,4.0,1998.0,2018.0,22.0,3.0,2,3.0,0.0,0.0,2.0,2018,10,0,0.0,34000.0,0,4,10.434145214930487
26069.0,8900.0,7.0,1908.792198826372,2025.0,14.0,3.0,6,7.0,340.0,85.0,5.0,2025,8,0,0.0,8900.0,1,3,9.093918908958932
14543.0,80000.0,3.0,1996.0,2021.0,5.0,3.0,0,10.0,0.0,0.0,4.0,2022,5,0,1.0,40000.0,0,2,11.289794413577894
8802.0,30000.0,4.0,1598.0,2022.0,13.0,1.0,5,11.0,0.0,0.0,4.0,2022,11,0,0.0,30000.0,0,4,10.308985993422082
2723.0,54600.0,7.0,1908.792198826372,2019.0,10.0,3.0,2,11.0,29.0,24.0,3.0,2020,6,0,1.0,27300.0,1,2,10.907807476583594
28821.0,16000.0,4.0,2497.0,2025.0,17.0,1.0,5,3.0,0.0,0.0,5.0,2024,12,0,0.0,16000.0,0,4,9.680406499268875
17649.0,11000.0,7.0,1908.792198826372,2024.0,12.0,2.0,5,7.0,200.0,66.0,5.0,2024,8,0,0.0,11000.0,1,3,9.305741456739435
161920.0,13800.0,1.0,2996.0,2023.0,19.0,0.0,5,2.0,0.0,0.0,5.0,2024,3,0,1.0,6900.0,0,1,9.53249633228804
14425.0,77000.0,4.0,1995.0,2019.0,12.0,3.0,5,10.0,0.0,0.0,5.0,2019,7,0,0.0,77000.0,0,3,11.251573687764477
3797.0,60000.0,4.0,1598.0,2018.0,12.0,3.0,5,11.0,0.0,0.0,5.0,2018,10,0,0.0,60000.0,0,4,11.002116507732017
11746.0,3000.0,8.0,1497.0,2026.0,17.0,3.0,5,7.0,190.0,31.73,5.0,2025,10,0,0.0,3000.0,1,4,8.006700845440367
36181.0,10500.0,4.0,1997.0,2025.0,20.0,0.0,5,2.0,0.0,0.0,4.0,2025,11,0,0.0,10500.0,0,4,9.259225769705994
3238.0,1400.0,7.0,1908.792198826372,2024.0,21.0,2.0,4,7.0,20.0,17.18,3.0,2024,12,0,0.0,1400.0,1,4,7.244941546337007
3503.0,19000.0,4.0,1908.792198826372,2021.0,9.0,3.0,0,11.0,0.0,0.0,4.603574926542605,2022,4,1,1.0,9500.0,0,2,9.852246888342531
2914.0,200000.0,7.0,1908.792198826372,2018.0,11.0,1.0,5,11.0,90.0,49.0,5.0,2018,8,0,0.0,200000.0,1,3,12.206077645517674
17516.0,10000.0,7.0,1908.792198826372,2024.0,12.0,3.0,5,11.0,140.0,73.5,5.0,2024,2,0,0.0,10000.0,1,1,9.210440366976517
22050.0,50000.0,7.0,1908.792198826372,2024.0,20.0,1.0,5,9.0,495.0,101.0,4.0,2024,4,0,0.0,50000.0,1,2,10.819798284210286
22933.0,31000.0,4.0,1395.0,2023.0,18.0,0.0,5,11.0,0.0,0.0,5.0,2023,11,0,0.0,31000.0,0,4,10.34177474101152
8213.0,90000.0,7.0,1908.792198826372,2023.0,13.0,3.0,5,11.0,150.0,59.4,4.0,2023,11,0,0.0,90000.0,1,4,11.407576060361786
10127.0,46000.0,4.0,1598.0,2021.0,7.0,2.0,5,11.0,0.0,0.0,5.0,2021,10,0,0.0,46000.0,0,4,10.736418414365376
4416.0,76100.0,4.0,1998.0,2021.0,1.0,3.0,0,3.0,0.0,0.0,4.0,2021,5,1,0.0,76100.0,0,2,11.239816684367907
22050.0,3100.0,7.0,1908.792198826372,2025.0,12.0,3.0,5,9.0,310.0,78.72,5.0,2026,6,0,1.0,1550.0,1,2,8.03947991910045
31471.0,100.0,8.0,1496.0,2025.0,19.0,3.0,5,9.0,300.0,36.8,5.0,2026,6,0,1.0,50.0,1,2,4.61512051684126
2914.0,110000.0,4.0,1499.0,2018.0,11.0,3.0,5,11.0,0.0,0.0,5.0,2017,11,0,0.0,110000.0,0,4,11.608244735642321
76249.0,51000.0,1.0,2498.0,2024.0,19.0,0.0,5,2.0,0.0,0.0,5.0,2024,9,0,0.0,51000.0,0,3,10.839600519357369
17487.0,7000.0,7.0,1908.792198826372,2025.0,19.0,3.0,5,7.0,250.0,83.3,5.0,2025,12,0,0.0,7000.0,1,4,8.853808274977197
12600.0,28400.0,6.0,1499.0,2024.0,17.0,3.0,7,11.0,199.0,19.43,5.0,2024,12,0,0.0,28400.0,1,4,10.254179634797001
7728.0,25000.0,6.0,1498.0,2023.0,17.0,3.0,7,11.0,130.0,19.4,5.0,2023,12,0,0.0,25000.0,1,4,10.12667110305036
2428.0,70000.0,4.0,1498.0,2018.0,12.0,3.0,5,11.0,0.0,0.0,5.0,2018,1,0,0.0,70000.0,0,1,11.156264806643742
8802.0,68000.0,7.0,1908.792198826372,2022.0,13.0,1.0,5,11.0,126.0,59.1,5.0,2022,5,0,0.0,68000.0,1,2,11.127277689932466
15868.0,17000.0,7.0,1908.792198826372,2024.0,17.0,0.0,5,7.0,240.0,60.0,5.0,2025,1,0,1.0,8500.0,1,1,9.741027444837728
1148.0,73900.0,4.0,1498.0,2012.0,13.0,3.0,5,11.0,0.0,0.0,4.0,2015,10,1,3.0,18475.0,0,4,11.210481638644469
7919.0,28000.0,5.0,1476.0,2022.0,12.0,3.0,5,11.0,0.0,0.0,5.0,2022,10,0,0.0,28000.0,0,4,10.239995502805316
2914.0,130000.0,6.0,1908.792198826372,2017.0,13.0,1.0,5,11.0,60.0,0.0,4.0,2018,1,0,1.0,65000.0,0,1,11.775297421715827
26172.0,7000.0,8.0,1499.0,2026.0,19.0,3.0,5,9.0,335.0,34.3,5.0,2026,3,0,0.0,7000.0,1,1,8.853808274977197
3944.0,80000.0,7.0,1908.792198826372,2020.0,16.0,3.0,0,7.0,60.0,0.0,5.0,2021,3,0,1.0,40000.0,0,1,11.289794413577894
3253.0,96700.0,4.0,1997.0,2026.0,12.0,3.0,5,11.0,0.0,0.0,5.0,2017,1,0,0.0,96700.0,0,1,11.47937902264955
30735.0,18000.0,4.0,1498.0,2024.0,12.0,3.0,5,11.0,0.0,0.0,5.0,2023,6,0,0.0,18000.0,0,2,9.798182590890704
176345.0,15000.0,1.0,2999.0,2023.0,19.0,2.0,5,10.0,0.0,0.0,5.0,2023,10,0,0.0,15000.0,0,4,9.61587214452889
6888.0,23000.0,7.0,1908.792198826372,2023.0,12.0,0.0,4,7.0,50.0,28.1,3.0,2023,8,0,0.0,23000.0,1,3,10.043292972227004
64473.0,4000.0,8.0,1496.0,2025.0,14.0,3.0,6,9.0,365.0,52.0,5.0,2025,11,0,0.0,4000.0,1,4,8.294299608857235
7139.0,60900.0,4.0,1496.0,2017.0,13.0,3.0,5,11.0,0.0,0.0,4.0,2019,5,0,2.0,20300.0,0,2,11.017004873924424
52697.0,270000.0,4.0,5663.0,2012.0,14.0,0.0,8,2.0,0.0,0.0,5.0,2013,1,0,1.0,135000.0,0,1,12.506180941677357
6756.0,50800.0,4.0,1498.0,2020.0,13.0,3.0,5,11.0,0.0,0.0,5.0,2021,9,0,1.0,25400.0,0,3,10.835671318412196
12953.0,50000.0,7.0,1908.792198826372,2023.0,22.0,1.0,4,9.0,340.0,78.0,2.0,2023,6,0,0.0,50000.0,1,2,10.819798284210286
9538.0,50000.0,8.0,1497.0,2024.0,20.0,0.0,5,7.0,160.0,28.4,5.0,2024,10,0,0.0,50000.0,1,4,10.819798284210286
49871.0,38000.0,6.0,2993.0,2024.0,19.0,3.0,5,10.0,120.0,37.1,5.0,2025,8,0,1.0,19000.0,1,3,10.545367754151743
34709.0,30000.0,8.0,1496.0,2024.0,19.0,3.0,6,9.0,330.0,42.8,5.0,2024,5,0,0.0,30000.0,1,2,10.308985993422082
4195.0,110000.0,4.0,1368.0,2017.0,12.0,3.0,5,11.0,0.0,0.0,5.0,2017,6,0,0.0,110000.0,0,2,11.608244735642321
98329.0,50000.0,4.0,1908.792198826372,2023.0,2.0,0.0,0,11.0,0.0,0.0,4.603574926542605,2023,1,0,0.0,50000.0,0,1,10.819798284210286
3783.0,31500.0,4.0,1499.0,2019.0,11.0,3.0,5,11.0,0.0,0.0,5.0,2020,7,0,1.0,15750.0,0,3,10.357774570341576
13689.0,144000.0,4.0,1995.0,2017.0,7.0,3.0,5,3.0,0.0,0.0,4.0,2019,4,0,2.0,48000.0,0,2,11.87757552297847
1913.0,131000.0,4.0,1598.0,2014.0,13.0,3.0,5,11.0,0.0,0.0,4.0,2015,3,1,1.0,65500.0,0,1,11.782960235741939
16633.0,55000.0,4.0,1997.0,2022.0,7.0,3.0,5,3.0,0.0,0.0,4.0,2022,9,0,0.0,55000.0,0,3,10.915106645867503
10274.0,10000.0,7.0,1908.792198826372,2025.0,13.0,3.0,5,7.0,120.0,42.1,5.0,2025,7,0,0.0,10000.0,1,3,9.210440366976517
10083.0,37900.0,4.0,898.0,2019.0,10.0,1.0,2,7.0,0.0,0.0,3.0,2019,9,0,0.0,37900.0,0,3,10.542732775946709
29410.0,4000.0,6.0,1498.0,2025.0,19.0,0.0,5,2.0,360.0,35.6,5.0,2025,12,0,0.0,4000.0,1,4,8.294299608857235
8802.0,54000.0,4.0,1598.0,2021.0,18.0,3.0,5,11.0,0.0,0.0,4.0,2020,10,0,0.0,54000.0,0,4,10.896757843893464
5740.0,78000.0,4.0,1991.0,2016.0,7.0,3.0,5,3.0,0.0,0.0,4.0,2016,1,0,0.0,78000.0,0,1,11.264476926102367
24994.0,85400.0,1.0,2993.0,2022.0,19.0,3.0,5,2.0,0.0,0.0,5.0,2022,7,0,0.0,85400.0,0,3,11.355113089309977
16177.0,100.0,7.0,1908.792198826372,2026.0,7.0,3.0,5,7.0,200.0,56.12,4.0,2026,6,0,0.0,100.0,1,2,4.61512051684126
4386.0,53600.0,4.0,1490.0,2016.0,13.0,3.0,5,11.0,0.0,0.0,5.0,2018,9,1,2.0,17866.666666666668,0,3,10.889323003601277
10274.0,93000.0,7.0,1908.792198826372,2021.0,17.0,3.0,5,7.0,137.0,69.9,5.0,2021,11,0,0.0,93000.0,1,4,11.440365524765756
22506.0,100.0,6.0,1498.0,2025.0,19.0,2.0,5,11.0,170.0,36.3,5.0,2026,6,0,1.0,50.0,1,2,4.61512051684126
1274752.0,700.0,4.0,1908.792198826372,2025.0,14.0,0.0,0,11.0,0.0,0.0,4.603574926542605,2026,1,0,1.0,350.0,0,1,6.55250788703459
8802.0,76000.0,4.0,1751.0,2026.0,17.0,3.0,7,11.0,0.0,0.0,5.0,2017,9,0,0.0,76000.0,0,3,11.23850177707664
21167.0,17000.0,8.0,1498.0,2025.0,12.0,0.0,5,9.0,403.0,40.3,4.0,2025,7,0,0.0,17000.0,1,3,9.741027444837728
4695.0,54700.0,4.0,1199.0,2021.0,11.0,3.0,5,11.0,0.0,0.0,5.0,2023,3,0,2.0,18233.333333333332,0,1,10.909637269778615
9244.0,24900.0,4.0,2378.0,2023.0,5.0,3.0,0,2.0,0.0,0.0,4.0,2025,9,1,2.0,8300.0,0,3,10.122663242288953
7006.0,40000.0,7.0,1908.792198826372,2024.0,16.0,3.0,0,7.0,60.0,0.0,2.0,2024,1,0,0.0,40000.0,0,1,10.596659732783579
36623.0,39900.0,1.0,1995.0,2021.0,20.0,1.0,5,3.0,0.0,0.0,4.0,2021,7,0,0.0,39900.0,0,3,10.594156665220533
30735.0,67500.0,4.0,1995.0,2022.0,12.0,3.0,5,2.0,0.0,0.0,5.0,2022,9,0,0.0,67500.0,0,3,11.119897691565697
16456.0,6900.0,6.0,1498.0,2025.0,17.0,3.0,5,11.0,160.0,18.4,5.0,2025,7,0,0.0,6900.0,1,3,8.839421607620602
17487.0,14000.0,6.0,1498.0,2025.0,20.0,3.0,5,11.0,200.0,0.0,4.0,2025,4,0,0.0,14000.0,0,2,9.546884034617925
10304.0,18000.0,7.0,1908.792198826372,2024.0,13.0,3.0,5,11.0,105.0,47.8,5.0,2025,4,0,1.0,9000.0,1,2,9.798182590890704
33679.0,30000.0,6.0,1497.0,2024.0,8.0,3.0,7,10.0,310.0,43.0,5.0,2024,1,0,0.0,30000.0,1,1,10.308985993422082
28232.0,100000.0,4.0,2995.0,2020.0,19.0,0.0,5,10.0,0.0,0.0,5.0,2020,8,0,0.0,100000.0,0,3,11.51293546492023
11040.0,30000.0,7.0,1908.792198826372,2023.0,22.0,3.0,4,7.0,170.0,64.27,2.0,2023,8,0,0.0,30000.0,1,3,10.308985993422082
3415.0,55600.0,4.0,1485.0,2019.0,13.0,3.0,5,11.0,0.0,0.0,4.0,2018,8,0,0.0,55600.0,0,3,10.925956465688445
36770.0,15000.0,6.0,1497.0,2025.0,14.0,2.0,5,2.0,405.0,31.7,5.0,2025,7,0,0.0,15000.0,1,3,9.61587214452889
7065.0,79800.0,4.0,1395.0,2018.0,13.0,3.0,5,11.0,0.0,0.0,5.0,2018,9,0,0.0,79800.0,0,3,11.287291314687705
76249.0,7900.0,4.0,1908.792198826372,2025.0,22.0,3.0,0,11.0,0.0,0.0,4.603574926542605,2025,8,0,0.0,7900.0,0,3,8.974744612722734
12791.0,16000.0,7.0,1908.792198826372,2024.0,7.0,3.0,5,11.0,185.0,65.0,4.0,2024,12,0,0.0,16000.0,1,4,9.680406499268875
46485.0,20000.0,8.0,1476.0,2023.0,14.0,3.0,5,8.0,600.0,65.8,5.0,2025,3,0,2.0,6666.666666666667,1,1,9.90353755128617
616473.0,16000.0,6.0,3990.0,2020.0,22.0,3.0,2,4.0,162.0,7.9,2.0,2022,1,0,2.0,5333.333333333333,1,1,9.680406499268875
1884.0,72000.0,4.0,1598.0,2014.0,0.0,3.0,7,11.0,0.0,0.0,5.0,2015,8,1,1.0,36000.0,0,3,11.184435286790631
1736.0,35200.0,4.0,1499.0,2018.0,12.0,3.0,5,11.0,0.0,0.0,5.0,2018,1,1,0.0,35200.0,0,1,10.468829770273567
9273.0,60000.0,6.0,1995.0,2020.0,17.0,1.0,5,11.0,155.0,12.95,5.0,2020,12,0,0.0,60000.0,1,4,11.002116507732017
6300.0,9300.0,7.0,1908.792198826372,2022.0,12.0,3.0,4,11.0,60.0,33.5,5.0,2023,3,0,1.0,4650.0,1,1,9.137877200242468
2472.0,126000.0,4.0,1798.0,2012.0,7.0,3.0,5,11.0,0.0,0.0,4.0,2012,7,0,0.0,126000.0,0,3,11.744045122410057
37536.0,47000.0,8.0,1496.0,2022.0,14.0,2.0,6,9.0,330.0,42.6,5.0,2023,6,0,1.0,23500.0,1,2,10.757924157061597
21476.0,9700.0,8.0,1498.0,2025.0,17.0,3.0,5,7.0,150.0,32.6,5.0,2025,9,0,0.0,9700.0,1,3,9.179984251961283
17958.0,79000.0,7.0,1908.792198826372,2022.0,8.0,3.0,7,11.0,180.0,90.0,5.0,2022,9,0,0.0,79000.0,1,3,11.277215789596893
11481.0,67000.0,5.0,2488.0,2014.0,19.0,3.0,7,11.0,15.0,0.0,5.0,2016,1,0,2.0,22333.333333333332,0,1,11.112462823634855
28704.0,22000.0,6.0,1998.0,2024.0,19.0,3.0,5,2.0,120.0,37.1,5.0,2024,7,0,0.0,22000.0,1,3,9.99884318585288
17487.0,100.0,7.0,1908.792198826372,2026.0,12.0,3.0,5,7.0,200.0,56.12,5.0,2026,5,0,0.0,100.0,1,2,4.61512051684126
15456.0,30000.0,7.0,1908.792198826372,2024.0,19.0,3.0,6,7.0,200.0,82.28,5.0,2024,6,0,0.0,30000.0,1,2,10.308985993422082
35328.0,54000.0,8.0,1496.0,2022.0,14.0,2.0,6,9.0,330.0,42.6,5.0,2023,7,0,1.0,27000.0,1,3,10.896757843893464
7330.0,120000.0,7.0,1908.792198826372,2022.0,13.0,3.0,5,11.0,100.0,60.0,4.0,2022,12,0,0.0,120000.0,1,4,11.695255355062795
15720.0,30000.0,8.0,1499.0,2024.0,19.0,3.0,5,7.0,195.0,32.0,5.0,2025,5,0,1.0,15000.0,1,2,10.308985993422082
10863.0,5000.0,7.0,1908.792198826372,2025.0,13.0,3.0,5,7.0,120.0,42.1,5.0,2026,2,0,1.0,2500.0,1,1,8.517393171418904
233753.0,15000.0,4.0,3982.0,2023.0,22.0,3.0,4,3.0,0.0,0.0,2.0,2023,5,0,0.0,15000.0,0,2,9.61587214452889
16456.0,3000.0,4.0,1498.0,2025.0,18.0,0.0,5,11.0,0.0,0.0,4.0,2026,2,0,1.0,1500.0,0,1,8.006700845440367
4386.0,17000.0,7.0,1908.792198826372,2022.0,21.0,3.0,4,11.0,33.0,29.0,3.0,2023,10,0,1.0,8500.0,1,4,9.741027444837728
3827.0,101900.0,7.0,1908.792198826372,2018.0,12.0,3.0,5,11.0,90.0,50.12,5.0,2018,12,0,0.0,101900.0,1,4,11.531757032705352
2472.0,60000.0,4.0,1499.0,2017.0,17.0,3.0,5,11.0,0.0,0.0,5.0,2018,1,0,1.0,30000.0,0,1,11.002116507732017
2428.0,36100.0,4.0,1396.0,2017.0,12.0,3.0,5,11.0,0.0,0.0,5.0,2018,12,1,1.0,18050.0,0,4,10.494075844768336
13998.0,38000.0,8.0,1499.0,2024.0,19.0,3.0,5,9.0,360.0,39.2,5.0,2024,1,0,0.0,38000.0,1,1,10.545367754151743
16898.0,29000.0,4.0,1497.0,2023.0,12.0,3.0,5,11.0,0.0,0.0,5.0,2023,9,0,0.0,29000.0,0,3,10.275085591132715
25583.0,44200.0,6.0,1499.0,2025.0,19.0,2.0,6,9.0,300.0,52.3,5.0,2024,7,0,0.0,44200.0,1,3,10.69650269224425
6020.0,82200.0,4.0,1499.0,2020.0,17.0,3.0,5,11.0,0.0,0.0,5.0,2021,11,0,1.0,41100.0,0,4,11.316922746420394
29292.0,9000.0,7.0,1908.792198826372,2026.0,17.0,3.0,5,9.0,440.0,82.16,5.0,2025,10,0,0.0,9000.0,1,4,9.105090961257085
13969.0,50000.0,4.0,1999.0,2022.0,12.0,3.0,5,11.0,0.0,0.0,5.0,2021,11,0,0.0,50000.0,0,4,10.819798284210286
5269.0,120000.0,7.0,1908.792198826372,2019.0,13.0,3.0,5,11.0,100.0,52.56,4.0,2019,1,0,0.0,120000.0,1,1,11.695255355062795
157209.0,76000.0,1.0,2996.0,2023.0,19.0,0.0,5,10.0,0.0,0.0,5.0,2023,7,0,0.0,76000.0,0,3,11.23850177707664
11746.0,100.0,7.0,1908.792198826372,2024.0,13.0,3.0,5,11.0,130.0,50.3,5.0,2026,6,0,2.0,33.333333333333336,1,2,4.61512051684126
4975.0,44600.0,7.0,1908.792198826372,2022.0,10.0,3.0,4,11.0,35.0,28.5,5.0,2022,5,0,0.0,44600.0,1,2,10.70551155928146
4121.0,163000.0,4.0,1797.0,2016.0,18.0,0.0,5,11.0,0.0,0.0,4.0,2016,7,0,0.0,163000.0,0,3,12.001511614739405
21608.0,8000.0,8.0,1498.0,2025.0,17.0,0.0,5,7.0,150.0,32.6,5.0,2025,9,0,0.0,8000.0,1,3,8.987321812850125
15132.0,8000.0,7.0,1908.792198826372,2026.0,7.0,3.0,5,7.0,200.0,56.12,4.0,2025,11,0,0.0,8000.0,1,4,8.987321812850125
14690.0,40000.0,7.0,1908.792198826372,2024.0,17.0,3.0,5,7.0,240.0,60.0,5.0,2024,10,0,0.0,40000.0,1,4,10.596659732783579
27349.0,7500.0,6.0,1499.0,2025.0,19.0,1.0,6,11.0,180.0,41.46,5.0,2026,1,0,1.0,3750.0,1,1,8.922791623969637
11452.0,61900.0,4.0,1598.0,2021.0,7.0,3.0,5,11.0,0.0,0.0,5.0,2022,1,0,1.0,30950.0,0,1,11.033291613631048
23964.0,14000.0,7.0,1908.792198826372,2025.0,20.0,3.0,5,7.0,245.0,74.0,5.0,2025,11,0,0.0,14000.0,1,4,9.546884034617925
2325.0,50000.0,4.0,1997.0,2015.0,12.0,3.0,5,11.0,0.0,0.0,5.0,2017,7,0,2.0,16666.666666666668,0,3,10.819798284210286
5152.0,83500.0,4.0,1591.0,2019.0,13.0,3.0,5,11.0,0.0,0.0,4.0,2020,4,0,1.0,41750.0,0,2,11.332613886815139
18223.0,3000.0,7.0,1908.792198826372,2026.0,13.0,3.0,5,11.0,160.0,51.8,5.0,2026,3,0,0.0,3000.0,1,1,8.006700845440367
33826.0,31000.0,6.0,1998.0,2024.0,19.0,0.0,5,10.0,120.0,37.1,5.0,2025,6,0,1.0,15500.0,1,2,10.34177474101152
24729.0,6000.0,7.0,1908.792198826372,2025.0,17.0,3.0,5,9.0,340.0,60.0,5.0,2025,11,0,0.0,6000.0,1,4,8.699681400989514
100096.0,2500.0,8.0,1499.0,2025.0,15.0,0.0,5,9.0,390.0,65.0,4.0,2026,4,0,1.0,1250.0,1,2,7.824445930877619
19872.0,32400.0,6.0,1499.0,2024.0,12.0,3.0,5,11.0,165.0,43.24,5.0,2024,7,0,0.0,32400.0,1,3,10.385944565501662
22639.0,24000.0,4.0,1395.0,2022.0,13.0,3.0,5,11.0,0.0,0.0,5.0,2022,7,0,0.0,24000.0,0,3,10.085850775128717
12070.0,6900.0,4.0,1498.0,2024.0,12.0,0.0,5,11.0,0.0,0.0,5.0,2025,7,0,1.0,3450.0,0,3,8.839421607620602
176345.0,77000.0,4.0,5999.0,2006.0,22.0,0.0,2,3.0,0.0,0.0,2.0,2009,1,0,3.0,19250.0,0,1,11.251573687764477
111577.0,39000.0,5.0,2487.0,2024.0,8.0,0.0,7,10.0,174.0,0.0,5.0,2024,5,0,0.0,39000.0,0,2,10.571342565808699
41068.0,34000.0,7.0,1908.792198826372,2022.0,8.0,3.0,6,9.0,400.0,116.0,5.0,2023,11,0,1.0,17000.0,1,4,10.434145214930487
14248.0,68000.0,4.0,1986.0,2023.0,8.0,3.0,7,11.0,0.0,0.0,5.0,2023,9,0,0.0,68000.0,0,3,11.127277689932466
8655.0,28000.0,4.0,1485.0,2022.0,13.0,3.0,5,11.0,0.0,0.0,4.0,2022,9,0,0.0,28000.0,0,3,10.239995502805316
19106.0,100.0,6.0,1497.0,2025.0,17.0,0.0,5,11.0,165.0,31.7,5.0,1990,1,0,0.0,100.0,1,1,4.61512051684126
157209.0,3400.0,5.0,3493.0,2016.0,22.0,3.0,2,4.0,87.5,1.3,2.0,2020,12,0,4.0,680.0,1,4,8.131824785007195
48546.0,49000.0,1.0,2996.0,2020.0,19.0,0.0,5,2.0,0.0,0.0,5.0,2020,7,0,0.0,49000.0,0,3,10.799595985047786
30764.0,64000.0,1.0,1995.0,2021.0,20.0,3.0,5,3.0,0.0,0.0,4.0,2021,5,0,0.0,64000.0,0,2,11.06665398721974
4092.0,61100.0,4.0,1499.0,2018.0,12.0,1.0,7,11.0,0.0,0.0,5.0,2017,9,0,0.0,61100.0,0,3,11.020283511637867
4857.0,25400.0,7.0,1908.792198826372,2021.0,10.0,1.0,4,7.0,40.0,31.9,3.0,2021,9,0,0.0,25400.0,1,3,10.142543822310387
43865.0,1200.0,4.0,1997.0,2025.0,17.0,0.0,5,2.0,0.0,0.0,5.0,2025,2,0,0.0,1200.0,0,1,7.0909098220799835
34150.0,8000.0,6.0,1969.0,2025.0,14.0,1.0,6,10.0,353.0,52.38,5.0,2025,6,0,0.0,8000.0,1,2,8.987321812850125
54169.0,58000.0,6.0,1984.0,2021.0,19.0,3.0,5,2.0,100.0,17.9,5.0,2021,9,0,0.0,58000.0,1,3,10.968215530759236
232576.0,30000.0,4.0,6498.0,2011.0,22.0,3.0,2,4.0,0.0,0.0,2.0,2012,6,0,1.0,15000.0,0,2,10.308985993422082
21903.0,22500.0,7.0,1908.792198826372,2025.0,20.0,3.0,5,7.0,245.0,74.0,5.0,2025,6,0,0.0,22500.0,1,2,10.021315031649332
5681.0,82600.0,7.0,1908.792198826372,2022.0,16.0,3.0,0,7.0,60.0,0.0,5.0,2022,10,0,0.0,82600.0,0,4,11.321777065973317
5858.0,105000.0,4.0,2488.0,2017.0,12.0,3.0,5,10.0,0.0,0.0,5.0,2017,4,0,0.0,105000.0,0,2,11.561725152903833
26466.0,8800.0,6.0,1499.0,2026.0,17.0,3.0,5,11.0,200.0,41.46,5.0,2025,10,0,0.0,8800.0,1,4,9.082620630373812
2649.0,114000.0,4.0,1997.0,2016.0,8.0,0.0,7,3.0,0.0,0.0,5.0,2016,4,1,0.0,114000.0,0,2,11.643962499267984
18812.0,56000.0,4.0,1395.0,2023.0,13.0,1.0,5,11.0,0.0,0.0,5.0,2023,12,0,0.0,56000.0,0,4,10.933124826700707
5667.0,34900.0,4.0,1498.0,2022.0,12.0,3.0,5,11.0,0.0,0.0,5.0,2024,10,0,2.0,11633.333333333334,0,4,10.460270761075149
18664.0,30000.0,7.0,1908.792198826372,2024.0,19.0,3.0,5,7.0,230.0,77.0,5.0,2025,5,0,1.0,15000.0,1,2,10.308985993422082
108574.0,2900.0,5.0,2393.0,2026.0,19.0,3.0,5,2.0,40.0,1.87,5.0,2026,1,0,0.0,2900.0,1,1,7.972810784121404
2178.0,70000.0,4.0,1798.0,2016.0,12.0,3.0,5,11.0,0.0,0.0,5.0,2017,6,0,1.0,35000.0,0,2,11.156264806643742
12335.0,5800.0,6.0,1498.0,2025.0,18.0,3.0,5,11.0,160.0,15.87,4.0,2025,1,0,0.0,5800.0,1,1,8.665785595466064
9391.0,33000.0,4.0,1494.0,2022.0,13.0,3.0,5,11.0,0.0,0.0,5.0,2023,6,0,1.0,16500.0,0,2,10.404293143019792
4975.0,26600.0,7.0,1908.792198826372,2022.0,10.0,1.0,5,11.0,45.0,31.4,5.0,2023,7,0,1.0,13300.0,1,3,10.188704088048116
3208.0,82200.0,4.0,1485.0,2016.0,0.0,3.0,7,11.0,0.0,0.0,5.0,2017,9,1,1.0,41100.0,0,3,11.316922746420394
8213.0,47000.0,4.0,1480.0,2023.0,12.0,0.0,5,11.0,0.0,0.0,5.0,2023,3,0,0.0,47000.0,0,1,10.757924157061597
5593.0,90600.0,7.0,1908.792198826372,2022.0,10.0,2.0,4,11.0,35.0,33.0,5.0,2022,5,0,0.0,90600.0,1,2,11.41422052949775
1211456.0,1400.0,6.0,6498.0,2023.0,22.0,2.0,2,4.0,0.0,3.8,2.0,2025,11,0,2.0,466.6666666666667,1,4,7.244941546337007
23184.0,46700.0,1.0,1998.0,2021.0,19.0,0.0,7,2.0,0.0,0.0,5.0,2021,4,0,0.0,46700.0,0,2,10.751520856703959
20902.0,1200.0,1.0,1969.0,2025.0,18.0,3.0,5,11.0,0.0,0.0,4.0,2025,6,0,0.0,1200.0,0,2,7.0909098220799835
4239.0,180000.0,7.0,1908.792198826372,2021.0,13.0,3.0,5,11.0,110.0,50.3,4.0,2021,10,0,0.0,180000.0,1,4,12.100717685412471
41186.0,31000.0,4.0,3604.0,2022.0,2.0,3.0,4,2.0,0.0,0.0,4.0,2023,3,0,1.0,15500.0,0,1,10.34177474101152
48281.0,2800.0,5.0,1984.0,2026.0,17.0,0.0,5,2.0,18.0,1.7,5.0,2025,12,0,0.0,2800.0,1,4,7.937731775260109
92883.0,3000.0,4.0,2995.0,2025.0,19.0,3.0,5,2.0,0.0,0.0,5.0,2026,1,0,1.0,1500.0,0,1,8.006700845440367
22521.0,51000.0,4.0,1991.0,2023.0,12.0,0.0,7,11.0,0.0,0.0,5.0,2023,5,0,0.0,51000.0,0,2,10.839600519357369
10274.0,92000.0,4.0,1986.0,2022.0,8.0,1.0,7,11.0,0.0,0.0,5.0,2022,10,0,0.0,92000.0,0,4,11.429554725537322
11776.0,94500.0,4.0,1967.0,2020.0,12.0,3.0,5,2.0,0.0,0.0,4.0,2021,6,0,1.0,47250.0,0,2,11.456365695436427
2355.0,75700.0,4.0,1998.0,2014.0,12.0,3.0,5,11.0,0.0,0.0,5.0,2014,9,0,0.0,75700.0,0,3,11.234546649377918
12924.0,80000.0,4.0,1998.0,2020.0,19.0,0.0,7,10.0,0.0,0.0,5.0,2021,6,0,1.0,40000.0,0,2,11.289794413577894
29999.0,9000.0,4.0,1997.0,2025.0,20.0,2.0,5,3.0,0.0,0.0,4.0,2025,11,0,0.0,9000.0,0,4,9.105090961257085
30617.0,30000.0,7.0,1908.792198826372,2024.0,20.0,3.0,5,9.0,385.0,100.0,4.0,2024,12,0,0.0,30000.0,1,4,10.308985993422082
41363.0,14700.0,6.0,1497.0,2025.0,14.0,3.0,5,2.0,405.0,50.4,5.0,2025,10,0,0.0,14700.0,1,4,9.595670797663967
258777.0,9200.0,6.0,2993.0,2023.0,22.0,3.0,2,5.0,70.0,7.4,2.0,2025,3,0,2.0,3066.6666666666665,1,1,9.127067452782361
11599.0,3600.0,4.0,1962.0,2026.0,8.0,3.0,7,3.0,0.0,0.0,4.0,2026,4,0,0.0,3600.0,0,2,8.188966863648876
10274.0,60000.0,4.0,1997.0,2019.0,7.0,1.0,5,3.0,0.0,0.0,4.0,2019,10,0,0.0,60000.0,0,4,11.002116507732017
56407.0,100.0,7.0,1908.792198826372,2026.0,20.0,3.0,5,7.0,260.0,107.0,4.0,1990,1,0,0.0,100.0,1,1,4.61512051684126
22492.0,110000.0,4.0,1908.792198826372,2018.0,2.0,3.0,0,11.0,0.0,0.0,4.603574926542605,2018,4,0,0.0,110000.0,0,2,11.608244735642321
11599.0,50000.0,7.0,1908.792198826372,2022.0,13.0,3.0,5,11.0,126.0,49.92,5.0,2022,6,0,0.0,50000.0,1,2,10.819798284210286
16486.0,22100.0,7.0,1908.792198826372,2026.0,17.0,3.0,5,11.0,200.0,74.4,5.0,2026,1,0,0.0,22100.0,1,1,10.003378135350923
3473.0,100.0,7.0,1908.792198826372,2026.0,10.0,3.0,4,7.0,30.0,18.11,3.0,1990,1,0,0.0,100.0,1,1,4.61512051684126
15868.0,22900.0,4.0,1989.0,2023.0,17.0,0.0,5,2.0,0.0,0.0,5.0,2023,11,0,0.0,22900.0,0,4,10.038935856711177
412160.0,24700.0,4.0,3996.0,2023.0,19.0,3.0,5,2.0,0.0,0.0,5.0,2023,12,0,0.0,24700.0,0,4,10.114599007626499
13660.0,12900.0,4.0,1498.0,2023.0,17.0,3.0,5,11.0,0.0,0.0,5.0,2023,5,0,0.0,12900.0,0,2,9.465060106725137
9568.0,7400.0,7.0,1908.792198826372,2025.0,13.0,3.0,5,11.0,75.0,41.9,5.0,2025,9,0,0.0,7400.0,1,3,8.909370405197466
4239.0,87000.0,4.0,1997.0,2017.0,17.0,0.0,5,11.0,0.0,0.0,5.0,2018,1,0,1.0,43500.0,0,1,11.373674891823535
8537.0,16900.0,4.0,1497.0,2021.0,13.0,3.0,5,11.0,0.0,0.0,4.0,2021,9,0,0.0,16900.0,0,3,9.735128070758227
626733.0,26000.0,4.0,1908.792198826372,2021.0,14.0,0.0,0,11.0,0.0,0.0,4.603574926542605,2025,12,0,4.0,5200.0,0,4,10.165890277802454
18238.0,23800.0,6.0,1497.0,2024.0,8.0,0.0,7,11.0,150.0,20.156,5.0,2024,5,0,0.0,23800.0,1,2,10.077482875583607
11304.0,25000.0,4.0,1197.0,2023.0,13.0,3.0,5,11.0,0.0,0.0,4.0,2023,10,0,0.0,25000.0,0,4,10.12667110305036
9126.0,60000.0,4.0,1997.0,2019.0,12.0,3.0,5,11.0,0.0,0.0,5.0,2020,8,0,1.0,30000.0,0,3,11.002116507732017
58703.0,16000.0,4.0,1991.0,2023.0,8.0,0.0,7,3.0,0.0,0.0,5.0,2024,1,0,1.0,8000.0,0,1,9.680406499268875
5711.0,138000.0,4.0,2998.0,2013.0,17.0,3.0,7,10.0,0.0,0.0,5.0,2015,6,0,2.0,46000.0,0,2,11.835016210489899
143961.0,8400.0,4.0,2894.0,2024.0,15.0,3.0,4,3.0,0.0,0.0,5.0,2024,7,0,0.0,8400.0,0,3,9.036106025364846
18812.0,19700.0,4.0,1353.0,2021.0,12.0,0.0,5,11.0,0.0,0.0,5.0,2023,6,0,2.0,6566.666666666667,0,2,9.888424674859083
20593.0,8000.0,8.0,1498.0,2025.0,17.0,3.0,5,7.0,150.0,32.6,5.0,2025,9,0,0.0,8000.0,1,3,8.987321812850125
22050.0,1000.0,7.0,1908.792198826372,2026.0,17.0,3.0,5,7.0,240.0,69.07,5.0,2026,5,0,0.0,1000.0,1,2,6.90875477931522
14248.0,26200.0,4.0,1498.0,2023.0,17.0,3.0,5,11.0,0.0,0.0,5.0,2023,9,0,0.0,26200.0,0,3,10.173552856959743
1663.0,140000.0,4.0,1490.0,2009.0,13.0,3.0,5,11.0,0.0,0.0,5.0,2010,9,0,1.0,70000.0,0,3,11.849404844423074
37977.0,7500.0,6.0,1991.0,2025.0,8.0,3.0,7,11.0,160.0,44.5,5.0,2025,5,0,0.0,7500.0,1,2,8.922791623969637
9832.0,10000.0,7.0,1908.792198826372,2022.0,12.0,3.0,5,11.0,120.0,54.34,5.0,2024,4,0,2.0,3333.3333333333335,1,2,9.210440366976517
26466.0,9700.0,7.0,1908.792198826372,2025.0,14.0,0.0,6,9.0,440.0,85.0,5.0,2025,8,0,0.0,9700.0,1,3,9.179984251961283
21785.0,68000.0,4.0,1975.0,2021.0,8.0,3.0,7,11.0,0.0,0.0,5.0,2022,1,0,1.0,34000.0,0,1,11.127277689932466
12659.0,22000.0,4.0,1598.0,2026.0,17.0,3.0,5,11.0,0.0,0.0,5.0,2024,5,0,0.0,22000.0,0,2,9.99884318585288
3385.0,30100.0,4.0,1499.0,2016.0,11.0,3.0,5,11.0,0.0,0.0,5.0,2017,4,0,1.0,15050.0,0,2,10.31231367277647
5858.0,70000.0,3.0,2771.0,2018.0,5.0,3.0,0,3.0,0.0,0.0,4.0,2020,6,1,2.0,23333.333333333332,0,2,11.156264806643742
1104.0,90000.0,4.0,1497.0,2015.0,12.0,3.0,5,11.0,0.0,0.0,5.0,2015,5,1,0.0,90000.0,0,2,11.407576060361786
42540.0,17000.0,4.0,1984.0,2022.0,17.0,3.0,5,2.0,0.0,0.0,5.0,2022,8,0,0.0,17000.0,0,3,9.741027444837728
1854.0,50000.0,7.0,1908.792198826372,2018.0,16.0,3.0,0,7.0,60.0,0.0,3.0,2018,6,0,0.0,50000.0,0,2,10.819798284210286
2944.0,68200.0,4.0,1587.0,2008.0,11.0,3.0,5,11.0,0.0,0.0,5.0,2017,4,0,9.0,6820.0,0,2,11.130214506480655
120409.0,25000.0,4.0,1908.792198826372,2023.0,2.0,3.0,0,11.0,0.0,0.0,4.603574926542605,2023,3,0,0.0,25000.0,0,1,10.12667110305036
13984.0,91000.0,8.0,1199.0,2020.0,19.0,0.0,6,9.0,240.0,40.5,5.0,2020,1,0,0.0,91000.0,1,1,11.418625774449598
58585.0,53000.0,1.0,2996.0,2023.0,19.0,3.0,7,2.0,0.0,0.0,5.0,2024,1,0,1.0,26500.0,0,1,10.87806606028079
101273.0,15000.0,6.0,2894.0,2021.0,15.0,0.0,5,2.0,100.0,17.9,5.0,2022,4,0,1.0,7500.0,1,2,9.61587214452889
4828.0,110000.0,4.0,1751.0,2017.0,7.0,3.0,5,11.0,0.0,0.0,4.0,2016,11,0,0.0,110000.0,0,4,11.608244735642321
20902.0,5000.0,3.0,2000.0,2025.0,1.0,3.0,0,3.0,0.0,0.0,5.0,2026,4,0,1.0,2500.0,0,2,8.517393171418904
9096.0,500.0,7.0,1908.792198826372,2023.0,13.0,3.0,5,11.0,100.0,37.9,5.0,2025,10,0,2.0,166.66666666666666,1,4,6.2166061010848646
12335.0,41000.0,4.0,1998.0,2022.0,13.0,3.0,5,11.0,0.0,0.0,4.0,2022,6,0,0.0,41000.0,0,2,10.62135173563291
13468.0,16000.0,7.0,1908.792198826372,2025.0,12.0,3.0,5,7.0,100.0,59.93,5.0,2025,10,0,0.0,16000.0,1,4,9.680406499268875
3532.0,300000.0,7.0,1908.792198826372,2017.0,13.0,3.0,5,11.0,90.0,49.0,4.0,2018,12,0,1.0,150000.0,1,4,12.611541086966115
10127.0,100.0,4.0,1499.0,2022.0,13.0,3.0,5,11.0,0.0,0.0,4.0,2026,3,0,4.0,20.0,0,1,4.61512051684126
2914.0,70000.0,4.0,1997.0,2015.0,12.0,3.0,5,11.0,0.0,0.0,5.0,2016,7,0,1.0,35000.0,0,3,11.156264806643742
13159.0,33900.0,7.0,1908.792198826372,2024.0,7.0,3.0,5,11.0,185.0,65.0,4.0,2025,2,0,1.0,16950.0,1,1,10.431199791458543
19872.0,92000.0,7.0,1908.792198826372,2021.0,17.0,0.0,5,7.0,220.0,60.0,5.0,2022,3,0,1.0,46000.0,1,1,11.429554725537322
21461.0,24000.0,4.0,1395.0,2023.0,12.0,3.0,5,11.0,0.0,0.0,5.0,2022,11,0,0.0,24000.0,0,4,10.085850775128717
1000.0,88000.0,4.0,1499.0,2015.0,12.0,3.0,5,11.0,0.0,0.0,5.0,2016,8,1,1.0,44000.0,0,3,11.385103457032141
38242.0,54000.0,6.0,1497.0,2024.0,8.0,0.0,7,11.0,170.0,20.39,5.0,2024,4,0,0.0,54000.0,1,2,10.896757843893464
13807.0,28000.0,8.0,1480.0,2023.0,17.0,3.0,5,7.0,175.0,31.73,5.0,2024,1,0,1.0,14000.0,1,1,10.239995502805316
17369.0,29000.0,4.0,1498.0,2025.0,12.0,0.0,5,11.0,0.0,0.0,5.0,2025,3,0,0.0,29000.0,0,1,10.275085591132715
9111.0,100.0,7.0,1908.792198826372,2026.0,12.0,0.0,5,11.0,75.0,31.9,5.0,2026,6,0,0.0,100.0,1,2,4.61512051684126
4121.0,20600.0,4.0,1498.0,2021.0,13.0,3.0,5,11.0,0.0,0.0,4.0,2021,8,1,0.0,20600.0,0,3,9.933094897288786
8360.0,86000.0,4.0,1499.0,2019.0,12.0,3.0,5,11.0,0.0,0.0,5.0,2020,8,0,1.0,43000.0,0,3,11.362114203075018
17369.0,45000.0,4.0,1999.0,2022.0,7.0,0.0,5,11.0,0.0,0.0,4.0,2022,4,0,0.0,45000.0,0,2,10.714439990727769
10863.0,14000.0,7.0,1908.792198826372,2025.0,13.0,3.0,5,11.0,70.0,42.3,5.0,2025,9,0,0.0,14000.0,1,3,9.546884034617925
26319.0,18000.0,5.0,1993.0,2022.0,6.0,0.0,7,11.0,135.0,0.0,5.0,2023,6,0,1.0,9000.0,0,2,9.798182590890704
102745.0,27000.0,4.0,3799.0,2013.0,22.0,2.0,2,5.0,0.0,0.0,2.0,2015,3,0,2.0,9000.0,0,1,10.203629181337648
16928.0,80000.0,4.0,1995.0,2020.0,18.0,3.0,5,3.0,0.0,0.0,4.0,2020,2,0,0.0,80000.0,0,1,11.289794413577894
16604.0,18000.0,4.0,1395.0,2022.0,17.0,3.0,5,11.0,0.0,0.0,5.0,2022,9,0,0.0,18000.0,0,3,9.798182590890704
8817.0,72000.0,4.0,1969.0,2020.0,12.0,3.0,5,11.0,0.0,0.0,5.0,2020,5,0,0.0,72000.0,0,2,11.184435286790631
9803.0,63000.0,4.0,898.0,2019.0,10.0,3.0,2,7.0,0.0,0.0,3.0,2019,10,0,0.0,63000.0,0,4,11.050905878263567
12467.0,5000.0,4.0,1598.0,2025.0,13.0,0.0,5,11.0,0.0,0.0,4.0,2025,12,0,0.0,5000.0,0,4,8.517393171418904
26760.0,200.0,6.0,1498.0,2026.0,17.0,3.0,5,11.0,165.0,32.6,5.0,2026,6,0,0.0,200.0,1,2,5.303304908059076
2193.0,111200.0,4.0,1587.0,2017.0,13.0,3.0,5,11.0,0.0,0.0,4.0,2017,9,1,0.0,111200.0,0,3,11.61909465356394
971.0,195000.0,4.0,1499.0,2012.0,13.0,3.0,5,11.0,0.0,0.0,4.0,2013,12,1,1.0,97500.0,0,4,12.180759965737863
13218.0,7700.0,7.0,1908.792198826372,2023.0,22.0,1.0,4,7.0,170.0,64.27,2.0,2023,7,0,0.0,7700.0,1,3,8.94910546953925
24552.0,100.0,7.0,1908.792198826372,2024.0,17.0,3.0,5,7.0,250.0,76.0,5.0,2026,6,0,2.0,33.333333333333336,1,2,4.61512051684126
23522.0,5000.0,8.0,1496.0,2026.0,19.0,3.0,5,7.0,230.0,52.0,5.0,2025,11,0,0.0,5000.0,1,4,8.517393171418904
24876.0,13800.0,8.0,1497.0,2025.0,19.0,0.0,5,7.0,231.0,39.05,4.0,2025,7,0,0.0,13800.0,1,3,9.53249633228804
3871.0,63000.0,4.0,1490.0,2018.0,12.0,3.0,5,11.0,0.0,0.0,5.0,2018,4,0,0.0,63000.0,0,2,11.050905878263567
12217.0,40000.0,7.0,1908.792198826372,2022.0,12.0,0.0,5,7.0,200.0,66.0,5.0,2023,7,0,1.0,20000.0,1,3,10.596659732783579
8802.0,15000.0,7.0,1908.792198826372,2022.0,10.0,1.0,2,7.0,30.0,26.5,2.0,2024,7,0,2.0,5000.0,1,3,9.61587214452889
4533.0,51000.0,4.0,1798.0,2021.0,4.0,3.0,0,5.0,0.0,0.0,4.0,2021,5,1,0.0,51000.0,0,2,10.839600519357369
2178.0,100000.0,4.0,1997.0,2017.0,12.0,3.0,5,11.0,0.0,0.0,5.0,2017,12,0,0.0,100000.0,0,4,11.51293546492023
5416.0,62800.0,7.0,1908.792198826372,2022.0,12.0,1.0,4,11.0,60.0,33.5,5.0,2022,7,0,0.0,62800.0,1,3,11.047726275896391
2031.0,40000.0,4.0,1485.0,2017.0,13.0,3.0,5,11.0,0.0,0.0,5.0,2018,1,1,1.0,20000.0,0,1,10.596659732783579
58408.0,10000.0,7.0,1908.792198826372,2025.0,3.0,3.0,7,9.0,400.0,102.7,5.0,2025,11,0,0.0,10000.0,1,4,9.210440366976517
41186.0,3000.0,6.0,1995.0,2025.0,14.0,3.0,6,2.0,560.0,46.9,5.0,2025,10,0,0.0,3000.0,1,4,8.006700845440367
10274.0,38000.0,4.0,1490.0,2021.0,7.0,3.0,5,11.0,0.0,0.0,4.0,2021,5,0,0.0,38000.0,0,2,10.545367754151743
13218.0,7500.0,6.0,1499.0,2024.0,12.0,0.0,5,11.0,150.0,19.43,5.0,2025,2,0,1.0,3750.0,1,1,8.922791623969637
21932.0,17400.0,7.0,1908.792198826372,2025.0,19.0,1.0,5,7.0,253.0,111.0,5.0,2025,10,0,0.0,17400.0,1,4,9.76428295481558
20608.0,30000.0,8.0,1499.0,2024.0,19.0,0.0,5,9.0,345.0,41.16,5.0,2024,12,0,0.0,30000.0,1,4,10.308985993422082
11746.0,27000.0,4.0,1497.0,2021.0,13.0,3.0,5,11.0,0.0,0.0,4.0,2023,4,0,2.0,9000.0,0,2,10.203629181337648
11864.0,83010.0,4.0,1969.0,2020.0,17.0,3.0,5,10.0,0.0,0.0,5.0,2019,9,0,0.0,83010.0,0,3,11.326728408117877
8611.0,40000.0,4.0,1495.0,2022.0,12.0,3.0,5,11.0,0.0,0.0,5.0,2023,1,0,1.0,20000.0,0,1,10.596659732783579
15971.0,25000.0,7.0,1908.792198826372,2025.0,19.0,3.0,5,7.0,200.0,82.28,5.0,2025,2,0,0.0,25000.0,1,1,10.12667110305036
17045.0,4000.0,8.0,1497.0,2026.0,17.0,0.0,5,7.0,190.0,31.73,5.0,2025,9,0,0.0,4000.0,1,3,8.294299608857235
19386.0,2000.0,6.0,1498.0,2025.0,17.0,3.0,7,11.0,200.0,21.504,5.0,2025,3,0,0.0,2000.0,1,1,7.601402334583733
27349.0,27000.0,6.0,1497.0,2025.0,17.0,3.0,5,2.0,485.0,31.8,5.0,2025,3,0,0.0,27000.0,1,1,10.203629181337648
30735.0,16000.0,8.0,1497.0,2025.0,14.0,0.0,6,9.0,362.0,40.18,5.0,2025,4,0,0.0,16000.0,1,2,9.680406499268875
1913.0,140000.0,4.0,1499.0,2016.0,12.0,3.0,5,11.0,0.0,0.0,5.0,2018,2,0,2.0,46666.666666666664,0,1,11.849404844423074
3061.0,37400.0,4.0,1798.0,2020.0,17.0,0.0,7,11.0,0.0,0.0,5.0,2020,5,1,0.0,37400.0,0,2,10.529452721013085
794.0,30000.0,4.0,998.0,2011.0,16.0,3.0,0,5.0,0.0,0.0,5.0,2014,11,1,3.0,7500.0,0,4,10.308985993422082
1457.0,90000.0,4.0,1908.792198826372,2015.0,11.0,3.0,5,3.0,0.0,0.0,5.0,2016,1,0,1.0,45000.0,0,1,11.407576060361786
2472.0,110000.0,4.0,1798.0,2018.0,12.0,3.0,7,11.0,0.0,0.0,5.0,2019,6,0,1.0,55000.0,0,2,11.608244735642321
19695.0,41000.0,4.0,1395.0,2021.0,13.0,3.0,5,11.0,0.0,0.0,4.0,2021,9,0,0.0,41000.0,0,3,10.62135173563291
2060.0,67400.0,4.0,1498.0,2016.0,11.0,3.0,5,11.0,0.0,0.0,5.0,2017,3,1,1.0,33700.0,0,1,11.118415133585586
1306841.0,10000.0,4.0,1908.792198826372,2022.0,15.0,0.0,0,11.0,0.0,0.0,4.603574926542605,2022,12,0,0.0,10000.0,0,4,9.210440366976517
48546.0,10000.0,6.0,1998.0,2026.0,19.0,3.0,5,10.0,455.0,59.05,5.0,2025,10,0,0.0,10000.0,1,4,9.210440366976517
24729.0,20000.0,4.0,1987.0,2020.0,20.0,0.0,5,11.0,0.0,0.0,4.0,2020,1,0,0.0,20000.0,0,1,9.90353755128617
26466.0,7000.0,8.0,1499.0,2025.0,19.0,2.0,5,9.0,350.0,45.0,5.0,2025,7,0,0.0,7000.0,1,3,8.853808274977197
16751.0,21500.0,6.0,1498.0,2025.0,20.0,3.0,5,11.0,200.0,0.0,4.0,2024,11,0,0.0,21500.0,0,4,9.975854724662028
122028.0,122000.0,4.0,1908.792198826372,2017.0,19.0,0.0,0,11.0,0.0,0.0,4.603574926542605,2018,12,0,1.0,61000.0,0,4,11.711784520403112
17031.0,78900.0,4.0,1996.0,2019.0,17.0,3.0,5,11.0,0.0,0.0,5.0,2020,4,0,1.0,39450.0,0,2,11.275949181024878
8611.0,100000.0,4.0,2290.0,2019.0,12.0,3.0,5,2.0,0.0,0.0,4.0,2019,11,0,0.0,100000.0,0,4,11.51293546492023
7919.0,119000.0,4.0,1995.0,2019.0,12.0,3.0,5,10.0,0.0,0.0,5.0,2019,3,0,0.0,119000.0,0,1,11.686887175419702
1442.0,81000.0,4.0,1796.0,2015.0,12.0,3.0,5,11.0,0.0,0.0,5.0,2015,8,0,0.0,81000.0,0,3,11.302216779257382
4239.0,62000.0,7.0,1908.792198826372,2023.0,11.0,3.0,5,11.0,70.0,31.95,5.0,2023,8,0,0.0,62000.0,1,3,11.034905792929415
17487.0,43000.0,7.0,1908.792198826372,2023.0,19.0,3.0,5,7.0,250.0,80.0,5.0,2024,3,0,1.0,21500.0,1,1,10.668978650219241
17634.0,68000.0,7.0,1908.792198826372,2021.0,7.0,0.0,5,7.0,220.0,55.0,4.0,2021,7,0,0.0,68000.0,1,3,11.127277689932466
3503.0,54000.0,4.0,1598.0,2018.0,12.0,1.0,5,11.0,0.0,0.0,5.0,2019,5,0,1.0,27000.0,0,2,10.896757843893464
26937.0,23000.0,6.0,1497.0,2023.0,17.0,0.0,5,2.0,485.0,31.8,5.0,2025,6,0,2.0,7666.666666666667,1,2,10.043292972227004
15573.0,3800.0,6.0,1498.0,2025.0,18.0,1.0,5,11.0,160.0,18.71,5.0,2025,7,0,0.0,3800.0,1,3,8.24301946898925
37536.0,31000.0,4.0,1998.0,2022.0,12.0,3.0,5,10.0,0.0,0.0,5.0,2022,7,0,0.0,31000.0,0,3,10.34177474101152
4239.0,39000.0,7.0,1908.792198826372,2020.0,10.0,3.0,3,7.0,40.0,31.0,3.0,2020,10,0,0.0,39000.0,1,4,10.571342565808699
65945.0,18000.0,4.0,4735.0,2011.0,22.0,3.0,2,3.0,0.0,0.0,2.0,2013,6,0,2.0,6000.0,0,2,9.798182590890704
3827.0,70000.0,7.0,1908.792198826372,2022.0,10.0,3.0,5,11.0,45.0,31.4,5.0,2022,1,0,0.0,70000.0,1,1,11.156264806643742
34562.0,42000.0,6.0,1497.0,2025.0,8.0,3.0,7,2.0,310.0,41.7,5.0,2024,10,0,0.0,42000.0,1,4,10.645448706505872
2914.0,60000.0,4.0,1590.0,2018.0,12.0,3.0,5,11.0,0.0,0.0,5.0,2019,3,0,1.0,30000.0,0,1,11.002116507732017
5711.0,260000.0,7.0,1908.792198826372,2019.0,13.0,3.0,5,11.0,135.0,58.8,4.0,2020,10,0,1.0,130000.0,1,4,12.468440756144114
13218.0,11400.0,4.0,1395.0,2022.0,12.0,3.0,5,11.0,0.0,0.0,5.0,2022,3,0,0.0,11400.0,0,1,9.34145634983372
2767.0,6200.0,7.0,1908.792198826372,2022.0,21.0,2.0,4,7.0,25.0,9.18,3.0,2024,10,0,2.0,2066.6666666666665,1,4,8.732465848349879
2899.0,30000.0,4.0,1498.0,2019.0,13.0,3.0,5,11.0,0.0,0.0,4.0,2019,8,1,0.0,30000.0,0,3,10.308985993422082
7624.0,20000.0,4.0,1494.0,2022.0,13.0,0.0,5,11.0,0.0,0.0,5.0,2022,12,0,0.0,20000.0,0,4,9.90353755128617
36181.0,100.0,4.0,1984.0,2025.0,17.0,3.0,5,2.0,0.0,0.0,5.0,1990,1,0,0.0,100.0,0,1,4.61512051684126
13071.0,31000.0,7.0,1908.792198826372,2025.0,12.0,3.0,5,7.0,100.0,59.93,5.0,2024,12,0,0.0,31000.0,1,4,10.34177474101152
5711.0,67000.0,7.0,1908.792198826372,2022.0,10.0,2.0,4,7.0,40.0,31.9,3.0,2022,7,0,0.0,67000.0,1,3,11.112462823634855
7772.0,82000.0,7.0,1908.792198826372,2019.0,7.0,0.0,5,11.0,160.0,60.225,4.0,2021,7,0,2.0,27333.333333333332,1,3,11.314486721293981
4401.0,49000.0,4.0,1476.0,2021.0,13.0,0.0,5,11.0,0.0,0.0,4.0,2021,10,0,0.0,49000.0,0,4,10.799595985047786
6594.0,48800.0,4.0,1476.0,2023.0,13.0,0.0,5,11.0,0.0,0.0,4.0,2023,5,0,0.0,48800.0,0,2,10.795506083434564
7212.0,12100.0,4.0,1598.0,2020.0,17.0,3.0,7,11.0,0.0,0.0,5.0,2020,11,0,0.0,12100.0,0,4,9.401043372798053
73570.0,100.0,7.0,1908.792198826372,2025.0,19.0,3.0,5,9.0,450.0,112.0,5.0,2026,6,0,1.0,50.0,1,2,4.61512051684126
27968.0,34530.0,5.0,1991.0,2024.0,8.0,0.0,7,11.0,134.0,0.0,5.0,2024,10,0,0.0,34530.0,0,4,10.449612750289052
14558.0,14400.0,7.0,1908.792198826372,2024.0,17.0,3.0,5,7.0,240.0,60.0,5.0,2025,8,0,1.0,7200.0,1,3,9.575052927597383
31765.0,400.0,6.0,1499.0,2026.0,19.0,0.0,5,10.0,263.0,39.6,5.0,2026,5,0,0.0,400.0,1,2,5.993961427306569
30735.0,100.0,7.0,1908.792198826372,2025.0,13.0,3.0,5,7.0,200.0,89.0,4.0,2025,12,0,0.0,100.0,1,4,4.61512051684126
14690.0,47000.0,7.0,1908.792198826372,2024.0,17.0,3.0,5,11.0,200.0,79.2,5.0,2024,1,0,0.0,47000.0,1,1,10.757924157061597
5269.0,153000.0,4.0,1999.0,2014.0,17.0,3.0,5,11.0,0.0,0.0,5.0,2013,12,0,0.0,153000.0,0,4,11.938199736300925
2767.0,54000.0,4.0,1349.0,2019.0,13.0,3.0,5,11.0,0.0,0.0,4.0,2019,8,0,0.0,54000.0,0,3,10.896757843893464
7360.0,30400.0,4.0,1499.0,2025.0,0.0,3.0,7,3.0,0.0,0.0,4.0,2025,3,1,0.0,30400.0,0,1,10.322230781590136
6741.0,149000.0,4.0,2498.0,2013.0,12.0,0.0,5,10.0,0.0,0.0,5.0,2014,1,0,1.0,74500.0,0,1,11.91170829631447
12659.0,15600.0,7.0,1908.792198826372,2025.0,12.0,3.0,5,7.0,100.0,59.93,5.0,2025,8,0,0.0,15600.0,1,3,9.65509029374725
3944.0,90000.0,4.0,1967.0,2016.0,17.0,3.0,5,11.0,0.0,0.0,5.0,2016,5,0,0.0,90000.0,0,2,11.407576060361786
18959.0,89000.0,6.0,1497.0,2023.0,19.0,1.0,6,2.0,360.0,45.8,5.0,2023,9,0,0.0,89000.0,1,3,11.39640288460621
29410.0,8000.0,6.0,1998.0,2025.0,12.0,3.0,5,2.0,120.0,37.1,5.0,2025,3,0,0.0,8000.0,1,1,8.987321812850125
145433.0,34000.0,1.0,2999.0,2021.0,14.0,0.0,5,2.0,0.0,0.0,5.0,2021,9,0,0.0,34000.0,0,3,10.434145214930487
14778.0,50000.0,7.0,1908.792198826372,2022.0,7.0,0.0,5,7.0,210.0,70.0,4.0,2022,7,0,0.0,50000.0,1,3,10.819798284210286
11040.0,35000.0,7.0,1908.792198826372,2023.0,17.0,0.0,5,7.0,218.0,66.0,5.0,2024,4,0,1.0,17500.0,1,2,10.463131911491967
20431.0,19000.0,4.0,1495.0,2021.0,0.0,3.0,7,11.0,0.0,0.0,5.0,2022,2,0,1.0,9500.0,0,1,9.852246888342531
7992.0,28800.0,4.0,1494.0,2022.0,12.0,3.0,5,11.0,0.0,0.0,5.0,2022,12,0,0.0,28800.0,0,4,10.268165387743457
145728.0,1400.0,4.0,1908.792198826372,2015.0,13.0,3.0,0,11.0,0.0,0.0,4.603574926542605,2019,5,1,4.0,280.0,0,2,7.244941546337007
28409.0,8000.0,6.0,1498.0,2025.0,19.0,0.0,5,2.0,360.0,35.6,5.0,2025,12,0,0.0,8000.0,1,4,8.987321812850125
5858.0,29000.0,4.0,1908.792198826372,2021.0,1.0,3.0,0,5.0,0.0,0.0,4.0,2024,7,1,3.0,7250.0,0,3,10.275085591132715
28232.0,60000.0,4.0,1967.0,2021.0,12.0,3.0,5,10.0,0.0,0.0,5.0,2022,3,0,1.0,30000.0,0,1,11.002116507732017
9361.0,18600.0,7.0,1908.792198826372,2024.0,13.0,3.0,5,11.0,120.0,53.6,4.0,2025,8,0,1.0,9300.0,1,3,9.83097062169695
39155.0,6500.0,6.0,1995.0,2025.0,14.0,0.0,6,2.0,560.0,46.9,5.0,2025,10,0,0.0,6500.0,1,4,8.77971129020447
4975.0,100.0,7.0,1908.792198826372,2025.0,10.0,3.0,4,7.0,30.0,17.03,3.0,2026,4,0,1.0,50.0,1,2,4.61512051684126
44130.0,100.0,8.0,1498.0,2025.0,20.0,3.0,5,7.0,227.0,53.4,5.0,2026,6,0,1.0,50.0,1,2,4.61512051684126
20578.0,100.0,6.0,1499.0,2025.0,17.0,0.0,7,11.0,199.0,19.43,5.0,2026,3,0,1.0,50.0,1,1,4.61512051684126
2870.0,73000.0,4.0,1485.0,2016.0,0.0,3.0,5,11.0,0.0,0.0,5.0,2019,11,1,3.0,18250.0,0,4,11.19822841866684
18517.0,2000.0,4.0,1395.0,2023.0,17.0,0.0,5,11.0,0.0,0.0,5.0,2022,10,0,0.0,2000.0,0,4,7.601402334583733
17634.0,30000.0,4.0,1395.0,2021.0,12.0,3.0,5,11.0,0.0,0.0,5.0,2022,1,0,1.0,15000.0,0,1,10.308985993422082
13218.0,19000.0,7.0,1908.792198826372,2024.0,20.0,3.0,5,7.0,200.0,70.26,5.0,2024,9,0,0.0,19000.0,1,3,9.852246888342531
6668.0,26000.0,6.0,1498.0,2024.0,13.0,3.0,5,11.0,132.0,8.32,4.0,2024,6,0,0.0,26000.0,1,2,10.165890277802454
11628.0,11000.0,4.0,1598.0,2023.0,18.0,3.0,5,11.0,0.0,0.0,5.0,2024,12,0,1.0,5500.0,0,4,9.305741456739435
4106.0,25000.0,7.0,1908.792198826372,2021.0,10.0,3.0,4,11.0,37.0,29.13,3.0,2022,3,0,1.0,12500.0,1,1,10.12667110305036
321455.0,23000.0,4.0,4499.0,2013.0,22.0,3.0,2,5.0,0.0,0.0,2.0,2012,10,0,0.0,23000.0,0,4,10.043292972227004
13660.0,59500.0,6.0,1494.0,2023.0,17.0,1.0,5,11.0,110.0,28.39,5.0,2023,7,0,0.0,59500.0,1,3,10.993748398115178
4092.0,50000.0,4.0,1594.0,2019.0,12.0,3.0,5,11.0,0.0,0.0,5.0,2019,12,0,0.0,50000.0,0,4,10.819798284210286
93472.0,25000.0,4.0,1991.0,2021.0,22.0,3.0,2,5.0,0.0,0.0,2.0,2024,3,0,3.0,6250.0,0,1,10.12667110305036
16162.0,125000.0,6.0,3604.0,2018.0,8.0,0.0,7,11.0,0.0,16.0,5.0,2020,4,0,2.0,41666.666666666664,1,2,11.736077016252437
16162.0,34000.0,4.0,1999.0,2022.0,17.0,3.0,5,11.0,0.0,0.0,5.0,2023,2,0,1.0,17000.0,0,1,10.434145214930487
23080.0,18000.0,6.0,1999.0,2024.0,6.0,0.0,7,11.0,134.0,25.57,5.0,2024,11,0,0.0,18000.0,1,4,9.798182590890704
12909.0,20500.0,6.0,1499.0,2024.0,17.0,3.0,7,11.0,150.0,18.67,5.0,2025,5,0,1.0,10250.0,1,2,9.928228944424575
10863.0,18400.0,4.0,1368.0,2021.0,11.0,3.0,5,11.0,0.0,0.0,5.0,2022,8,0,1.0,9200.0,0,3,9.820160289946374
5858.0,46600.0,4.0,1494.0,2021.0,12.0,3.0,5,11.0,0.0,0.0,5.0,2021,2,0,0.0,46600.0,0,1,10.74937727911096
40038.0,21000.0,6.0,1498.0,2025.0,8.0,3.0,7,2.0,245.0,40.0,5.0,2025,4,0,0.0,21000.0,1,2,9.952325334619427
6741.0,25000.0,4.0,1494.0,2022.0,13.0,3.0,5,11.0,0.0,0.0,5.0,2022,8,0,0.0,25000.0,0,3,10.12667110305036
14543.0,29900.0,4.0,1498.0,2023.0,12.0,0.0,5,11.0,0.0,0.0,5.0,2023,6,0,0.0,29900.0,0,2,10.305647203635566
28409.0,8700.0,6.0,1499.0,2025.0,19.0,2.0,6,9.0,300.0,44.5,5.0,2025,1,0,0.0,8700.0,1,1,9.071193240566025
51490.0,100.0,8.0,1496.0,2025.0,14.0,0.0,5,7.0,227.0,53.4,5.0,2026,6,0,1.0,50.0,1,2,4.61512051684126
5299.0,61800.0,4.0,1998.0,2022.0,1.0,3.0,0,3.0,0.0,0.0,4.0,2023,2,1,1.0,30900.0,0,1,11.031674824544641
15720.0,18000.0,3.0,1999.0,2025.0,5.0,0.0,0,2.0,0.0,0.0,4.0,2025,4,1,0.0,18000.0,0,2,9.798182590890704
32369.0,57000.0,6.0,1497.0,2024.0,8.0,0.0,7,11.0,170.0,40.0,5.0,2024,7,0,0.0,57000.0,1,3,10.950824090522445
10274.0,13000.0,4.0,1497.0,2021.0,12.0,0.0,5,11.0,0.0,0.0,5.0,2022,10,0,1.0,6500.0,0,4,9.472781556562168
2723.0,57000.0,4.0,1590.0,2019.0,12.0,3.0,5,11.0,0.0,0.0,5.0,2019,1,1,0.0,57000.0,0,1,10.950824090522445
17369.0,163000.0,4.0,1969.0,2018.0,19.0,3.0,7,2.0,0.0,0.0,5.0,2017,12,0,0.0,163000.0,0,4,12.001511614739405
4680.0,53700.0,7.0,1908.792198826372,2022.0,10.0,1.0,5,11.0,45.0,31.4,5.0,2022,9,0,0.0,53700.0,1,3,10.891186902297498
308825.0,55000.0,4.0,3996.0,2021.0,19.0,2.0,5,2.0,0.0,0.0,5.0,2021,5,0,0.0,55000.0,0,2,10.915106645867503
44233.0,7000.0,7.0,1908.792198826372,2025.0,20.0,3.0,5,8.0,1138.0,93.7,4.0,2025,6,0,0.0,7000.0,1,2,8.853808274977197
5711.0,130000.0,7.0,1908.792198826372,2020.0,6.0,3.0,7,7.0,90.0,50.5,4.0,2021,12,0,1.0,65000.0,1,4,11.775297421715827
22933.0,1000.0,7.0,1908.792198826372,2026.0,19.0,0.0,5,7.0,220.0,81.9,5.0,2026,3,0,0.0,1000.0,1,1,6.90875477931522
18959.0,1500.0,3.0,1968.0,2025.0,12.0,0.0,5,10.0,0.0,0.0,5.0,2025,9,0,0.0,1500.0,0,3,7.313886831633462
43100.0,9000.0,6.0,1969.0,2026.0,20.0,0.0,5,10.0,107.0,18.831,4.0,2025,12,0,0.0,9000.0,1,4,9.105090961257085
6741.0,50000.0,7.0,1908.792198826372,2024.0,12.0,3.0,5,11.0,60.0,29.67,5.0,2023,10,0,0.0,50000.0,1,4,10.819798284210286
5564.0,42100.0,4.0,1481.0,2021.0,12.0,0.0,5,11.0,0.0,0.0,5.0,2021,9,0,0.0,42100.0,0,3,10.647826772357497
9568.0,7000.0,4.0,1598.0,2026.0,13.0,3.0,5,11.0,0.0,0.0,4.0,2025,10,0,0.0,7000.0,0,4,8.853808274977197
17340.0,100.0,6.0,1497.0,2025.0,12.0,3.0,5,11.0,100.0,30.3,5.0,2026,3,0,1.0,50.0,1,1,4.61512051684126
5858.0,73000.0,4.0,1498.0,2018.0,12.0,3.0,5,11.0,0.0,0.0,5.0,2020,10,0,2.0,24333.333333333332,0,4,11.19822841866684
6285.0,20000.0,7.0,1908.792198826372,2024.0,16.0,3.0,0,7.0,70.0,0.0,5.0,2025,9,0,1.0,10000.0,0,3,9.90353755128617
21344.0,11700.0,7.0,1908.792198826372,2025.0,19.0,3.0,5,7.0,250.0,83.3,5.0,2025,11,0,0.0,11700.0,1,4,9.367429587218957
1162.0,52000.0,4.0,1500.0,2015.0,12.0,3.0,7,3.0,0.0,0.0,5.0,2015,8,1,0.0,52000.0,0,3,10.859018228147887
20313.0,145000.0,4.0,1908.792198826372,2013.0,14.0,0.0,7,10.0,0.0,0.0,5.0,2014,3,0,1.0,72500.0,0,1,11.884495917930655
46956.0,17000.0,1.0,1999.0,2024.0,17.0,3.0,5,2.0,0.0,0.0,5.0,2025,1,0,1.0,8500.0,0,1,9.741027444837728
1604.0,102600.0,4.0,1499.0,2015.0,12.0,3.0,5,11.0,0.0,0.0,5.0,2017,11,1,2.0,34200.0,0,4,11.538602958260002
20578.0,5000.0,7.0,1908.792198826372,2025.0,20.0,0.0,5,11.0,170.0,67.4,4.0,2026,1,0,1.0,2500.0,1,1,8.517393171418904
21064.0,60000.0,4.0,1997.0,2021.0,20.0,3.0,5,2.0,0.0,0.0,4.0,2022,12,0,1.0,30000.0,0,4,11.002116507732017
3650.0,60000.0,4.0,1499.0,2018.0,16.0,3.0,0,5.0,0.0,0.0,5.0,2021,8,1,3.0,15000.0,0,3,11.002116507732017
27938.0,100.0,8.0,1499.0,2025.0,19.0,3.0,5,7.0,227.0,37.0,5.0,2026,4,0,1.0,50.0,1,2,4.61512051684126
45896.0,8700.0,6.0,1498.0,2026.0,8.0,3.0,7,11.0,160.0,34.8,5.0,2025,10,0,0.0,8700.0,1,4,9.071193240566025
84787.0,62000.0,1.0,2996.0,2024.0,19.0,0.0,5,10.0,0.0,0.0,5.0,2024,1,0,0.0,62000.0,0,1,11.034905792929415
8802.0,20000.0,4.0,1598.0,2022.0,13.0,3.0,5,11.0,0.0,0.0,4.0,2022,12,0,0.0,20000.0,0,4,9.90353755128617
21049.0,3900.0,7.0,1908.792198826372,2025.0,7.0,3.0,5,7.0,252.0,72.88,4.0,2025,11,0,0.0,3900.0,1,4,8.268988209506656
11481.0,21000.0,7.0,1908.792198826372,2024.0,12.0,3.0,5,7.0,135.0,50.63,5.0,2024,5,0,0.0,21000.0,1,2,9.952325334619427
8360.0,15000.0,4.0,1497.0,2026.0,13.0,3.0,5,11.0,0.0,0.0,4.0,2025,5,0,0.0,15000.0,0,2,9.61587214452889
11746.0,25000.0,4.0,1497.0,2023.0,12.0,3.0,5,11.0,0.0,0.0,5.0,2023,10,0,0.0,25000.0,0,4,10.12667110305036
3208.0,80000.0,4.0,1908.792198826372,2019.0,16.0,3.0,0,5.0,0.0,0.0,4.0,2020,6,1,1.0,40000.0,0,2,11.289794413577894
16015.0,108800.0,1.0,1998.0,2022.0,17.0,3.0,7,2.0,0.0,0.0,5.0,2022,7,0,0.0,108800.0,0,3,11.597275804538212
11304.0,39000.0,4.0,1490.0,2023.0,13.0,3.0,5,11.0,0.0,0.0,4.0,2023,11,0,0.0,39000.0,0,4,10.571342565808699
8096.0,50000.0,7.0,1908.792198826372,2023.0,12.0,3.0,5,11.0,120.0,0.0,5.0,2023,11,0,0.0,50000.0,0,4,10.819798284210286
3518.0,87000.0,4.0,1813.0,2014.0,13.0,3.0,5,11.0,0.0,0.0,4.0,2017,12,0,3.0,21750.0,0,4,11.373674891823535
7624.0,60000.0,4.0,1499.0,2021.0,12.0,3.0,5,11.0,0.0,0.0,5.0,2021,4,0,0.0,60000.0,0,2,11.002116507732017
22080.0,100.0,6.0,1499.0,2025.0,12.0,0.0,5,2.0,325.0,43.2,5.0,2026,6,0,1.0,50.0,1,2,4.61512051684126
19106.0,9100.0,8.0,1497.0,2026.0,17.0,3.0,5,7.0,190.0,31.73,5.0,2025,9,0,0.0,9100.0,1,3,9.116139576577355
29292.0,64000.0,4.0,1991.0,2023.0,17.0,3.0,5,10.0,0.0,0.0,5.0,2023,3,0,0.0,64000.0,0,1,11.06665398721974
26908.0,22000.0,7.0,1908.792198826372,2023.0,7.0,3.0,5,7.0,194.0,60.0,4.0,2024,9,0,1.0,11000.0,1,3,9.99884318585288
33384.0,5300.0,8.0,1498.0,2025.0,20.0,1.0,5,7.0,227.0,53.4,4.0,2025,6,0,0.0,5300.0,1,2,8.575650760987806
4048.0,171700.0,4.0,1598.0,2026.0,12.0,3.0,5,11.0,0.0,0.0,5.0,2017,10,0,0.0,171700.0,0,4,12.05350987098043
3959.0,60200.0,4.0,1490.0,2018.0,12.0,3.0,5,11.0,0.0,0.0,5.0,2018,8,0,0.0,60200.0,0,3,11.005444242454628
50018.0,6200.0,6.0,1497.0,2026.0,14.0,3.0,6,10.0,380.0,65.0,5.0,2026,1,0,0.0,6200.0,1,1,8.732465848349879
22050.0,34000.0,4.0,1395.0,2023.0,7.0,0.0,5,11.0,0.0,0.0,5.0,2023,9,0,0.0,34000.0,0,3,10.434145214930487
17045.0,31000.0,6.0,1499.0,2024.0,12.0,3.0,5,11.0,150.0,27.2,5.0,2025,2,0,1.0,15500.0,1,1,10.34177474101152
46809.0,100.0,6.0,1498.0,2026.0,8.0,3.0,7,11.0,160.0,34.8,5.0,2025,9,0,0.0,100.0,1,3,4.61512051684126
13616.0,110000.0,7.0,1908.792198826372,2021.0,7.0,3.0,5,7.0,202.0,55.0,4.0,2022,5,0,1.0,55000.0,1,2,11.608244735642321
2914.0,90000.0,4.0,1498.0,2017.0,0.0,3.0,7,11.0,0.0,0.0,5.0,2018,1,1,1.0,45000.0,0,1,11.407576060361786
3061.0,57900.0,4.0,1981.0,2016.0,17.0,0.0,5,2.0,0.0,0.0,5.0,2016,10,0,0.0,57900.0,0,4,10.96648993456911
10598.0,30000.0,4.0,1998.0,2023.0,13.0,3.0,5,11.0,0.0,0.0,4.0,2023,8,0,0.0,30000.0,0,3,10.308985993422082
2620.0,58600.0,7.0,1908.792198826372,2019.0,16.0,3.0,0,7.0,60.0,0.0,5.0,2021,12,0,2.0,19533.333333333332,0,4,10.978507040265917
10127.0,9000.0,6.0,1499.0,2025.0,12.0,2.0,5,11.0,160.0,19.09,5.0,2025,11,0,0.0,9000.0,1,4,9.105090961257085
171929.0,77200.0,4.0,5204.0,2014.0,22.0,3.0,2,4.0,0.0,0.0,2.0,2017,5,0,3.0,19300.0,0,2,11.25416768929685
12188.0,22000.0,4.0,1998.0,2024.0,12.0,3.0,5,10.0,0.0,0.0,5.0,2024,11,0,0.0,22000.0,0,4,9.99884318585288
6152.0,30000.0,4.0,1494.0,2022.0,13.0,3.0,5,11.0,0.0,0.0,5.0,2022,8,0,0.0,30000.0,0,3,10.308985993422082
21726.0,13000.0,7.0,1908.792198826372,2023.0,18.0,3.0,5,7.0,210.0,70.0,5.0,2023,12,0,0.0,13000.0,1,4,9.472781556562168
26319.0,100.0,8.0,1498.0,2026.0,20.0,3.0,5,7.0,200.0,35.0,4.0,2026,6,0,0.0,100.0,1,2,4.61512051684126
1825.0,71500.0,4.0,1587.0,2015.0,13.0,3.0,5,11.0,0.0,0.0,4.0,2016,12,1,1.0,35750.0,0,4,11.177466714598282
5873.0,80000.0,4.0,1598.0,2026.0,12.0,3.0,5,11.0,0.0,0.0,5.0,2018,1,0,0.0,80000.0,0,1,11.289794413577894
85081.0,62000.0,1.0,2996.0,2024.0,19.0,0.0,5,2.0,0.0,0.0,5.0,2024,1,0,0.0,62000.0,0,1,11.034905792929415
2384.0,66000.0,4.0,1499.0,2018.0,11.0,3.0,6,11.0,0.0,0.0,5.0,2019,3,0,1.0,33000.0,0,1,11.097425172408931
52844.0,1400.0,4.0,2261.0,2024.0,17.0,0.0,5,10.0,0.0,0.0,4.0,2025,8,0,1.0,700.0,0,3,7.244941546337007
20284.0,20100.0,1.0,1998.0,2023.0,8.0,3.0,7,11.0,0.0,0.0,5.0,2022,12,0,0.0,20100.0,0,4,9.908524844053396
35298.0,7000.0,7.0,1908.792198826372,2026.0,19.0,2.0,5,7.0,215.0,100.0,5.0,2025,9,0,0.0,7000.0,1,3,8.853808274977197
18547.0,78000.0,6.0,1969.0,2021.0,17.0,3.0,5,2.0,65.0,11.6,5.0,2021,5,0,0.0,78000.0,1,2,11.264476926102367
42393.0,18000.0,4.0,1908.792198826372,2021.0,4.0,3.0,0,11.0,0.0,0.0,4.603574926542605,2022,6,0,1.0,9000.0,0,2,9.798182590890704
17634.0,25000.0,4.0,1395.0,2022.0,17.0,3.0,5,11.0,0.0,0.0,5.0,2022,3,0,0.0,25000.0,0,1,10.12667110305036
20048.0,15000.0,4.0,1967.0,2021.0,12.0,3.0,5,2.0,0.0,0.0,5.0,2022,8,0,1.0,7500.0,0,3,9.61587214452889
12188.0,60000.0,4.0,1499.0,2019.0,13.0,3.0,5,11.0,0.0,0.0,6.0,2019,6,0,0.0,60000.0,0,2,11.002116507732017
8655.0,132000.0,4.0,1995.0,2016.0,12.0,3.0,5,10.0,0.0,0.0,5.0,2016,4,0,0.0,132000.0,0,2,11.790564777297387
22639.0,38000.0,7.0,1908.792198826372,2023.0,19.0,3.0,5,9.0,425.0,100.0,5.0,2023,8,0,0.0,38000.0,1,3,10.545367754151743
17075.0,40000.0,4.0,1498.0,2023.0,11.0,3.0,5,11.0,0.0,0.0,5.0,2023,10,0,0.0,40000.0,0,4,10.596659732783579
8802.0,33200.0,4.0,1480.0,2023.0,12.0,3.0,5,11.0,0.0,0.0,5.0,2023,5,0,0.0,33200.0,0,2,10.410335274932896
11260.0,37000.0,7.0,1908.792198826372,2024.0,20.0,0.0,5,7.0,190.0,58.1,5.0,2024,8,0,0.0,37000.0,1,3,10.518700218288165
15720.0,37700.0,7.0,1908.792198826372,2025.0,12.0,3.0,5,9.0,155.0,81.76,5.0,2025,1,0,0.0,37700.0,1,1,10.537441898283253
7330.0,130000.0,4.0,2496.0,2013.0,7.0,3.0,5,3.0,0.0,0.0,4.0,2016,8,0,3.0,32500.0,0,3,11.775297421715827
6741.0,36000.0,7.0,1908.792198826372,2024.0,12.0,3.0,5,11.0,60.0,29.67,5.0,2023,8,0,0.0,36000.0,1,3,10.491301994830229
11187.0,5000.0,7.0,1908.792198826372,2026.0,13.0,3.0,5,7.0,125.0,53.6,5.0,2025,10,0,0.0,5000.0,1,4,8.517393171418904
8508.0,120000.0,4.0,2972.0,2011.0,19.0,3.0,7,2.0,0.0,0.0,5.0,2012,1,0,1.0,60000.0,0,1,11.695255355062795
54287.0,16000.0,8.0,1496.0,2025.0,14.0,2.0,6,9.0,392.0,53.4,5.0,2025,4,0,0.0,16000.0,1,2,9.680406499268875
43865.0,2700.0,7.0,1908.792198826372,2023.0,19.0,3.0,5,9.0,240.0,76.6,5.0,2025,12,0,2.0,900.0,1,4,7.901377353792616
7153.0,50200.0,7.0,1908.792198826372,2023.0,12.0,0.0,4,7.0,50.0,28.1,3.0,2024,5,0,1.0,25100.0,1,2,10.823790225800138
8832.0,25700.0,4.0,1494.0,2022.0,12.0,3.0,5,11.0,0.0,0.0,5.0,2022,6,0,0.0,25700.0,0,2,10.154285180632154
7698.0,13000.0,6.0,1498.0,2025.0,13.0,3.0,5,11.0,120.0,7.68,4.0,2025,8,0,0.0,13000.0,1,3,9.472781556562168
7345.0,15400.0,4.0,1485.0,2024.0,13.0,3.0,5,11.0,0.0,0.0,4.0,2024,9,0,0.0,15400.0,0,3,9.642187721358466
2208.0,68100.0,4.0,1997.0,2016.0,12.0,1.0,5,11.0,0.0,0.0,5.0,2016,9,0,0.0,68100.0,0,3,11.128747176317603
41186.0,2000.0,6.0,1995.0,2025.0,14.0,2.0,6,2.0,680.0,46.9,5.0,2026,1,0,1.0,1000.0,1,1,7.601402334583733
29145.0,18000.0,4.0,2387.0,2022.0,22.0,1.0,4,3.0,0.0,0.0,2.0,2022,7,1,0.0,18000.0,0,3,9.798182590890704
2767.0,80000.0,4.0,1598.0,2015.0,13.0,0.0,5,11.0,0.0,0.0,5.0,2015,7,0,0.0,80000.0,0,3,11.289794413577894
27349.0,32000.0,6.0,1497.0,2023.0,17.0,0.0,5,2.0,485.0,31.8,5.0,2024,9,0,1.0,16000.0,1,3,10.373522431293592
10009.0,3000.0,4.0,1498.0,2026.0,12.0,0.0,5,11.0,0.0,0.0,5.0,2026,1,0,0.0,3000.0,0,1,8.006700845440367
40995.0,30000.0,1.0,1998.0,2024.0,20.0,3.0,5,3.0,0.0,0.0,4.0,2024,1,0,0.0,30000.0,0,1,10.308985993422082
17634.0,2000.0,4.0,1989.0,2023.0,7.0,3.0,5,11.0,0.0,0.0,5.0,2025,10,0,2.0,666.6666666666666,0,4,7.601402334583733
5858.0,28000.0,4.0,1485.0,2022.0,13.0,3.0,5,11.0,0.0,0.0,4.0,2022,7,0,0.0,28000.0,0,3,10.239995502805316
12040.0,57000.0,4.0,1328.0,2015.0,12.0,0.0,4,2.0,0.0,0.0,3.0,2018,1,1,3.0,14250.0,0,1,10.950824090522445
15161.0,45400.0,6.0,1499.0,2024.0,19.0,0.0,5,11.0,165.0,34.46,5.0,2024,10,0,0.0,45400.0,1,4,10.723289410218579
10083.0,30000.0,7.0,1908.792198826372,2024.0,17.0,1.0,5,7.0,200.0,78.5,5.0,2025,1,0,1.0,15000.0,1,1,10.308985993422082
19136.0,11000.0,6.0,1499.0,2025.0,12.0,3.0,5,11.0,150.0,43.2,5.0,2025,11,0,0.0,11000.0,1,4,9.305741456739435
6624.0,133000.0,7.0,1908.792198826372,2023.0,13.0,3.0,5,11.0,110.0,48.46,4.0,2023,8,0,0.0,133000.0,1,3,11.798111925972618
22065.0,30000.0,1.0,1497.0,2021.0,18.0,0.0,4,3.0,0.0,0.0,2.0,2021,1,0,0.0,30000.0,0,1,10.308985993422082
14984.0,90000.0,3.0,2000.0,2023.0,4.0,3.0,0,3.0,0.0,0.0,5.0,2024,2,0,1.0,45000.0,0,1,11.407576060361786
37977.0,54000.0,4.0,2979.0,2018.0,19.0,3.0,5,10.0,0.0,0.0,5.0,2018,1,0,0.0,54000.0,0,1,10.896757843893464
8419.0,34400.0,4.0,1499.0,2021.0,12.0,3.0,5,11.0,0.0,0.0,5.0,2022,6,0,1.0,17200.0,0,2,10.445840912706414
5416.0,54000.0,4.0,1368.0,2019.0,12.0,3.0,5,11.0,0.0,0.0,5.0,2020,1,0,1.0,27000.0,0,1,10.896757843893464
36505.0,4200.0,6.0,1995.0,2025.0,14.0,3.0,6,2.0,560.0,46.9,5.0,2025,11,0,0.0,4200.0,1,4,8.343077871169383
23507.0,29000.0,4.0,1998.0,2024.0,7.0,2.0,5,3.0,0.0,0.0,4.0,2024,3,0,0.0,29000.0,0,1,10.275085591132715
24847.0,82000.0,7.0,1908.792198826372,2023.0,8.0,0.0,7,11.0,202.0,95.16,5.0,2024,3,0,1.0,41000.0,1,1,11.314486721293981
17104.0,111800.0,7.0,1908.792198826372,2023.0,19.0,0.0,5,7.0,231.0,71.0,5.0,2026,6,0,3.0,27950.0,1,2,11.624475784206961
24420.0,20000.0,4.0,1395.0,2023.0,13.0,2.0,5,11.0,0.0,0.0,4.0,2023,6,0,0.0,20000.0,0,2,9.90353755128617
23110.0,20.0,7.0,1908.792198826372,2025.0,19.0,3.0,5,9.0,440.0,89.98,5.0,1990,1,0,0.0,20.0,1,1,3.044522437723423
6300.0,59000.0,4.0,1490.0,2018.0,17.0,2.0,5,11.0,0.0,0.0,5.0,2018,12,0,0.0,59000.0,0,4,10.985309671896763
13660.0,47000.0,7.0,1908.792198826372,2024.0,7.0,3.0,5,11.0,185.0,65.0,4.0,2025,3,0,1.0,23500.0,1,1,10.757924157061597
16162.0,30000.0,6.0,1497.0,2021.0,12.0,3.0,5,2.0,146.0,15.12,5.0,2022,9,0,1.0,15000.0,1,3,10.308985993422082
7772.0,32400.0,3.0,1908.792198826372,2019.0,1.0,3.0,0,3.0,0.0,0.0,5.0,2021,8,1,2.0,10800.0,0,3,10.385944565501662
95385.0,59000.0,4.0,3855.0,2015.0,22.0,3.0,4,3.0,0.0,0.0,2.0,2016,6,0,1.0,29500.0,0,2,10.985309671896763
8832.0,56100.0,4.0,1984.0,2019.0,18.0,3.0,5,11.0,0.0,0.0,5.0,2019,10,0,0.0,56100.0,0,4,10.934908916663861
4106.0,13000.0,4.0,1498.0,2021.0,7.0,0.0,5,11.0,0.0,0.0,4.0,2023,9,0,2.0,4333.333333333333,0,3,9.472781556562168
4828.0,144000.0,4.0,1490.0,2017.0,17.0,0.0,5,11.0,0.0,0.0,5.0,2017,7,0,0.0,144000.0,0,3,11.87757552297847
9096.0,40000.0,6.0,1499.0,2024.0,13.0,3.0,5,11.0,107.0,0.0,4.0,2024,6,0,0.0,40000.0,0,2,10.596659732783579
1957.0,44000.0,4.0,1497.0,2015.0,12.0,3.0,5,11.0,0.0,0.0,5.0,2015,5,0,0.0,44000.0,0,2,10.691967639914864
8243.0,26000.0,8.0,1499.0,2024.0,17.0,3.0,5,7.0,170.0,40.0,5.0,2024,6,0,0.0,26000.0,1,2,10.165890277802454
30617.0,9000.0,4.0,1997.0,2025.0,20.0,0.0,5,3.0,0.0,0.0,4.0,2025,8,0,0.0,9000.0,0,3,9.105090961257085
13512.0,70000.0,4.0,1328.0,2015.0,12.0,0.0,4,2.0,0.0,0.0,3.0,2018,8,0,3.0,17500.0,0,3,11.156264806643742
16574.0,19000.0,7.0,1908.792198826372,2025.0,12.0,3.0,5,9.0,155.0,81.76,5.0,2025,3,0,0.0,19000.0,1,1,9.852246888342531
2399.0,69600.0,7.0,1908.792198826372,2019.0,16.0,3.0,0,7.0,60.0,0.0,5.0,2021,12,0,2.0,23200.0,0,4,11.150534214035387
10568.0,100000.0,4.0,1997.0,2020.0,17.0,1.0,5,11.0,0.0,0.0,5.0,2020,8,0,0.0,100000.0,0,3,11.51293546492023
10009.0,14800.0,7.0,1908.792198826372,2023.0,13.0,3.0,5,11.0,100.0,50.6,5.0,2024,8,0,1.0,7400.0,1,3,9.60245002503719
5961.0,97900.0,7.0,1908.792198826372,2020.0,12.0,1.0,5,11.0,120.0,60.7,5.0,2021,6,0,1.0,48950.0,1,2,11.49171204297103
9096.0,180000.0,7.0,1908.792198826372,2022.0,13.0,3.0,5,11.0,100.0,60.0,4.0,2023,4,0,1.0,90000.0,1,2,12.100717685412471
1472.0,162000.0,4.0,1587.0,2013.0,13.0,3.0,5,11.0,0.0,0.0,4.0,2013,9,0,0.0,162000.0,0,3,11.995357787034976
16515.0,19000.0,4.0,1967.0,2022.0,19.0,3.0,7,2.0,0.0,0.0,5.0,2023,3,0,1.0,9500.0,0,1,9.852246888342531
12806.0,82600.0,4.0,2488.0,2018.0,17.0,3.0,5,2.0,0.0,0.0,5.0,2019,3,0,1.0,41300.0,0,1,11.321777065973317
13071.0,27000.0,7.0,1908.792198826372,2024.0,12.0,0.0,5,9.0,205.0,65.69,5.0,2025,3,0,1.0,13500.0,1,1,10.203629181337648
16015.0,15000.0,7.0,1908.792198826372,2023.0,12.0,3.0,5,9.0,315.0,66.0,5.0,2023,7,0,0.0,15000.0,1,3,9.61587214452889
9980.0,25000.0,7.0,1908.792198826372,2025.0,13.0,1.0,5,11.0,70.0,44.928,5.0,2025,7,0,0.0,25000.0,1,3,10.12667110305036
25760.0,30000.0,8.0,1496.0,2024.0,19.0,3.0,5,9.0,300.0,36.8,5.0,2024,7,0,0.0,30000.0,1,3,10.308985993422082
6152.0,43000.0,4.0,1494.0,2022.0,13.0,3.0,5,11.0,0.0,0.0,5.0,2022,5,0,0.0,43000.0,0,2,10.668978650219241
8360.0,50000.0,4.0,1598.0,2022.0,13.0,3.0,5,11.0,0.0,0.0,4.0,2024,1,0,2.0,16666.666666666668,0,1,10.819798284210286
11334.0,28200.0,3.0,1968.0,2022.0,1.0,3.0,0,3.0,0.0,0.0,5.0,2022,12,1,0.0,28200.0,0,4,10.247112717290387
1398.0,73100.0,4.0,1497.0,2012.0,12.0,3.0,5,11.0,0.0,0.0,5.0,2013,10,1,1.0,36550.0,0,4,11.199597325534862
10274.0,80000.0,4.0,1995.0,2017.0,17.0,3.0,5,10.0,0.0,0.0,5.0,2018,1,0,1.0,40000.0,0,1,11.289794413577894
20136.0,88000.0,4.0,1991.0,2024.0,8.0,3.0,7,11.0,0.0,0.0,5.0,2023,12,0,0.0,88000.0,0,4,11.385103457032141
3665.0,15600.0,4.0,1451.0,2023.0,16.0,3.0,0,5.0,0.0,0.0,5.0,2024,12,1,1.0,7800.0,0,4,9.65509029374725
13984.0,100.0,7.0,1908.792198826372,2025.0,13.0,3.0,5,11.0,100.0,57.6,4.0,2026,6,0,1.0,50.0,1,2,4.61512051684126
254361.0,3300.0,1.0,2996.0,2025.0,19.0,0.0,5,2.0,0.0,0.0,5.0,2026,2,0,1.0,1650.0,0,1,8.101980731853192
19121.0,85000.0,4.0,2996.0,2021.0,14.0,0.0,5,10.0,0.0,0.0,5.0,2023,5,0,2.0,28333.333333333332,0,2,11.350418300109132
8537.0,221000.0,4.0,3778.0,2010.0,17.0,0.0,4,2.0,0.0,0.0,2.0,2010,3,0,0.0,221000.0,0,1,12.30592250537653
2355.0,30000.0,4.0,1206.0,2019.0,16.0,3.0,0,5.0,0.0,0.0,5.0,2019,9,1,0.0,30000.0,0,3,10.308985993422082
7948.0,4800.0,7.0,1908.792198826372,2025.0,13.0,3.0,5,7.0,58.0,30.12,5.0,2025,8,0,0.0,4800.0,1,3,8.476579508530941
16162.0,28000.0,7.0,1908.792198826372,2024.0,20.0,3.0,5,7.0,200.0,71.4,5.0,2024,11,0,0.0,28000.0,1,4,10.239995502805316
8375.0,80000.0,3.0,1996.0,2020.0,5.0,1.0,0,2.0,0.0,0.0,4.0,2020,11,1,0.0,80000.0,0,4,11.289794413577894
10716.0,80000.0,3.0,1996.0,2021.0,8.0,0.0,7,3.0,0.0,0.0,5.0,2021,12,0,0.0,80000.0,0,4,11.289794413577894
25907.0,4300.0,8.0,1499.0,2025.0,17.0,3.0,5,9.0,365.0,42.0,5.0,2025,8,0,0.0,4300.0,1,3,8.366602832783736
22492.0,30000.0,4.0,1395.0,2022.0,13.0,1.0,5,11.0,0.0,0.0,5.0,2022,7,0,0.0,30000.0,0,3,10.308985993422082
5711.0,90000.0,4.0,1598.0,2019.0,13.0,3.0,5,11.0,0.0,0.0,4.0,2019,12,0,0.0,90000.0,0,4,11.407576060361786
7919.0,75000.0,4.0,1499.0,2020.0,17.0,3.0,5,11.0,0.0,0.0,5.0,2021,12,0,1.0,37500.0,0,4,11.225256725762893
23080.0,2000.0,7.0,1908.792198826372,2025.0,12.0,3.0,5,11.0,140.0,73.5,5.0,2026,4,0,1.0,1000.0,1,2,7.601402334583733
7330.0,70000.0,4.0,1598.0,2021.0,17.0,3.0,5,11.0,0.0,0.0,5.0,2022,1,0,1.0,35000.0,0,1,11.156264806643742
2620.0,33900.0,4.0,1451.0,2021.0,16.0,3.0,0,5.0,0.0,0.0,5.0,2022,4,1,1.0,16950.0,0,2,10.431199791458543
14690.0,18000.0,4.0,1395.0,2023.0,12.0,3.0,5,11.0,0.0,0.0,5.0,2023,3,0,0.0,18000.0,0,1,9.798182590890704
8802.0,85700.0,7.0,1908.792198826372,2019.0,13.0,3.0,5,11.0,135.0,58.8,4.0,2020,8,0,1.0,42850.0,1,3,11.358619773129229
13910.0,4300.0,6.0,1497.0,2026.0,18.0,3.0,5,11.0,155.0,21.1,4.0,2025,11,0,0.0,4300.0,1,4,8.366602832783736
5593.0,35000.0,4.0,1395.0,2020.0,12.0,3.0,5,11.0,0.0,0.0,5.0,2021,7,0,1.0,17500.0,0,3,10.463131911491967
8949.0,70000.0,4.0,2360.0,2019.0,12.0,3.0,5,10.0,0.0,0.0,5.0,2020,1,0,1.0,35000.0,0,1,11.156264806643742
26466.0,18000.0,7.0,1908.792198826372,2025.0,20.0,3.0,5,7.0,270.0,92.2,5.0,2025,10,0,0.0,18000.0,1,4,9.798182590890704
22050.0,3500.0,8.0,1498.0,2025.0,17.0,3.0,5,7.0,150.0,32.6,5.0,2025,10,0,0.0,3500.0,1,4,8.160803920954665
136601.0,21000.0,4.0,1908.792198826372,2020.0,22.0,3.0,0,11.0,0.0,0.0,4.603574926542605,2020,11,0,0.0,21000.0,0,4,9.952325334619427
32207.0,47000.0,8.0,1499.0,2024.0,19.0,1.0,6,9.0,330.0,42.0,5.0,2024,7,0,0.0,47000.0,1,3,10.757924157061597
4239.0,81000.0,7.0,1908.792198826372,2018.0,13.0,3.0,5,11.0,85.0,35.0,5.0,2018,12,0,0.0,81000.0,1,4,11.302216779257382
67682.0,100.0,8.0,1499.0,2026.0,8.0,3.0,7,9.0,382.0,53.4,5.0,1990,1,0,0.0,100.0,1,1,4.61512051684126
30912.0,51000.0,6.0,1497.0,2022.0,8.0,0.0,7,10.0,215.0,40.06,5.0,2023,12,0,1.0,25500.0,1,4,10.839600519357369
291456.0,38000.0,4.0,3996.0,2021.0,19.0,3.0,5,2.0,0.0,0.0,5.0,2022,3,0,1.0,19000.0,0,1,10.545367754151743
6624.0,43200.0,4.0,1499.0,2021.0,12.0,1.0,5,11.0,0.0,0.0,5.0,2021,6,0,0.0,43200.0,0,2,10.673618922112436
22050.0,600.0,8.0,1497.0,2026.0,17.0,3.0,5,7.0,190.0,31.73,5.0,2025,10,0,0.0,600.0,1,4,6.398594934535208
2031.0,117400.0,4.0,1587.0,2016.0,13.0,3.0,5,11.0,0.0,0.0,4.0,2016,12,1,0.0,117400.0,0,4,11.67335070422742
4121.0,99000.0,4.0,1498.0,2021.0,13.0,3.0,5,11.0,0.0,0.0,4.0,2021,8,0,0.0,99000.0,0,3,11.502885230075814
2090.0,122000.0,4.0,1997.0,2016.0,12.0,3.0,5,11.0,0.0,0.0,5.0,2017,4,0,1.0,61000.0,0,2,11.711784520403112
4048.0,136000.0,3.0,2892.0,2018.0,5.0,2.0,0,3.0,0.0,0.0,4.0,2019,7,1,1.0,68000.0,0,3,11.820417517632333
12953.0,3000.0,7.0,1908.792198826372,2025.0,13.0,3.0,5,7.0,105.0,42.1,5.0,2025,9,0,0.0,3000.0,1,3,8.006700845440367
14131.0,75100.0,4.0,1991.0,2023.0,8.0,3.0,7,11.0,0.0,0.0,5.0,2023,2,0,0.0,75100.0,0,1,11.226589153242802
17634.0,12000.0,7.0,1908.792198826372,2026.0,17.0,0.0,5,7.0,200.0,68.82,5.0,2026,1,0,0.0,12000.0,1,1,9.392745258631441
16604.0,7000.0,7.0,1908.792198826372,2025.0,17.0,0.0,5,7.0,190.0,68.82,5.0,2025,9,0,0.0,7000.0,1,3,8.853808274977197
24994.0,118000.0,1.0,2993.0,2022.0,19.0,3.0,5,10.0,0.0,0.0,5.0,2022,10,0,0.0,118000.0,0,4,11.678448377988165
15132.0,19000.0,6.0,1499.0,2025.0,20.0,3.0,5,11.0,160.0,33.68,4.0,2025,8,0,0.0,19000.0,1,3,9.852246888342531
35298.0,100.0,6.0,1991.0,2026.0,8.0,3.0,7,11.0,160.0,25.5,5.0,2026,6,0,0.0,100.0,1,2,4.61512051684126
43247.0,5000.0,8.0,1498.0,2025.0,20.0,0.0,5,7.0,227.0,53.4,5.0,2025,9,0,0.0,5000.0,1,3,8.517393171418904
4945.0,24100.0,4.0,1485.0,2020.0,13.0,3.0,5,11.0,0.0,0.0,4.0,2021,2,0,1.0,12050.0,0,1,10.090008612393838
17192.0,16000.0,6.0,1499.0,2024.0,19.0,2.0,5,11.0,165.0,34.46,5.0,2024,8,0,0.0,16000.0,1,3,9.680406499268875
7330.0,69000.0,7.0,1908.792198826372,2020.0,12.0,3.0,5,11.0,120.0,53.6,5.0,2020,9,0,0.0,69000.0,1,3,11.141876276228
7919.0,50000.0,4.0,1494.0,2022.0,13.0,3.0,5,11.0,0.0,0.0,5.0,2022,12,0,0.0,50000.0,0,4,10.819798284210286
25288.0,17200.0,4.0,1998.0,2023.0,12.0,1.0,5,11.0,0.0,0.0,5.0,2024,4,0,1.0,8600.0,0,2,9.75272280064639
64473.0,75000.0,1.0,2996.0,2022.0,19.0,0.0,5,10.0,0.0,0.0,5.0,2022,10,0,0.0,75000.0,0,4,11.225256725762893
13660.0,9300.0,6.0,1497.0,2026.0,18.0,3.0,5,11.0,155.0,21.1,4.0,2025,11,0,0.0,9300.0,1,4,9.137877200242468
4018.0,8900.0,7.0,1908.792198826372,2026.0,10.0,3.0,4,7.0,30.0,18.11,3.0,2025,9,0,0.0,8900.0,1,3,9.093918908958932
12512.0,29900.0,4.0,1598.0,2025.0,7.0,3.0,5,11.0,0.0,0.0,5.0,2025,5,0,0.0,29900.0,0,2,10.305647203635566
16015.0,16000.0,6.0,1499.0,2025.0,17.0,3.0,5,11.0,165.0,18.67,5.0,2025,6,0,0.0,16000.0,1,2,9.680406499268875
38831.0,100.0,7.0,1908.792198826372,2026.0,20.0,1.0,5,7.0,264.0,100.0,5.0,2026,6,0,0.0,100.0,1,2,4.61512051684126
35298.0,2000.0,7.0,1908.792198826372,2026.0,20.0,1.0,5,7.0,227.0,100.0,4.0,2026,2,0,0.0,2000.0,1,1,7.601402334583733
3223.0,6900.0,4.0,1451.0,2023.0,16.0,3.0,0,5.0,0.0,0.0,5.0,2025,4,1,2.0,2300.0,0,2,8.839421607620602
51490.0,100.0,8.0,1496.0,2025.0,14.0,0.0,5,7.0,227.0,53.4,5.0,2026,6,0,1.0,50.0,1,2,4.61512051684126
4680.0,125300.0,4.0,1967.0,2017.0,12.0,3.0,5,11.0,0.0,0.0,5.0,2018,11,0,1.0,62650.0,0,4,11.738474121698282
868.0,131000.0,4.0,1497.0,2015.0,0.0,3.0,7,11.0,0.0,0.0,5.0,2015,10,1,0.0,131000.0,0,4,11.782960235741939
9538.0,6000.0,7.0,1908.792198826372,2025.0,13.0,3.0,5,11.0,70.0,42.3,5.0,2025,9,0,0.0,6000.0,1,3,8.699681400989514
45602.0,16000.0,4.0,1984.0,2024.0,20.0,0.0,5,2.0,0.0,0.0,4.0,2025,10,0,1.0,8000.0,0,4,9.680406499268875
5387.0,250000.0,4.0,2488.0,2013.0,6.0,0.0,7,11.0,0.0,0.0,5.0,2014,9,0,1.0,125000.0,0,3,12.429220196836383
15456.0,19400.0,3.0,2000.0,2025.0,4.0,0.0,0,3.0,0.0,0.0,5.0,2025,8,0,0.0,19400.0,0,3,9.873079890114703
4386.0,20900.0,7.0,1908.792198826372,2022.0,10.0,3.0,4,11.0,33.0,29.0,3.0,2023,5,0,1.0,10450.0,1,2,9.94755228369823
16162.0,4200.0,7.0,1908.792198826372,2026.0,20.0,3.0,5,7.0,120.0,51.48,5.0,2026,4,0,0.0,4200.0,1,2,8.343077871169383
57408.0,43500.0,4.0,5204.0,2009.0,22.0,3.0,2,4.0,0.0,0.0,2.0,2013,10,0,4.0,8700.0,0,4,10.680539205318292
4680.0,51300.0,7.0,1908.792198826372,2021.0,10.0,0.0,4,7.0,40.0,31.9,3.0,2021,8,0,0.0,51300.0,1,3,10.84546552414626
11040.0,47000.0,7.0,1908.792198826372,2024.0,12.0,0.0,5,9.0,205.0,65.69,5.0,2024,4,0,0.0,47000.0,1,2,10.757924157061597
2060.0,65000.0,7.0,1908.792198826372,2016.0,10.0,3.0,2,11.0,15.0,18.0,3.0,2017,12,0,1.0,32500.0,1,4,11.082157933374816
71392.0,17000.0,6.0,1974.0,2025.0,14.0,3.0,6,10.0,660.0,70.0,5.0,2025,11,0,0.0,17000.0,1,4,9.741027444837728
24994.0,16000.0,8.0,1499.0,2025.0,19.0,3.0,5,9.0,350.0,45.0,5.0,2025,8,0,0.0,16000.0,1,3,9.680406499268875
1214400.0,1700.0,6.0,6498.0,2023.0,22.0,3.0,2,4.0,0.0,3.8,2.0,2025,3,0,2.0,566.6666666666666,1,1,7.438971592395862
8360.0,3800.0,4.0,1392.0,2023.0,13.0,3.0,5,11.0,0.0,0.0,4.0,2024,5,0,1.0,1900.0,0,2,8.24301946898925
16162.0,10000.0,7.0,1908.792198826372,2025.0,17.0,3.0,5,11.0,200.0,79.2,5.0,2025,6,0,0.0,10000.0,1,2,9.210440366976517
16766.0,4000.0,7.0,1908.792198826372,2026.0,12.0,3.0,5,7.0,185.0,80.16,5.0,2026,6,0,0.0,4000.0,1,2,8.294299608857235
14690.0,100.0,8.0,1480.0,2025.0,7.0,0.0,5,7.0,160.0,28.39,5.0,2026,6,0,1.0,50.0,1,2,4.61512051684126
17634.0,48000.0,8.0,1497.0,2025.0,19.0,0.0,6,7.0,200.0,34.32,5.0,2025,3,0,0.0,48000.0,1,1,10.778977123006351
39155.0,9000.0,7.0,1908.792198826372,2026.0,14.0,0.0,6,9.0,520.0,102.0,5.0,2026,4,0,0.0,9000.0,1,2,9.105090961257085
87584.0,20000.0,8.0,1997.0,2023.0,14.0,0.0,5,1.0,880.0,49.05,5.0,2024,4,0,1.0,10000.0,1,2,9.90353755128617
9096.0,67200.0,4.0,1998.0,2020.0,12.0,3.0,5,11.0,0.0,0.0,5.0,2020,3,0,0.0,67200.0,0,1,11.1154434073529
6005.0,78000.0,4.0,1341.0,2019.0,7.0,3.0,5,11.0,0.0,0.0,4.0,2020,1,0,1.0,39000.0,0,1,11.264476926102367
22948.0,17400.0,5.0,1993.0,2024.0,6.0,3.0,7,11.0,135.0,0.0,5.0,2024,6,0,0.0,17400.0,0,2,9.76428295481558
17340.0,20000.0,4.0,1497.0,2023.0,12.0,3.0,5,11.0,0.0,0.0,5.0,2023,10,0,0.0,20000.0,0,4,9.90353755128617
79929.0,1600.0,6.0,1974.0,2025.0,14.0,3.0,6,10.0,1030.0,70.0,5.0,2026,4,0,1.0,800.0,1,2,7.3783837129967145
46809.0,9000.0,6.0,2993.0,2024.0,19.0,0.0,5,10.0,120.0,37.1,5.0,2025,2,0,1.0,4500.0,1,1,9.105090961257085
733056.0,5000.0,4.0,6749.0,2018.0,14.0,0.0,4,2.0,0.0,0.0,5.0,2021,10,0,3.0,1250.0,0,4,8.517393171418904
2031.0,102200.0,4.0,1499.0,2015.0,12.0,3.0,5,11.0,0.0,0.0,5.0,2015,10,0,0.0,102200.0,0,4,11.534696741439683
14543.0,16000.0,3.0,2798.0,2023.0,1.0,3.0,0,3.0,0.0,0.0,4.0,2026,2,1,3.0,4000.0,0,1,9.680406499268875
8802.0,51000.0,7.0,1908.792198826372,2020.0,13.0,3.0,5,11.0,100.0,58.8,4.0,2020,11,0,0.0,51000.0,1,4,10.839600519357369
24994.0,19000.0,7.0,1908.792198826372,2024.0,20.0,0.0,5,7.0,230.0,94.5,4.0,2024,6,0,0.0,19000.0,1,2,9.852246888342531
9980.0,149000.0,7.0,1908.792198826372,2022.0,12.0,1.0,5,11.0,150.0,49.92,5.0,2023,1,0,1.0,74500.0,1,1,11.91170829631447
8464.0,48000.0,7.0,1908.792198826372,2024.0,13.0,3.0,5,11.0,105.0,47.8,5.0,2024,3,0,0.0,48000.0,1,1,10.778977123006351
24111.0,25100.0,4.0,1967.0,2022.0,5.0,0.0,0,2.0,0.0,0.0,4.0,2023,1,0,1.0,12550.0,0,1,10.130662964963708
17192.0,34000.0,4.0,1999.0,2022.0,12.0,3.0,5,11.0,0.0,0.0,5.0,2022,12,0,0.0,34000.0,0,4,10.434145214930487
39449.0,21000.0,4.0,1998.0,2024.0,12.0,0.0,5,2.0,0.0,0.0,5.0,2024,6,0,0.0,21000.0,0,2,9.952325334619427
12776.0,13000.0,7.0,1908.792198826372,2025.0,12.0,3.0,5,7.0,100.0,59.93,5.0,2025,8,0,0.0,13000.0,1,3,9.472781556562168
52697.0,50000.0,4.0,2891.0,2017.0,18.0,3.0,4,3.0,0.0,0.0,4.0,2018,12,0,1.0,25000.0,0,4,10.819798284210286
31765.0,100.0,7.0,1908.792198826372,2024.0,19.0,3.0,5,7.0,215.0,82.0,5.0,2026,4,0,2.0,33.333333333333336,1,2,4.61512051684126
20578.0,5700.0,6.0,1499.0,2024.0,12.0,3.0,5,2.0,220.0,27.54,5.0,2025,9,0,1.0,2850.0,1,3,8.648396877031582
4033.0,62600.0,4.0,1598.0,2016.0,13.0,3.0,5,11.0,0.0,0.0,4.0,2017,2,0,1.0,31300.0,0,1,11.044536531401494
21461.0,37000.0,1.0,1969.0,2023.0,17.0,3.0,5,2.0,0.0,0.0,5.0,2023,3,0,0.0,37000.0,0,1,10.518700218288165
11010.0,34300.0,4.0,2290.0,2019.0,12.0,3.0,5,2.0,0.0,0.0,4.0,2020,10,0,1.0,17150.0,0,4,10.442929787247998
20872.0,1500.0,8.0,1499.0,2026.0,19.0,0.0,6,7.0,170.0,38.7,5.0,2026,3,0,0.0,1500.0,1,1,7.313886831633462
2620.0,44000.0,4.0,1799.0,2018.0,18.0,3.0,5,11.0,0.0,0.0,4.0,2019,10,0,1.0,22000.0,0,4,10.691967639914864
7624.0,58800.0,4.0,1499.0,2021.0,12.0,0.0,5,11.0,0.0,0.0,5.0,2021,6,0,0.0,58800.0,0,2,10.981914140544825
29410.0,31000.0,7.0,1908.792198826372,2023.0,8.0,0.0,7,11.0,202.0,114.19,5.0,2024,1,0,1.0,15500.0,1,1,10.34177474101152
191065.0,13000.0,4.0,3994.0,2023.0,22.0,1.0,2,5.0,0.0,0.0,2.0,2023,6,0,0.0,13000.0,0,2,9.472781556562168
21550.0,23000.0,7.0,1908.792198826372,2024.0,20.0,3.0,5,7.0,220.0,73.6,4.0,2025,6,0,1.0,11500.0,1,2,10.043292972227004
12055.0,13000.0,4.0,1494.0,2025.0,12.0,3.0,5,11.0,0.0,0.0,5.0,2025,11,0,0.0,13000.0,0,4,9.472781556562168
3925323.0,16000.0,4.0,1908.792198826372,2011.0,22.0,0.0,2,5.0,0.0,0.0,2.0,2012,12,0,1.0,8000.0,0,4,9.680406499268875
9096.0,27000.0,4.0,1485.0,2024.0,13.0,3.0,5,11.0,0.0,0.0,4.0,2023,6,0,0.0,27000.0,0,2,10.203629181337648
33826.0,47000.0,6.0,1497.0,2025.0,8.0,1.0,7,2.0,310.0,41.7,5.0,2024,10,0,0.0,47000.0,1,4,10.757924157061597
27938.0,7000.0,7.0,1908.792198826372,2025.0,19.0,3.0,5,7.0,235.0,96.3,5.0,2025,11,0,0.0,7000.0,1,4,8.853808274977197
158976.0,22000.0,8.0,1997.0,2025.0,14.0,3.0,6,1.0,880.0,55.53,5.0,2025,10,0,0.0,22000.0,1,4,9.99884318585288
14101.0,37900.0,7.0,1908.792198826372,2024.0,12.0,3.0,5,9.0,205.0,69.77,5.0,2024,2,0,0.0,37900.0,1,1,10.542732775946709
15279.0,26000.0,7.0,1908.792198826372,2024.0,20.0,3.0,5,7.0,200.0,71.4,5.0,2024,5,0,0.0,26000.0,1,2,10.165890277802454
3576.0,57900.0,4.0,1498.0,2018.0,17.0,3.0,7,11.0,0.0,0.0,5.0,2019,1,0,1.0,28950.0,0,1,10.96648993456911
2325.0,110000.0,4.0,1999.0,2014.0,18.0,3.0,5,11.0,0.0,0.0,4.0,2014,5,0,0.0,110000.0,0,2,11.608244735642321
11304.0,18000.0,7.0,1908.792198826372,2025.0,20.0,0.0,5,7.0,190.0,56.1,5.0,2025,2,0,0.0,18000.0,1,1,9.798182590890704
14661.0,100.0,4.0,1989.0,2026.0,7.0,0.0,5,11.0,0.0,0.0,4.0,2026,6,0,0.0,100.0,0,2,4.61512051684126
41039.0,8000.0,1.0,1998.0,2026.0,20.0,0.0,5,3.0,0.0,0.0,4.0,2025,12,0,0.0,8000.0,0,4,8.987321812850125
9818.0,67900.0,4.0,1995.0,2018.0,17.0,0.0,7,2.0,0.0,0.0,5.0,2020,4,0,2.0,22633.333333333332,0,2,11.125806040978839
7330.0,45000.0,4.0,1495.0,2019.0,17.0,3.0,5,11.0,0.0,0.0,5.0,2019,9,0,0.0,45000.0,0,3,10.714439990727769
10863.0,28000.0,4.0,1398.0,2022.0,12.0,3.0,5,11.0,0.0,0.0,5.0,2022,12,0,0.0,28000.0,0,4,10.239995502805316
2046.0,85000.0,4.0,1499.0,2017.0,12.0,3.0,5,11.0,0.0,0.0,5.0,2017,9,1,0.0,85000.0,0,3,11.350418300109132
2178.0,86000.0,4.0,1499.0,2019.0,12.0,3.0,5,11.0,0.0,0.0,5.0,2020,3,1,1.0,43000.0,0,1,11.362114203075018
8360.0,15800.0,4.0,1395.0,2016.0,13.0,3.0,5,11.0,0.0,0.0,5.0,2016,8,0,0.0,15800.0,0,3,9.6678285081515
4990.0,34300.0,4.0,1460.0,2020.0,13.0,3.0,5,11.0,0.0,0.0,4.0,2020,4,0,0.0,34300.0,0,2,10.442929787247998
24729.0,8000.0,4.0,1987.0,2024.0,20.0,3.0,5,11.0,0.0,0.0,4.0,2025,7,0,1.0,4000.0,0,3,8.987321812850125
17619.0,119700.0,4.0,1498.0,2023.0,12.0,3.0,5,11.0,0.0,0.0,5.0,2023,10,0,0.0,119700.0,0,4,11.692752245730048
25583.0,11000.0,7.0,1908.792198826372,2026.0,19.0,3.0,5,7.0,215.0,100.0,5.0,2025,12,0,0.0,11000.0,1,4,9.305741456739435
11128.0,35700.0,4.0,1998.0,2021.0,13.0,3.0,5,11.0,0.0,0.0,4.0,2021,10,0,0.0,35700.0,0,4,10.482933978579906
41333.0,16100.0,7.0,1908.792198826372,2025.0,19.0,3.0,5,9.0,508.0,101.7,5.0,2025,7,0,0.0,16100.0,1,3,9.686636660844938
32943.0,70.0,7.0,1908.792198826372,2025.0,20.0,0.0,5,9.0,300.0,96.1,4.0,2025,12,0,0.0,70.0,1,4,4.2626798770413155
4386.0,43200.0,4.0,1799.0,2018.0,12.0,3.0,5,11.0,0.0,0.0,5.0,2018,8,0,0.0,43200.0,0,3,10.673618922112436
5564.0,72000.0,7.0,1908.792198826372,2022.0,9.0,3.0,0,7.0,60.0,0.0,2.0,2023,3,0,1.0,36000.0,0,1,11.184435286790631
13660.0,35000.0,7.0,1908.792198826372,2025.0,12.0,3.0,5,7.0,100.0,59.93,5.0,2025,2,0,0.0,35000.0,1,1,10.463131911491967
3238.0,49400.0,4.0,1590.0,2017.0,12.0,3.0,5,11.0,0.0,0.0,5.0,2017,4,1,0.0,49400.0,0,2,10.807725945886109
2031.0,36000.0,4.0,1499.0,2017.0,12.0,3.0,5,11.0,0.0,0.0,5.0,2017,4,0,0.0,36000.0,0,2,10.491301994830229
9126.0,72000.0,4.0,1998.0,2020.0,13.0,3.0,5,11.0,0.0,0.0,4.0,2020,8,0,0.0,72000.0,0,3,11.184435286790631
12217.0,37500.0,4.0,1498.0,2023.0,17.0,3.0,5,11.0,0.0,0.0,5.0,2023,8,0,0.0,37500.0,0,3,10.53212287826962
12335.0,41000.0,4.0,1998.0,2022.0,13.0,3.0,5,11.0,0.0,0.0,4.0,2022,5,0,0.0,41000.0,0,2,10.62135173563291
24950.0,8000.0,7.0,1908.792198826372,2025.0,17.0,3.0,5,9.0,340.0,60.0,5.0,2025,11,0,0.0,8000.0,1,4,8.987321812850125
18517.0,60000.0,7.0,1908.792198826372,2023.0,19.0,3.0,5,7.0,247.0,76.6,5.0,2024,6,0,1.0,30000.0,1,2,11.002116507732017
12335.0,15600.0,4.0,1598.0,2025.0,18.0,3.0,5,11.0,0.0,0.0,5.0,2024,9,0,0.0,15600.0,0,3,9.65509029374725
4680.0,68000.0,4.0,1598.0,2018.0,17.0,3.0,5,11.0,0.0,0.0,5.0,2018,10,0,0.0,68000.0,0,4,11.127277689932466
23404.0,5200.0,7.0,1908.792198826372,2024.0,12.0,1.0,5,11.0,160.0,51.5,5.0,2025,11,0,1.0,2600.0,1,4,8.556606193773073
101273.0,29600.0,4.0,3799.0,2015.0,22.0,3.0,4,2.0,0.0,0.0,2.0,2017,6,0,2.0,9866.666666666666,0,2,10.295563423525277
11157.0,42000.0,4.0,1497.0,2021.0,13.0,1.0,5,11.0,0.0,0.0,4.0,2021,11,0,0.0,42000.0,0,4,10.645448706505872
7418.0,60000.0,4.0,1494.0,2022.0,13.0,3.0,5,11.0,0.0,0.0,5.0,2022,6,0,0.0,60000.0,0,2,11.002116507732017
2914.0,270000.0,4.0,2360.0,2013.0,17.0,3.0,7,11.0,0.0,0.0,5.0,2014,7,0,1.0,135000.0,0,3,12.506180941677357
19577.0,9000.0,7.0,1908.792198826372,2025.0,17.0,0.0,5,7.0,230.0,87.04,5.0,2025,3,0,0.0,9000.0,1,1,9.105090961257085
1589.0,84900.0,4.0,1499.0,2015.0,12.0,3.0,5,11.0,0.0,0.0,5.0,2016,6,0,1.0,42450.0,0,2,11.349241150793087
173696.0,22000.0,4.0,6753.0,2011.0,15.0,0.0,5,3.0,0.0,0.0,4.0,2014,4,0,3.0,5500.0,0,2,9.99884318585288
29145.0,3900.0,4.0,1998.0,2025.0,7.0,0.0,5,3.0,0.0,0.0,4.0,2026,3,0,1.0,1950.0,0,1,8.268988209506656
8228.0,30000.0,7.0,1908.792198826372,2023.0,12.0,3.0,5,11.0,150.0,60.48,5.0,2024,3,0,1.0,15000.0,1,1,10.308985993422082
35033.0,4000.0,8.0,1496.0,2026.0,19.0,3.0,5,9.0,392.0,53.4,5.0,2025,10,0,0.0,4000.0,1,4,8.294299608857235
2649.0,80000.0,4.0,1751.0,2015.0,18.0,3.0,5,11.0,0.0,0.0,4.0,2015,12,0,0.0,80000.0,0,4,11.289794413577894
5711.0,39800.0,7.0,1908.792198826372,2023.0,16.0,3.0,0,7.0,60.0,0.0,5.0,2024,5,0,1.0,19900.0,0,2,10.591647316585027
6152.0,48800.0,4.0,1497.0,2021.0,13.0,3.0,5,11.0,0.0,0.0,4.0,2021,12,0,0.0,48800.0,0,4,10.795506083434564
8655.0,55400.0,6.0,1498.0,2023.0,17.0,0.0,7,11.0,130.0,17.52,5.0,2023,12,0,0.0,55400.0,1,4,10.922352923113982
19872.0,27000.0,4.0,1984.0,2024.0,20.0,0.0,5,11.0,0.0,0.0,4.0,2024,6,0,0.0,27000.0,0,2,10.203629181337648
22374.0,69000.0,7.0,1908.792198826372,2022.0,17.0,0.0,5,7.0,194.0,60.0,5.0,2022,5,0,0.0,69000.0,1,2,11.141876276228
14248.0,100.0,7.0,1908.792198826372,2025.0,13.0,3.0,5,7.0,160.0,56.2,4.0,2026,6,0,1.0,50.0,1,2,4.61512051684126
18517.0,32000.0,7.0,1908.792198826372,2023.0,12.0,0.0,5,9.0,315.0,66.0,5.0,2024,1,0,1.0,16000.0,1,1,10.373522431293592
28968.0,41000.0,6.0,1497.0,2022.0,8.0,0.0,7,2.0,215.0,40.06,5.0,2023,1,0,1.0,20500.0,1,1,10.62135173563291
24729.0,4700.0,4.0,1991.0,2024.0,8.0,0.0,7,11.0,0.0,0.0,5.0,2025,11,0,1.0,2350.0,0,4,8.45553053102413
12040.0,8000.0,4.0,1494.0,2025.0,13.0,3.0,5,11.0,0.0,0.0,5.0,2025,10,0,0.0,8000.0,0,4,8.987321812850125
8655.0,48800.0,4.0,1997.0,2019.0,12.0,3.0,5,11.0,0.0,0.0,5.0,2020,8,0,1.0,24400.0,0,3,10.795506083434564
55906.0,100.0,6.0,1974.0,2026.0,19.0,0.0,5,2.0,660.0,70.0,5.0,2026,6,0,0.0,100.0,1,2,4.61512051684126
4062.0,108400.0,4.0,1395.0,2016.0,11.0,3.0,5,11.0,0.0,0.0,5.0,2016,4,0,0.0,108400.0,0,2,11.593592593037384
39008.0,11000.0,1.0,1998.0,2025.0,19.0,3.0,6,2.0,0.0,0.0,5.0,2024,11,0,0.0,11000.0,0,4,9.305741456739435
26319.0,1000.0,6.0,1498.0,2025.0,19.0,3.0,5,11.0,200.0,35.6,5.0,2026,6,0,1.0,500.0,1,2,6.90875477931522
146905.0,9000.0,4.0,1908.792198826372,2024.0,12.0,3.0,0,11.0,0.0,0.0,4.603574926542605,2025,3,0,1.0,4500.0,0,1,9.105090961257085
9685.0,64100.0,7.0,1908.792198826372,2022.0,12.0,3.0,5,11.0,160.0,61.13,5.0,2023,5,0,1.0,32050.0,1,2,11.068215243411098
55641.0,32000.0,1.0,1995.0,2022.0,19.0,3.0,5,10.0,0.0,0.0,5.0,2024,6,0,2.0,10666.666666666666,0,2,10.373522431293592
158681.0,6600.0,8.0,1997.0,2025.0,14.0,3.0,6,1.0,880.0,55.53,5.0,2026,1,0,1.0,3300.0,1,1,8.79497643168877